// Auto-generated wallpaper image data (320x240 RGB)
// Scaled to screen resolution at runtime by desktop.c
#include "../include/types.h"

const int wallpaper_img_w = 320;
const int wallpaper_img_h = 240;
const uint32_t wallpaper_img_data[320 * 240] = {
    0xFF4B566A,0xFF4B566A,0xFF4A5569,0xFF475266,0xFF455265,0xFF445164,0xFF435063,0xFF404F62,
    0xFF3E4D60,0xFF3D4B5E,0xFF3C4B5E,0xFF3F4C5F,0xFF404D60,0xFF404D60,0xFF404D60,0xFF404D60,
    0xFF404D60,0xFF404D60,0xFF404D60,0xFF3F4C5F,0xFF3F4C5F,0xFF3F4C5F,0xFF3F4C5F,0xFF404D60,
    0xFF404D60,0xFF414E61,0xFF414E61,0xFF3F4C5F,0xFF404D60,0xFF424F61,0xFF445066,0xFF434F67,
    0xFF404C64,0xFF3E4A62,0xFF3F4C61,0xFF404D60,0xFF404D60,0xFF414E61,0xFF435063,0xFF435063,
    0xFF424F61,0xFF404D61,0xFF3E4D64,0xFF3E4D64,0xFF404F66,0xFF415067,0xFF405067,0xFF405067,
    0xFF415168,0xFF415168,0xFF415168,0xFF43536A,0xFF45546B,0xFF41556D,0xFF3F556D,0xFF42576F,
    0xFF41576F,0xFF40516B,0xFF3F516B,0xFF3D536B,0xFF3D556D,0xFF415671,0xFF415671,0xFF3F546F,
    0xFF3B516C,0xFF3A546D,0xFF3C566F,0xFF3D5770,0xFF3E5871,0xFF3F5972,0xFF3F5972,0xFF405B74,
    0xFF475F77,0xFF4B6178,0xFF4F637B,0xFF53647D,0xFF5A6A80,0xFF5E6D81,0xFF647183,0xFF6B7788,
    0xFF677A8F,0xFF64788E,0xFF64788D,0xFF64788D,0xFF65768C,0xFF65768C,0xFF66778D,0xFF65778D,
    0xFF64788D,0xFF64788D,0xFF63778C,0xFF63778E,0xFF63778F,0xFF63768E,0xFF63768E,0xFF64778F,
    0xFF64778F,0xFF64778F,0xFF64778F,0xFF657689,0xFF657688,0xFF667789,0xFF667689,0xFF667588,
    0xFF677689,0xFF657487,0xFF677386,0xFF707487,0xFF74788B,0xFF707C8C,0xFF6B7B8A,0xFF6D798A,
    0xFF6C798A,0xFF6A7889,0xFF5E6879,0xFF4E5768,0xFF464F60,0xFF434C5D,0xFF445062,0xFF485165,
    0xFF515464,0xFF70666F,0xFF8D7F83,0xFF787885,0xFF74757F,0xFF8A7F7F,0xFF978385,0xFF9C7F7E,
    0xFF87797A,0xFF787B8F,0xFF747888,0xFF7C7D88,0xFF7F7E86,0xFF738087,0xFF777C8A,0xFF7E7B8C,
    0xFF837E8E,0xFF7E7B8C,0xFF777282,0xFF716873,0xFF766770,0xFF866563,0xFF916863,0xFF98665F,
    0xFFA5655A,0xFFC7755D,0xFFDF7E57,0xFFC7795D,0xFF946969,0xFF926E70,0xFF8B7174,0xFF926E75,
    0xFF8A686B,0xFF9E6B5F,0xFFD98558,0xFFFA9A4C,0xFFFC9E47,0xFFEA9356,0xFFF19763,0xFFFF9A54,
    0xFFEC905C,0xFFBE765A,0xFFBF7B6A,0xFFBA7161,0xFFA46960,0xFF8D6160,0xFF91645E,0xFFA36C5C,
    0xFFA86F5C,0xFFAA705D,0xFFA76A57,0xFFA86D5E,0xFFA67265,0xFFAA786B,0xFFAA7B6E,0xFF946E65,
    0xFF937069,0xFF99766F,0xFF9A7670,0xFF967778,0xFF907878,0xFF917978,0xFF96777B,0xFFA47879,
    0xFFA57267,0xFFC08266,0xFFEE9255,0xFFF68F45,0xFFEE8A48,0xFFDE774A,0xFFD37049,0xFFC76B4C,
    0xFFB16548,0xFF945C4C,0xFF7F5253,0xFF785453,0xFF745452,0xFF7E5657,0xFF70585A,0xFF635155,
    0xFF5B4B54,0xFF564953,0xFF534853,0xFF504753,0xFF4E4755,0xFF4B4655,0xFF494553,0xFF494553,
    0xFF484452,0xFF484451,0xFF484550,0xFF484550,0xFF484550,0xFF494651,0xFF494651,0xFF4A4752,
    0xFF4A4752,0xFF4B4652,0xFF4D4753,0xFF4F4955,0xFF524C58,0xFF544C57,0xFF554D58,0xFF564E59,
    0xFF574F5B,0xFF58505B,0xFF58505B,0xFF59515C,0xFF59535D,0xFF5B565D,0xFF5C575E,0xFF5B565D,
    0xFF59535D,0xFF57515D,0xFF554F5B,0xFF544E5A,0xFF554D5A,0xFF544C59,0xFF524A57,0xFF524A57,
    0xFF534B58,0xFF534B58,0xFF534B58,0xFF544C58,0xFF564F57,0xFF575058,0xFF5B545B,0xFF5C555F,
    0xFF58525E,0xFF544E5A,0xFF534D59,0xFF514A57,0xFF514956,0xFF504855,0xFF504855,0xFF4F4A56,
    0xFF4F4B56,0xFF504C57,0xFF504C57,0xFF524B56,0xFF544C57,0xFF544C57,0xFF554D57,0xFF574F55,
    0xFF5A4F57,0xFF5C5058,0xFF5E5059,0xFF62515B,0xFF66555A,0xFF6B5B5B,0xFF6E5E5D,0xFF796562,
    0xFF91716E,0xFF99706B,0xFF936A65,0xFF906760,0xFF93655A,0xFF966456,0xFF9C6654,0xFF9A6757,
    0xFF9C6655,0xFFA36650,0xFFB26D59,0xFFBD725B,0xFFC27054,0xFFCF7A58,0xFFD6825A,0xFFD27F59,
    0xFFC87853,0xFFC97B56,0xFFCB7D56,0xFFCF7D5A,0xFFDB8B6E,0xFFDE9579,0xFFCA9481,0xFFB68F83,
    0xFFB98F7C,0xFFBC8D7B,0xFFB98B75,0xFFC4947D,0xFFC29380,0xFFB28C81,0xFFB48386,0xFFCD8C6B,
    0xFFFAAE59,0xFFFDA84D,0xFFFD9D48,0xFFF89748,0xFFF3964B,0xFFF19548,0xFFF89F4B,0xFFFDA84E,
    0xFFFDA749,0xFFFEA553,0xFFFFAA52,0xFFFEAA55,0xFFFCA457,0xFFF5995A,0xFFF19B6B,0xFFDB9363,
    0xFF475266,0xFF4E596D,0xFF4E596D,0xFF4A5669,0xFF485568,0xFF475467,0xFF475467,0xFF455366,
    0xFF425164,0xFF415063,0xFF404F62,0xFF3F4D60,0xFF404D60,0xFF404D60,0xFF404D60,0xFF424F62,
    0xFF414E61,0xFF414E61,0xFF414E61,0xFF424F62,0xFF424F62,0xFF435063,0xFF435063,0xFF435063,
    0xFF435063,0xFF435063,0xFF424F62,0xFF424F62,0xFF414E62,0xFF424F62,0xFF445166,0xFF45516A,
    0xFF455169,0xFF434F67,0xFF424F63,0xFF424F62,0xFF435063,0xFF445164,0xFF445164,0xFF445164,
    0xFF445164,0xFF424F63,0xFF3F4E65,0xFF3F4E65,0xFF404F66,0xFF415067,0xFF405067,0xFF405067,
    0xFF415168,0xFF415168,0xFF425269,0xFF43536A,0xFF44546B,0xFF42556D,0xFF3E536B,0xFF3F546D,
    0xFF41566F,0xFF42536D,0xFF40526B,0xFF3D536B,0xFF3B526B,0xFF3D526D,0xFF3D526D,0xFF3E536E,
    0xFF3A516B,0xFF38526B,0xFF39536C,0xFF3A546D,0xFF3B556E,0xFF3C566F,0xFF3F5971,0xFF3E5871,
    0xFF415A72,0xFF445B73,0xFF4B5F78,0xFF4F617B,0xFF576880,0xFF596A7F,0xFF617082,0xFF6C798B,
    0xFF6A7C91,0xFF6A7C91,0xFF697B90,0xFF697B90,0xFF697A8F,0xFF69798F,0xFF69798E,0xFF69798E,
    0xFF68798E,0xFF67798E,0xFF66788C,0xFF67788E,0xFF67788F,0xFF67788F,0xFF67788F,0xFF67788F,
    0xFF67788F,0xFF67788F,0xFF67788F,0xFF67788B,0xFF67788A,0xFF667789,0xFF667789,0xFF69788B,
    0xFF6A788B,0xFF68778A,0xFF677486,0xFF696F81,0xFF72768A,0xFF727D8D,0xFF6F7E8E,0xFF737F90,
    0xFF727F90,0xFF6F7C8D,0xFF6A7485,0xFF5C6576,0xFF4E5768,0xFF444D5E,0xFF424B5D,0xFF454F63,
    0xFF555769,0xFF6E6874,0xFF73727E,0xFF747382,0xFF86767F,0xFF957575,0xFF907075,0xFFA78185,
    0xFF977C84,0xFF7B7A8B,0xFF767D88,0xFF7B778E,0xFF7D7393,0xFF797B8B,0xFF7F7E8A,0xFF817D8B,
    0xFF847E85,0xFF817C89,0xFF756F7E,0xFF6D626C,0xFF7B6B72,0xFF856C6D,0xFF896461,0xFF9A655D,
    0xFFAC6A5B,0xFFC17657,0xFFE1865B,0xFFD58662,0xFF926B68,0xFF8F706F,0xFF967268,0xFF97746E,
    0xFF906D6E,0xFFA36A5F,0xFFD47D55,0xFFF3924C,0xFFFE9D4F,0xFFE18754,0xFFD47D5C,0xFFEA8D62,
    0xFFE98F62,0xFFC97F63,0xFFC3816F,0xFFBB7462,0xFFB37263,0xFF986862,0xFF90645E,0xFF98685C,
    0xFF9D6B5D,0xFF9D695C,0xFF9D675A,0xFFA46E64,0xFFA16F68,0xFFA47670,0xFFA37974,0xFF937371,
    0xFF8F7372,0xFF947877,0xFF947777,0xFF90777C,0xFF8E7C7F,0xFF8F7C80,0xFF937A80,0xFF9B7776,
    0xFFA2766E,0xFFB9806F,0xFFE88F5D,0xFFFE9B53,0xFFF6944C,0xFFF2904F,0xFFEE8C4A,0xFFE9874F,
    0xFFE08453,0xFFBF6F4E,0xFF975A4F,0xFF8B5E57,0xFF805C58,0xFF7A575A,0xFF72585B,0xFF675256,
    0xFF604F58,0xFF5A4D57,0xFF564A54,0xFF534A54,0xFF514957,0xFF4E4856,0xFF4C4854,0xFF4C4854,
    0xFF4B4753,0xFF4B4753,0xFF4B4853,0xFF4B4853,0xFF4B4853,0xFF4C4954,0xFF4D4955,0xFF4D4A55,
    0xFF4D4A55,0xFF4F4954,0xFF514955,0xFF534B57,0xFF564F5A,0xFF5B525C,0xFF5D545D,0xFF5F5660,
    0xFF605761,0xFF645A64,0xFF635A64,0xFF635A63,0xFF645C65,0xFF625C64,0xFF605A62,0xFF5C565D,
    0xFF59525C,0xFF57505C,0xFF57505B,0xFF57505B,0xFF59505B,0xFF584E5A,0xFF564D58,0xFF564D58,
    0xFF564C58,0xFF564C58,0xFF574D59,0xFF584E59,0xFF584F58,0xFF5A5159,0xFF5C535B,0xFF5A525C,
    0xFF564F5C,0xFF544D59,0xFF524B58,0xFF524955,0xFF524955,0xFF534A55,0xFF534955,0xFF524B56,
    0xFF524B56,0xFF544C57,0xFF534C57,0xFF554B55,0xFF574D57,0xFF584E58,0xFF5A4F59,0xFF5C5157,
    0xFF5E5258,0xFF605158,0xFF625159,0xFF67565E,0xFF6D5A5E,0xFF766061,0xFF7F6967,0xFF8C716D,
    0xFF96736D,0xFF9B6E68,0xFF986D67,0xFF956962,0xFF95655A,0xFF996557,0xFFA06656,0xFF9F675A,
    0xFF9F6556,0xFFA96753,0xFFB9715A,0xFFC2755A,0xFFC97555,0xFFD47D58,0xFFD98359,0xFFD48058,
    0xFFD17E58,0xFFCB7C55,0xFFCA7951,0xFFD88763,0xFFD78E73,0xFFCF927B,0xFFBE9282,0xFFB39087,
    0xFFB48E7F,0xFFB4897A,0xFFB48773,0xFFB88974,0xFFB78574,0xFFBF886F,0xFFD09170,0xFFEEA068,
    0xFFFFA759,0xFFF79E4D,0xFFFB9A4E,0xFFFC9B50,0xFFFDA252,0xFFFBA34C,0xFFFBA64C,0xFFFFAB4F,
    0xFFFBAD4A,0xFFFBAE56,0xFFFEB155,0xFFFCAC56,0xFFF6A261,0xFFEE9866,0xFFE09068,0xFFCF8861,
    0xFF465165,0xFF4E596D,0xFF4E596D,0xFF4C576B,0xFF4A586A,0xFF4A576A,0xFF485568,0xFF475467,
    0xFF485568,0xFF475467,0xFF455265,0xFF424F62,0xFF414E61,0xFF414E61,0xFF404D60,0xFF414E61,
    0xFF435063,0xFF424F62,0xFF424F62,0xFF435063,0xFF445164,0xFF424F62,0xFF424F62,0xFF445164,
    0xFF455265,0xFF435063,0xFF445164,0xFF435063,0xFF424F62,0xFF414E61,0xFF434F64,0xFF444F68,
    0xFF455169,0xFF46526B,0xFF465367,0xFF465366,0xFF445164,0xFF445164,0xFF455265,0xFF455265,
    0xFF435063,0xFF424F62,0xFF404F66,0xFF404F66,0xFF404F66,0xFF405067,0xFF415167,0xFF415067,
    0xFF425269,0xFF425269,0xFF43536A,0xFF425369,0xFF44546B,0xFF45566E,0xFF42556C,0xFF41536B,
    0xFF42556C,0xFF44556F,0xFF40536C,0xFF3C526A,0xFF3A5169,0xFF3A4F6A,0xFF3A4F6A,0xFF3B506B,
    0xFF3A506B,0xFF37516A,0xFF37516A,0xFF38526B,0xFF39536C,0xFF3B556E,0xFF3B556E,0xFF3C566F,
    0xFF3E5871,0xFF3F5872,0xFF455B75,0xFF4A5E79,0xFF51647D,0xFF596B81,0xFF5D6D82,0xFF667588,
    0xFF6C7D90,0xFF6E7F92,0xFF6D7E91,0xFF6D7E91,0xFF6D7C90,0xFF6D7C90,0xFF6C7B8F,0xFF6B7B8F,
    0xFF6B7B8E,0xFF6B7C8F,0xFF697A8D,0xFF697A8F,0xFF6B7B91,0xFF6A7A90,0xFF697A8F,0xFF69798F,
    0xFF69798F,0xFF68798E,0xFF68798E,0xFF6A7B8D,0xFF6A7B8D,0xFF667789,0xFF657688,0xFF69788B,
    0xFF6B7A8D,0xFF69788B,0xFF677587,0xFF646E7E,0xFF6D7184,0xFF727B8C,0xFF6F7C8D,0xFF738091,
    0xFF768393,0xFF758293,0xFF737D8E,0xFF616B7C,0xFF4E5768,0xFF485162,0xFF464E5E,0xFF444D5F,
    0xFF4F5365,0xFF676470,0xFF848088,0xFF917D81,0xFFBE8A81,0xFFC7897A,0xFF8D6B6B,0xFF9A7778,
    0xFF9C8488,0xFF7E7C8C,0xFF7C808E,0xFF84757E,0xFFA3857F,0xFF918381,0xFF807D8C,0xFF7E8193,
    0xFF7D7F8A,0xFF817B87,0xFF776D78,0xFF75666D,0xFF816F75,0xFF806B70,0xFF896565,0xFF986258,
    0xFFAB695B,0xFFB46D5A,0xFFCD7552,0xFFDA8460,0xFF996A66,0xFF997578,0xFFA87872,0xFF9A7576,
    0xFF976F6F,0xFFB47064,0xFFDD815D,0xFFF18E51,0xFFFF9D4E,0xFFEF9459,0xFFCD7C5A,0xFFCE7F61,
    0xFFD68662,0xFFC98369,0xFFBA7B6C,0xFFB57465,0xFFBB7966,0xFFA8756B,0xFF906661,0xFF8E665F,
    0xFF90665E,0xFF92665E,0xFF956760,0xFFA0706B,0xFF9E7270,0xFF9D7878,0xFF9A7B7E,0xFF8F797D,
    0xFF8B777C,0xFF8D797D,0xFF8E7A7F,0xFF8C7982,0xFF887B82,0xFF897D84,0xFF8C7A82,0xFF957877,
    0xFF9F7B78,0xFFA1706A,0xFFD07E58,0xFFF89B59,0xFFFFA159,0xFFFD9F4E,0xFFFE9F45,0xFFFF994C,
    0xFFFB8F48,0xFFF2874F,0xFFC16F51,0xFFA0624F,0xFF916159,0xFF7E5A5B,0xFF755658,0xFF6B5055,
    0xFF634F56,0xFF5C4E57,0xFF594C55,0xFF564B54,0xFF544A56,0xFF514956,0xFF4F4954,0xFF4F4854,
    0xFF4F4854,0xFF4F4853,0xFF4E4854,0xFF4E4854,0xFF4E4854,0xFF4F4854,0xFF4F4854,0xFF4F4955,
    0xFF504955,0xFF534A54,0xFF564D57,0xFF584F59,0xFF5B515B,0xFF615760,0xFF645962,0xFF665B64,
    0xFF685E66,0xFF6F656D,0xFF71676F,0xFF6F656D,0xFF6C626B,0xFF645B64,0xFF5E565E,0xFF5C535C,
    0xFF5A515B,0xFF5A515B,0xFF59505A,0xFF5A515B,0xFF5B515B,0xFF5A4F59,0xFF5A4F59,0xFF594E58,
    0xFF584D57,0xFF584D57,0xFF594E59,0xFF5B505A,0xFF5B5059,0xFF5B505A,0xFF5B505A,0xFF584E59,
    0xFF554C59,0xFF544B58,0xFF534A57,0xFF534955,0xFF534853,0xFF544953,0xFF554A54,0xFF554B55,
    0xFF554B55,0xFF564B55,0xFF574C56,0xFF584C55,0xFF5A4E57,0xFF5C4F59,0xFF5D5058,0xFF5E5055,
    0xFF605055,0xFF645158,0xFF69555B,0xFF6D585D,0xFF765D5F,0xFF866967,0xFF92736F,0xFF937069,
    0xFF9B7168,0xFF9E6E62,0xFF98665D,0xFF9A665B,0xFF9D6557,0xFFA36856,0xFFAB6958,0xFFA66759,
    0xFFA96759,0xFFB66D58,0xFFBF7255,0xFFC87655,0xFFD07650,0xFFDC8056,0xFFDF8558,0xFFD67F54,
    0xFFD78159,0xFFCE7B54,0xFFD7845A,0xFFE2936C,0xFFC68971,0xFFBB8F7E,0xFFB49286,0xFFB09289,
    0xFFB19085,0xFFB2887D,0xFFAF806D,0xFFB5826D,0xFFBE8572,0xFFDE9671,0xFFF0A261,0xFFFEA659,
    0xFFFFA555,0xFFFCA44C,0xFFFFA654,0xFFFFA954,0xFFFFAE53,0xFFFFAE51,0xFFFFAE52,0xFFFDAE55,
    0xFFFCAE54,0xFFFDAC5F,0xFFFBA85A,0xFFF79F5B,0xFFDD9165,0xFFD48E6E,0xFFCD8A71,0xFFCF9076,
    0xFF4A5569,0xFF4B566A,0xFF4B566A,0xFF4B566A,0xFF4A576A,0xFF4C596C,0xFF4C596B,0xFF4B576A,
    0xFF495568,0xFF495568,0xFF485367,0xFF475366,0xFF455365,0xFF455265,0xFF435063,0xFF435063,
    0xFF445164,0xFF435063,0xFF435063,0xFF435063,0xFF455265,0xFF445164,0xFF445164,0xFF455265,
    0xFF465366,0xFF475467,0xFF475467,0xFF465366,0xFF455265,0xFF455266,0xFF455167,0xFF445068,
    0xFF455168,0xFF46526A,0xFF475468,0xFF475467,0xFF465366,0xFF465366,0xFF455265,0xFF455265,
    0xFF455265,0xFF435164,0xFF415067,0xFF415067,0xFF415067,0xFF415067,0xFF415168,0xFF415168,
    0xFF415169,0xFF425269,0xFF43536A,0xFF43536A,0xFF44546B,0xFF46566C,0xFF47586E,0xFF48586E,
    0xFF47586E,0xFF465770,0xFF40526C,0xFF3B5169,0xFF385068,0xFF394E69,0xFF394E69,0xFF3A4F6A,
    0xFF384F69,0xFF365069,0xFF365069,0xFF37516A,0xFF37516A,0xFF38526B,0xFF39536C,0xFF3A546D,
    0xFF3B5670,0xFF3C5772,0xFF3F5773,0xFF465B77,0xFF4A5F79,0xFF51647D,0xFF57697E,0xFF68788C,
    0xFF738294,0xFF6F7F91,0xFF708092,0xFF718092,0xFF727F92,0xFF717E90,0xFF707D90,0xFF6E7D8F,
    0xFF6B7B8E,0xFF6C7C8E,0xFF6B7A8C,0xFF6B7B8D,0xFF6D7C91,0xFF6E7D91,0xFF6D7D91,0xFF6E7D92,
    0xFF6E7D92,0xFF6C7B8F,0xFF6C7B8F,0xFF6C7D8F,0xFF6C7D8F,0xFF67788A,0xFF637486,0xFF667588,
    0xFF69788B,0xFF68778A,0xFF617081,0xFF636F7F,0xFF676B7E,0xFF717789,0xFF737E8F,0xFF717F90,
    0xFF768394,0xFF748192,0xFF778192,0xFF6A7384,0xFF535C6D,0xFF4E5767,0xFF505563,0xFF474F61,
    0xFF4C5164,0xFF5B5967,0xFF7B7175,0xFF9E7E76,0xFFC2816B,0xFFD0876C,0xFFA87F73,0xFF96716C,
    0xFF9A807D,0xFF827F8C,0xFF7F7C87,0xFFA68174,0xFFE5A36D,0xFFD7A77C,0xFF8D7572,0xFF807E8D,
    0xFF7F8392,0xFF837B85,0xFF796B73,0xFF7E6B70,0xFF857073,0xFF80696D,0xFF8A6666,0xFF94635C,
    0xFFA3645C,0xFFB46A62,0xFFCF7552,0xFFE98B57,0xFFBD7958,0xFFA16B61,0xFFA7797C,0xFFA0777C,
    0xFFA9756E,0xFFBD715E,0xFFD4734F,0xFFEA864D,0xFFFA974E,0xFFF89A5A,0xFFD68456,0xFFD48967,
    0xFFC37D66,0xFFBA7B6A,0xFFAE786D,0xFFA47169,0xFFAC7669,0xFF9D6E64,0xFF8C6560,0xFF88645E,
    0xFF8A635C,0xFF8B615B,0xFF8F625D,0xFF966C66,0xFF997570,0xFF977C7B,0xFF927F82,0xFF8E7E84,
    0xFF8D7D83,0xFF8C7C82,0xFF8B7C81,0xFF8C7C82,0xFF887D82,0xFF8A7E83,0xFF8C7C83,0xFF957B7D,
    0xFF9E7C7B,0xFFAB7C76,0xFFDB8C69,0xFFEB915B,0xFFF2975A,0xFFFFA351,0xFFFFA44D,0xFFFA954E,
    0xFFFB8F43,0xFFFC8F4B,0xFFD77B4F,0xFFC17151,0xFFA86653,0xFF8C5C53,0xFF825C5D,0xFF76565B,
    0xFF685157,0xFF605057,0xFF5D4F56,0xFF594B54,0xFF564B55,0xFF554C56,0xFF524A54,0xFF514853,
    0xFF524954,0xFF524954,0xFF514855,0xFF514855,0xFF514855,0xFF524957,0xFF524957,0xFF514856,
    0xFF524956,0xFF554B54,0xFF594F58,0xFF5C525B,0xFF60565F,0xFF665B62,0xFF695D64,0xFF6D6268,
    0xFF73686E,0xFF756970,0xFF74686F,0xFF6F646A,0xFF655A62,0xFF5F545E,0xFF5C525B,0xFF5D525B,
    0xFF5C525B,0xFF5D535B,0xFF5D535B,0xFF5D525B,0xFF5D515B,0xFF5C5059,0xFF5C5059,0xFF5B4E58,
    0xFF5B4E58,0xFF5B4E58,0xFF5C4F59,0xFF5C505A,0xFF5C505A,0xFF5B4E58,0xFF5A4D57,0xFF584C58,
    0xFF564B59,0xFF554A58,0xFF554A58,0xFF554955,0xFF554952,0xFF554852,0xFF564A54,0xFF584A54,
    0xFF584A54,0xFF594B55,0xFF5A4D57,0xFF5D4D56,0xFF5E4F56,0xFF5E4F57,0xFF5E4F56,0xFF625155,
    0xFF655256,0xFF695359,0xFF6D575C,0xFF725A5D,0xFF7E6160,0xFF8E6A67,0xFF966C67,0xFF9C6F66,
    0xFF9F6F62,0xFF9D6959,0xFFA06555,0xFFA86855,0xFFAF6A55,0xFFB76E55,0xFFB97059,0xFFB16B57,
    0xFFB26A55,0xFFC37459,0xFFCC7A58,0xFFCB744E,0xFFD8794D,0xFFE38354,0xFFE38758,0xFFDE8355,
    0xFFDB8155,0xFFD58157,0xFFE58F63,0xFFE3946B,0xFFC5937D,0xFFB4958B,0xFFB09287,0xFFB09085,
    0xFFAB8A7F,0xFFB7887D,0xFFBE8974,0xFFCD9176,0xFFD9967D,0xFFE59977,0xFFF2A066,0xFFF8A257,
    0xFFFDA955,0xFFFFAE51,0xFFFEAF60,0xFFFCAE5F,0xFFFEAE57,0xFFFEAD56,0xFFFBAB5B,0xFFFAAC61,
    0xFFFCAC67,0xFFED9B69,0xFFEFA16E,0xFFE99B73,0xFFCD9079,0xFFC28F80,0xFFBE8D7F,0xFFC89484,
    0xFF505B6F,0xFF4C576C,0xFF4C576B,0xFF4C576B,0xFF4B586B,0xFF4D5A6D,0xFF4E5B6E,0xFF4F5B6F,
    0xFF4E576B,0xFF4D566B,0xFF4D566A,0xFF4A5669,0xFF485568,0xFF485568,0xFF485568,0xFF475467,
    0xFF455265,0xFF445164,0xFF445164,0xFF445164,0xFF465366,0xFF475466,0xFF475466,0xFF475467,
    0xFF495669,0xFF495668,0xFF495668,0xFF485568,0xFF475467,0xFF465366,0xFF465368,0xFF46536A,
    0xFF465269,0xFF465269,0xFF49566A,0xFF495669,0xFF4B586B,0xFF4B586B,0xFF495669,0xFF495669,
    0xFF485568,0xFF465366,0xFF425167,0xFF425167,0xFF425167,0xFF425167,0xFF415167,0xFF415167,
    0xFF405067,0xFF404F66,0xFF415168,0xFF44546B,0xFF44546B,0xFF43546A,0xFF46576B,0xFF48596E,
    0xFF495A6E,0xFF465770,0xFF40526C,0xFF3A5168,0xFF364E66,0xFF384D68,0xFF384D68,0xFF384E68,
    0xFF374E68,0xFF354F68,0xFF354F68,0xFF365069,0xFF365069,0xFF365069,0xFF38526B,0xFF3A536C,
    0xFF39546E,0xFF39546F,0xFF3D5671,0xFF405874,0xFF465B75,0xFF495E76,0xFF51637B,0xFF5E6F85,
    0xFF6F7F90,0xFF738393,0xFF728292,0xFF748292,0xFF758192,0xFF727E8F,0xFF717D8E,0xFF717D8D,
    0xFF717E8C,0xFF6E7C88,0xFF6D7E8E,0xFF6D7D90,0xFF6E7D90,0xFF6E7E90,0xFF6F7E91,0xFF707F92,
    0xFF707F92,0xFF707F92,0xFF707F92,0xFF6B7C8E,0xFF6B7C8E,0xFF6A7B8D,0xFF68788B,0xFF677589,
    0xFF69788B,0xFF6A798C,0xFF69798A,0xFF6B7888,0xFF6C7184,0xFF6F7486,0xFF6F798B,0xFF6D7A8A,
    0xFF707D8E,0xFF748192,0xFF768192,0xFF727A8C,0xFF656E80,0xFF586071,0xFF595D6A,0xFF4F5666,
    0xFF515669,0xFF626373,0xFF64636E,0xFF7E6764,0xFFA57464,0xFFB8775E,0xFFB87969,0xFFB47E78,
    0xFFB88880,0xFF8B7B7D,0xFF867E80,0xFFBE8376,0xFFF18F5F,0xFFFCA361,0xFFD1926B,0xFFA58580,
    0xFF8E7D85,0xFF887B84,0xFF806F76,0xFF877376,0xFF887071,0xFF836869,0xFF8A6765,0xFF926562,
    0xFF9E645D,0xFFB96F5B,0xFFDD824F,0xFFFF9E4F,0xFFFBA759,0xFFD6925F,0xFFA17972,0xFFA37972,
    0xFFB67A63,0xFFCA795D,0xFFDF7C53,0xFFE7834B,0xFFED8752,0xFFEE8B5B,0xFFE58C62,0xFFD48668,
    0xFFB87B6D,0xFFB27D72,0xFFA97D78,0xFF9E7878,0xFFA37973,0xFF9E746E,0xFF8F6B66,0xFF8A6761,
    0xFF8A625A,0xFF895E58,0xFF8D605A,0xFF936C64,0xFF957970,0xFF94807E,0xFF8E8285,0xFF8F8285,
    0xFF8F8084,0xFF8C7F83,0xFF8D7F83,0xFF8F7E81,0xFF8D8080,0xFF8E8080,0xFF927F84,0xFF967B80,
    0xFF9A7977,0xFFAF8075,0xFFD88C6C,0xFFDF8A60,0xFFE48958,0xFFFB9E56,0xFFF89C57,0xFFEA8B54,
    0xFFF38F48,0xFFFB984E,0xFFE0824B,0xFFDC8056,0xFFCC7A5D,0xFFA96C55,0xFF8D6161,0xFF805D62,
    0xFF6D555A,0xFF625258,0xFF605157,0xFF5C4E56,0xFF594D57,0xFF584D57,0xFF564C55,0xFF554B54,
    0xFF564C54,0xFF564B56,0xFF554957,0xFF554A57,0xFF554A57,0xFF564A58,0xFF564B58,0xFF554A58,
    0xFF564B59,0xFF584D56,0xFF5C5159,0xFF61565E,0xFF675B63,0xFF6B5E64,0xFF6D6066,0xFF76686F,
    0xFF7F7279,0xFF786B72,0xFF70636A,0xFF675A61,0xFF61545D,0xFF5D515C,0xFF5C505A,0xFF5C505A,
    0xFF5D515A,0xFF5F545D,0xFF60555D,0xFF60545D,0xFF61545D,0xFF5F525B,0xFF5E515A,0xFF5C4F58,
    0xFF5E515A,0xFF5E515A,0xFF5F525B,0xFF5D5059,0xFF5C4F59,0xFF5A4D57,0xFF594C56,0xFF584C57,
    0xFF574B58,0xFF564A57,0xFF564A57,0xFF574A55,0xFF574A53,0xFF574A53,0xFF584B54,0xFF5B4B55,
    0xFF5C4B55,0xFF5D4D56,0xFF5F4E57,0xFF614E57,0xFF635058,0xFF645159,0xFF655258,0xFF685456,
    0xFF6B5458,0xFF6E555A,0xFF72595D,0xFF795F60,0xFF8B6A68,0xFF956D69,0xFF9A6B64,0xFFA47368,
    0xFFA06C5D,0xFFA56D5B,0xFFB7745D,0xFFC0755A,0xFFCB7D5E,0xFFCF7D5D,0xFFC97B5D,0xFFBD7459,
    0xFFBA6E52,0xFFCA7755,0xFFCD7852,0xFFD1774D,0xFFE88757,0xFFEB8956,0xFFE88857,0xFFE18455,
    0xFFE1875A,0xFFDC855C,0xFFDF895D,0xFFDE9269,0xFFC59987,0xFFB2988D,0xFFB59789,0xFFAD8A7D,
    0xFFAF897E,0xFFC08D7F,0xFFCE927A,0xFFDD9A7B,0xFFDB9377,0xFFD38C74,0xFFE1916A,0xFFF4A665,
    0xFFF9B05B,0xFFFDAE60,0xFFE7A067,0xFFE69D6C,0xFFF8A966,0xFFFFB061,0xFFF5A866,0xFFF2A66C,
    0xFFEDA676,0xFFD8987B,0xFFD19B7C,0xFFC3957F,0xFFB68B83,0xFFAF8D87,0xFFAD8D86,0xFFB18A81,
    0xFF566174,0xFF535E71,0xFF515C6F,0xFF515C6F,0xFF505B6D,0xFF505C70,0xFF515C74,0xFF555F76,
    0xFF545E70,0xFF515C6E,0xFF515B6D,0xFF505B6D,0xFF505C6E,0xFF4F5B6D,0xFF4D586A,0xFF4B5668,
    0xFF495466,0xFF485466,0xFF475264,0xFF485365,0xFF485466,0xFF485365,0xFF485365,0xFF4A5768,
    0xFF4B586A,0xFF4B5869,0xFF4B5869,0xFF4D5A6B,0xFF4A5768,0xFF495667,0xFF485567,0xFF495668,
    0xFF495668,0xFF495668,0xFF4B586A,0xFF4F5C6D,0xFF515E6F,0xFF525F70,0xFF525E73,0xFF4E5A70,
    0xFF4C586E,0xFF4D596E,0xFF4B586A,0xFF485567,0xFF485567,0xFF485568,0xFF455568,0xFF435265,
    0xFF415063,0xFF404F65,0xFF404E69,0xFF42506A,0xFF44526C,0xFF44536B,0xFF45556C,0xFF46566D,
    0xFF47576E,0xFF46586F,0xFF41536B,0xFF3E5068,0xFF3A4D65,0xFF364E66,0xFF364E66,0xFF374F67,
    0xFF374F67,0xFF354F68,0xFF354F68,0xFF354F68,0xFF354F68,0xFF365069,0xFF365069,0xFF37516A,
    0xFF39536C,0xFF3A546D,0xFF3B556E,0xFF3D5871,0xFF435972,0xFF455B73,0xFF465C74,0xFF4C6079,
    0xFF5C6A81,0xFF727F92,0xFF798594,0xFF7A8592,0xFF768191,0xFF758193,0xFF78808D,0xFF837E87,
    0xFFBA9A8A,0xFFBCA088,0xFF7B7E8A,0xFF727E97,0xFF6F7D8D,0xFF6F7F8D,0xFF717E93,0xFF707E94,
    0xFF6F7E93,0xFF708094,0xFF708094,0xFF6E7D90,0xFF6C7C8D,0xFF6D7C8E,0xFF6F7E90,0xFF717E91,
    0xFF717E90,0xFF6E7B8E,0xFF738191,0xFF707D8D,0xFF6A7686,0xFF667383,0xFF606C7C,0xFF626E7D,
    0xFF697584,0xFF768290,0xFF727E8E,0xFF6A7586,0xFF687385,0xFF657081,0xFF616977,0xFF515765,
    0xFF4F5262,0xFF5D5E6D,0xFF5E5D6C,0xFF676267,0xFF8D7069,0xFFA77262,0xFFA46E62,0xFFA26E67,
    0xFFDA9475,0xFFB68A74,0xFF867071,0xFFBD8273,0xFFE28A67,0xFFED9059,0xFFFFA865,0xFFEDA371,
    0xFFAE837C,0xFF937A7F,0xFF8A767B,0xFF917C81,0xFF8D7273,0xFF866566,0xFF8A6362,0xFF92645F,
    0xFF9B665A,0xFFB16B57,0xFFCE7656,0xFFE2824A,0xFFEE9343,0xFFFEAB54,0xFFB87E66,0xFF9B7374,
    0xFFBA7B63,0xFFD27A5A,0xFFEC8758,0xFFEA8652,0xFFE68254,0xFFE6865B,0xFFE4916C,0xFFC88269,
    0xFFA27168,0xFFA87A72,0xFF9F7D7C,0xFF937B80,0xFF997873,0xFFA17F7B,0xFF916F6D,0xFF8E6966,
    0xFF8E645D,0xFF8D625B,0xFF8D6159,0xFF966E6A,0xFF9A7F7D,0xFF948383,0xFF948289,0xFF938184,
    0xFF8C8383,0xFF898486,0xFF898288,0xFF8C8287,0xFF938080,0xFF957F81,0xFF938086,0xFF988486,
    0xFF97837B,0xFF9F7B72,0xFFAF7B70,0xFFBD7D66,0xFFDC8A61,0xFFE79262,0xFFDF8C67,0xFFDD865D,
    0xFFEB904B,0xFFFFA04F,0xFFED8F47,0xFFEC8C51,0xFFE3895D,0xFFBC7455,0xFF8A6058,0xFF7F5F5E,
    0xFF73595E,0xFF665259,0xFF634F59,0xFF5F4E57,0xFF5D4E57,0xFF5A4D56,0xFF594B55,0xFF584A54,
    0xFF584A54,0xFF584A54,0xFF584A55,0xFF594B55,0xFF594B55,0xFF584C56,0xFF574C56,0xFF574C55,
    0xFF594D57,0xFF5B4E58,0xFF60515B,0xFF64575E,0xFF6C5E62,0xFF736465,0xFF79696B,0xFF7E6D72,
    0xFF817177,0xFF74696F,0xFF6C6167,0xFF62575D,0xFF5F545B,0xFF5D525B,0xFF5C505A,0xFF5D525B,
    0xFF60525B,0xFF63535C,0xFF63535D,0xFF63535C,0xFF63535C,0xFF62525B,0xFF61515A,0xFF605059,
    0xFF605059,0xFF62525B,0xFF60505A,0xFF5E4F58,0xFF5A4F59,0xFF594D57,0xFF584C56,0xFF584B55,
    0xFF574A53,0xFF574A53,0xFF574A53,0xFF584953,0xFF594954,0xFF594A54,0xFF5A4A55,0xFF5B4C55,
    0xFF5D4D54,0xFF604E52,0xFF634F52,0xFF645055,0xFF675256,0xFF6A5355,0xFF6D5556,0xFF6F5656,
    0xFF755959,0xFF795C5A,0xFF7F605F,0xFF886669,0xFF97706E,0xFF986B65,0xFF9B6C62,0xFFA47465,
    0xFFA86E5C,0xFFB3725C,0xFFC87E61,0xFFD9885E,0xFFE49263,0xFFD3825E,0xFFC5785A,0xFFBF7356,
    0xFFC77353,0xFFD87B56,0xFFD4784F,0xFFDD7F51,0xFFEE8E55,0xFFEF8E4F,0xFFEC8D54,0xFFE58958,
    0xFFD6805C,0xFFCE7E5E,0xFFD98D67,0xFFDB9A75,0xFFC69681,0xFFC8A694,0xFFB99B8C,0xFFAA8A80,
    0xFFB89288,0xFFBA8E7A,0xFFD19579,0xFFDC987B,0xFFD09279,0xFFCE8D73,0xFFF1A470,0xFFFFB267,
    0xFFFFB265,0xFFF5A86C,0xFFDA9C73,0xFFD19376,0xFFEBA373,0xFFF1AA6D,0xFFD79B71,0xFFCA987F,
    0xFFCB9B85,0xFFC29582,0xFFB18E82,0xFFA88D87,0xFFA68D8C,0xFFA18C86,0xFF9F8B84,0xFF9F8886,
    0xFF5C6577,0xFF5A6375,0xFF565F72,0xFF555E71,0xFF515A6D,0xFF50596D,0xFF535B73,0xFF555E74,
    0xFF586375,0xFF596476,0xFF566173,0xFF545F71,0xFF556072,0xFF545F71,0xFF515C6E,0xFF4F5A6C,
    0xFF4E596B,0xFF4D586A,0xFF4C5769,0xFF4A5567,0xFF4A5668,0xFF4C5769,0xFF4C5769,0xFF4C596A,
    0xFF4E5B6C,0xFF4F5C6D,0xFF505D6E,0xFF515E6F,0xFF4F5C6D,0xFF4E5B6C,0xFF4E5B6C,0xFF4B5869,
    0xFF4C5969,0xFF4D5A6B,0xFF4E5B6C,0xFF525F70,0xFF566374,0xFF596677,0xFF5C697C,0xFF5A677B,
    0xFF556175,0xFF546074,0xFF525F70,0xFF4F5C6D,0xFF505D6E,0xFF4F5D6E,0xFF4B5A6D,0xFF48576A,
    0xFF465568,0xFF425167,0xFF425069,0xFF425068,0xFF425169,0xFF43536A,0xFF44546B,0xFF45556C,
    0xFF46566D,0xFF44566E,0xFF42546C,0xFF42536B,0xFF3E5068,0xFF394F67,0xFF395068,0xFF394F67,
    0xFF384F67,0xFF364E68,0xFF364E68,0xFF364E68,0xFF364F68,0xFF365069,0xFF365069,0xFF37516A,
    0xFF38526B,0xFF39536C,0xFF3A546D,0xFF3D5770,0xFF415770,0xFF435971,0xFF445A72,0xFF485D76,
    0xFF4D6178,0xFF5D6D80,0xFF747D8E,0xFF7E8593,0xFF798493,0xFF798697,0xFF75808F,0xFF968A8F,
    0xFFE4A287,0xFFF7AC8D,0xFFA88684,0xFF8C828D,0xFF8E8A93,0xFF7C828A,0xFF738191,0xFF728195,
    0xFF728094,0xFF717F93,0xFF717F93,0xFF728192,0xFF718090,0xFF6F7E8E,0xFF728291,0xFF758292,
    0xFF748192,0xFF748192,0xFF748192,0xFF6D7A8A,0xFF626F7F,0xFF5F6D7D,0xFF616C7C,0xFF636D7C,
    0xFF6A7482,0xFF697381,0xFF6D7787,0xFF626C7C,0xFF535D6D,0xFF596373,0xFF6C7482,0xFF5B616F,
    0xFF525463,0xFF5B5B6A,0xFF5A5865,0xFF595862,0xFF705E61,0xFF86645E,0xFF896862,0xFF916864,
    0xFFC78468,0xFFE19E7D,0xFFAA7E72,0xFFA9776E,0xFFC87E65,0xFFE48F5B,0xFFF7A058,0xFFF6A666,
    0xFFC88F73,0xFFA2817C,0xFF967E80,0xFF978184,0xFF917779,0xFF876466,0xFF8A6260,0xFF92635C,
    0xFF9B675B,0xFFAA6959,0xFFC37057,0xFFD87A4B,0xFFE5873F,0xFFFBA247,0xFFCB8D60,0xFFA2787A,
    0xFFB27A70,0xFFC1775E,0xFFE78A61,0xFFF88F5B,0xFFEC854F,0xFFE18354,0xFFC87D5F,0xFFB47E72,
    0xFFA27470,0xFFA1756E,0xFF9E7C7A,0xFF967C7E,0xFF937776,0xFF967878,0xFF8C6D6E,0xFF8F6B69,
    0xFF926760,0xFF946860,0xFF94665D,0xFF9D6B60,0xFFA97E73,0xFF9F837F,0xFF998387,0xFF978387,
    0xFF908585,0xFF908685,0xFF918285,0xFF8C828A,0xFF938084,0xFF997D7D,0xFF9B8080,0xFF968182,
    0xFF9A848B,0xFFA08182,0xFF9F7971,0xFFAE7D6E,0xFFC48469,0xFFC38066,0xFFB67860,0xFFCC7E5A,
    0xFFF18C51,0xFFFD9B4A,0xFFFD9F4E,0xFFF49556,0xFFD27C54,0xFFBD765E,0xFF8D6056,0xFF7E5C58,
    0xFF735A5F,0xFF66535E,0xFF66515A,0xFF624F57,0xFF5E4F56,0xFF5D4E56,0xFF5D4D57,0xFF5C4B55,
    0xFF5C4B55,0xFF5C4B55,0xFF5C4C55,0xFF5D4D56,0xFF5D4C56,0xFF5B4E56,0xFF5A4E56,0xFF5A4E56,
    0xFF5C4F58,0xFF60505B,0xFF65555E,0xFF6A5A60,0xFF726366,0xFF7C6C6C,0xFF7F6F71,0xFF7D6C71,
    0xFF77676D,0xFF70636A,0xFF665A60,0xFF5E5259,0xFF5D5058,0xFF5E515A,0xFF5E525A,0xFF5F535B,
    0xFF62535B,0xFF66545C,0xFF66545C,0xFF66545C,0xFF66545C,0xFF64535A,0xFF64525A,0xFF625158,
    0xFF635159,0xFF625158,0xFF615057,0xFF5F4F57,0xFF5B4F58,0xFF5A4D56,0xFF594C55,0xFF594C54,
    0xFF5A4B52,0xFF5A4B52,0xFF5A4B52,0xFF5C4B53,0xFF5D4B54,0xFF5D4B54,0xFF5E4D55,0xFF5F4E55,
    0xFF614F54,0xFF655053,0xFF685253,0xFF6A5255,0xFF6D5456,0xFF715556,0xFF755856,0xFF7A5B59,
    0xFF80605D,0xFF85635E,0xFF8B6763,0xFF956D6D,0xFF966B67,0xFF976760,0xFF9C6D61,0xFFA27060,
    0xFFAF715A,0xFFC47A5E,0xFFD68664,0xFFE9966C,0xFFDB8B60,0xFFC97F60,0xFFC67A5E,0xFFC17457,
    0xFFCD7957,0xFFDF8158,0xFFE58453,0xFFE98851,0xFFF49253,0xFFF69354,0xFFEE9059,0xFFE69266,
    0xFFC87C5E,0xFFC68063,0xFFE5986C,0xFFF1A573,0xFFC49379,0xFFB7988C,0xFFB69A90,0xFFB3958C,
    0xFFB38D7E,0xFFD19A78,0xFFDC9670,0xFFDE9472,0xFFD39273,0xFFD8986D,0xFFF4AE6F,0xFFF6AE64,
    0xFFF1AB69,0xFFDE9F75,0xFFCE9C82,0xFFC69482,0xFFD19880,0xFFD19981,0xFFC09284,0xFFB4918D,
    0xFFB08F89,0xFFAE8D83,0xFFA68982,0xFFA78C87,0xFFAA9189,0xFFB48B82,0xFFB78C83,0xFFA98E85,
    0xFF687082,0xFF646B7D,0xFF5F6779,0xFF5A6273,0xFF555C6E,0xFF535B6E,0xFF50566C,0xFF4C556A,
    0xFF515C6E,0xFF5B6678,0xFF5E697B,0xFF5B6678,0xFF566173,0xFF545F71,0xFF525D6F,0xFF525D6F,
    0xFF515C6E,0xFF4F5A6C,0xFF4F5A6C,0xFF4E596B,0xFF4E596B,0xFF4E596B,0xFF4F5A6C,0xFF515A6D,
    0xFF525B6E,0xFF545D70,0xFF555E71,0xFF576073,0xFF576073,0xFF555F72,0xFF525C6E,0xFF515A6D,
    0xFF4F596B,0xFF4E576A,0xFF4D5A6B,0xFF4E5B6C,0xFF536071,0xFF576576,0xFF5C6679,0xFF626C7F,
    0xFF636C7F,0xFF5E697C,0xFF566374,0xFF566374,0xFF586476,0xFF566375,0xFF4F5E72,0xFF4F5E71,
    0xFF4D5C6F,0xFF49586D,0xFF46556B,0xFF46556B,0xFF445369,0xFF425268,0xFF43536A,0xFF43536A,
    0xFF45556C,0xFF45576F,0xFF44566F,0xFF43556D,0xFF41536B,0xFF3B5069,0xFF3A4F67,0xFF394E66,
    0xFF394E67,0xFF374D68,0xFF374D68,0xFF374D68,0xFF374F68,0xFF365069,0xFF37506A,0xFF37516A,
    0xFF38526B,0xFF38526B,0xFF39536C,0xFF3B556E,0xFF40576F,0xFF435971,0xFF435971,0xFF455B72,
    0xFF465F75,0xFF506378,0xFF677082,0xFF7E8393,0xFF77808F,0xFF738194,0xFF637082,0xFF76777F,
    0xFFBB8F7D,0xFFD19180,0xFFA48B88,0xFF988A8B,0xFFA69295,0xFF8C878C,0xFF768490,0xFF758495,
    0xFF768395,0xFF758294,0xFF758294,0xFF778494,0xFF758292,0xFF738090,0xFF738090,0xFF768091,
    0xFF778192,0xFF7B8596,0xFF778292,0xFF717C8C,0xFF6D7788,0xFF687384,0xFF687181,0xFF676F7E,
    0xFF6B7383,0xFF676F7E,0xFF646B7B,0xFF5A6271,0xFF515968,0xFF4E5666,0xFF646C7A,0xFF6A707E,
    0xFF5A5D6C,0xFF5B5C6A,0xFF5C5A67,0xFF595867,0xFF5D5664,0xFF685B62,0xFF706266,0xFF806767,
    0xFFA57061,0xFFD8906E,0xFFD0947C,0xFFA47471,0xFFB37261,0xFFCC7E5A,0xFFE49160,0xFFE39061,
    0xFFD48D71,0xFFB4877B,0xFF9E7E7A,0xFF977D7E,0xFF8F7375,0xFF8F6A6B,0xFF936966,0xFF95655C,
    0xFF996458,0xFFA56658,0xFFB96A52,0xFFDC7D4E,0xFFF6924F,0xFFFFA44E,0xFFE19A5A,0xFFAB7768,
    0xFFB37D76,0xFFB27967,0xFFCF8262,0xFFF89361,0xFFF58D54,0xFFF0905D,0xFFC77E5F,0xFFA3746D,
    0xFFA77871,0xFFA17671,0xFFA07C7A,0xFF987B7B,0xFF927B7E,0xFF93787B,0xFF8C6D6F,0xFF906B6A,
    0xFF996C67,0xFF9C6B62,0xFFA06D61,0xFFA16A5C,0xFFA6756B,0xFFA38484,0xFF96878E,0xFF95858A,
    0xFF948483,0xFF98827F,0xFFA2827F,0xFFA3837F,0xFFAC857D,0xFFBB8778,0xFFC28D7B,0xFFA28179,
    0xFF9F787F,0xFFA27D7D,0xFF9A7D72,0xFF9D7A72,0xFFA2776C,0xFFA47772,0xFF9B7266,0xFFBD7A61,
    0xFFE78155,0xFFFB9A50,0xFFFFA454,0xFFEB8F55,0xFFBF7355,0xFFB57769,0xFF9E7065,0xFF805B56,
    0xFF735A5D,0xFF6A5760,0xFF6A545C,0xFF665258,0xFF625056,0xFF604F56,0xFF604E57,0xFF5E4E56,
    0xFF5E4E56,0xFF5E4E56,0xFF5E4E56,0xFF5F4E57,0xFF5F4E57,0xFF5E4F56,0xFF5E5057,0xFF5E5057,
    0xFF5F5158,0xFF64535C,0xFF68575E,0xFF705F64,0xFF7C6C6E,0xFF807070,0xFF7A6A6C,0xFF746368,
    0xFF6E5D63,0xFF6A5C63,0xFF64565D,0xFF605259,0xFF5F5158,0xFF605158,0xFF605259,0xFF605259,
    0xFF66555B,0xFF6A585D,0xFF68555B,0xFF68555B,0xFF68555B,0xFF665359,0xFF665359,0xFF645157,
    0xFF655258,0xFF635056,0xFF635056,0xFF614E55,0xFF5F4E56,0xFF5D4C54,0xFF5D4B53,0xFF5D4B53,
    0xFF5E4B52,0xFF5E4B52,0xFF5F4C52,0xFF604C51,0xFF624D52,0xFF624D52,0xFF644E53,0xFF644E52,
    0xFF685052,0xFF6C5153,0xFF6F5352,0xFF725454,0xFF775755,0xFF7C5956,0xFF7F5B57,0xFF84605B,
    0xFF89625C,0xFF8D645C,0xFF936860,0xFF976962,0xFF97685F,0xFFA16F65,0xFFA17064,0xFFA06D5C,
    0xFFB4735A,0xFFD28567,0xFFDC8C68,0xFFDE8D67,0xFFC97D5B,0xFFBC795F,0xFFC1765B,0xFFC4785A,
    0xFFD17E59,0xFFE38555,0xFFF18D53,0xFFF79453,0xFFFA9754,0xFFF49356,0xFFE78E5D,0xFFCC815D,
    0xFFC27E63,0xFFC8866B,0xFFE19365,0xFFFFB078,0xFFC8967B,0xFFA4877F,0xFFAF9288,0xFFB89583,
    0xFFC99A7C,0xFFEBA36D,0xFFEB9B69,0xFFDD906C,0xFFCE8A6B,0xFFDA9D78,0xFFD4986C,0xFFDEA176,
    0xFFD59B7A,0xFFBC907D,0xFFB48F85,0xFFB18E87,0xFFB7918A,0xFFB7938E,0xFFAE918C,0xFFA58F89,
    0xFFA89390,0xFFA99492,0xFFA7908B,0xFFAA918C,0xFFAF9487,0xFFCD9589,0xFFCE9387,0xFFB19282,
    0xFF6D7384,0xFF6B7282,0xFF656C7C,0xFF636A7A,0xFF5F6676,0xFF5C6275,0xFF545A6E,0xFF50576C,
    0xFF4D596B,0xFF525D6F,0xFF5A6577,0xFF5F6A7C,0xFF5A6577,0xFF556072,0xFF566173,0xFF535E70,
    0xFF556072,0xFF535E70,0xFF505B6D,0xFF525E6F,0xFF525E6F,0xFF4F5A6C,0xFF515C6E,0xFF555D70,
    0xFF575E71,0xFF585F72,0xFF596174,0xFF5B6275,0xFF596174,0xFF5B6275,0xFF596073,0xFF565E71,
    0xFF575E71,0xFF545C6F,0xFF505B6C,0xFF4D5A6B,0xFF4E5B6C,0xFF556273,0xFF5D6678,0xFF61697A,
    0xFF676F80,0xFF677081,0xFF5E6B7C,0xFF5C6A7B,0xFF5C697A,0xFF596678,0xFF536376,0xFF546477,
    0xFF516073,0xFF4E5D71,0xFF4B5A6F,0xFF4B5A6E,0xFF4B5A6E,0xFF46566C,0xFF45556C,0xFF44536B,
    0xFF44546B,0xFF45576F,0xFF44566E,0xFF42546C,0xFF41526B,0xFF3F506A,0xFF3B4D67,0xFF3B4D67,
    0xFF3A4D67,0xFF384D68,0xFF384D68,0xFF384D68,0xFF374E68,0xFF354F68,0xFF36506A,0xFF365069,
    0xFF37526A,0xFF37516A,0xFF38536C,0xFF39546D,0xFF3D546C,0xFF41576F,0xFF425870,0xFF425870,
    0xFF455C74,0xFF4C5F75,0xFF5D6A7D,0xFF727A8A,0xFF737C8A,0xFF6A798D,0xFF58667A,0xFF536375,
    0xFF6A6B71,0xFF756C6F,0xFF6A727D,0xFF727078,0xFF7B6D74,0xFF8B828C,0xFF7F8997,0xFF798798,
    0xFF7A8697,0xFF7A8797,0xFF7A8797,0xFF798694,0xFF788493,0xFF778391,0xFF737E8D,0xFF747C8C,
    0xFF737B8B,0xFF757E8D,0xFF7C8494,0xFF798193,0xFF788092,0xFF727A8C,0xFF6B7384,0xFF747A8A,
    0xFF707787,0xFF6D7485,0xFF6A7180,0xFF646B79,0xFF616876,0xFF5F6674,0xFF626A77,0xFF616775,
    0xFF565968,0xFF525462,0xFF555763,0xFF5B596B,0xFF5C5767,0xFF605864,0xFF605764,0xFF645A61,
    0xFF826561,0xFFA57463,0xFFAA7362,0xFFB0776F,0xFFBC7A6A,0xFFC67D67,0xFFD6876E,0xFFD28268,
    0xFFC97F6A,0xFFBA8370,0xFFAE877C,0xFF9B7F7E,0xFF907576,0xFF936D6D,0xFF946863,0xFF95645A,
    0xFF975F52,0xFFA25F50,0xFFB6674C,0xFFE17B4D,0xFFF88D48,0xFFFF9446,0xFFEE934F,0xFFCE8757,
    0xFFB6755D,0xFFAA7667,0xFFB77C68,0xFFD8835F,0xFFF49162,0xFFF9935E,0xFFE58D5F,0xFFAF7256,
    0xFFAE7666,0xFFA2756E,0xFF9D7C7B,0xFF977C7D,0xFF927C7F,0xFF947779,0xFF936F6D,0xFF976E6B,
    0xFF9C6F6B,0xFF9F6C63,0xFFA86E60,0xFFA76C5E,0xFFA77068,0xFFA88180,0xFF988687,0xFF968789,
    0xFF988381,0xFFA07F78,0xFFC28F86,0xFFC8907E,0xFFC08774,0xFFD28E78,0xFFDB9378,0xFFC2866B,
    0xFFCE8A6C,0xFFC48E73,0xFFA07D6E,0xFF997A79,0xFF927270,0xFF907071,0xFF92706A,0xFFAC7869,
    0xFFC77A5C,0xFFEA8E57,0xFFFC9C59,0xFFDB885B,0xFFA36755,0xFF95655D,0xFF966E66,0xFF8B6762,
    0xFF7E6060,0xFF72585C,0xFF6D555C,0xFF695459,0xFF665358,0xFF645257,0xFF635157,0xFF624F56,
    0xFF624F56,0xFF625056,0xFF624F56,0xFF635057,0xFF635157,0xFF625056,0xFF625258,0xFF645359,
    0xFF64535A,0xFF67545C,0xFF6A575D,0xFF715F61,0xFF7D6B6C,0xFF786768,0xFF706062,0xFF6E5D62,
    0xFF6B5A60,0xFF68575F,0xFF66555D,0xFF63525A,0xFF625159,0xFF635258,0xFF625258,0xFF635259,
    0xFF67545A,0xFF6B565A,0xFF695459,0xFF695459,0xFF69555A,0xFF685359,0xFF675358,0xFF665157,
    0xFF655055,0xFF655056,0xFF644F54,0xFF624D53,0xFF624D55,0xFF614B53,0xFF614B53,0xFF614B52,
    0xFF624B51,0xFF624B51,0xFF634C52,0xFF644C50,0xFF664D4F,0xFF674F51,0xFF695052,0xFF6A5052,
    0xFF6F5253,0xFF735453,0xFF775654,0xFF7E5855,0xFF835C58,0xFF886058,0xFF8B6059,0xFF8F635B,
    0xFF93665C,0xFF996A5E,0xFF9C6A5D,0xFF9B675B,0xFF9C685C,0xFFA26E61,0xFFA37061,0xFFA87360,
    0xFFBE806A,0xFFCE8970,0xFFD2896A,0xFFD88B6C,0xFFD2876D,0xFFC17D63,0xFFC1765B,0xFFC27658,
    0xFFCD7A51,0xFFE1844F,0xFFF69254,0xFFFB9B53,0xFFFC9E5B,0xFFF2955F,0xFFDA855C,0xFFC37B5C,
    0xFFD08868,0xFFD08665,0xFFE19672,0xFFE4A17A,0xFFC1927F,0xFFB08A80,0xFFB38A79,0xFFC4906F,
    0xFFEFAD78,0xFFFCAC68,0xFFF1A26C,0xFFCF8969,0xFFCB8D76,0xFFC99380,0xFFB88B79,0xFFBA8E83,
    0xFFB99089,0xFFAA8D86,0xFFA78C87,0xFFA8908B,0xFFA68E88,0xFFA48B85,0xFFA69288,0xFFAA988C,
    0xFFAD9B94,0xFFA99693,0xFFA7938E,0xFFAA9690,0xFFB59A90,0xFFC19689,0xFFC19387,0xFFB19387,
    0xFF686D7D,0xFF696E7E,0xFF656B7B,0xFF646B7A,0xFF656B7A,0xFF5F6375,0xFF5A5F72,0xFF585F72,
    0xFF515B6D,0xFF505A6C,0xFF4F596B,0xFF525C6E,0xFF576274,0xFF566173,0xFF4F5A6C,0xFF4F596C,
    0xFF515C6E,0xFF556073,0xFF586375,0xFF545F71,0xFF545F71,0xFF535E70,0xFF555F72,0xFF596073,
    0xFF5A6174,0xFF5D6476,0xFF606779,0xFF646B7E,0xFF636A7D,0xFF5F6578,0xFF60677A,0xFF636A7E,
    0xFF5F677A,0xFF5B6275,0xFF555F71,0xFF4F5C6E,0xFF4F5C6E,0xFF546172,0xFF5D6677,0xFF656D7F,
    0xFF697082,0xFF6C7586,0xFF667384,0xFF606D7E,0xFF616E7F,0xFF5F6D7E,0xFF5A697C,0xFF5A697C,
    0xFF566578,0xFF515F72,0xFF516073,0xFF4E5D70,0xFF505F72,0xFF4C5C71,0xFF48586F,0xFF45556C,
    0xFF44536A,0xFF43546C,0xFF42536C,0xFF41536B,0xFF40526A,0xFF40516B,0xFF3D4E68,0xFF3D4E68,
    0xFF3C4E68,0xFF394D68,0xFF394D68,0xFF394D68,0xFF374D68,0xFF344E67,0xFF354F68,0xFF354F68,
    0xFF365069,0xFF365069,0xFF37516A,0xFF39536C,0xFF3B526A,0xFF3E546C,0xFF40566E,0xFF425870,
    0xFF455873,0xFF485A72,0xFF4E6074,0xFF566474,0xFF606979,0xFF5F7085,0xFF526479,0xFF505F79,
    0xFF5A667A,0xFF5C6E7B,0xFF606B7E,0xFF646979,0xFF656776,0xFF7E7887,0xFF7F8596,0xFF7C8697,
    0xFF7C8594,0xFF7D8797,0xFF7C8797,0xFF7B8694,0xFF7B8593,0xFF7C8695,0xFF7A8492,0xFF787F8F,
    0xFF747B8A,0xFF767C8C,0xFF7B8191,0xFF757C8E,0xFF6D7385,0xFF62697A,0xFF555B6C,0xFF626777,
    0xFF757B8B,0xFF6F7585,0xFF6D7381,0xFF707682,0xFF6E7481,0xFF6D727F,0xFF666D7A,0xFF5F6573,
    0xFF535665,0xFF4F5260,0xFF4F535F,0xFF575466,0xFF585160,0xFF5D525D,0xFF5D5263,0xFF5A5761,
    0xFF6A5E63,0xFF846D6F,0xFF986E6A,0xFFB67465,0xFFC07B6A,0xFFC07C65,0xFFC1795E,0xFFC67E64,
    0xFFD08D71,0xFFC1856D,0xFFB28679,0xFFA28481,0xFF947979,0xFF946E6C,0xFF8E625C,0xFF925F54,
    0xFF9B5F51,0xFFAA6250,0xFFC26E4F,0xFFE77B4B,0xFFFA8B44,0xFFF88743,0xFFF48A4B,0xFFFAA357,
    0xFFDD9160,0xFFB17C67,0xFFAA7A6F,0xFFBD7962,0xFFDF845F,0xFFF0874F,0xFFFC9656,0xFFE18F5A,
    0xFFCA866D,0xFFA77973,0xFF907576,0xFF927A7D,0xFF947A7C,0xFF997876,0xFF9B726B,0xFF9D706A,
    0xFF9D6E6A,0xFFA26C62,0xFFA76A5C,0xFFB36E5B,0xFFBB7461,0xFFBC7E6E,0xFFB38875,0xFF9E8786,
    0xFF9C8686,0xFFA77F76,0xFFBC8274,0xFFC08472,0xFFB98375,0xFFBD8374,0xFFCE8873,0xFFE7966B,
    0xFFFCA360,0xFFECA46E,0xFFAA7C6C,0xFF9C7A7C,0xFF907170,0xFF8B6E6C,0xFF926D6A,0xFF956B63,
    0xFFA8745D,0xFFD37E58,0xFFEB8A57,0xFFCD815F,0xFF97665B,0xFF7E5953,0xFF7C5B58,0xFF836260,
    0xFF84625F,0xFF795857,0xFF73595E,0xFF6E575C,0xFF6B5759,0xFF685559,0xFF665258,0xFF655157,
    0xFF655157,0xFF655158,0xFF655157,0xFF665258,0xFF665258,0xFF655459,0xFF66555A,0xFF67555A,
    0xFF69575D,0xFF6C595F,0xFF6F5C60,0xFF736062,0xFF746161,0xFF705F60,0xFF6C5B5D,0xFF69595D,
    0xFF68565D,0xFF66545C,0xFF66545C,0xFF63525A,0xFF645259,0xFF655359,0xFF655359,0xFF66555B,
    0xFF6A555A,0xFF6C5559,0xFF6A5458,0xFF6A5458,0xFF6B5559,0xFF6A5458,0xFF6A5357,0xFF685255,
    0xFF665054,0xFF665054,0xFF654F52,0xFF644D52,0xFF644D55,0xFF634C53,0xFF634C53,0xFF644C53,
    0xFF654C51,0xFF654C51,0xFF664D52,0xFF684D50,0xFF694D4F,0xFF6B5051,0xFF6D5253,0xFF725353,
    0xFF765655,0xFF7A5855,0xFF805B58,0xFF8A605B,0xFF90645D,0xFF93655C,0xFF96675C,0xFF99695E,
    0xFF9E6B5F,0xFFA16D5F,0xFFA36B5C,0xFFA76D5C,0xFFA56C5D,0xFFA77062,0xFFAC7666,0xFFB47D6B,
    0xFFB77F6D,0xFFBD8373,0xFFC78972,0xFFD18A73,0xFFC87E67,0xFFC07A5E,0xFFC3775C,0xFFC27658,
    0xFFD17E54,0xFFEC8F58,0xFFF69556,0xFFF49850,0xFFF79D5E,0xFFE68D5D,0xFFD88661,0xFFCE8667,
    0xFFDD8F67,0xFFE69169,0xFFDC987E,0xFFC3927F,0xFFB98B7D,0xFFC08E7D,0xFFC89175,0xFFDD9B6A,
    0xFFFEB36B,0xFFFFB066,0xFFE99F6E,0xFFC68A71,0xFFC28D7D,0xFFB88A79,0xFFB08F81,0xFFA68B82,
    0xFFA68B85,0xFFA8928E,0xFFAA948D,0xFF9E8A83,0xFF97827D,0xFF9D8580,0xFFAC9590,0xFFB19B95,
    0xFFAD9690,0xFFAC9690,0xFFAF9B96,0xFFAA9893,0xFFA48A86,0xFFA98F84,0xFFB29B8F,0xFFAD928C,
    0xFF606374,0xFF626576,0xFF656879,0xFF646878,0xFF676978,0xFF656776,0xFF606372,0xFF5E6171,
    0xFF5A5E6F,0xFF595D6E,0xFF585C6D,0xFF53596B,0xFF535A6D,0xFF535A6D,0xFF505769,0xFF4D5568,
    0xFF4C5468,0xFF51596D,0xFF565E72,0xFF545C70,0xFF555D71,0xFF576074,0xFF5B6376,0xFF5C6576,
    0xFF5F6879,0xFF616A7B,0xFF636B7C,0xFF686E7F,0xFF6B7182,0xFF666C7D,0xFF60677A,0xFF636C80,
    0xFF687085,0xFF636B7F,0xFF5C677A,0xFF556073,0xFF535E71,0xFF545F72,0xFF586474,0xFF626E7E,
    0xFF6B7686,0xFF6A7686,0xFF6D788A,0xFF6B7688,0xFF727D8F,0xFF6A7688,0xFF5C697B,0xFF5D6A7B,
    0xFF586576,0xFF505E70,0xFF536275,0xFF516073,0xFF505F72,0xFF4E5D70,0xFF48576B,0xFF445467,
    0xFF425165,0xFF435369,0xFF415168,0xFF415168,0xFF415168,0xFF405167,0xFF3E5066,0xFF3D4F65,
    0xFF3D4F65,0xFF3C4E66,0xFF3C4E66,0xFF3B4D66,0xFF394C65,0xFF394D66,0xFF394D66,0xFF394D66,
    0xFF374E66,0xFF364E66,0xFF354D65,0xFF385068,0xFF3B5169,0xFF3C526A,0xFF3E546C,0xFF3F556D,
    0xFF41556F,0xFF435770,0xFF465A72,0xFF495D75,0xFF4D5F77,0xFF4D6179,0xFF4C6079,0xFF4C5E76,
    0xFF506175,0xFF536478,0xFF566278,0xFF606C7F,0xFF646F80,0xFF676F80,0xFF808897,0xFF7D818D,
    0xFF797982,0xFF818691,0xFF7B8898,0xFF7C8896,0xFF7B8694,0xFF7C8796,0xFF7C8896,0xFF7A8594,
    0xFF737C8B,0xFF787E8F,0xFF7B8292,0xFF747C8C,0xFF616878,0xFF555A6A,0xFF545968,0xFF525866,
    0xFF6A707E,0xFF6E7583,0xFF6F7482,0xFF717482,0xFF6E7280,0xFF707382,0xFF5C6272,0xFF5A6170,
    0xFF545A6A,0xFF4E5363,0xFF4D4F5E,0xFF50505F,0xFF53515D,0xFF55525D,0xFF59545F,0xFF5C545E,
    0xFF635962,0xFF786469,0xFF8D6B67,0xFFA07064,0xFFB07664,0xFFBA7B69,0xFFB87765,0xFFC17E6A,
    0xFFC8846E,0xFFB87B70,0xFFA77B76,0xFF9A7873,0xFF9C756E,0xFF9D716A,0xFF98665D,0xFFAD6954,
    0xFFC06D52,0xFFC06C51,0xFFD4784A,0xFFE98048,0xFFE77A40,0xFFE97B40,0xFFF38542,0xFFF59441,
    0xFFFFAD57,0xFFD6965E,0xFFA37368,0xFFC3836F,0xFFE68E63,0xFFE08144,0xFFF69548,0xFFFF9D52,
    0xFFE99266,0xFFA17978,0xFF8F797C,0xFF8B7C78,0xFF947979,0xFF9B7979,0xFF9C7670,0xFFA5716A,
    0xFFA67266,0xFFA76C5B,0xFFA56957,0xFFB66F5A,0xFFC7775B,0xFFCF7E5C,0xFFEA976D,0xFFB78872,
    0xFFA28177,0xFFAB8378,0xFFB58578,0xFFB98676,0xFFAC8176,0xFFB38677,0xFFC2856C,0xFFD28561,
    0xFFEC9358,0xFFF9AB6B,0xFFBC8570,0xFF9E7C7A,0xFF967A71,0xFF927373,0xFF8F7175,0xFF906F6B,
    0xFFA57261,0xFFC0795C,0xFFD38061,0xFFC37862,0xFFA16C61,0xFF845E5A,0xFF755758,0xFF765858,
    0xFF80605E,0xFF7E5F5D,0xFF775B5F,0xFF735A5D,0xFF6F5A5B,0xFF6D595A,0xFF6C5358,0xFF6B5357,
    0xFF6B5357,0xFF6A5358,0xFF695358,0xFF695359,0xFF695258,0xFF695558,0xFF6C595B,0xFF6C595B,
    0xFF6F5B5D,0xFF715C5F,0xFF725C5F,0xFF735E61,0xFF725D5F,0xFF715C60,0xFF6D595E,0xFF695459,
    0xFF685359,0xFF68535A,0xFF68535A,0xFF675259,0xFF675258,0xFF685157,0xFF6A5359,0xFF6A5359,
    0xFF6A555A,0xFF6D565A,0xFF6E565B,0xFF6F555A,0xFF705659,0xFF6E5558,0xFF6D5356,0xFF6B5255,
    0xFF6A5154,0xFF684F52,0xFF684F52,0xFF664D50,0xFF674E51,0xFF674E51,0xFF664D50,0xFF654D51,
    0xFF654D52,0xFF674D50,0xFF694E50,0xFF6B4C50,0xFF6F4D52,0xFF715052,0xFF745252,0xFF7A5550,
    0xFF7B5855,0xFF815C59,0xFF8C605A,0xFF996960,0xFFA26E62,0xFFA77061,0xFFA46E5F,0xFFA26D5E,
    0xFFAD6E5F,0xFFB2715E,0xFFB9775D,0xFFC07C60,0xFFB37361,0xFFB17866,0xFFB27E6D,0xFFB58173,
    0xFFB78275,0xFFB88477,0xFFBA8577,0xFFB87F6D,0xFFB6765E,0xFFBA7457,0xFFC47A59,0xFFCA7B60,
    0xFFD9825D,0xFFEC9057,0xFFF29256,0xFFF5975E,0xFFEF9361,0xFFE18759,0xFFDB895F,0xFFD88C6A,
    0xFFE5966B,0xFFEA9D6E,0xFFD49575,0xFFD09985,0xFFDAA387,0xFFDE9A75,0xFFE69B6C,0xFFF9AA6A,
    0xFFFFAE60,0xFFFDB06D,0xFFD6976F,0xFFC48F7D,0xFFC99185,0xFFB68B7E,0xFFAF8D83,0xFFA28880,
    0xFFA38D87,0xFFAB9492,0xFFA08986,0xFF937C79,0xFF98807B,0xFFA98E83,0xFFB5988D,0xFFAF9890,
    0xFFAB9692,0xFFAA9692,0xFFA28E8A,0xFF988480,0xFF9D8680,0xFFB09991,0xFFAF9891,0xFFA68E87,
    0xFF616374,0xFF66697A,0xFF646678,0xFF666979,0xFF686979,0xFF656776,0xFF656776,0xFF636575,
    0xFF5E6071,0xFF5D5F70,0xFF5E6171,0xFF5A5F71,0xFF585E70,0xFF575C6F,0xFF545A6D,0xFF51586B,
    0xFF4E5568,0xFF4E5568,0xFF4E5568,0xFF4F5669,0xFF52596C,0xFF535B6D,0xFF586072,0xFF5D6577,
    0xFF646C7D,0xFF6B7385,0xFF6D7485,0xFF6D7383,0xFF6D7383,0xFF717686,0xFF6D7485,0xFF656D80,
    0xFF697184,0xFF6A7285,0xFF646E80,0xFF5C6779,0xFF576274,0xFF596475,0xFF5C6878,0xFF5F6B7B,
    0xFF667282,0xFF687384,0xFF6D788A,0xFF6A7587,0xFF6E798B,0xFF737F91,0xFF637081,0xFF5E6B7C,
    0xFF5C6879,0xFF536173,0xFF505F72,0xFF526174,0xFF526174,0xFF516073,0xFF48576A,0xFF435265,
    0xFF425164,0xFF415168,0xFF405067,0xFF404F66,0xFF405067,0xFF3E5066,0xFF3D4F65,0xFF3D4F65,
    0xFF3D4F65,0xFF3C4E66,0xFF3D4F66,0xFF3D4F67,0xFF3B4D65,0xFF394D66,0xFF394D66,0xFF394D66,
    0xFF384E66,0xFF374E66,0xFF384E66,0xFF394F67,0xFF3A5068,0xFF3B5169,0xFF3C526A,0xFF3D536B,
    0xFF3F536C,0xFF40546D,0xFF41566F,0xFF455972,0xFF465B74,0xFF465A73,0xFF465A73,0xFF465B73,
    0xFF495D71,0xFF4C5C72,0xFF4C5C72,0xFF58677B,0xFF697587,0xFF5C6778,0xFF737C8B,0xFF7D808D,
    0xFF787881,0xFF82858F,0xFF808C9A,0xFF7D8A98,0xFF7C8896,0xFF7D8A98,0xFF7D8998,0xFF798898,
    0xFF768294,0xFF7A8295,0xFF7B8495,0xFF77808F,0xFF676E7E,0xFF646879,0xFF636676,0xFF636876,
    0xFF6C707E,0xFF727684,0xFF757887,0xFF6F7281,0xFF646776,0xFF6A6D7C,0xFF5F6373,0xFF5C6071,
    0xFF555969,0xFF4E5262,0xFF4D505F,0xFF535461,0xFF575561,0xFF585662,0xFF585560,0xFF59505A,
    0xFF625760,0xFF79676D,0xFF886C6C,0xFF8E6963,0xFFA07165,0xFFA47267,0xFFA47266,0xFFB07C6E,
    0xFFAD7768,0xFF9F716C,0xFF9F7B77,0xFF9A716C,0xFFAA7268,0xFFB47363,0xFFBB735B,0xFFDA815A,
    0xFFDD784A,0xFFCE6D46,0xFFE07B4A,0xFFE67C4A,0xFFE17441,0xFFE97C3F,0xFFFD9645,0xFFFCA23D,
    0xFFFEA43E,0xFFEFA45A,0xFFB87B61,0xFFC67D60,0xFFF39762,0xFFF18F5C,0xFFF69554,0xFFFFA54B,
    0xFFEB9A57,0xFFA2796C,0xFF977882,0xFF8F7986,0xFF8F7A7D,0xFF977A7A,0xFF987D78,0xFFA27773,
    0xFFAA7366,0xFFBA765D,0xFFC0795C,0xFFCB7C5C,0xFFDB845D,0xFFDF8455,0xFFF2935C,0xFFEBA05F,
    0xFFDB9B64,0xFFCB8D70,0xFFBB8176,0xFFB4877D,0xFFAA837B,0xFFB6867B,0xFFC6866A,0xFFDA875D,
    0xFFEA8D51,0xFFFAA65C,0xFFD4966C,0xFFA88173,0xFFA28281,0xFF967A7B,0xFF907471,0xFF92716D,
    0xFF9E7165,0xFFAC7563,0xFFB97966,0xFFB47667,0xFFA77469,0xFF926660,0xFF7E5E5C,0xFF765856,
    0xFF785957,0xFF7C5D5C,0xFF735659,0xFF715758,0xFF70595A,0xFF725B5C,0xFF755A5F,0xFF72585C,
    0xFF71575B,0xFF70575C,0xFF6E565C,0xFF6E565C,0xFF6F565C,0xFF6D585B,0xFF725E5F,0xFF725D60,
    0xFF715D5F,0xFF745D60,0xFF765E62,0xFF775F63,0xFF745C5F,0xFF6E595E,0xFF6C575B,0xFF695459,
    0xFF685359,0xFF68535A,0xFF68535A,0xFF675259,0xFF685258,0xFF6B5258,0xFF6D545A,0xFF6D545A,
    0xFF6D565A,0xFF71585B,0xFF72575A,0xFF72565A,0xFF735659,0xFF715557,0xFF705356,0xFF6E5254,
    0xFF6C5253,0xFF6A5052,0xFF6A5052,0xFF694E50,0xFF684E4F,0xFF684E50,0xFF684E50,0xFF684E51,
    0xFF694E52,0xFF6B4E50,0xFF6E5050,0xFF6F5050,0xFF715152,0xFF765453,0xFF7B5653,0xFF815853,
    0xFF845D58,0xFF8B625A,0xFF9C695B,0xFFBB7B65,0xFFB77762,0xFFB1735F,0xFFB1735F,0xFFB3745E,
    0xFFC1775F,0xFFD18567,0xFFD48A66,0xFFCD8462,0xFFBC7B66,0xFFB47C6C,0xFFB17E6E,0xFFB68274,
    0xFFB98677,0xFFB58173,0xFFB37C6C,0xFFBB806B,0xFFBD7B61,0xFFC47C5E,0xFFC87F5E,0xFFC97B5F,
    0xFFD5805C,0xFFEA925E,0xFFED925C,0xFFEB915F,0xFFE0885A,0xFFE18B5F,0xFFDA8B63,0xFFD78D6B,
    0xFFE79A70,0xFFF6A774,0xFFEAA174,0xFFEBA781,0xFFEEA97D,0xFFF3A571,0xFFF6A46C,0xFFE69256,
    0xFFF39D5D,0xFFF6AE78,0xFFD09977,0xFFC19180,0xFFC18F83,0xFFAE877D,0xFFA5857D,0xFF977E78,
    0xFF8D7976,0xFF8D7876,0xFF846F6E,0xFF826D6C,0xFF8C7470,0xFFB6978E,0xFFBE9E93,0xFFAE948F,
    0xFF9F8B88,0xFF907D7B,0xFF8C7876,0xFF8F7C7A,0xFF96817D,0xFFA08B85,0xFFA48E89,0xFF98827D,
    0xFF585B6C,0xFF5E6172,0xFF606374,0xFF636676,0xFF656776,0xFF626473,0xFF656776,0xFF686B7A,
    0xFF606374,0xFF5F6273,0xFF636677,0xFF626576,0xFF616576,0xFF5F6374,0xFF5C6171,0xFF595F71,
    0xFF565C6F,0xFF52586B,0xFF4F5567,0xFF4E5467,0xFF4E5467,0xFF4F5567,0xFF51576A,0xFF53596B,
    0xFF575D70,0xFF5D6376,0xFF696E80,0xFF707686,0xFF747A8A,0xFF737989,0xFF7B8293,0xFF757E8F,
    0xFF717A8B,0xFF757E8F,0xFF707B8B,0xFF677383,0xFF5F6B7B,0xFF596575,0xFF5F6B7B,0xFF626E7E,
    0xFF606C7C,0xFF5F6B7B,0xFF616C7E,0xFF5F6A7C,0xFF626D7F,0xFF6A7587,0xFF626F80,0xFF5D6A7B,
    0xFF5C6979,0xFF536173,0xFF4E5D70,0xFF4D5C6F,0xFF4F5E71,0xFF4F5E71,0xFF49586B,0xFF465568,
    0xFF435265,0xFF425268,0xFF3F5067,0xFF3F4F66,0xFF3E4F66,0xFF3E5066,0xFF3D4F65,0xFF3D4F65,
    0xFF3D4F65,0xFF3C4E66,0xFF3D4F67,0xFF3D4F67,0xFF3B4D67,0xFF394D66,0xFF394D66,0xFF394D66,
    0xFF384D66,0xFF384D66,0xFF384D66,0xFF394E66,0xFF394F67,0xFF3A5068,0xFF3A5068,0xFF3B5169,
    0xFF3C5069,0xFF3E526B,0xFF3F536C,0xFF41556E,0xFF42566F,0xFF435770,0xFF445871,0xFF455A72,
    0xFF455A71,0xFF485B72,0xFF4D5D75,0xFF526277,0xFF617083,0xFF5D697A,0xFF606B7C,0xFF737887,
    0xFF7A7A86,0xFF7E818A,0xFF838D99,0xFF7E8A98,0xFF7C8896,0xFF7F8B99,0xFF808C9B,0xFF7C8C9C,
    0xFF7E8B9C,0xFF7F889B,0xFF7D8697,0xFF747D89,0xFF707785,0xFF757988,0xFF707381,0xFF757884,
    0xFF797C88,0xFF797C88,0xFF7D808E,0xFF797C8B,0xFF6C6F7E,0xFF727584,0xFF727483,0xFF6A6D7C,
    0xFF626473,0xFF575968,0xFF535665,0xFF5C5C6A,0xFF5C5A66,0xFF575560,0xFF5A5762,0xFF5F5660,
    0xFF685C65,0xFF75676D,0xFF7B686C,0xFF7F6463,0xFF936E6A,0xFF906D68,0xFF91706B,0xFFA07C75,
    0xFFA57F76,0xFF967674,0xFF8F7270,0xFF9F706B,0xFFBC7669,0xFFCA775E,0xFFD77A56,0xFFEE8450,
    0xFFF18248,0xFFE47847,0xFFE57848,0xFFE97C4C,0xFFE7794A,0xFFEC7F48,0xFFF4903E,0xFFFEA443,
    0xFFFFA840,0xFFFFAF57,0xFFDB8F5F,0xFFD68556,0xFFF19F52,0xFFE48F62,0xFFD9886D,0xFFE39661,
    0xFFD89264,0xFFAB8375,0xFFA57F7C,0xFF9E8184,0xFF947B7B,0xFF9A7874,0xFF967E77,0xFFA07B79,
    0xFFB17868,0xFFCF8261,0xFFD7825C,0xFFDB845A,0xFFEB8D5C,0xFFF09056,0xFFF59251,0xFFFF9D51,
    0xFFFFA153,0xFFF6A263,0xFFD6926B,0xFFC68D74,0xFFC78A76,0xFFD18A6D,0xFFEA9867,0xFFF89D63,
    0xFFFC9A55,0xFFFEA650,0xFFEBA361,0xFFC28C6C,0xFFB08585,0xFF9B7B7A,0xFF95776F,0xFF92706C,
    0xFF906A64,0xFF956B65,0xFF9B6C64,0xFF9E6D65,0xFFA27269,0xFF996960,0xFF88625D,0xFF7F5D5A,
    0xFF795957,0xFF765857,0xFF745859,0xFF725757,0xFF715656,0xFF755A5B,0xFF795E60,0xFF775B5E,
    0xFF765A5C,0xFF745A5D,0xFF735A5D,0xFF73595D,0xFF72595C,0xFF72595C,0xFF776061,0xFF7B6465,
    0xFF796263,0xFF7B6264,0xFF7C6264,0xFF7C6365,0xFF785E61,0xFF6F585B,0xFF6D5659,0xFF6C5457,
    0xFF6A5357,0xFF6A5258,0xFF6A5258,0xFF695257,0xFF6A5257,0xFF6D5357,0xFF6E5558,0xFF6E5558,
    0xFF715758,0xFF765A5A,0xFF795A5B,0xFF79595B,0xFF775758,0xFF745556,0xFF735355,0xFF715253,
    0xFF705253,0xFF6E5152,0xFF6D4F50,0xFF6B4E4F,0xFF6B4D4E,0xFF6B4D4E,0xFF6B4E4F,0xFF6C4E4F,
    0xFF6D4E50,0xFF704E4E,0xFF74504E,0xFF74524F,0xFF775550,0xFF7E5752,0xFF835852,0xFF8C5C55,
    0xFF95655A,0xFF9A6554,0xFFB37358,0xFFD88663,0xFFC4785B,0xFFC17A5F,0xFFC67D60,0xFFCB805E,
    0xFFDC8968,0xFFDB8964,0xFFD98C64,0xFFD08A68,0xFFBC7D69,0xFFAF7D6D,0xFFB18170,0xFFB78472,
    0xFFB48170,0xFFAF7D6C,0xFFB47B68,0xFFBD7E67,0xFFC38066,0xFFC88265,0xFFCB8364,0xFFCA7E61,
    0xFFD48461,0xFFDB895C,0xFFDE885D,0xFFDA865C,0xFFD7865D,0xFFDC8D66,0xFFD48967,0xFFCC8466,
    0xFFDE926A,0xFFF9A873,0xFFFDAC74,0xFFFEB077,0xFFF8A86F,0xFFF9A46B,0xFFED9962,0xFFDE8F5E,
    0xFFE89C6F,0xFFD89D78,0xFFCE9F87,0xFFBC9385,0xFFBB9389,0xFF9B7B73,0xFF8F746E,0xFF88716E,
    0xFF7F6B6B,0xFF766262,0xFF766262,0xFF786465,0xFF8A7371,0xFFA88A84,0xFFA4847E,0xFF907674,
    0xFF826F6F,0xFF837170,0xFF877473,0xFF8E7C7B,0xFF92817E,0xFF978581,0xFFA08F8B,0xFF9A8986,
    0xFF585B6C,0xFF5A5D6E,0xFF5F6273,0xFF606374,0xFF626472,0xFF636574,0xFF646674,0xFF686A7A,
    0xFF606374,0xFF5E6172,0xFF646778,0xFF676979,0xFF656777,0xFF626474,0xFF616372,0xFF5E6273,
    0xFF5E6374,0xFF585D6E,0xFF555A6A,0xFF54596A,0xFF54596A,0xFF545A6A,0xFF575C6D,0xFF585C6F,
    0xFF585C70,0xFF585C70,0xFF5B6072,0xFF606676,0xFF6A7080,0xFF6E7484,0xFF767E8D,0xFF7E8796,
    0xFF778090,0xFF727B8A,0xFF75818F,0xFF707C8B,0xFF657180,0xFF566270,0xFF586474,0xFF636F80,
    0xFF667281,0xFF5D6879,0xFF5B6678,0xFF5A6577,0xFF5C6779,0xFF6A7587,0xFF657283,0xFF5F6C7D,
    0xFF5B6878,0xFF4E5C6E,0xFF4B5A6D,0xFF4A596C,0xFF4C5B6E,0xFF4E5D70,0xFF4C5B6E,0xFF4B5A6D,
    0xFF48576A,0xFF44546B,0xFF415168,0xFF415067,0xFF3F4F66,0xFF3D4F65,0xFF3D4F65,0xFF3D4F65,
    0xFF3D4F65,0xFF3C4E66,0xFF3C4E66,0xFF3C4E66,0xFF3B4E67,0xFF394D66,0xFF394D66,0xFF394D66,
    0xFF394B65,0xFF3A4B65,0xFF3A4B65,0xFF3A4B65,0xFF384D66,0xFF384E66,0xFF384E66,0xFF3A5068,
    0xFF3A4F68,0xFF3C5069,0xFF3F536C,0xFF40546D,0xFF3F536C,0xFF3F536C,0xFF42556E,0xFF42576F,
    0xFF415870,0xFF455972,0xFF4A5C75,0xFF4C5D75,0xFF516276,0xFF566477,0xFF5C687A,0xFF697283,
    0xFF767985,0xFF84868F,0xFF878F99,0xFF848F9D,0xFF828E9C,0xFF7E8A98,0xFF818D9B,0xFF818D9A,
    0xFF7F8998,0xFF828898,0xFF818896,0xFF7B848E,0xFF787F8B,0xFF757A87,0xFF757782,0xFF7C7B87,
    0xFF7F7F8A,0xFF7C7D88,0xFF838593,0xFF838696,0xFF7D808F,0xFF757887,0xFF797987,0xFF797886,
    0xFF72717F,0xFF5C5C6A,0xFF575968,0xFF5E5E6C,0xFF5D5B67,0xFF5B5964,0xFF5C5863,0xFF615862,
    0xFF71656E,0xFF7B6E74,0xFF746366,0xFF7C6566,0xFF8D6F6E,0xFF8F7271,0xFF927575,0xFF997A77,
    0xFF9A7875,0xFF957573,0xFF90716F,0xFF9A6D67,0xFFAF6C60,0xFFC07158,0xFFD37753,0xFFDA7447,
    0xFFE07747,0xFFE37646,0xFFE17442,0xFFE67A3E,0xFFE87B3C,0xFFF58C47,0xFFF5993F,0xFFF0943E,
    0xFFFFA64A,0xFFFBA445,0xFFEC9453,0xFFF29D58,0xFFFEB259,0xFFD58B5A,0xFFB57367,0xFFBE8376,
    0xFFB47C70,0xFFAC8983,0xFFB99282,0xFFA88579,0xFFAE807A,0xFFBC8677,0xFFA68072,0xFFA67C77,
    0xFFB77B6A,0xFFD5815C,0xFFD37C55,0xFFDA855F,0xFFE98F61,0xFFF2955E,0xFFF59557,0xFFF38E53,
    0xFFFB954D,0xFFFFA457,0xFFE69C63,0xFFDF926B,0xFFE8956E,0xFFEE945D,0xFFFCA153,0xFFFDA154,
    0xFFF6964B,0xFFFEA64D,0xFFFFAE64,0xFFE59965,0xFFBD866E,0xFFA37B73,0xFF9A7773,0xFF94726D,
    0xFF8E6963,0xFF936A65,0xFF966C64,0xFF976B60,0xFF9F6E63,0xFFA16E63,0xFF936961,0xFF835E59,
    0xFF7B5A59,0xFF755858,0xFF715755,0xFF775B59,0xFF7C5D5D,0xFF7B5C5C,0xFF795C5D,0xFF7B5E5F,
    0xFF7A5D5E,0xFF785C5E,0xFF785D60,0xFF775C5E,0xFF765B5E,0xFF755C5C,0xFF79605F,0xFF7E6665,
    0xFF7C6363,0xFF7D6363,0xFF7E6363,0xFF7F6464,0xFF7B6161,0xFF72595B,0xFF6F5659,0xFF6E5456,
    0xFF6C5356,0xFF6B5256,0xFF6B5256,0xFF6B5256,0xFF6C5255,0xFF6E5355,0xFF6E5456,0xFF6F5457,
    0xFF735655,0xFF785A58,0xFF7D5C5A,0xFF7D5959,0xFF7A5657,0xFF775456,0xFF765354,0xFF745153,
    0xFF735253,0xFF715151,0xFF705050,0xFF6F4F4F,0xFF6F4F4F,0xFF6F4F4F,0xFF6E4E4F,0xFF704F4F,
    0xFF744F4F,0xFF77504E,0xFF7B524F,0xFF7C554F,0xFF805750,0xFF8B5A52,0xFF925A54,0xFF9A5E51,
    0xFFA86957,0xFFAE684A,0xFFDA885D,0xFFEC9369,0xFFCE7F5F,0xFFD38565,0xFFDC875F,0xFFDE8B60,
    0xFFE4916C,0xFFD08768,0xFFCC8D6F,0xFFC38A70,0xFFB98373,0xFFB48475,0xFFB58572,0xFFB68370,
    0xFFB5826F,0xFFB4816F,0xFFC08875,0xFFB97D69,0xFFB97B65,0xFFC08068,0xFFC88267,0xFFCE8466,
    0xFFD38866,0xFFD48762,0xFFD38361,0xFFD08260,0xFFD28763,0xFFD38A67,0xFFCF8A6D,0xFFCC876C,
    0xFFE0956D,0xFFED9F6F,0xFFEFA16B,0xFFFBA96A,0xFFF09F66,0xFFEC9B6B,0xFFD68A60,0xFFCC8A6B,
    0xFFBD856E,0xFFAF8472,0xFFBB9587,0xFFB69389,0xFFA6867E,0xFF937972,0xFF8A736F,0xFF7D6769,
    0xFF776366,0xFF736062,0xFF756163,0xFF816E70,0xFF8B7777,0xFF8E7672,0xFF8B716D,0xFF857271,
    0xFF867778,0xFF877778,0xFF8A7A7B,0xFF928182,0xFF9B8C8C,0xFFA29593,0xFF998C8B,0xFF8C7F7E,
    0xFF5C5F70,0xFF595C6D,0xFF5B5F70,0xFF5D6071,0xFF5E606F,0xFF5E6170,0xFF606271,0xFF626575,
    0xFF5F6374,0xFF5C5F70,0xFF606374,0xFF636675,0xFF626572,0xFF626472,0xFF616372,0xFF5E6171,
    0xFF5F6273,0xFF5F6272,0xFF5C5F6F,0xFF5E6171,0xFF5E6171,0xFF5E6172,0xFF5F6273,0xFF5F6275,
    0xFF5F6274,0xFF626477,0xFF626577,0xFF626778,0xFF6A6F7F,0xFF727888,0xFF727989,0xFF788190,
    0xFF7F8897,0xFF757E8D,0xFF737E8C,0xFF768290,0xFF65717F,0xFF55616F,0xFF545F6F,0xFF5A6576,
    0xFF657080,0xFF667181,0xFF5F6A7D,0xFF606B7D,0xFF606B7D,0xFF667284,0xFF626F80,0xFF5F6C7D,
    0xFF5C697A,0xFF4F5D6F,0xFF4B5A6E,0xFF4B5A6D,0xFF4C5B6E,0xFF4E5D70,0xFF4F5E71,0xFF4E5C6F,
    0xFF4A596C,0xFF47576C,0xFF44546A,0xFF425268,0xFF405067,0xFF3F5166,0xFF3F5166,0xFF3D4F65,
    0xFF3D4F65,0xFF3C4E66,0xFF3C4E66,0xFF3C4E66,0xFF3B4E67,0xFF394D66,0xFF394D66,0xFF394D66,
    0xFF394B65,0xFF3A4B65,0xFF3A4B65,0xFF3A4B65,0xFF384D65,0xFF374D65,0xFF384D65,0xFF394F67,
    0xFF394E67,0xFF3B4F68,0xFF3E526B,0xFF3F536C,0xFF3D516A,0xFF3E526B,0xFF3F536C,0xFF40556E,
    0xFF40576F,0xFF42576F,0xFF455872,0xFF485A72,0xFF4B5C72,0xFF505F73,0xFF576578,0xFF616B7D,
    0xFF727683,0xFF86878F,0xFF898E97,0xFF828D9B,0xFF808C9A,0xFF838E9C,0xFF86909E,0xFF888D97,
    0xFF8D8E96,0xFF8C8B94,0xFF838690,0xFF7F8992,0xFF828994,0xFF767B87,0xFF757783,0xFF7B7B85,
    0xFF7E7D87,0xFF787781,0xFF7B7E8B,0xFF7D808E,0xFF828594,0xFF6B6D7D,0xFF71717F,0xFF787885,
    0xFF6A6A76,0xFF5E5F6C,0xFF5E606F,0xFF585966,0xFF5A5864,0xFF5F5D68,0xFF5F5C66,0xFF69616B,
    0xFF766B74,0xFF7F7276,0xFF7F6E6E,0xFF887172,0xFF8C706E,0xFF8E6F70,0xFF907071,0xFF987776,
    0xFF9D7978,0xFF997270,0xFF916B68,0xFF92665F,0xFFA0665C,0xFFAD6854,0xFFBD694B,0xFFC76B4C,
    0xFFCA6B4A,0xFFDA7145,0xFFE47945,0xFFF78C45,0xFFFC9339,0xFFFC9C34,0xFFFEAB3C,0xFFF3983A,
    0xFFFCA149,0xFFF99F40,0xFFF79C4C,0xFFFCAB57,0xFFF89F56,0xFFE48E5B,0xFFC9805B,0xFFC38466,
    0xFFB38472,0xFF9E8076,0xFFA9837A,0xFFA87F7D,0xFFCB887B,0xFFE1947D,0xFFBA836C,0xFFAC7B71,
    0xFFB57764,0xFFDC8761,0xFFDB8964,0xFFD38364,0xFFD88562,0xFFE48E62,0xFFF39B66,0xFFED9863,
    0xFFF9A05A,0xFFFFA763,0xFFE89B76,0xFFE2936E,0xFFF19D72,0xFFF5A161,0xFFFBAA4D,0xFFFEA84C,
    0xFFF79B4C,0xFFFEA752,0xFFF59A50,0xFFEF9658,0xFFD69769,0xFFA9796D,0xFF967172,0xFF906E67,
    0xFF88615A,0xFF91645E,0xFF996C5F,0xFFA27365,0xFFA67467,0xFFA26E63,0xFF956960,0xFF8B655E,
    0xFF805F5D,0xFF765A5A,0xFF745A56,0xFF775B57,0xFF7F5E5C,0xFF805E5E,0xFF7E6060,0xFF806262,
    0xFF7F6161,0xFF7E6060,0xFF7D5F61,0xFF7C5F61,0xFF7D5F61,0xFF7B5F5F,0xFF7A605F,0xFF7E6362,
    0xFF7D6362,0xFF7F6362,0xFF7F6362,0xFF826665,0xFF7F6363,0xFF755B5C,0xFF705657,0xFF6F5556,
    0xFF6E5455,0xFF6C5255,0xFF6C5255,0xFF6C5255,0xFF6D5154,0xFF6F5254,0xFF715456,0xFF725557,
    0xFF745654,0xFF7A5A55,0xFF7F5B58,0xFF7F5957,0xFF7D5656,0xFF7A5455,0xFF795354,0xFF775252,
    0xFF765252,0xFF755151,0xFF755251,0xFF745050,0xFF74504F,0xFF74504F,0xFF73504F,0xFF765150,
    0xFF7A5150,0xFF7D5350,0xFF825650,0xFF875951,0xFF8D5C53,0xFF9A5E57,0xFFA36259,0xFFB26A55,
    0xFFC07557,0xFFCA784D,0xFFF89B65,0xFFE28A62,0xFFCD8061,0xFFDB8A65,0xFFEE9060,0xFFE99263,
    0xFFE09270,0xFFC28771,0xFFBD8F7C,0xFFBD907F,0xFFBE9083,0xFFB98C7B,0xFFB48470,0xFFB88673,
    0xFFBD8B78,0xFFC2907D,0xFFC08A79,0xFFBC8574,0xFFC18A78,0xFFC28977,0xFFC8846B,0xFFCB8365,
    0xFFD08867,0xFFD08868,0xFFD2886C,0xFFD0886C,0xFFD08B6C,0xFFCE8B6B,0xFFCB8A6D,0xFFCF8D72,
    0xFFEFA47D,0xFFE39A6F,0xFFE8A071,0xFFF3A368,0xFFE89B6A,0xFFDD926F,0xFFC9866B,0xFFAE7A68,
    0xFF997267,0xFFA98881,0xFFB99890,0xFFA78980,0xFF967D76,0xFF8A746F,0xFF796563,0xFF766163,
    0xFF756064,0xFF766365,0xFF816E70,0xFF8A7779,0xFF897878,0xFF897874,0xFF8E7A76,0xFF8D7F80,
    0xFF887B7C,0xFF817172,0xFF897A7B,0xFF998A8B,0xFFA09496,0xFF8C8082,0xFF7A6E71,0xFF726668,
    0xFF5F6273,0xFF5B5D6F,0xFF5A5C6E,0xFF5A5D6E,0xFF5A5C6E,0xFF595C6D,0xFF5A5C6E,0xFF5B5E6F,
    0xFF5D6071,0xFF5C5E70,0xFF5B5D6F,0xFF5C5E6F,0xFF5D5F70,0xFF616374,0xFF626475,0xFF626473,
    0xFF626574,0xFF646675,0xFF646675,0xFF636574,0xFF636574,0xFF646675,0xFF646675,0xFF646674,
    0xFF646573,0xFF676675,0xFF6D6A79,0xFF726D7D,0xFF72707F,0xFF727482,0xFF717483,0xFF6D7382,
    0xFF737B8B,0xFF7D8698,0xFF7D8696,0xFF7D8796,0xFF727B8A,0xFF616A79,0xFF5C6273,0xFF5A6070,
    0xFF5B6171,0xFF606778,0xFF5F697D,0xFF5D697C,0xFF5D697C,0xFF647183,0xFF5A6779,0xFF525F71,
    0xFF525F70,0xFF4E5B6F,0xFF4E5A71,0xFF4B576D,0xFF4B586D,0xFF4B596D,0xFF4B5A6D,0xFF4A596C,
    0xFF49586B,0xFF485669,0xFF475467,0xFF475467,0xFF455265,0xFF415064,0xFF415064,0xFF415063,
    0xFF3E4E63,0xFF3B4E66,0xFF3B4E66,0xFF3A4D65,0xFF3B4E65,0xFF3A4E63,0xFF394D63,0xFF3A4E63,
    0xFF384D64,0xFF374D64,0xFF374D64,0xFF374D64,0xFF394C64,0xFF3A4C64,0xFF3A4C64,0xFF3A4C64,
    0xFF394D66,0xFF394D66,0xFF3A4F68,0xFF3D5069,0xFF3F5169,0xFF3F5169,0xFF3F5169,0xFF40526A,
    0xFF42556D,0xFF43556D,0xFF44566E,0xFF475870,0xFF495972,0xFF4B5B73,0xFF506079,0xFF576678,
    0xFF6A6F7E,0xFF84838F,0xFF8C9098,0xFF7D8592,0xFF7E8593,0xFF8C919D,0xFF808694,0xFF807E89,
    0xFFB39C98,0xFFB19C9A,0xFF8C8892,0xFF8B8F9B,0xFF808893,0xFF7A7C8A,0xFF797A8C,0xFF7A7986,
    0xFF837C83,0xFF7D7B84,0xFF7A7A85,0xFF7C7D88,0xFF838592,0xFF767A88,0xFF6E7180,0xFF6A6C79,
    0xFF63636D,0xFF6E6E76,0xFF717480,0xFF62636F,0xFF5F5D6A,0xFF6E6C78,0xFF69666D,0xFF69636A,
    0xFF7D767A,0xFF81777A,0xFF7F7376,0xFF8B797B,0xFF8A7274,0xFF856A6A,0xFF896B6A,0xFF937471,
    0xFF977774,0xFF926E6C,0xFFB27867,0xFFC1795D,0xFFAB664D,0xFFBA6A51,0xFFD47652,0xFFD57147,
    0xFFD97245,0xFFF5844B,0xFFF78641,0xFFFD9442,0xFFFD9F3D,0xFFFDA734,0xFFFFB53F,0xFFFFAB3F,
    0xFFFCA73C,0xFFFFA842,0xFFFFA944,0xFFFDAF60,0xFFE29060,0xFFEF9860,0xFFF79E5F,0xFFEE985F,
    0xFFDF9970,0xFFAE7E6B,0xFFA37E7B,0xFFA8817B,0xFFC68572,0xFFE18B74,0xFFCD8D6E,0xFFC1836B,
    0xFFCB7A5F,0xFFEB8C5A,0xFFEA8E56,0xFFE08656,0xFFDD8862,0xFFD18666,0xFFDA8E6B,0xFFE7956F,
    0xFFF4A368,0xFFF3A968,0xFFDE976F,0xFFE69974,0xFFF2A476,0xFFF4A65F,0xFFFCB14D,0xFFFFB34F,
    0xFFF99F4D,0xFFF99D53,0xFFFBA159,0xFFDD8A54,0xFFC78A68,0xFFA8786A,0xFF916869,0xFF8C6760,
    0xFF87625C,0xFF86615A,0xFF936760,0xFF9F6F68,0xFFA37369,0xFF9F6C61,0xFF93675D,0xFF8B645D,
    0xFF836260,0xFF7B5E5F,0xFF7B5C5A,0xFF7A5C5A,0xFF7B5B5A,0xFF7D5D5B,0xFF82625F,0xFF866663,
    0xFF876764,0xFF846462,0xFF816160,0xFF7F625F,0xFF7E625F,0xFF7E625F,0xFF806461,0xFF816562,
    0xFF7E625F,0xFF7E6261,0xFF7E6362,0xFF7F6362,0xFF7D6160,0xFF765C5D,0xFF715758,0xFF6F5556,
    0xFF6D5354,0xFF6B5353,0xFF6D5253,0xFF705254,0xFF705255,0xFF715356,0xFF745454,0xFF765453,
    0xFF785554,0xFF7C5956,0xFF815A56,0xFF815953,0xFF805857,0xFF7E5556,0xFF7D5454,0xFF7B5253,
    0xFF7A514F,0xFF79514F,0xFF78514E,0xFF79504F,0xFF7B4F4F,0xFF7A504D,0xFF79524C,0xFF7D524B,
    0xFF81524E,0xFF835651,0xFF8B5950,0xFF945D4D,0xFF9E6356,0xFFA96358,0xFFB66A4D,0xFFDC8A55,
    0xFFE49153,0xFFED9C5A,0xFFF9A768,0xFFDB8760,0xFFD88566,0xFFE18B59,0xFFEC8C59,0xFFE38D62,
    0xFFD08D76,0xFFBF8C7D,0xFFBD9381,0xFFB99482,0xFFBD9684,0xFFBE9583,0xFFC09383,0xFFC19282,
    0xFFC79988,0xFFC19282,0xFFB78977,0xFFBF907D,0xFFC49583,0xFFC69885,0xFFC88E72,0xFFCD896D,
    0xFFCC896D,0xFFCC9073,0xFFC9917A,0xFFC58D7B,0xFFC38C78,0xFFCA937B,0xFFCE967C,0xFFD29575,
    0xFFDD9877,0xFFD69168,0xFFF1A96F,0xFFF5A96C,0xFFDC9872,0xFFD08B70,0xFFC0826D,0xFFA17669,
    0xFF99786C,0xFFAB8E86,0xFFA78B85,0xFF9A807C,0xFF88716D,0xFF7B6566,0xFF786264,0xFF766062,
    0xFF776262,0xFF7D6A67,0xFF8D7A77,0xFF95817E,0xFF968481,0xFF928380,0xFF8C7C7C,0xFF857578,
    0xFF7B6B6D,0xFF79686A,0xFF837274,0xFF907E80,0xFF80757C,0xFF70666E,0xFF6C626A,0xFF6C626A,
    0xFF616173,0xFF5F5F71,0xFF5D5D6F,0xFF5D5D6F,0xFF5C5C6E,0xFF5B5B6D,0xFF5B5B6D,0xFF5B5B6D,
    0xFF5B5B6D,0xFF5B5B6D,0xFF5A5B6D,0xFF5A5B6D,0xFF595A6C,0xFF5C5C6E,0xFF5F5F72,0xFF616373,
    0xFF626473,0xFF626473,0xFF626473,0xFF616372,0xFF616372,0xFF626473,0xFF626473,0xFF656774,
    0xFF696976,0xFF6C6B79,0xFF6E6977,0xFF746B78,0xFF77717D,0xFF77737E,0xFF72737F,0xFF707482,
    0xFF676D7C,0xFF6B7486,0xFF757C8D,0xFF788090,0xFF777F8E,0xFF6D7484,0xFF646A7A,0xFF626878,
    0xFF5D6373,0xFF595F70,0xFF5B6477,0xFF5C6577,0xFF5B6476,0xFF697486,0xFF6A7788,0xFF576475,
    0xFF536071,0xFF535F71,0xFF4F5C70,0xFF4D5A6E,0xFF4A566B,0xFF48566A,0xFF49586B,0xFF48576A,
    0xFF475568,0xFF485669,0xFF475467,0xFF475467,0xFF455265,0xFF425164,0xFF425164,0xFF425163,
    0xFF404F63,0xFF3E4F66,0xFF3E4F66,0xFF3D4E65,0xFF3D4E65,0xFF3B4D63,0xFF3A4C62,0xFF3B4D63,
    0xFF394C64,0xFF384C64,0xFF384C64,0xFF384C64,0xFF3A4C64,0xFF3A4C64,0xFF3A4C64,0xFF3A4C64,
    0xFF394D66,0xFF394D66,0xFF384C65,0xFF3B4E67,0xFF3E5068,0xFF3E5068,0xFF3E5068,0xFF3E5068,
    0xFF41536B,0xFF42546C,0xFF43556D,0xFF45566F,0xFF475770,0xFF485871,0xFF4B5B74,0xFF506072,
    0xFF5A6373,0xFF7D7F8E,0xFF9398A2,0xFF858D99,0xFF7E8592,0xFF7E8592,0xFF6A7382,0xFF6A6E7E,
    0xFF7F7174,0xFF95898D,0xFF908E99,0xFF8C8D97,0xFF7F848C,0xFF807D88,0xFF867F8D,0xFF847C86,
    0xFF83787D,0xFF817A7F,0xFF827F87,0xFF8B8993,0xFF8B8B96,0xFF7F828E,0xFF767684,0xFF71717D,
    0xFF74747E,0xFF7A7A83,0xFF797B87,0xFF747581,0xFF6A6875,0xFF726F7B,0xFF78757D,0xFF6C676D,
    0xFF756D73,0xFF7F757B,0xFF82777B,0xFF7D6D71,0xFF7D6A6C,0xFF7D676A,0xFF7E6668,0xFF836869,
    0xFF836767,0xFF89625E,0xFFBE7D62,0xFFF69B67,0xFFF09055,0xFFDD7F4C,0xFFE07A46,0xFFE37B4A,
    0xFFE67E4C,0xFFF98C47,0xFFF88A3D,0xFFF89038,0xFFFD9F3C,0xFFFCA839,0xFFFEB23E,0xFFFEB543,
    0xFFFEAC45,0xFFFEA654,0xFFF7A359,0xFFDE925D,0xFFCC8569,0xFFD3865D,0xFFF39E6C,0xFFEA976B,
    0xFFD59071,0xFFBB897A,0xFFB08B83,0xFFA78579,0xFFAC8573,0xFFB6826C,0xFFBB816B,0xFFD6866F,
    0xFFE38656,0xFFF9904D,0xFFFF984C,0xFFF69240,0xFFF49851,0xFFE69465,0xFFD48566,0xFFE49467,
    0xFFE79967,0xFFF0A374,0xFFEC9F70,0xFFEFA173,0xFFEFA06F,0xFFF5A661,0xFFFDB352,0xFFFFB54D,
    0xFFF9A24F,0xFFF0944E,0xFFFFA562,0xFFEF9A6D,0xFFC7866B,0xFFAF7B67,0xFF9A6E69,0xFF8D6862,
    0xFF8D6861,0xFF89645E,0xFF936963,0xFF996A64,0xFF9E6E65,0xFFA06F64,0xFF9C6E62,0xFF946960,
    0xFF8C655F,0xFF85625E,0xFF82615F,0xFF83615F,0xFF846260,0xFF856461,0xFF886661,0xFF8D6B66,
    0xFF8D6C66,0xFF8D6B66,0xFF896865,0xFF846662,0xFF826560,0xFF816560,0xFF836662,0xFF826561,
    0xFF816460,0xFF806361,0xFF7E615F,0xFF7C5F5D,0xFF7A5D5C,0xFF775B5B,0xFF745858,0xFF715655,
    0xFF705454,0xFF6F5353,0xFF705353,0xFF735354,0xFF735254,0xFF735354,0xFF775454,0xFF795452,
    0xFF7C5754,0xFF7F5854,0xFF825953,0xFF835851,0xFF855956,0xFF835755,0xFF815553,0xFF805452,
    0xFF7F534F,0xFF7E534F,0xFF7E524E,0xFF7D524F,0xFF7E5251,0xFF7E524F,0xFF7F544F,0xFF83554E,
    0xFF865650,0xFF895953,0xFF955D51,0xFFA16352,0xFFA96554,0xFFB86C4D,0xFFDF8D53,0xFFFAAD5B,
    0xFFF7AD53,0xFFFCB45C,0xFFFCB262,0xFFE79261,0xFFDA8664,0xFFE38D5E,0xFFE88D63,0xFFD48866,
    0xFFC48A77,0xFFC4988C,0xFFC29B8A,0xFFC29D89,0xFFC39D89,0xFFC59B89,0xFFC89B8B,0xFFC99B8B,
    0xFFC79989,0xFFB98A7B,0xFFBB8F7D,0xFFBD927E,0xFFC19683,0xFFCA9F8B,0xFFCD9880,0xFFCF937C,
    0xFFC88D76,0xFFC69178,0xFFC3937B,0xFFBE8D7B,0xFFBF8F7B,0xFFC69680,0xFFCA9A86,0xFFC38D75,
    0xFFC4886B,0xFFDF9E73,0xFFFFB879,0xFFEB9B62,0xFFD28865,0xFFD28F78,0xFFC18B79,0xFFA47E73,
    0xFF99796F,0xFF9C7F78,0xFF9C807C,0xFF8E7571,0xFF806866,0xFF836D6F,0xFF7D6769,0xFF7A6466,
    0xFF7C6667,0xFF877471,0xFF968280,0xFF917C7A,0xFF897774,0xFF827272,0xFF7C6C6D,0xFF77676A,
    0xFF74656B,0xFF73656C,0xFF75676D,0xFF716369,0xFF6B5F67,0xFF6C6169,0xFF6E636B,0xFF6F646C,
    0xFF626271,0xFF626171,0xFF605F6F,0xFF605F6F,0xFF605F6F,0xFF5F5E6E,0xFF5E5D6D,0xFF5E5D6D,
    0xFF5D5C6C,0xFF5D5C6C,0xFF5D5C6C,0xFF5C5B6B,0xFF5B5A6A,0xFF5B5A6A,0xFF5C5B6B,0xFF5B5D6C,
    0xFF5C5E6D,0xFF5E606F,0xFF5F6170,0xFF5D5F6E,0xFF5D5F6E,0xFF5E5F6E,0xFF5E616F,0xFF606370,
    0xFF656573,0xFF6A6877,0xFF6E6A77,0xFF746B75,0xFF776F7A,0xFF7C737E,0xFF76737F,0xFF6F727F,
    0xFF666A78,0xFF5A6171,0xFF5C6273,0xFF5F6676,0xFF656C7C,0xFF656C7C,0xFF676D7D,0xFF626878,
    0xFF5B6171,0xFF585F6F,0xFF5C6375,0xFF61697B,0xFF5E6677,0xFF636C7D,0xFF717C8C,0xFF6A7485,
    0xFF626C7D,0xFF656F80,0xFF5F687C,0xFF576174,0xFF535D70,0xFF4B576A,0xFF495669,0xFF4A576A,
    0xFF495669,0xFF495669,0xFF475467,0xFF485568,0xFF465366,0xFF445366,0xFF435265,0xFF425164,
    0xFF415064,0xFF3F5065,0xFF3F4F65,0xFF3E4F64,0xFF3E4E64,0xFF3C4C63,0xFF3B4B62,0xFF3C4C63,
    0xFF3A4C64,0xFF394C64,0xFF394C64,0xFF394C64,0xFF3A4C64,0xFF3A4C64,0xFF3A4C64,0xFF3A4C64,
    0xFF384D64,0xFF394D64,0xFF394E64,0xFF3A4E65,0xFF3C4E66,0xFF3C4E66,0xFF3D4F67,0xFF3D4F67,
    0xFF3E5068,0xFF40526A,0xFF42546C,0xFF44546C,0xFF44556D,0xFF475770,0xFF4A5973,0xFF4B5B71,
    0xFF515E71,0xFF687281,0xFF787F8B,0xFF868C99,0xFF747C8A,0xFF697282,0xFF5C677A,0xFF566377,
    0xFF5C606E,0xFF6B6D7A,0xFF747683,0xFF92929B,0xFF919399,0xFF8B848C,0xFF90828A,0xFF87797E,
    0xFF83787C,0xFF857D80,0xFF837D82,0xFF858087,0xFF8F8C94,0xFF898891,0xFF837F89,0xFF84818B,
    0xFF8A8992,0xFF898B94,0xFF828590,0xFF797985,0xFF6F6E7B,0xFF6B6875,0xFF74717C,0xFF756F78,
    0xFF6E666D,0xFF796F77,0xFF7C727A,0xFF6D6067,0xFF6E5F64,0xFF736167,0xFF746066,0xFF786266,
    0xFF786163,0xFF7D5E61,0xFF966352,0xFFD27D49,0xFFFE984E,0xFFF99249,0xFFF48945,0xFFE98046,
    0xFFDF7945,0xFFE77C41,0xFFEC8044,0xFFF58A45,0xFFFC9A42,0xFFFDA83D,0xFFFCAF3C,0xFFFFC04A,
    0xFFFAAC4B,0xFFE28A54,0xFFD88964,0xFFC77E63,0xFFB8817A,0xFFB57E6D,0xFFC88B71,0xFFC48774,
    0xFFBF8573,0xFFB6887B,0xFFAA867A,0xFFAC877A,0xFFAC8079,0xFF9D7E6D,0xFFA27F6D,0xFFC47F68,
    0xFFE28E5D,0xFFF49353,0xFFF8944A,0xFFFB9341,0xFFFA9440,0xFFF79C51,0xFFEC9A57,0xFFF5A860,
    0xFFE99D6B,0xFFEA9A75,0xFFF4A26A,0xFFF3A46B,0xFFF0A06C,0xFFF4A765,0xFFFCB55A,0xFFFEB74F,
    0xFFFBA855,0xFFF49C56,0xFFF19D5F,0xFFD38B6E,0xFFBE877A,0xFFAE8576,0xFFA37B76,0xFF9B736C,
    0xFF936C65,0xFF8F6861,0xFF936962,0xFF976A64,0xFF9C6D63,0xFFA17165,0xFFA37265,0xFFA17467,
    0xFF996D63,0xFF946A61,0xFF916B66,0xFF916B65,0xFF916B66,0xFF916C67,0xFF906E68,0xFF98756F,
    0xFF98756F,0xFF95716D,0xFF926F6B,0xFF8B6B66,0xFF8A6C67,0xFF8B6D67,0xFF8A6C66,0xFF896A65,
    0xFF886A65,0xFF866865,0xFF826461,0xFF7D5F5C,0xFF7A5C59,0xFF785A59,0xFF775857,0xFF755655,
    0xFF735553,0xFF725452,0xFF745352,0xFF765253,0xFF775253,0xFF785553,0xFF7B5552,0xFF7D5551,
    0xFF815752,0xFF855953,0xFF885A53,0xFF8B5B53,0xFF8B5A54,0xFF885751,0xFF875650,0xFF86554F,
    0xFF85544E,0xFF84534D,0xFF84524C,0xFF83534D,0xFF82534F,0xFF85544E,0xFF89564F,0xFF8D574E,
    0xFF915A51,0xFF955C50,0xFFA3604D,0xFFB06550,0xFFB7694B,0xFFDB8A51,0xFFFEAC54,0xFFFEB84E,
    0xFFFFC054,0xFFFFBE59,0xFFF7AB54,0xFFE08B55,0xFFCC7A58,0xFFD4855D,0xFFD58466,0xFFC3846B,
    0xFFC89785,0xFFC39C8F,0xFFC5A091,0xFFC8A28F,0xFFC89E8C,0xFFCFA292,0xFFD1A393,0xFFCA9D8D,
    0xFFC09382,0xFFBF9181,0xFFC59987,0xFFC69D88,0xFFCAA08C,0xFFCBA08D,0xFFC89682,0xFFCA9783,
    0xFFC18E7A,0xFFC5937E,0xFFBF927B,0xFFC19382,0xFFB78B78,0xFFC09177,0xFFD09679,0xFFDB9B7D,
    0xFFDF9971,0xFFEBA570,0xFFF3A86C,0xFFDD8A58,0xFFCF8566,0xFFBE8472,0xFFA67A6F,0xFF94736C,
    0xFF90726C,0xFF937672,0xFF8D716E,0xFF7F6564,0xFF876F6F,0xFF826C6E,0xFF7B6567,0xFF7E686A,
    0xFF877173,0xFF988484,0xFF917D7D,0xFF836E6F,0xFF7C6969,0xFF786768,0xFF746466,0xFF716066,
    0xFF6D6068,0xFF6A6069,0xFF6B6169,0xFF6B6069,0xFF6C6067,0xFF6D6167,0xFF6D6168,0xFF71656B,
    0xFF63616F,0xFF63616F,0xFF63616F,0xFF63616F,0xFF656371,0xFF646270,0xFF62606E,0xFF62606E,
    0xFF605F6D,0xFF605E6C,0xFF605E6C,0xFF5F5D6B,0xFF5F5D6B,0xFF5F5D6B,0xFF5D5B6A,0xFF595A69,
    0xFF595B6A,0xFF5B5D6C,0xFF5D5F6E,0xFF5C5E6D,0xFF5B5E6D,0xFF5C5E6D,0xFF5C5F6E,0xFF5D606D,
    0xFF5F5F6D,0xFF63606F,0xFF676572,0xFF696672,0xFF6C6773,0xFF746C79,0xFF76727D,0xFF6A6B77,
    0xFF636672,0xFF5C6170,0xFF585D6D,0xFF5A5F6F,0xFF5C6172,0xFF606575,0xFF656B7B,0xFF616777,
    0xFF5C6272,0xFF595F6F,0xFF5E6575,0xFF626979,0xFF626979,0xFF626879,0xFF646C7C,0xFF707887,
    0xFF6A7281,0xFF666F7F,0xFF676F80,0xFF5C6476,0xFF5C6375,0xFF566174,0xFF505B6F,0xFF4D586C,
    0xFF4B576B,0xFF49566A,0xFF485568,0xFF495669,0xFF475467,0xFF445366,0xFF435265,0xFF435265,
    0xFF435265,0xFF415064,0xFF404F64,0xFF404F63,0xFF3F4E64,0xFF3F4E65,0xFF3E4D64,0xFF3D4D64,
    0xFF3D4D65,0xFF3D4D66,0xFF3C4C65,0xFF3C4C65,0xFF3A4C64,0xFF3A4C64,0xFF3A4C64,0xFF3A4C64,
    0xFF384D61,0xFF384D61,0xFF394E62,0xFF394E62,0xFF3B4D65,0xFF3B4D65,0xFF3D4E66,0xFF3C4E66,
    0xFF3D4F67,0xFF3E5068,0xFF3F526A,0xFF41526B,0xFF43526C,0xFF45556E,0xFF475770,0xFF485871,
    0xFF4B5D72,0xFF526373,0xFF636A7A,0xFF808591,0xFF6F7785,0xFF566375,0xFF526276,0xFF4E5E73,
    0xFF4E5E73,0xFF596373,0xFF656975,0xFF767C89,0xFF7F838B,0xFF827C84,0xFF948488,0xFF897B7F,
    0xFF888189,0xFF888187,0xFF847B7E,0xFF82797D,0xFF867F85,0xFF908C93,0xFF8F878F,0xFF8F8A91,
    0xFF87868E,0xFF888B94,0xFF848793,0xFF71717D,0xFF605F6C,0xFF64626F,0xFF6B6774,0xFF6F6874,
    0xFF6B616A,0xFF716771,0xFF756B76,0xFF6A616A,0xFF645C62,0xFF6C5D63,0xFF745E63,0xFF776063,
    0xFF765E60,0xFF775D62,0xFF8C6865,0xFFB27252,0xFFEA8B52,0xFFF58D46,0xFFFE944D,0xFFF18847,
    0xFFDD763E,0xFFE27848,0xFFE57C50,0xFFE97D4A,0xFFF0863A,0xFFFC9F3B,0xFFFFAE3F,0xFFFFC34B,
    0xFFFDBA57,0xFFD2855D,0xFFC77E6A,0xFFCF856C,0xFFBD8577,0xFFBA8875,0xFFB68671,0xFFB1877B,
    0xFFB8897C,0xFFB3877B,0xFFA78178,0xFFA77F76,0xFFC08680,0xFFB6897F,0xFF9F7F6A,0xFFB0775E,
    0xFFD28967,0xFFD98558,0xFFE08048,0xFFF7924E,0xFFFF9948,0xFFFD9B3F,0xFFFDA645,0xFFF9A74C,
    0xFFF4A965,0xFFE49C62,0xFFFBAB65,0xFFF9A868,0xFFF8A871,0xFFF6A96C,0xFFFDB664,0xFFFFBC5B,
    0xFFF7A758,0xFFF9A55C,0xFFF5AA65,0xFFCB8F6F,0xFFB6877F,0xFFAE8A7E,0xFFAA837C,0xFFA27972,
    0xFF966D66,0xFF946B63,0xFF956D65,0xFF966C64,0xFF9C6F65,0xFFA17367,0xFFA6796E,0xFFA3776C,
    0xFF9D7167,0xFF9E7369,0xFFA0776F,0xFF9F766E,0xFF9F766E,0xFF9D756D,0xFF9B776F,0xFFA17C74,
    0xFFA17C74,0xFF9D7871,0xFF9E7873,0xFF997771,0xFF997972,0xFF96766E,0xFF93726C,0xFF93736C,
    0xFF92716A,0xFF8C6B66,0xFF876662,0xFF84635E,0xFF7E5D59,0xFF7C5958,0xFF7B5957,0xFF7A5756,
    0xFF775554,0xFF765553,0xFF785353,0xFF7A5253,0xFF7A5353,0xFF7D5651,0xFF805751,0xFF825851,
    0xFF865852,0xFF8C5A53,0xFF8E5B52,0xFF925D52,0xFF915C52,0xFF8E594F,0xFF8D584E,0xFF8C574D,
    0xFF8B554D,0xFF8B554D,0xFF8A554D,0xFF8B554C,0xFF8D564B,0xFF91574A,0xFF98584A,0xFF9E5B4C,
    0xFFA25E4E,0xFFA65F4B,0xFFBD694C,0xFFCD704E,0xFFD07546,0xFFF09F52,0xFFFFB74F,0xFFFCBA4F,
    0xFFFDB955,0xFFFCB159,0xFFEE9B55,0xFFD88357,0xFFC3785D,0xFFC17D5C,0xFFC07C65,0xFFC08773,
    0xFFC99B88,0xFFC29A8A,0xFFCAA191,0xFFCBA290,0xFFCFA392,0xFFC89989,0xFFC39585,0xFFBD8F7F,
    0xFFBE9080,0xFFCEA090,0xFFCB9D8B,0xFFC39482,0xFFCA9A89,0xFFC29280,0xFFB98573,0xFFC2937F,
    0xFFBD8E7A,0xFFBD8976,0xFFB78974,0xFFB38475,0xFFAE8272,0xFFBD8B6F,0xFFE8A580,0xFFDD9471,
    0xFFE89A66,0xFFF0A366,0xFFE39360,0xFFDB8B63,0xFFC3846B,0xFF9E7164,0xFF8D6C67,0xFF846868,
    0xFF876B68,0xFF8A6D6A,0xFF826664,0xFF7D6364,0xFF7F6669,0xFF786164,0xFF786264,0xFF826C6E,
    0xFF897476,0xFF836F71,0xFF7C686A,0xFF7D696B,0xFF776467,0xFF716163,0xFF6E5D63,0xFF6E5D65,
    0xFF6C5D64,0xFF6C5E64,0xFF6D5F65,0xFF6E6066,0xFF706267,0xFF726369,0xFF73646A,0xFF78696E,
    0xFF63616E,0xFF63616E,0xFF64626F,0xFF64626F,0xFF646270,0xFF656370,0xFF666471,0xFF656370,
    0xFF62606D,0xFF62606E,0xFF64626F,0xFF63616E,0xFF63616E,0xFF63616E,0xFF615F6D,0xFF5E5E6D,
    0xFF5B5D6C,0xFF5A5B6A,0xFF5B5D6C,0xFF5D5E6D,0xFF5D5E6E,0xFF5E5F6F,0xFF5D5E6D,0xFF5D606C,
    0xFF5C5D6B,0xFF5E5D6B,0xFF5E5E6B,0xFF5E616F,0xFF615F6E,0xFF676373,0xFF6F6C79,0xFF70707B,
    0xFF6C6E7A,0xFF666977,0xFF5D6071,0xFF585B6C,0xFF585B6C,0xFF595C6D,0xFF5A6070,0xFF5A6070,
    0xFF5B6070,0xFF5B6171,0xFF616777,0xFF666C7C,0xFF636878,0xFF626878,0xFF616878,0xFF686F7F,
    0xFF6A7180,0xFF666D7D,0xFF6E7587,0xFF666D7F,0xFF606779,0xFF5C6478,0xFF5A6377,0xFF545D71,
    0xFF4F586C,0xFF4B576A,0xFF495669,0xFF495669,0xFF475467,0xFF455467,0xFF445366,0xFF445366,
    0xFF445366,0xFF425164,0xFF415063,0xFF415063,0xFF404F64,0xFF404F66,0xFF3F4E65,0xFF3F4E65,
    0xFF3E4E66,0xFF3E4E66,0xFF3D4D65,0xFF3D4D65,0xFF3B4C63,0xFF3A4C63,0xFF3A4C63,0xFF3A4C63,
    0xFF384D60,0xFF384D60,0xFF394E61,0xFF394E62,0xFF3B4D65,0xFF3B4D65,0xFF3B4D65,0xFF3B4D65,
    0xFF3C4E66,0xFF3D4F67,0xFF3D5067,0xFF3F5068,0xFF405069,0xFF43536B,0xFF45556D,0xFF465670,
    0xFF465A71,0xFF4A5D6F,0xFF575F71,0xFF7A7F8C,0xFF707988,0xFF536175,0xFF4C5D72,0xFF4C5B6E,
    0xFF4B5E76,0xFF535F70,0xFF626774,0xFF5D6779,0xFF666E7A,0xFF73717B,0xFF8C7D83,0xFF91858A,
    0xFF8B8994,0xFF8D8A93,0xFF8E8588,0xFF908688,0xFF8C858A,0xFF8B858C,0xFF998F94,0xFF988F95,
    0xFF7F7E85,0xFF7E828B,0xFF858894,0xFF767783,0xFF5F5E6B,0xFF5D5B67,0xFF625E6C,0xFF67616E,
    0xFF625963,0xFF675E6A,0xFF6D6472,0xFF68616B,0xFF625D64,0xFF6B5C60,0xFF755D60,0xFF7C6263,
    0xFF7D605F,0xFF7E5A56,0xFF865F5B,0xFF9F6554,0xFFD17B55,0xFFE18047,0xFFEE8545,0xFFF08642,
    0xFFEB8440,0xFFE98347,0xFFD77340,0xFFE87C44,0xFFF5863A,0xFFFC9537,0xFFFFA73C,0xFFFDBC45,
    0xFFFAC058,0xFFD29268,0xFFCA8774,0xFFD88E6D,0xFFD08763,0xFFE8A176,0xFFD79A6F,0xFFBC8B71,
    0xFFB08577,0xFFAC8174,0xFFAA8179,0xFFA27E75,0xFFAE7F6D,0xFFBE8077,0xFFC08370,0xFFC98167,
    0xFFC87B61,0xFFD27954,0xFFEA824F,0xFFF59247,0xFFFB9C3D,0xFFFD9B3C,0xFFFEA148,0xFFFCA243,
    0xFFFAAE53,0xFFF6B260,0xFFFCB061,0xFFF3A35C,0xFFF2A369,0xFFF6AB72,0xFFF2AC62,0xFFFAB760,
    0xFFFBAE60,0xFFFAA85C,0xFFFFB765,0xFFE6A06C,0xFFC78D76,0xFFC19079,0xFFB88A7E,0xFFAA7F78,
    0xFF9E736B,0xFF976C64,0xFF966E65,0xFF997168,0xFFA0756A,0xFFA5796D,0xFFA37C74,0xFFA37B73,
    0xFFA57A72,0xFFA77D73,0xFFAB8176,0xFFAB8178,0xFFAB8078,0xFFAA8178,0xFFA8837A,0xFFA68178,
    0xFFA58077,0xFFA57F78,0xFFA37D78,0xFFA17D77,0xFFA28079,0xFF9F7E76,0xFF9C7B74,0xFF997871,
    0xFF93726B,0xFF8E6D67,0xFF896863,0xFF8B6A64,0xFF84635E,0xFF805B5A,0xFF7F5A59,0xFF7E5857,
    0xFF7C5755,0xFF7B5654,0xFF7C5554,0xFF7D5454,0xFF7E5552,0xFF7F564F,0xFF835851,0xFF865950,
    0xFF8B5A51,0xFF915B52,0xFF955D51,0xFF995F53,0xFF995F52,0xFF955C4F,0xFF935B4E,0xFF92594C,
    0xFF90574D,0xFF91574D,0xFF91584E,0xFF93584C,0xFF995947,0xFF9F5A48,0xFFA95D4B,0xFFB1634E,
    0xFFB0624B,0xFFB76549,0xFFD87851,0xFFE47F4D,0xFFE38746,0xFFFCB25A,0xFFFDBF56,0xFFFBB657,
    0xFFF2A551,0xFFF09B58,0xFFE88D5D,0xFFD28260,0xFFBB7762,0xFFBC8366,0xFFBB816E,0xFFC6907F,
    0xFFC99D86,0xFFCBA08C,0xFFCDA08E,0xFFCA9E8C,0xFFC39584,0xFFB78878,0xFFAF8171,0xFFB78979,
    0xFFCD9F8E,0xFFCB9D8D,0xFFBE8C7B,0xFFC69180,0xFFBA8574,0xFFB07A69,0xFFB77F6D,0xFFC0907A,
    0xFFBD8D78,0xFFC6907E,0xFFB78775,0xFFA9796B,0xFFA87768,0xFFB8856C,0xFFC88D6F,0xFFC48265,
    0xFFEEA977,0xFFFAAD75,0xFFE08D63,0xFFC77F60,0xFFA57561,0xFF8D6B62,0xFF866967,0xFF806669,
    0xFF826566,0xFF826463,0xFF7C6060,0xFF7A6062,0xFF796163,0xFF786163,0xFF796365,0xFF7B6567,
    0xFF796365,0xFF786467,0xFF786466,0xFF756063,0xFF705E60,0xFF6E5E61,0xFF6F5D63,0xFF705E67,
    0xFF705E63,0xFF726061,0xFF776466,0xFF7A686A,0xFF796A6E,0xFF77676C,0xFF76666B,0xFF77686C,
    0xFF64606F,0xFF64606F,0xFF64606F,0xFF64606F,0xFF64606F,0xFF656170,0xFF666271,0xFF676370,
    0xFF69636F,0xFF69636F,0xFF68626F,0xFF65616D,0xFF64616D,0xFF64616D,0xFF63606B,0xFF62606D,
    0xFF615F6D,0xFF5E5C6A,0xFF5D5B69,0xFF5D5A6B,0xFF5F5D6D,0xFF605D6E,0xFF605D6E,0xFF5E5F6E,
    0xFF5E5F6E,0xFF5F5F6F,0xFF5D5E6D,0xFF5E5F6E,0xFF5F5F6F,0xFF606070,0xFF626270,0xFF676774,
    0xFF6E6E7C,0xFF71717F,0xFF666A7A,0xFF595F6F,0xFF525868,0xFF545A6A,0xFF545A6A,0xFF545A6A,
    0xFF545A6A,0xFF595F6F,0xFF626576,0xFF676A7B,0xFF656879,0xFF606374,0xFF606475,0xFF626576,
    0xFF646778,0xFF606676,0xFF656E7D,0xFF666F7E,0xFF646D7C,0xFF656C7C,0xFF656A7B,0xFF5C6273,
    0xFF545A6B,0xFF4C5668,0xFF4A5567,0xFF4A5567,0xFF485466,0xFF485566,0xFF465364,0xFF465363,
    0xFF445163,0xFF425164,0xFF425164,0xFF415063,0xFF415063,0xFF404F62,0xFF404F62,0xFF404F62,
    0xFF3E4F62,0xFF3D4F62,0xFF3C4E61,0xFF3C4E61,0xFF3B4D60,0xFF3B4D60,0xFF3C4E61,0xFF3A4C5F,
    0xFF394D62,0xFF394D62,0xFF394D62,0xFF394D62,0xFF394D62,0xFF394D62,0xFF394D62,0xFF3A4D62,
    0xFF3B4D63,0xFF3C4D63,0xFF3D4E65,0xFF3F4F65,0xFF404F66,0xFF415067,0xFF425168,0xFF44546B,
    0xFF46556C,0xFF48576E,0xFF4B596F,0xFF616D80,0xFF687487,0xFF515E71,0xFF4B586C,0xFF4B586B,
    0xFF4C5A6E,0xFF4F5C6F,0xFF576173,0xFF5A6274,0xFF5D6373,0xFF676B79,0xFF817E87,0xFF9D979C,
    0xFF94939A,0xFF91939A,0xFF95959A,0xFF949296,0xFF919299,0xFF8B8D96,0xFF908B90,0xFF9A8D94,
    0xFF91898F,0xFF74767A,0xFF898C95,0xFF80828C,0xFF5A5D66,0xFF595A64,0xFF605D68,0xFF605E69,
    0xFF5A5862,0xFF5D5966,0xFF655E6B,0xFF645A65,0xFF645963,0xFF6B5D62,0xFF776163,0xFF856567,
    0xFF8C6363,0xFF855D5A,0xFF855E5B,0xFF8F5E55,0xFFA66653,0xFFC17050,0xFFDE7847,0xFFFA8C40,
    0xFFFD9A3D,0xFFFD9D4C,0xFFE57E3B,0xFFEB7D41,0xFFFC8F41,0xFFFF9B3C,0xFFFCA33E,0xFFFCB33D,
    0xFFFBBB50,0xFFBF8961,0xFFBC7D6A,0xFFD0856A,0xFFD08467,0xFFE6915F,0xFFFCAC64,0xFFE4A06F,
    0xFFBD8273,0xFFB37E76,0xFFAC7C6D,0xFFB17D74,0xFFAF7969,0xFFB47B6C,0xFFCD8469,0xFFE08A66,
    0xFFD37B5B,0xFFD77A51,0xFFF08C4C,0xFFF8933B,0xFFFA9D39,0xFFFCA642,0xFFFFA946,0xFFFDA744,
    0xFFFBAB48,0xFFFFB259,0xFFFBAF60,0xFFF8B262,0xFFF2AB6B,0xFFE29B67,0xFFDF9960,0xFFF2AB5C,
    0xFFFFB161,0xFFF8A55B,0xFFF6A55D,0xFFF8AA6F,0xFFD38F6A,0xFFC08A72,0xFFB1847C,0xFFA27B71,
    0xFFA37B71,0xFF9B7369,0xFF956D63,0xFF997167,0xFFA37B71,0xFFAB8379,0xFFA58477,0xFFAA877A,
    0xFFAD8678,0xFFAF8577,0xFFAC8677,0xFFAF8A7F,0xFFB38C85,0xFFB18A82,0xFFB08E84,0xFFAD8C83,
    0xFFA88A82,0xFFA98A83,0xFFAB8A83,0xFFA88780,0xFFA2827B,0xFFA07F76,0xFFA17F76,0xFF9E7C74,
    0xFF9F7D74,0xFF93746A,0xFF8A6B62,0xFF8E6C64,0xFF89665E,0xFF825F5A,0xFF805A56,0xFF805755,
    0xFF7F5754,0xFF7C5654,0xFF7D5651,0xFF7F5650,0xFF82564E,0xFF85584E,0xFF885A4E,0xFF8A5B4F,
    0xFF905B50,0xFF9B5C4E,0xFFA5614E,0xFFAB6852,0xFFAA654E,0xFF9F5F4C,0xFF995C4C,0xFF9A5A47,
    0xFF995A49,0xFF9C5C4B,0xFF9E5C4A,0xFFA15E47,0xFFA75F48,0xFFAF5F51,0xFFBB644E,0xFFC66C4D,
    0xFFC36948,0xFFD17646,0xFFE88648,0xFFED9946,0xFFF8BD5B,0xFFFBC25E,0xFFFAB455,0xFFFFAB55,
    0xFFF79F58,0xFFEE9964,0xFFEB996D,0xFFCC8869,0xFFCB8A6A,0xFFC2876C,0xFFB98477,0xFFC18D81,
    0xFFCA9C89,0xFFC69982,0xFFBD8E77,0xFFBD8C73,0xFFB98B74,0xFFC19380,0xFFBD9180,0xFFCBA18F,
    0xFFCC9F8C,0xFFBA8C78,0xFFC3937A,0xFFC7937B,0xFFB67E6A,0xFFB57A68,0xFFB47D69,0xFFB78471,
    0xFFB38170,0xFFBA8B7B,0xFFAF8373,0xFFA77866,0xFFB47E67,0xFFBE8972,0xFFB37F68,0xFFD2916E,
    0xFFF3AC7C,0xFFE0956A,0xFFC47D5E,0xFFAA7361,0xFF936C66,0xFF896B68,0xFF826764,0xFF806363,
    0xFF806365,0xFF7C6162,0xFF7A6061,0xFF7A6061,0xFF7B6263,0xFF796164,0xFF796164,0xFF796063,
    0xFF786164,0xFF766165,0xFF745F63,0xFF725D61,0xFF715C5F,0xFF725D5F,0xFF725E60,0xFF746062,
    0xFF766164,0xFF7A6566,0xFF7B6567,0xFF7B6567,0xFF796365,0xFF786264,0xFF7A6567,0xFF7A6567,
    0xFF666170,0xFF666170,0xFF666170,0xFF666170,0xFF666170,0xFF666170,0xFF666170,0xFF676270,
    0xFF6A6470,0xFF696370,0xFF6A636F,0xFF68636F,0xFF67636E,0xFF67636F,0xFF65626D,0xFF64626F,
    0xFF63616F,0xFF62606E,0xFF605E6C,0xFF5F5B6C,0xFF5F5B6C,0xFF605D6E,0xFF605D6E,0xFF605F6F,
    0xFF626070,0xFF61606F,0xFF605E6E,0xFF5F5D6D,0xFF5E5D6D,0xFF5E5C6C,0xFF5D5C6B,0xFF5F5E6C,
    0xFF62616F,0xFF6B6A78,0xFF6C6F7F,0xFF626677,0xFF5C6070,0xFF595D6E,0xFF585C6C,0xFF595D6D,
    0xFF565A6A,0xFF565A6B,0xFF5A5C6D,0xFF5F6273,0xFF656879,0xFF656879,0xFF626576,0xFF616475,
    0xFF636677,0xFF5F6575,0xFF5B6373,0xFF606777,0xFF616978,0xFF656B7B,0xFF676C7C,0xFF606676,
    0xFF595F6F,0xFF525A6C,0xFF4E5669,0xFF4C5568,0xFF4B5466,0xFF485566,0xFF465364,0xFF465363,
    0xFF445163,0xFF425164,0xFF425164,0xFF415063,0xFF415063,0xFF404F62,0xFF404F62,0xFF404F62,
    0xFF3F4F61,0xFF3E4F61,0xFF3D4E60,0xFF3D4E60,0xFF3C4D5F,0xFF3C4D5F,0xFF3D4E60,0xFF3B4C5F,
    0xFF3A4C62,0xFF3A4C62,0xFF3A4C62,0xFF3A4C62,0xFF3A4C62,0xFF3A4C62,0xFF3A4C62,0xFF3B4C62,
    0xFF3C4C63,0xFF3C4C63,0xFF3D4D64,0xFF3E4D64,0xFF3F4E65,0xFF404F66,0xFF415067,0xFF425168,
    0xFF44536A,0xFF46556C,0xFF48576D,0xFF4E5B6F,0xFF546174,0xFF4B586B,0xFF495568,0xFF475467,
    0xFF485467,0xFF4A576A,0xFF505C6F,0xFF575F71,0xFF565D6E,0xFF5A5F6F,0xFF6D6C78,0xFF918E96,
    0xFF9C9BA2,0xFF95979E,0xFF929298,0xFF959499,0xFF9899A0,0xFF92969E,0xFF8A8A91,0xFF8C858D,
    0xFF898088,0xFF6A666D,0xFF737680,0xFF797B86,0xFF595C67,0xFF565763,0xFF5A5864,0xFF5C5A66,
    0xFF595864,0xFF5B5865,0xFF5F5967,0xFF615965,0xFF625862,0xFF685A61,0xFF725F63,0xFF816467,
    0xFF886464,0xFF856160,0xFF896462,0xFF96665E,0xFF9F6354,0xFFA6614D,0xFFCC704A,0xFFF58E49,
    0xFFFD9A3F,0xFFFC9C41,0xFFF99442,0xFFF08839,0xFFF8963B,0xFFFFAC3F,0xFFFAAC3C,0xFFFEB741,
    0xFFFCB553,0xFFC9865D,0xFFD98C69,0xFFDC8556,0xFFE5915C,0xFFF19853,0xFFFFB358,0xFFE7A35F,
    0xFFC0856C,0xFFB8877F,0xFFAA8074,0xFFA97B75,0xFFB08173,0xFFB88876,0xFFC68262,0xFFD77F4F,
    0xFFE0804A,0xFFE78649,0xFFF08F44,0xFFFB9C40,0xFFFCA741,0xFFFEB34B,0xFFFEB24A,0xFFFEAE49,
    0xFFFCAE4A,0xFFFBB055,0xFFF7AE62,0xFFFDB670,0xFFF5AD69,0xFFF2AB64,0xFFF6B061,0xFFF9B058,
    0xFFF49F50,0xFFF09457,0xFFE99458,0xFFDA8F5D,0xFFD29476,0xFFBB8D76,0xFFAF857C,0xFFA37C72,
    0xFF9E766C,0xFF9E766C,0xFF9B7369,0xFF997166,0xFFA0786E,0xFFAE867C,0xFFAF8A81,0xFFB08C81,
    0xFFB18D80,0xFFB48F80,0xFFB38A7D,0xFFB28A7D,0xFFB89386,0xFFB69287,0xFFB59388,0xFFB5958B,
    0xFFB0928A,0xFFAF928A,0xFFAD9088,0xFFA78B82,0xFFA3867D,0xFF9A7A71,0xFF9B786F,0xFFA48279,
    0xFFA5837A,0xFF97766D,0xFF916F66,0xFF936E66,0xFF8E6860,0xFF87625B,0xFF835C57,0xFF855A56,
    0xFF825854,0xFF805854,0xFF825751,0xFF83574F,0xFF86574F,0xFF8A5850,0xFF8F5A50,0xFF925C50,
    0xFF9D5E53,0xFFAE6250,0xFFBE684E,0xFFBF674E,0xFFB5654A,0xFFAC644D,0xFFA7624E,0xFFA85F49,
    0xFFA75F4A,0xFFA9614A,0xFFAE634B,0xFFB0644A,0xFFB2654C,0xFFB8644D,0xFFC76D48,0xFFDA7847,
    0xFFDD7C44,0xFFED974C,0xFFF9A44A,0xFFFFB758,0xFFFFC767,0xFFF4B356,0xFFFAA752,0xFFFEA55D,
    0xFFEB935C,0xFFE7926A,0xFFDA8965,0xFFC98263,0xFFE39D72,0xFFD29168,0xFFC68D6C,0xFFD79F7C,
    0xFFC89075,0xFFBE8975,0xFFBE8875,0xFFCB947E,0xFFBA8973,0xFFC59B84,0xFFD8AD9A,0xFFD3A592,
    0xFFC49580,0xFFCF9E87,0xFFD5A288,0xFFC69178,0xFFC38A76,0xFFBF8472,0xFFB27B69,0xFFAF7A6A,
    0xFFAA7769,0xFFA57668,0xFFA07465,0xFFAD7E6C,0xFFC08D77,0xFFC38E7A,0xFFBF8875,0xFFDA9878,
    0xFFE29971,0xFFBF7F5F,0xFFA3705B,0xFF966B5D,0xFF8C6A63,0xFF856864,0xFF816461,0xFF7F6260,
    0xFF7F6263,0xFF7C6060,0xFF7B6060,0xFF7D6161,0xFF7C6160,0xFF795F61,0xFF795F61,0xFF795E60,
    0xFF775E60,0xFF755D60,0xFF765E60,0xFF755C60,0xFF765D60,0xFF786061,0xFF7A6263,0xFF7C6465,
    0xFF7E6667,0xFF7E6768,0xFF7D6666,0xFF7C6565,0xFF7E6668,0xFF7F676A,0xFF81686B,0xFF81696B,
    0xFF696370,0xFF696370,0xFF696370,0xFF696370,0xFF696270,0xFF696270,0xFF696270,0xFF6A6370,
    0xFF69636F,0xFF68626E,0xFF6A6470,0xFF6C6572,0xFF6B6571,0xFF6B6470,0xFF6A6370,0xFF686470,
    0xFF666370,0xFF66626F,0xFF66626F,0xFF64606F,0xFF625E6D,0xFF615D6C,0xFF625E6D,0xFF63616F,
    0xFF63616E,0xFF63616F,0xFF62606E,0xFF625F6D,0xFF605E6C,0xFF5F5D6B,0xFF5E5C6A,0xFF5D5C6A,
    0xFF5D5C6A,0xFF5F5E6C,0xFF646574,0xFF696C7B,0xFF686A7A,0xFF626473,0xFF5F6271,0xFF5F6271,
    0xFF5C5F6E,0xFF5A5C6B,0xFF56596A,0xFF575A6B,0xFF595C6D,0xFF5E6172,0xFF5F6273,0xFF5C5F70,
    0xFF5E6172,0xFF5F6475,0xFF5D6474,0xFF5C6373,0xFF5C6373,0xFF5D6373,0xFF636979,0xFF656B7B,
    0xFF5B6171,0xFF565D6F,0xFF51586B,0xFF4F576A,0xFF4D5568,0xFF4A5467,0xFF485265,0xFF495264,
    0xFF465164,0xFF455164,0xFF455164,0xFF445064,0xFF435063,0xFF434F63,0xFF424F62,0xFF424F62,
    0xFF404F62,0xFF404E62,0xFF3F4D61,0xFF3F4D61,0xFF3E4D60,0xFF3E4D60,0xFF3E4D61,0xFF3D4B60,
    0xFF3B4C62,0xFF3B4C62,0xFF3B4B62,0xFF3B4B62,0xFF3B4C63,0xFF3B4C63,0xFF3B4C63,0xFF3C4B63,
    0xFF3D4C63,0xFF3C4C63,0xFF3D4C63,0xFF3E4D64,0xFF3E4D64,0xFF3E4D64,0xFF404E66,0xFF415067,
    0xFF435269,0xFF435269,0xFF45536A,0xFF485569,0xFF4B586A,0xFF485568,0xFF475468,0xFF475467,
    0xFF465366,0xFF485568,0xFF4B586B,0xFF505A6D,0xFF535B6D,0xFF575E6E,0xFF5D606D,0xFF74747F,
    0xFF9B9CA5,0xFF9D9EA4,0xFF98989D,0xFF9B999E,0xFF92939A,0xFF93979F,0xFF7E838B,0xFF74767E,
    0xFF7D7883,0xFF736C78,0xFF636571,0xFF646673,0xFF5B5D6A,0xFF575966,0xFF585865,0xFF585865,
    0xFF575763,0xFF575663,0xFF5A5564,0xFF5E5764,0xFF605764,0xFF635861,0xFF6A5A60,0xFF755E62,
    0xFF7B5F60,0xFF7D5F60,0xFF826061,0xFF92615A,0xFFA26555,0xFFA76455,0xFFC16E4D,0xFFE18043,
    0xFFF69040,0xFFF89439,0xFFFE9E3E,0xFFFC9F3A,0xFFF6A235,0xFFFEBB40,0xFFFEBF3F,0xFFFFBA49,
    0xFFFFB259,0xFFE19560,0xFFF09856,0xFFF99A48,0xFFFFA753,0xFFFFA54C,0xFFFEB149,0xFFF7B359,
    0xFFCE9467,0xFFB2887D,0xFFAD8C84,0xFFAA8581,0xFFAD8A7E,0xFFB08A79,0xFFC78E6F,0xFFEA9967,
    0xFFF4934E,0xFFF99746,0xFFFDA048,0xFFFFA948,0xFFFFB54C,0xFFFFBB51,0xFFFAB44A,0xFFFAB04A,
    0xFFFDB64E,0xFFFEBB5D,0xFFEFAB65,0xFFF0A86E,0xFFF4AB64,0xFFFBB458,0xFFFFBA51,0xFFFFB955,
    0xFFF9A353,0xFFE98850,0xFFF29C63,0xFFDC9867,0xFFC5907B,0xFFBA937D,0xFFB28A7E,0xFFAB8379,
    0xFFA57D73,0xFFA47C72,0xFFA1796F,0xFF9C746A,0xFF9F776D,0xFFAC847A,0xFFB58D87,0xFFB48D83,
    0xFFB38D7E,0xFFB68F7C,0xFFC18F7D,0xFFBC8B75,0xFFB9907C,0xFFB89686,0xFFB69286,0xFFBC998E,
    0xFFB8988E,0xFFB4978D,0xFFAF9488,0xFFA88D81,0xFFA0847A,0xFF9C7C72,0xFF97756C,0xFF9D7A72,
    0xFFA8867D,0xFFA38076,0xFF977268,0xFF956D64,0xFF90675E,0xFF8B6259,0xFF875D55,0xFF895B54,
    0xFF875852,0xFF865852,0xFF875750,0xFF8A584E,0xFF8E5950,0xFF945A52,0xFF985B50,0xFF9C5C4E,
    0xFFAC604F,0xFFCD7355,0xFFDF7C52,0xFFD8704A,0xFFC86C47,0xFFBE6A4A,0xFFBA694C,0xFFBC6848,
    0xFFBC6847,0xFFBF6948,0xFFC16A46,0xFFC76C49,0xFFD16E4C,0xFFD16D43,0xFFE27B3E,0xFFF49145,
    0xFFF5A649,0xFFFEC354,0xFFFFC553,0xFFFBB553,0xFFEB9E4C,0xFFE8984E,0xFFFCA25B,0xFFFDAA66,
    0xFFEC9B63,0xFFE49266,0xFFE19166,0xFFDC955D,0xFFF6B26A,0xFFF3B167,0xFFEDB267,0xFFFCC774,
    0xFFEAAC74,0xFFD39573,0xFFD19880,0xFFCC917F,0xFFC38F7A,0xFFD5AA91,0xFFD0A28C,0xFFC99681,
    0xFFCA957E,0xFFD29C83,0xFFCE967D,0xFFC78E77,0xFFC78E7A,0xFFBB816E,0xFFAE7766,0xFFA87465,
    0xFFA67365,0xFF9F6E62,0xFF9E7163,0xFFB48677,0xFFB58573,0xFFAB796A,0xFFB17869,0xFFCB8B73,
    0xFFCC8A6D,0xFFA87663,0xFF8E6D62,0xFF8A695F,0xFF85665E,0xFF83655E,0xFF81635E,0xFF7F615F,
    0xFF7F6160,0xFF7E605F,0xFF7D605E,0xFF7E615F,0xFF7D605E,0xFF7C5F60,0xFF7C5F60,0xFF7B5D5E,
    0xFF7B5E5F,0xFF7A5F5F,0xFF7B6060,0xFF7C6161,0xFF7F6464,0xFF816666,0xFF826767,0xFF826767,
    0xFF826767,0xFF826968,0xFF836A69,0xFF836A69,0xFF82696B,0xFF82696C,0xFF846A6D,0xFF82696C,
    0xFF6C6470,0xFF6C6470,0xFF6C6470,0xFF6C6470,0xFF6B636F,0xFF6B636F,0xFF6B636F,0xFF6A636F,
    0xFF696470,0xFF6A6470,0xFF69636F,0xFF6A626F,0xFF6D6472,0xFF6E6572,0xFF6D6472,0xFF6C6671,
    0xFF6A6570,0xFF69646F,0xFF6B6671,0xFF696371,0xFF67626F,0xFF67616F,0xFF67616F,0xFF65626F,
    0xFF65626F,0xFF65626F,0xFF65626F,0xFF64616E,0xFF63606D,0xFF635F6C,0xFF62616E,0xFF5F5E6D,
    0xFF5D5C6A,0xFF5D5D6B,0xFF5D5D6B,0xFF626170,0xFF646472,0xFF656573,0xFF676775,0xFF686775,
    0xFF696876,0xFF636372,0xFF5C5F70,0xFF585B6C,0xFF575A6B,0xFF595C6D,0xFF5A5D6E,0xFF585B6C,
    0xFF585B6C,0xFF5C5F70,0xFF5F6474,0xFF5E6374,0xFF5C6172,0xFF5B6071,0xFF5A6070,0xFF5E6474,
    0xFF5B6171,0xFF565D70,0xFF52596C,0xFF50576A,0xFF4E5568,0xFF4D5467,0xFF4B5265,0xFF4C5365,
    0xFF495164,0xFF465165,0xFF465165,0xFF455064,0xFF444F63,0xFF444F63,0xFF434E62,0xFF434E62,
    0xFF424F62,0xFF424F62,0xFF414E61,0xFF414E61,0xFF414E61,0xFF414E61,0xFF414E61,0xFF3F4C60,
    0xFF3D4C63,0xFF3D4C63,0xFF3C4C63,0xFF3C4C63,0xFF3D4C63,0xFF3D4C63,0xFF3D4C63,0xFF3E4C63,
    0xFF3F4B63,0xFF3F4B63,0xFF3F4B63,0xFF3E4C64,0xFF3E4D64,0xFF3E4D64,0xFF3F4E65,0xFF3F4E65,
    0xFF404F66,0xFF415067,0xFF435268,0xFF475467,0xFF485568,0xFF485568,0xFF465366,0xFF465366,
    0xFF475467,0xFF475567,0xFF485468,0xFF4A576B,0xFF4E586B,0xFF535B6D,0xFF575C6D,0xFF686C79,
    0xFF8E909A,0xFFA2A2A8,0xFF929196,0xFF7D7C81,0xFF7F8087,0xFF82858E,0xFF6F717C,0xFF5E636E,
    0xFF5F636E,0xFF6B6976,0xFF656675,0xFF5D5F6E,0xFF5F616F,0xFF595B69,0xFF555665,0xFF545564,
    0xFF535564,0xFF555464,0xFF575464,0xFF5B5665,0xFF5E5765,0xFF605662,0xFF63565F,0xFF6A595F,
    0xFF705B5E,0xFF745A5F,0xFF7C5B60,0xFF90605A,0xFFAA6A58,0xFFBD6E58,0xFFC76E4B,0xFFD5723A,
    0xFFF08641,0xFFF78E3E,0xFFFC9F3B,0xFFFFAC3D,0xFFFDAD3C,0xFFFEBE3F,0xFFFFC842,0xFFFDB953,
    0xFFE49751,0xFFD38C5E,0xFFF6A158,0xFFFDA44D,0xFFFCA74E,0xFFFEAB51,0xFFFEB349,0xFFFFB851,
    0xFFF4B471,0xFFBE9481,0xFFAE9289,0xFFB29189,0xFFAD8E84,0xFFAA8C82,0xFFB68D77,0xFFD3936E,
    0xFFF09D62,0xFFFEA74E,0xFFFCAA47,0xFFFCAC47,0xFFFBB148,0xFFF7B64A,0xFFFBB94E,0xFFF9B54F,
    0xFFFCBA4F,0xFFFDC060,0xFFF4B474,0xFFF3B377,0xFFFAB968,0xFFFDBA53,0xFFFEBA4B,0xFFFEB750,
    0xFFFAA652,0xFFF59A55,0xFFFDAA5D,0xFFE9A66E,0xFFBB8A7A,0xFFBB9382,0xFFB88F83,0xFFB28A80,
    0xFFB0887E,0xFFAE867C,0xFFA77F75,0xFFA27A70,0xFFA37B71,0xFFAB8379,0xFFB28980,0xFFB88B7E,
    0xFFBC8B78,0xFFBE8871,0xFFD0906F,0xFFDB9B76,0xFFC19075,0xFFB18D7C,0xFFB99385,0xFFBA968A,
    0xFFBA988D,0xFFAF8F84,0xFFAD8C82,0xFFB19086,0xFFB08F85,0xFFA7867D,0xFF9E7C73,0xFF9C7A71,
    0xFFA07E75,0xFFB08A7E,0xFF9F766B,0xFF986C63,0xFF95675E,0xFF8E6156,0xFF8C5E53,0xFF8D5D53,
    0xFF8C5951,0xFF8B5950,0xFF8D584E,0xFF915A4E,0xFF955C4F,0xFF9C5D4E,0xFFA45E4B,0xFFAC614A,
    0xFFBB6548,0xFFDA7948,0xFFE98541,0xFFE88545,0xFFE37F4A,0xFFD47647,0xFFCC7144,0xFFD67748,
    0xFFD57443,0xFFDB7A48,0xFFDB7743,0xFFDD7641,0xFFEB7F45,0xFFEC883E,0xFFF29639,0xFFFCAD42,
    0xFFFDC84D,0xFFFFD95B,0xFFFCC259,0xFFED9A48,0xFFF09958,0xFFE08A56,0xFFE5935A,0xFFF0A364,
    0xFFE79B63,0xFFE79969,0xFFE49663,0xFFF9B971,0xFFFFC068,0xFFFFBF67,0xFFFEC469,0xFFFFD166,
    0xFFF2B170,0xFFCB8966,0xFFBF896F,0xFFBD8675,0xFFC7927D,0xFFC4917B,0xFFC08C74,0xFFC78F78,
    0xFFCB9279,0xFFD0957A,0xFFCD8F77,0xFFBB7D68,0xFFBC816D,0xFFB67D6B,0xFFAC7567,0xFFA26D60,
    0xFF9E6B5F,0xFF9A695F,0xFF9B6D60,0xFF9D6F63,0xFF9B6D60,0xFF9C6E62,0xFFA57164,0xFFB9816F,
    0xFFAE7965,0xFF986F62,0xFF8A6962,0xFF88665F,0xFF86655F,0xFF85645D,0xFF84635C,0xFF82615E,
    0xFF82615F,0xFF81625F,0xFF7F605E,0xFF7F605E,0xFF80615E,0xFF7F5F5F,0xFF7F5F5F,0xFF7F5F5F,
    0xFF816160,0xFF816360,0xFF816361,0xFF846664,0xFF856765,0xFF836564,0xFF836564,0xFF836564,
    0xFF806563,0xFF816665,0xFF816664,0xFF7F6563,0xFF7F6567,0xFF806569,0xFF7F6467,0xFF7D6266,
    0xFF6F6570,0xFF6F6570,0xFF6F6570,0xFF6F6570,0xFF6E646F,0xFF6E646F,0xFF6E646F,0xFF6B636F,
    0xFF68626E,0xFF69636F,0xFF69636F,0xFF69616D,0xFF6B606E,0xFF6D6270,0xFF6E6371,0xFF6C636F,
    0xFF6A636D,0xFF69626D,0xFF6B646F,0xFF6C6571,0xFF6B6370,0xFF69626E,0xFF69626E,0xFF68636F,
    0xFF69646F,0xFF68636F,0xFF68636F,0xFF68636F,0xFF68636F,0xFF68636F,0xFF676470,0xFF646472,
    0xFF636270,0xFF615F6D,0xFF60606D,0xFF5F5E6B,0xFF5E5D6A,0xFF5F5F6B,0xFF62626E,0xFF656571,
    0xFF686774,0xFF666673,0xFF616475,0xFF5E6172,0xFF5A5D6E,0xFF5A5D6E,0xFF5A5D6E,0xFF585B6C,
    0xFF575A6B,0xFF575A6B,0xFF5A5D6E,0xFF5B5E6F,0xFF5B5E6F,0xFF5A5F6F,0xFF575E6E,0xFF565C6C,
    0xFF565C6C,0xFF575D70,0xFF53586C,0xFF51566A,0xFF4F5468,0xFF4D5467,0xFF4B5265,0xFF4C5365,
    0xFF495164,0xFF475065,0xFF475065,0xFF464F64,0xFF454F63,0xFF454E63,0xFF444D62,0xFF444D62,
    0xFF434E62,0xFF434E62,0xFF424D61,0xFF424D61,0xFF424D61,0xFF424D61,0xFF424D61,0xFF404C60,
    0xFF3E4C63,0xFF3D4C63,0xFF3F4D64,0xFF3E4D64,0xFF3D4C63,0xFF3D4C63,0xFF3D4C63,0xFF3E4B63,
    0xFF404A63,0xFF404A63,0xFF404A63,0xFF3F4C64,0xFF3E4D64,0xFF3E4D64,0xFF3F4E65,0xFF3F4E65,
    0xFF404F66,0xFF415067,0xFF425167,0xFF445165,0xFF465366,0xFF485568,0xFF465366,0xFF465366,
    0xFF465366,0xFF465366,0xFF475367,0xFF48556A,0xFF4B5569,0xFF4F586A,0xFF535A6C,0xFF606676,
    0xFF838690,0xFF9FA0A5,0xFF9A999E,0xFF7B7B80,0xFF787A81,0xFF7C7F88,0xFF706D7C,0xFF565B69,
    0xFF535C68,0xFF5B5F6D,0xFF5E606F,0xFF5B5D6D,0xFF5A5C6B,0xFF535565,0xFF525463,0xFF515463,
    0xFF525464,0xFF535464,0xFF565465,0xFF595564,0xFF5C5764,0xFF5F5764,0xFF625762,0xFF65575F,
    0xFF6B5C5F,0xFF70595F,0xFF7A5C60,0xFF8E605A,0xFFAF6C5A,0xFFCE7254,0xFFDB7A4E,0xFFEA8549,
    0xFFF08444,0xFFF58743,0xFFFA993D,0xFFFCA839,0xFFF7A536,0xFFF8B135,0xFFFAC43D,0xFFFCB958,
    0xFFCE865B,0xFFBF7D70,0xFFDC895C,0xFFE18C52,0xFFF7A75B,0xFFF7A957,0xFFF7AD4A,0xFFFEB64C,
    0xFFF3B05D,0xFFBE927A,0xFFB2958D,0xFFB69489,0xFFB4958C,0xFFB09692,0xFFB59589,0xFFC08F7E,
    0xFFD9966F,0xFFF5A750,0xFFFDB54B,0xFFFCB34A,0xFFFDB44A,0xFFFBB94E,0xFFFFBE51,0xFFFEBC54,
    0xFFFDBF53,0xFFFFC769,0xFFECB074,0xFFE3A96D,0xFFF9BF6B,0xFFFFC15C,0xFFFFC157,0xFFFEBB55,
    0xFFF7A94F,0xFFFAA94F,0xFFFFBA54,0xFFEDAA64,0xFFBF8E7C,0xFFC09789,0xFFBE9488,0xFFB89186,
    0xFFB48D82,0xFFB1897F,0xFFAC847A,0xFFAB8479,0xFFAC8379,0xFFAC8379,0xFFAC8476,0xFFBC8C79,
    0xFFCA8D75,0xFFD08A69,0xFFE39964,0xFFEA9F6E,0xFFD69A7C,0xFFAF8678,0xFFB58F80,0xFFB48F81,
    0xFFB69388,0xFFA68278,0xFFA57E74,0xFFA88278,0xFFAE887E,0xFFAD8A81,0xFFA38178,0xFFA27F76,
    0xFF9C7971,0xFFA77E73,0xFFA0756A,0xFF9D6F65,0xFF996A5F,0xFF916255,0xFF916255,0xFF936054,
    0xFF905B50,0xFF935C51,0xFF945B4F,0xFF975C4F,0xFF9B5E4E,0xFFA35E4A,0xFFAD6349,0xFFB96949,
    0xFFCF7249,0xFFE98844,0xFFFAA346,0xFFF5A349,0xFFEF8C45,0xFFE78244,0xFFE68447,0xFFEE8849,
    0xFFF18A49,0xFFEB8441,0xFFEE8340,0xFFEF853E,0xFFF59A41,0xFFFCB246,0xFFF9C246,0xFFFCC848,
    0xFFFFCA49,0xFFF9C44D,0xFFF8A353,0xFFEF8B4E,0xFFE98B58,0xFFDE8863,0xFFD58C5D,0xFFDF9767,
    0xFFD88C65,0xFFDB8D69,0xFFD88B64,0xFFEBAC6F,0xFFFAB76E,0xFFEFA964,0xFFE8AA61,0xFFFDC96D,
    0xFFD69164,0xFFC07C6D,0xFFB07B6C,0xFFB07E6D,0xFFBA8470,0xFFB57B66,0xFFBA7F68,0xFFC98E76,
    0xFFD4977E,0xFFD09275,0xFFC2816A,0xFFB57762,0xFFB07663,0xFFAA7260,0xFFA46E60,0xFF9F6A5E,
    0xFF9B685E,0xFF99685E,0xFF986A5E,0xFF9A6C62,0xFF986C62,0xFF996E64,0xFFA17467,0xFFA37364,
    0xFF976E60,0xFF90695F,0xFF8F665F,0xFF8B655F,0xFF886360,0xFF85645D,0xFF84635B,0xFF84625E,
    0xFF846260,0xFF826260,0xFF80615E,0xFF81625F,0xFF81625F,0xFF835F5F,0xFF835F5F,0xFF846161,
    0xFF856261,0xFF846460,0xFF846360,0xFF846460,0xFF836260,0xFF826260,0xFF826260,0xFF826260,
    0xFF806260,0xFF7E625F,0xFF7F625F,0xFF7F6360,0xFF7E6163,0xFF7C5F63,0xFF7B5E62,0xFF7D6063,
    0xFF736773,0xFF736773,0xFF726672,0xFF706571,0xFF716772,0xFF706671,0xFF6F6570,0xFF6F6570,
    0xFF6E646F,0xFF6D636E,0xFF6D636F,0xFF6C6370,0xFF6B6270,0xFF6A6270,0xFF6A6270,0xFF69616E,
    0xFF69616E,0xFF68606D,0xFF69616E,0xFF6A626F,0xFF6A626F,0xFF6B6370,0xFF6B6370,0xFF6B6370,
    0xFF6C6472,0xFF6B6370,0xFF69626F,0xFF69636F,0xFF69636F,0xFF6B6471,0xFF69636F,0xFF68636F,
    0xFF696471,0xFF68626E,0xFF64626F,0xFF615F6D,0xFF5F5D6B,0xFF5D5B69,0xFF5E5D6A,0xFF605F6C,
    0xFF615F6D,0xFF62616F,0xFF626272,0xFF626372,0xFF606171,0xFF5E606F,0xFF5C5F6F,0xFF5C5E6E,
    0xFF5B5E6D,0xFF585D6C,0xFF595F6F,0xFF595F6F,0xFF585E6E,0xFF595F6F,0xFF596070,0xFF565D6D,
    0xFF545B6B,0xFF575B6E,0xFF56596C,0xFF535669,0xFF515568,0xFF4E5667,0xFF4C5566,0xFF4A5364,
    0xFF485163,0xFF465164,0xFF465164,0xFF465164,0xFF465165,0xFF455066,0xFF444F65,0xFF444F65,
    0xFF434E64,0xFF434E64,0xFF434E64,0xFF434E64,0xFF424D63,0xFF424D63,0xFF424D63,0xFF424D63,
    0xFF424D63,0xFF414D63,0xFF424D63,0xFF414D63,0xFF404C62,0xFF404C62,0xFF404C62,0xFF3F4B61,
    0xFF3E4A60,0xFF3E4A60,0xFF3E4A60,0xFF3F4B61,0xFF404C62,0xFF404C62,0xFF414D63,0xFF424E64,
    0xFF424E64,0xFF424E64,0xFF424E64,0xFF434E64,0xFF455066,0xFF465167,0xFF475268,0xFF475268,
    0xFF465167,0xFF475268,0xFF475267,0xFF475264,0xFF485365,0xFF4C5768,0xFF50596D,0xFF585F71,
    0xFF636A76,0xFF848A90,0xFF999AA2,0xFF8B8B95,0xFF74747E,0xFF6E6E78,0xFF656677,0xFF555869,
    0xFF55596A,0xFF56596A,0xFF555768,0xFF555869,0xFF535666,0xFF4F5262,0xFF4F5263,0xFF4E5162,
    0xFF4E5162,0xFF505263,0xFF525462,0xFF545360,0xFF575460,0xFF5C5561,0xFF605560,0xFF63565F,
    0xFF685A62,0xFF715B61,0xFF7A5D61,0xFF895E59,0xFFA06556,0xFFB96C57,0xFFD77A4B,0xFFF28D44,
    0xFFF99244,0xFFEC803E,0xFFF18742,0xFFFEA13E,0xFFFCA734,0xFFFAB036,0xFFFCC23C,0xFFFFC655,
    0xFFE4A261,0xFFC17C6B,0xFFDC8465,0xFFD9875B,0xFFE69D6C,0xFFE3975A,0xFFF7AB59,0xFFFFBC54,
    0xFFF0AE58,0xFFBD8C71,0xFFB39491,0xFFB19788,0xFFB8968B,0xFFB8978D,0xFFB8968D,0xFFB9958B,
    0xFFC99372,0xFFF2A959,0xFFFFC158,0xFFFEC051,0xFFFFBF56,0xFFFEBE5D,0xFFFDBE50,0xFFFFC153,
    0xFFF9BA5E,0xFFEEB475,0xFFE9B08C,0xFFCE9576,0xFFDFA975,0xFFEFB371,0xFFF9B85C,0xFFFCBB59,
    0xFFFEBB5A,0xFFFDB954,0xFFFDBA54,0xFFFBBE6F,0xFFCB9C7D,0xFFBD9988,0xFFBE9A8A,0xFFB99886,
    0xFFB89785,0xFFB89085,0xFFB68D82,0xFFB2897D,0xFFB1857A,0xFFAA7D72,0xFFA97F6E,0xFFB4836E,
    0xFFD7946C,0xFFF5A561,0xFFFFB869,0xFFEB9E69,0xFFE19976,0xFFB58977,0xFFA68174,0xFFB48E80,
    0xFFB89285,0xFFAF897C,0xFFA98378,0xFFA68077,0xFF9D766F,0xFFA78079,0xFFA07972,0xFF98726B,
    0xFF9C766E,0xFFA47A72,0xFF9A6E66,0xFF9C6E64,0xFF9A6A5E,0xFF936357,0xFF946155,0xFF986054,
    0xFF9A5F50,0xFF9C5E4D,0xFFA15F51,0xFFA55F4C,0xFFA8614B,0xFFBB6348,0xFFB96846,0xFFC36D46,
    0xFFE87E45,0xFFFB9D46,0xFFFFBC47,0xFFFCC549,0xFFF0A13C,0xFFF69C42,0xFFFE9F48,0xFFF68E3B,
    0xFFFAA042,0xFFFAAB44,0xFFF6A23E,0xFFFB9F41,0xFFFAB846,0xFFFFD755,0xFFFFE25B,0xFFFED656,
    0xFFF3AF42,0xFFF59D48,0xFFF99D56,0xFFF09254,0xFFE98A5C,0xFFDE8965,0xFFD2875E,0xFFD48964,
    0xFFD28861,0xFFD08B65,0xFFCA8769,0xFFD59470,0xFFE09F73,0xFFDB9567,0xFFEDA871,0xFFF1AE6E,
    0xFFC48060,0xFFB8786A,0xFFB07566,0xFFAD7563,0xFFAD7462,0xFFAC7260,0xFFAF735F,0xFFB47761,
    0xFFBE816C,0xFFB67963,0xFFB07460,0xFFAB705F,0xFFA66D5D,0xFFA36B5D,0xFFA1695B,0xFF9F695B,
    0xFF9D6A5A,0xFF9D6C5D,0xFFA06F63,0xFF9E6D62,0xFF9B6B60,0xFFA07064,0xFFA17366,0xFF986C60,
    0xFF93695F,0xFF916861,0xFF8F6661,0xFF8D645F,0xFF8C635E,0xFF89625E,0xFF88625E,0xFF87615D,
    0xFF87615E,0xFF85615D,0xFF84615C,0xFF85615D,0xFF84615D,0xFF82605E,0xFF82605E,0xFF84615F,
    0xFF83615F,0xFF816260,0xFF816260,0xFF80615F,0xFF80615F,0xFF7F605E,0xFF7F605E,0xFF7F605E,
    0xFF7E5F5F,0xFF7E5E5F,0xFF7F5F60,0xFF7F6060,0xFF7D605F,0xFF7C6060,0xFF7C6060,0xFF7D6060,
    0xFF766A74,0xFF766A74,0xFF756873,0xFF736771,0xFF736872,0xFF736872,0xFF726771,0xFF726771,
    0xFF726671,0xFF70656F,0xFF70656F,0xFF6F6570,0xFF6E6570,0xFF6D646F,0xFF6C626E,0xFF6D646F,
    0xFF6D646F,0xFF6C626E,0xFF6B626D,0xFF6B616D,0xFF6B616D,0xFF6B626D,0xFF6B626D,0xFF6A616C,
    0xFF6C636E,0xFF6D646F,0xFF6D6470,0xFF6B6471,0xFF6B6370,0xFF6B6470,0xFF6B6470,0xFF6A6470,
    0xFF69636F,0xFF69636F,0xFF686471,0xFF646270,0xFF615F6D,0xFF5F5D6B,0xFF5E5C6A,0xFF5D5B69,
    0xFF5E5C6A,0xFF5F5D6B,0xFF5F5E6E,0xFF5F5E6E,0xFF615F6F,0xFF616070,0xFF5F6170,0xFF5E606E,
    0xFF5D5F6D,0xFF5B5E6E,0xFF595D6E,0xFF585C6C,0xFF585C6C,0xFF575D6D,0xFF575D6D,0xFF565D6D,
    0xFF545B6B,0xFF565A6C,0xFF56596C,0xFF55586B,0xFF53576A,0xFF51586A,0xFF4F5668,0xFF4B5364,
    0xFF4A5263,0xFF495264,0xFF485164,0xFF475063,0xFF475063,0xFF464F65,0xFF464F64,0xFF464F64,
    0xFF464F64,0xFF464F64,0xFF454E63,0xFF444D63,0xFF454E63,0xFF454E63,0xFF434C62,0xFF434C62,
    0xFF434C62,0xFF434C62,0xFF434C62,0xFF434C62,0xFF404D61,0xFF404D61,0xFF404D61,0xFF404D61,
    0xFF3F4C60,0xFF3F4C60,0xFF3F4C60,0xFF404D61,0xFF404D61,0xFF404D61,0xFF414E62,0xFF424F63,
    0xFF424F63,0xFF424E62,0xFF424E62,0xFF444D63,0xFF464F65,0xFF444D63,0xFF464F65,0xFF485167,
    0xFF495167,0xFF495167,0xFF485165,0xFF475062,0xFF485163,0xFF4A5366,0xFF50586C,0xFF555C6E,
    0xFF555C6A,0xFF666B75,0xFF878893,0xFF7C7C88,0xFF71717D,0xFF646570,0xFF5F6172,0xFF585B6C,
    0xFF56596A,0xFF56596A,0xFF525566,0xFF515465,0xFF505364,0xFF4E5162,0xFF4D5061,0xFF4C4F60,
    0xFF4C4F60,0xFF4D5061,0xFF4F5260,0xFF51515E,0xFF52515D,0xFF57525E,0xFF5C525F,0xFF5F545E,
    0xFF62565F,0xFF6A565D,0xFF755C61,0xFF855F5D,0xFF986456,0xFFA6644D,0xFFC26A4D,0xFFF38C4E,
    0xFFFF9840,0xFFF0893F,0xFFF08841,0xFFFB9C45,0xFFFEAB42,0xFFFDB83C,0xFFFFC742,0xFFFFC754,
    0xFFFCC059,0xFFD8985A,0xFFE5905E,0xFFE99166,0xFFC28174,0xFFC98A71,0xFFECA76F,0xFFF1AB56,
    0xFFFCB36A,0xFFDBA47A,0xFFB89485,0xFFB4988F,0xFFB7988D,0xFFBB9B90,0xFFB7998D,0xFFB8958A,
    0xFFD29D80,0xFFF4AD6F,0xFFF1AD60,0xFFFDBF6B,0xFFF3B264,0xFFEFAD65,0xFFFBBA68,0xFFF2B669,
    0xFFEAB176,0xFFD19D74,0xFFD2A188,0xFFCF9F8E,0xFFCA9985,0xFFD59A78,0xFFF4B363,0xFFFAB553,
    0xFFFEBC56,0xFFFEBA68,0xFFF1AB6E,0xFFE7AB7B,0xFFCC9884,0xFFC09385,0xFFC59B8A,0xFFC09A8A,
    0xFFBB988A,0xFFC1988C,0xFFBC9385,0xFFB88F81,0xFFB98D81,0xFFB18477,0xFFA87B6E,0xFFA77565,
    0xFFC38260,0xFFF4A66B,0xFFF6B271,0xFFDF986B,0xFFE39E79,0xFFBD907A,0xFFAD8779,0xFFB89183,
    0xFFB99384,0xFFB68F81,0xFFB0887D,0xFFA98279,0xFF9C746D,0xFF936B65,0xFF926963,0xFF8D655F,
    0xFF906862,0xFF9D716B,0xFF986A64,0xFF96675D,0xFF96665A,0xFF936255,0xFF986355,0xFF9B6154,
    0xFF9D6151,0xFFA56452,0xFFB06552,0xFFBE6A4C,0xFFC97149,0xFFE07E4A,0xFFD87C47,0xFFD27240,
    0xFFF17D3D,0xFFFCA142,0xFFFBC043,0xFFFDC444,0xFFF8B440,0xFFFFB748,0xFFFBAD42,0xFFF39D36,
    0xFFFAB441,0xFFFECC4A,0xFFFBCD49,0xFFFFCC4F,0xFFFFD756,0xFFFDDB56,0xFFFDDB5B,0xFFFFCE5D,
    0xFFF2A24A,0xFFF08F4C,0xFFF08F52,0xFFF09156,0xFFE78857,0xFFDA845A,0xFFCF8258,0xFFD78B66,
    0xFFDD936E,0xFFD5916C,0xFFCB896C,0xFFDD9D7F,0xFFE8A886,0xFFD99871,0xFFE6A375,0xFFECA674,
    0xFFCD886B,0xFFB87761,0xFFB4765E,0xFFB17461,0xFFB37562,0xFFB27462,0xFFB0735E,0xFFB1735C,
    0xFFAF725C,0xFFAE715B,0xFFAD705C,0xFFA96D5B,0xFFA66D5C,0xFFA46C5E,0xFFA46B5C,0xFFA56D5D,
    0xFFA67160,0xFFA77464,0xFFA27063,0xFF9F6D60,0xFFA47265,0xFFA47265,0xFF9F6F60,0xFF9B6C60,
    0xFF95695F,0xFF93675F,0xFF90665F,0xFF8E645D,0xFF8D635C,0xFF8C625D,0xFF8C635E,0xFF8A625D,
    0xFF8A625D,0xFF89625C,0xFF88625C,0xFF88625C,0xFF88625C,0xFF85615E,0xFF85615E,0xFF84605D,
    0xFF84605D,0xFF82615F,0xFF82615F,0xFF83615F,0xFF83615F,0xFF82605E,0xFF82615F,0xFF82605E,
    0xFF826160,0xFF836160,0xFF826060,0xFF826060,0xFF80605F,0xFF80615F,0xFF826362,0xFF836362,
    0xFF786A74,0xFF786A74,0xFF786973,0xFF776872,0xFF756872,0xFF746771,0xFF746771,0xFF746771,
    0xFF736670,0xFF73666F,0xFF73666F,0xFF726670,0xFF726771,0xFF716670,0xFF706570,0xFF70656F,
    0xFF70656F,0xFF70656F,0xFF6F646E,0xFF6E636E,0xFF6E636E,0xFF6D626C,0xFF6C616B,0xFF6B606A,
    0xFF6B606A,0xFF6C616B,0xFF6C616D,0xFF6B626F,0xFF6C6270,0xFF6B616F,0xFF6A626F,0xFF6B6571,
    0xFF6B6571,0xFF6B6571,0xFF696571,0xFF686471,0xFF686471,0xFF66636F,0xFF635F6C,0xFF605C69,
    0xFF5F5C69,0xFF5F5C69,0xFF5E5C69,0xFF5E5C69,0xFF5E5C69,0xFF5F5E6B,0xFF605F6C,0xFF5E5E6B,
    0xFF5E5D6A,0xFF5C5C6A,0xFF5A5C6B,0xFF585B6A,0xFF575A68,0xFF565969,0xFF545869,0xFF545969,
    0xFF535868,0xFF54576A,0xFF55576A,0xFF525568,0xFF505467,0xFF505668,0xFF4F5568,0xFF4E5466,
    0xFF4C5264,0xFF4B5264,0xFF4A5263,0xFF495162,0xFF495062,0xFF474F63,0xFF474E62,0xFF464E61,
    0xFF474E62,0xFF474F62,0xFF464E61,0xFF464D61,0xFF474E62,0xFF474E62,0xFF454D60,0xFF454D60,
    0xFF454C60,0xFF454C60,0xFF454C60,0xFF444C60,0xFF424B5F,0xFF424B5F,0xFF424C5F,0xFF424C5F,
    0xFF424C5F,0xFF424C5F,0xFF424C5F,0xFF424C5F,0xFF424C5F,0xFF424C5F,0xFF434D60,0xFF444E61,
    0xFF444E61,0xFF454F62,0xFF454F62,0xFF474E62,0xFF484F63,0xFF484F63,0xFF485064,0xFF4A5165,
    0xFF4A5165,0xFF495064,0xFF485064,0xFF474F62,0xFF474F62,0xFF4A5164,0xFF4C5466,0xFF4F5769,
    0xFF53596A,0xFF595D6B,0xFF717481,0xFF717480,0xFF737682,0xFF656874,0xFF595C6C,0xFF575A6B,
    0xFF555869,0xFF555869,0xFF535667,0xFF4F5263,0xFF4E5162,0xFF4D5061,0xFF4A4D5E,0xFF4B4E5F,
    0xFF4A4E5F,0xFF4A4D60,0xFF4B4F60,0xFF4F515F,0xFF51515E,0xFF53515E,0xFF57525F,0xFF5A535D,
    0xFF5D545D,0xFF63545C,0xFF6C5960,0xFF7A5C5E,0xFF90645B,0xFFA26A55,0xFFAF6359,0xFFDC7B50,
    0xFFFE9941,0xFFF89837,0xFFF99937,0xFFFCA340,0xFFFEB348,0xFFFFC048,0xFFFBC04B,0xFFEEB24C,
    0xFFFEC067,0xFFD99A67,0xFFE19261,0xFFF5A172,0xFFBB897D,0xFFBC8F88,0xFFC78F7E,0xFFC48466,
    0xFFE9A171,0xFFF2B887,0xFFC0977C,0xFFB79691,0xFFB89B8D,0xFFBC9F90,0xFFB79B8C,0xFFB89687,
    0xFFD5A18B,0xFFE9AA84,0xFFD5976E,0xFFE6AA7C,0xFFDFA074,0xFFDE9F76,0xFFEBAC7D,0xFFD19B77,
    0xFFCF9F84,0xFFCDA08A,0xFFCAA18F,0xFFCAA58F,0xFFC99F92,0xFFCD9980,0xFFF3B86F,0xFFFDB864,
    0xFFFCBA60,0xFFEAA46A,0xFFDD9875,0xFFD4986A,0xFFD69B73,0xFFDDA576,0xFFD59F78,0xFFC29280,
    0xFFBB9289,0xFFC2998A,0xFFBD9583,0xFFB18779,0xFFBD9183,0xFFBC8E81,0xFFB3847A,0xFFB07F71,
    0xFFB3775E,0xFFD28A63,0xFFD7966B,0xFFC38564,0xFFD99C77,0xFFC49880,0xFFAE8677,0xFFB99181,
    0xFFB58D7D,0xFFB08878,0xFFAB8275,0xFFA77D73,0xFFA17870,0xFF946A63,0xFF8D645B,0xFF8D635B,
    0xFF8A6058,0xFF91645E,0xFF95665F,0xFF94635A,0xFF946257,0xFF946254,0xFF996254,0xFF9B6050,
    0xFFA06150,0xFFAC6755,0xFFBA674D,0xFFDA7A51,0xFFEE884B,0xFFFC9F47,0xFFF99C48,0xFFE6803A,
    0xFFF78736,0xFFFAA63D,0xFFFECC4D,0xFFFDC342,0xFFF7AE33,0xFFFAAF35,0xFFFCB23B,0xFFFBAF3B,
    0xFFFDBB3D,0xFFFDD549,0xFFFEE253,0xFFFDD952,0xFFF7CC4C,0xFFF5C146,0xFFFCBE52,0xFFF8AC54,
    0xFFEE924D,0xFFED874F,0xFFE9814D,0xFFEE8B56,0xFFE38552,0xFFE28A5B,0xFFE79667,0xFFE69972,
    0xFFD58B69,0xFFC57F60,0xFFD29074,0xFFD9987D,0xFFD59678,0xFFCD8E6E,0xFFD1906D,0xFFD7906E,
    0xFFCB856A,0xFFC38063,0xFFC68466,0xFFBF7C66,0xFFBA7861,0xFFC07D66,0xFFBD7C65,0xFFB77860,
    0xFFB77860,0xFFB6775E,0xFFB2735E,0xFFAF715E,0xFFAB705E,0xFFA86F5F,0xFFA96F5F,0xFFAD7463,
    0xFFAD7665,0xFFA4705F,0xFFA26D60,0xFFA57164,0xFFA57163,0xFFA36F61,0xFFA26E60,0xFF9C6B5D,
    0xFF97675C,0xFF95665C,0xFF93655C,0xFF91645A,0xFF91635A,0xFF90635B,0xFF8F635C,0xFF8E625B,
    0xFF8E625B,0xFF8C625A,0xFF8B625A,0xFF8B6259,0xFF8B615A,0xFF89625B,0xFF89615B,0xFF89615B,
    0xFF88615B,0xFF87615C,0xFF87615C,0xFF87615C,0xFF87615C,0xFF87615C,0xFF87615B,0xFF87615C,
    0xFF87605D,0xFF87605E,0xFF87605E,0xFF87615F,0xFF886260,0xFF886260,0xFF886361,0xFF896461,
    0xFF7C6B73,0xFF7C6B73,0xFF7A6972,0xFF7A6972,0xFF796B72,0xFF776870,0xFF776870,0xFF776870,
    0xFF76676F,0xFF76676F,0xFF76686F,0xFF746770,0xFF736670,0xFF72656F,0xFF72656F,0xFF72666F,
    0xFF72656F,0xFF72656F,0xFF72656F,0xFF72656F,0xFF72656F,0xFF71656E,0xFF70646D,0xFF6F636D,
    0xFF6E626C,0xFF6E616B,0xFF6B5F6A,0xFF6A5F6E,0xFF6B606E,0xFF6A5E6C,0xFF675F6C,0xFF66616D,
    0xFF68626E,0xFF68626E,0xFF67626D,0xFF69636E,0xFF6B6671,0xFF6B6671,0xFF69646F,0xFF67626D,
    0xFF66616C,0xFF645F6A,0xFF63606D,0xFF635F6C,0xFF615D6A,0xFF605E6A,0xFF605E6A,0xFF605F6B,
    0xFF605F6B,0xFF5F5E6B,0xFF5E5E6C,0xFF5D5D6B,0xFF5C5B69,0xFF595A6A,0xFF57586B,0xFF555669,
    0xFF555769,0xFF535568,0xFF525568,0xFF525568,0xFF515467,0xFF515568,0xFF515568,0xFF515568,
    0xFF4F5466,0xFF4D5364,0xFF4D5364,0xFF4C5363,0xFF4B5163,0xFF4A5063,0xFF484F61,0xFF494F61,
    0xFF494F61,0xFF494F61,0xFF484E60,0xFF484E60,0xFF484E61,0xFF484E61,0xFF494F62,0xFF494F62,
    0xFF474D60,0xFF474D60,0xFF474D60,0xFF464D60,0xFF454D5E,0xFF454D5E,0xFF454D5E,0xFF454D5E,
    0xFF454D5F,0xFF454D5F,0xFF444C5E,0xFF444C5E,0xFF444C5E,0xFF454D5F,0xFF454D5F,0xFF454E5F,
    0xFF454E5F,0xFF474F61,0xFF474F61,0xFF494F61,0xFF484F61,0xFF495062,0xFF495062,0xFF4B5163,
    0xFF4B5264,0xFF4A5063,0xFF495062,0xFF484F62,0xFF494F62,0xFF4A5164,0xFF4A5264,0xFF4B5365,
    0xFF4F5568,0xFF525568,0xFF5B5E6E,0xFF606572,0xFF6B707E,0xFF676B7A,0xFF575A6A,0xFF535667,
    0xFF525566,0xFF505364,0xFF505364,0xFF4D5061,0xFF4C4F60,0xFF4B4D5E,0xFF494C5D,0xFF494C5D,
    0xFF494C5D,0xFF484C5E,0xFF484D60,0xFF4C4F5F,0xFF4E4F5E,0xFF4F505D,0xFF52515E,0xFF54525D,
    0xFF58525C,0xFF5E525B,0xFF62555F,0xFF6F595E,0xFF82605C,0xFF996A5F,0xFFA16662,0xFFB6674E,
    0xFFE78B4A,0xFFFFA440,0xFFFFA736,0xFFFFAE36,0xFFFFBB4A,0xFFF4AF44,0xFFF6AC52,0xFFDB924F,
    0xFFD89162,0xFFBE8375,0xFFC98C6D,0xFFDD9E75,0xFFB38D76,0xFFB08D82,0xFFB68B8C,0xFFB88B8A,
    0xFFBF8C74,0xFFCD9A7B,0xFFC19882,0xFFBA998D,0xFFBB998A,0xFFBB9A8B,0xFFBB9A8B,0xFFBD9A8C,
    0xFFC39788,0xFFCA9882,0xFFC79983,0xFFC89881,0xFFCD9980,0xFFCE9B83,0xFFCF9B82,0xFFCB9D8B,
    0xFFCA9F90,0xFFCAA293,0xFFCAA495,0xFFCCA48D,0xFFCBA388,0xFFCEA086,0xFFD7A270,0xFFDA9E6B,
    0xFFF2B57D,0xFFE09E6A,0xFFD9965E,0xFFF3B063,0xFFFBB763,0xFFFBBA60,0xFFE6AA62,0xFFC38C6A,
    0xFFB6887E,0xFFB58C7C,0xFFBB9580,0xFFB58C7B,0xFFBC9180,0xFFC09282,0xFFBE8D80,0xFFB78775,
    0xFFB68069,0xFFBC7B60,0xFFBC8164,0xFFB48067,0xFFC28A6C,0xFFBE9480,0xFFAC8273,0xFFAB8070,
    0xFFAF8575,0xFFA97F6F,0xFFA47A6A,0xFFA57A6E,0xFF9D7269,0xFF9E736A,0xFF986D63,0xFF90645B,
    0xFF8C6157,0xFF90615B,0xFF92615B,0xFF936058,0xFF956055,0xFF966254,0xFF9C6455,0xFF9D6150,
    0xFFA26150,0xFFAF6551,0xFFC06A4E,0xFFD97648,0xFFF38C45,0xFFFFB340,0xFFF5A633,0xFFF49A38,
    0xFFFEAB40,0xFFFEAF3C,0xFFFDBD41,0xFFFFC342,0xFFFCB539,0xFFF8B136,0xFFFEBE43,0xFFFEC248,
    0xFFFFCA4E,0xFFFDD655,0xFFFAD25B,0xFFF1BE53,0xFFF7C755,0xFFFEB951,0xFFF69D46,0xFFEB8E44,
    0xFFE9894A,0xFFE8844C,0xFFEC864C,0xFFEB8852,0xFFE98A56,0xFFF0975F,0xFFFCA774,0xFFDE9067,
    0xFFC3785A,0xFFC98269,0xFFCC8A6E,0xFFD08C70,0xFFD39073,0xFFC28264,0xFFC28163,0xFFC0795F,
    0xFFBF775C,0xFFC57D60,0xFFC88164,0xFFC27A60,0xFFC37B62,0xFFCB8269,0xFFC58067,0xFFBC7B62,
    0xFFBB7961,0xFFB9775E,0xFFB5745E,0xFFB2735F,0xFFAE725F,0xFFAB705F,0xFFAC6F5E,0xFFAB715E,
    0xFFA7705C,0xFFA6705D,0xFFA46F5F,0xFFA36E5E,0xFFA06C5C,0xFFA06B5B,0xFFA1695B,0xFF9C6759,
    0xFF99665A,0xFF98675C,0xFF97675B,0xFF966659,0xFF966659,0xFF94655A,0xFF93655A,0xFF926459,
    0xFF926459,0xFF906358,0xFF906458,0xFF916459,0xFF906459,0xFF8D6359,0xFF8D6359,0xFF8D6359,
    0xFF8D6359,0xFF8B625A,0xFF8B635A,0xFF8C635B,0xFF8C635B,0xFF8C635B,0xFF8B625A,0xFF8B625A,
    0xFF8A625B,0xFF8A615B,0xFF8B625C,0xFF8C635D,0xFF8D635D,0xFF8E625D,0xFF8E635E,0xFF8E645E,
    0xFF806F76,0xFF806F76,0xFF7F6D74,0xFF7F6D74,0xFF7D6E74,0xFF7B6C73,0xFF7A6A71,0xFF7A6A71,
    0xFF796970,0xFF796970,0xFF796970,0xFF786971,0xFF776A72,0xFF766971,0xFF766971,0xFF756770,
    0xFF756870,0xFF756870,0xFF756870,0xFF756870,0xFF756870,0xFF756870,0xFF74676F,0xFF756870,
    0xFF74676F,0xFF74676F,0xFF72656F,0xFF6F6370,0xFF6E626F,0xFF6D606E,0xFF6A606D,0xFF66606C,
    0xFF665F6C,0xFF67606C,0xFF675F6A,0xFF685F6A,0xFF6A616C,0xFF6B626D,0xFF6A636D,0xFF6A636D,
    0xFF6A636D,0xFF68616C,0xFF67626D,0xFF67626D,0xFF66616D,0xFF65616D,0xFF63616C,0xFF63616C,
    0xFF63606C,0xFF62616C,0xFF61606D,0xFF61606D,0xFF605F6B,0xFF5C5D6C,0xFF5A5A6C,0xFF58596A,
    0xFF57596A,0xFF555769,0xFF545769,0xFF545669,0xFF525567,0xFF525568,0xFF515467,0xFF505366,
    0xFF515567,0xFF505666,0xFF505666,0xFF4F5565,0xFF4E5465,0xFF4E5265,0xFF4C5164,0xFF4C5164,
    0xFF4C5063,0xFF4C5163,0xFF4B5062,0xFF4B5062,0xFF4A4F62,0xFF4A4F62,0xFF4A4F61,0xFF4A4E61,
    0xFF494E61,0xFF4A4E61,0xFF4A4E61,0xFF494E61,0xFF484F61,0xFF484F61,0xFF484F61,0xFF484F61,
    0xFF474E60,0xFF474E60,0xFF464D5F,0xFF464D5F,0xFF464D5F,0xFF474E60,0xFF474E60,0xFF464D5F,
    0xFF464D5F,0xFF464D5F,0xFF464D5F,0xFF494E61,0xFF494E61,0xFF4A4F62,0xFF4A4F62,0xFF4C5164,
    0xFF4E5365,0xFF4D5264,0xFF4A4F62,0xFF484D61,0xFF4A4F63,0xFF4B5064,0xFF4A5163,0xFF4A5263,
    0xFF4D5265,0xFF505368,0xFF515667,0xFF555B69,0xFF5E6472,0xFF606674,0xFF595D6E,0xFF535667,
    0xFF505364,0xFF4E5163,0xFF4C4F60,0xFF4A4D5E,0xFF494D5E,0xFF484C5D,0xFF484B5C,0xFF484B5C,
    0xFF484B5D,0xFF464C5E,0xFF474D60,0xFF494E5F,0xFF4B4D5D,0xFF4C4E5C,0xFF4F505C,0xFF51505C,
    0xFF53515B,0xFF5A515B,0xFF5C525D,0xFF66555E,0xFF74575A,0xFF835958,0xFF8E5F59,0xFFA36557,
    0xFFC0704F,0xFFF2954C,0xFFFEA940,0xFFFDAE38,0xFFFFBC4C,0xFFEFA346,0xFFE7904F,0xFFDF8A67,
    0xFFCF8665,0xFFB78474,0xFFB98A76,0xFFB98E77,0xFFAB887D,0xFFB08E85,0xFFAE8E84,0xFFAA8C7A,
    0xFFAD8F84,0xFFB9938D,0xFFBD9789,0xFFBF9D8A,0xFFBC9485,0xFFC59B8A,0xFFC89E8D,0xFFBF9788,
    0xFFBF9A8B,0xFFC09C8A,0xFFBF9E8E,0xFFC39E8E,0xFFC59B88,0xFFC69D87,0xFFC69D8A,0xFFCEA593,
    0xFFCBA492,0xFFCDA794,0xFFCCA494,0xFFCD9C92,0xFFCCA085,0xFFCC9F8D,0xFFCC9B89,0xFFCE9C86,
    0xFFCA9177,0xFFDFA268,0xFFF9B55D,0xFFFEB152,0xFFFCAD44,0xFFF7B148,0xFFFEC268,0xFFE1A675,
    0xFFBD8C80,0xFFBC9280,0xFFBC9580,0xFFC29988,0xFFC39988,0xFFBE9182,0xFFC29180,0xFFC1937B,
    0xFFBE8C73,0xFFC2866E,0xFFBE876F,0xFFBA8C77,0xFFC28E75,0xFFBD9081,0xFFB08473,0xFFB28775,
    0xFFB08473,0xFFA27666,0xFF9D7061,0xFF9D7064,0xFF996D63,0xFF976B60,0xFF9B6F63,0xFF96695E,
    0xFF8E6257,0xFF8F5F58,0xFF905E59,0xFF925E55,0xFF935D53,0xFF966152,0xFF9E6454,0xFF9F6250,
    0xFFA5624F,0xFFB1644F,0xFFC0684B,0xFFD47346,0xFFEE8E42,0xFFFDC340,0xFFFAC038,0xFFFBB63D,
    0xFFFBC444,0xFFFDB73C,0xFFFAAC31,0xFFFCBF3B,0xFFFFCD4C,0xFFFED053,0xFFFBD357,0xFFF9D55A,
    0xFFFBDC63,0xFFFEE06D,0xFFF5C56B,0xFFF4B96D,0xFFFFD16F,0xFFFAB757,0xFFF2A04D,0xFFF69B54,
    0xFFF2924F,0xFFF19353,0xFFFB9B57,0xFFEC8B51,0xFFEB8E59,0xFFF69C62,0xFFEE9664,0xFFD1825B,
    0xFFC07559,0xFFBE775F,0xFFBD795D,0xFFC37A5B,0xFFCA8163,0xFFCD886A,0xFFC48064,0xFFBF775E,
    0xFFC47C61,0xFFC97F65,0xFFC67B61,0xFFC97E62,0xFFC77D61,0xFFC77B60,0xFFBE785D,0xFFB7765C,
    0xFFB57359,0xFFB47258,0xFFB27059,0xFFAF6F5A,0xFFAC6E5B,0xFFA96C5A,0xFFAB6D5A,0xFFA96D5B,
    0xFFA86E5B,0xFFA76F5B,0xFFA46C5C,0xFFA26B5B,0xFFA16A5B,0xFFA06858,0xFFA16858,0xFFA1695B,
    0xFFA06A5D,0xFF9F6B5E,0xFF9D6A5C,0xFF9B685A,0xFF9A6759,0xFF99665A,0xFF98665A,0xFF976559,
    0xFF976559,0xFF956558,0xFF946558,0xFF946558,0xFF946558,0xFF916559,0xFF916559,0xFF916559,
    0xFF906559,0xFF8F635A,0xFF8F645A,0xFF8F635A,0xFF90645A,0xFF90655B,0xFF8F645B,0xFF8F645A,
    0xFF90655C,0xFF90655D,0xFF91665E,0xFF92675F,0xFF94665F,0xFF94655F,0xFF956660,0xFF956760,
    0xFF887276,0xFF877175,0xFF877275,0xFF867074,0xFF847075,0xFF847075,0xFF836E73,0xFF826D73,
    0xFF816C72,0xFF7F6B70,0xFF7E696E,0xFF7D6A70,0xFF7D6B71,0xFF7D6B71,0xFF7D6B71,0xFF7A6A70,
    0xFF796A70,0xFF78696F,0xFF78696F,0xFF77686E,0xFF77686E,0xFF796A70,0xFF77696E,0xFF77686E,
    0xFF77686E,0xFF77696E,0xFF78696F,0xFF78686F,0xFF76666C,0xFF74656B,0xFF72646D,0xFF6F626D,
    0xFF6D616B,0xFF6D616B,0xFF6C606A,0xFF6C5F69,0xFF6C5F69,0xFF6A5D68,0xFF685F68,0xFF69616A,
    0xFF686069,0xFF686069,0xFF685F6B,0xFF685F6B,0xFF69606B,0xFF69606C,0xFF69606D,0xFF69606D,
    0xFF685F6C,0xFF675F6C,0xFF665F6C,0xFF665F6C,0xFF655E6B,0xFF635D6A,0xFF615D69,0xFF5D5C67,
    0xFF5B5B66,0xFF5A5966,0xFF585865,0xFF595865,0xFF575764,0xFF535566,0xFF525465,0xFF525465,
    0xFF515465,0xFF515567,0xFF515567,0xFF505466,0xFF515366,0xFF525265,0xFF525265,0xFF525265,
    0xFF515162,0xFF505160,0xFF505161,0xFF505161,0xFF4E5161,0xFF4E5161,0xFF4E5161,0xFF4E5161,
    0xFF4E5061,0xFF4E5061,0xFF4E5061,0xFF4E5061,0xFF4B5160,0xFF4B5060,0xFF4A4F5F,0xFF4A4F5F,
    0xFF494E5E,0xFF494E5E,0xFF494E5E,0xFF494F5F,0xFF494F5F,0xFF49505F,0xFF49505F,0xFF494F5F,
    0xFF494F5F,0xFF484F5F,0xFF484F5F,0xFF4A4E60,0xFF4A4E60,0xFF4D5063,0xFF4D5062,0xFF4E5160,
    0xFF4E5161,0xFF4D505F,0xFF4C4F5F,0xFF4D5060,0xFF4D5060,0xFF4D5060,0xFF4D5161,0xFF4E5263,
    0xFF505364,0xFF515566,0xFF555969,0xFF585B6C,0xFF5B5E6E,0xFF5C6070,0xFF585D6F,0xFF52586A,
    0xFF4F5567,0xFF4D5263,0xFF4C515F,0xFF484F5F,0xFF454E5F,0xFF434B5E,0xFF444B5D,0xFF444B5E,
    0xFF454C5F,0xFF464B5D,0xFF484B5C,0xFF484B5C,0xFF494C5D,0xFF4A4D5D,0xFF4D4E5C,0xFF4F4F5B,
    0xFF514F5B,0xFF56505B,0xFF5B525C,0xFF60535D,0xFF68555D,0xFF735558,0xFF805A59,0xFF8E615B,
    0xFF9F665A,0xFFC7794E,0xFFF3A148,0xFFFDB643,0xFFF7B349,0xFFF09B57,0xFFD98152,0xFFC57656,
    0xFFC88266,0xFFBF8165,0xFFB68270,0xFFB1867B,0xFFA78880,0xFFAC8A83,0xFFBC8F7B,0xFFD49F77,
    0xFFB68E7E,0xFFB48D89,0xFFC49572,0xFFD0977C,0xFFC08A70,0xFFD79671,0xFFDB976E,0xFFCE8E69,
    0xFFCC9779,0xFFC39E87,0xFFBE9F91,0xFFBD9A8F,0xFFCB9F8E,0xFFD0A089,0xFFC29882,0xFFC69B8A,
    0xFFC99C8C,0xFFCA9D8D,0xFFBB8E7F,0xFFAF8277,0xFFC09383,0xFFCC9D8C,0xFFC79584,0xFFCA9786,
    0xFFC5917A,0xFFE2A461,0xFFFFB853,0xFFFFAF4B,0xFFF9A63B,0xFFF9B144,0xFFFFC35D,0xFFD49A69,
    0xFFBD8C7D,0xFFC79982,0xFFC59786,0xFFC09486,0xFFBE9584,0xFFBF9788,0xFFC69888,0xFFC4967B,
    0xFFC49275,0xFFCC9276,0xFFCF9278,0xFFC69680,0xFFBF9376,0xFFBD8D7C,0xFFAD7D69,0xFFB2826F,
    0xFFAF806C,0xFFA77566,0xFFA57368,0xFF9A6C62,0xFF946961,0xFF94675D,0xFF97685E,0xFF996A60,
    0xFF936359,0xFF906057,0xFF8F5E54,0xFF925E52,0xFF935E51,0xFF975E54,0xFF9B6052,0xFFA26151,
    0xFFA76550,0xFFB1664D,0xFFC4694B,0xFFDC7643,0xFFF09639,0xFFFFD044,0xFFFED943,0xFFFBD84E,
    0xFFFEDC52,0xFFFCC63E,0xFFF5B833,0xFFFCCE3E,0xFFF8DA46,0xFFFCDD5B,0xFFFFE06E,0xFFFBD769,
    0xFFFEDD73,0xFFFCD379,0xFFE8AB69,0xFFE6A26A,0xFFEFAB63,0xFFF8BE60,0xFFFFC964,0xFFF7A04E,
    0xFFEF8A43,0xFFF4984C,0xFFFCA059,0xFFE58953,0xFFD77E53,0xFFDA8359,0xFFD6815C,0xFFBF7358,
    0xFFBA7058,0xFFC0745B,0xFFCA7E62,0xFFD48565,0xFFDC8C6D,0xFFDA8B6B,0xFFCD7F61,0xFFC67D64,
    0xFFC97F66,0xFFC47A61,0xFFC0765E,0xFFC0765C,0xFFBD735A,0xFFBA7056,0xFFB56E56,0xFFB26D57,
    0xFFB16C55,0xFFB16C55,0xFFB16D58,0xFFAF6D57,0xFFAD6B56,0xFFAD6B56,0xFFAD6C59,0xFFAC6B59,
    0xFFAC6C59,0xFFAA6A58,0xFFA86A59,0xFFA86A59,0xFFA86958,0xFFA86B59,0xFFA66D59,0xFFA66D5A,
    0xFFA56C59,0xFFA26958,0xFFA06759,0xFF9E6658,0xFF9E6658,0xFF9D6559,0xFF9D6559,0xFF9D6559,
    0xFF9D6559,0xFF986557,0xFF976557,0xFF976557,0xFF976557,0xFF966758,0xFF966758,0xFF956657,
    0xFF966557,0xFF986558,0xFF976458,0xFF986558,0xFF976558,0xFF956557,0xFF966558,0xFF966658,
    0xFF96665A,0xFF96665B,0xFF95655A,0xFF96665B,0xFF97655A,0xFF98655A,0xFF99675C,0xFF9C695E,
    0xFF90797C,0xFF8E787B,0xFF8D777A,0xFF8B7578,0xFF897479,0xFF897478,0xFF877276,0xFF867175,
    0xFF857074,0xFF846E73,0xFF826D71,0xFF806C71,0xFF806C72,0xFF806C72,0xFF806C72,0xFF7E6C71,
    0xFF7D6C71,0xFF7C6B70,0xFF7C6B70,0xFF7B6A6F,0xFF7B6A6F,0xFF7B6A6F,0xFF7A696E,0xFF7A696E,
    0xFF7A696E,0xFF7A686E,0xFF7A696E,0xFF79686D,0xFF7A686E,0xFF7B6A6F,0xFF796971,0xFF776771,
    0xFF74656F,0xFF74646E,0xFF73646E,0xFF73646E,0xFF72636D,0xFF70616B,0xFF6E626A,0xFF6C6169,
    0xFF6B6068,0xFF6C6068,0xFF6C606A,0xFF6B606A,0xFF6C606B,0xFF6C616C,0xFF6C606C,0xFF6C606C,
    0xFF6B5F6C,0xFF6B606C,0xFF6A606C,0xFF6A606C,0xFF695F6A,0xFF685F6B,0xFF665F6A,0xFF635F69,
    0xFF605F67,0xFF5F5D67,0xFF5D5B66,0xFF5C5A65,0xFF5A5864,0xFF585765,0xFF565664,0xFF575664,
    0xFF555463,0xFF525364,0xFF525465,0xFF515364,0xFF515464,0xFF525465,0xFF525465,0xFF525465,
    0xFF545464,0xFF545262,0xFF545262,0xFF545362,0xFF525362,0xFF515362,0xFF535463,0xFF525463,
    0xFF525260,0xFF525260,0xFF525260,0xFF525260,0xFF50525F,0xFF50525F,0xFF50515F,0xFF50525F,
    0xFF515260,0xFF50525F,0xFF4F505E,0xFF4E515E,0xFF4D515E,0xFF4E525E,0xFF4E525E,0xFF4D515E,
    0xFF4D515E,0xFF4F535F,0xFF4F5360,0xFF505262,0xFF505262,0xFF525364,0xFF525364,0xFF515362,
    0xFF515361,0xFF505261,0xFF4F5160,0xFF505260,0xFF505260,0xFF4F5160,0xFF505260,0xFF525461,
    0xFF525461,0xFF535562,0xFF585A67,0xFF5D5F6C,0xFF595B68,0xFF585A67,0xFF555969,0xFF535767,
    0xFF525666,0xFF525565,0xFF515461,0xFF4B505E,0xFF474E5F,0xFF444B5E,0xFF454B5D,0xFF454B5D,
    0xFF444A5C,0xFF454A5B,0xFF474A5B,0xFF47495A,0xFF484B5C,0xFF494C5C,0xFF4C4D5C,0xFF4F4D5A,
    0xFF504E59,0xFF534E5A,0xFF58505B,0xFF5D515B,0xFF63535C,0xFF6B565D,0xFF765A5D,0xFF7D5857,
    0xFF895957,0xFFAD6855,0xFFE29053,0xFFFFAD51,0xFFF7A84D,0xFFD47F48,0xFFD3835D,0xFFBD7A5C,
    0xFFB2725C,0xFFBC7D67,0xFFB47D6F,0xFFA07168,0xFFA1796F,0xFFA07064,0xFFD18C6F,0xFFF39E68,
    0xFFD78A5D,0xFFD78E6A,0xFFE99E66,0xFFF5A36E,0xFFF09F6D,0xFFDD9266,0xFFF19B6A,0xFFE78B58,
    0xFFEA9B72,0xFFCD906E,0xFFBF8B76,0xFFB18477,0xFFBF9181,0xFFC79681,0xFFC39884,0xFFC79B8B,
    0xFFC29485,0xFFB58778,0xFFAA7C6D,0xFFA6796C,0xFFA8796C,0xFFB68575,0xFFC08D7B,0xFFC5917E,
    0xFFC28B75,0xFFEEA66C,0xFFFCA24C,0xFFFB9A43,0xFFFEAB42,0xFFFEBD49,0xFFFEC756,0xFFDFA870,
    0xFFC38E81,0xFFBE8D7D,0xFFBA8B7A,0xFFBE927F,0xFFC29982,0xFFC59E84,0xFFCC9C8C,0xFFCF977F,
    0xFFD59476,0xFFD79470,0xFFD19670,0xFFCC9A8C,0xFFC99D89,0xFFC49682,0xFFBA8A76,0xFFB58571,
    0xFFAF806B,0xFFA97867,0xFFA9776B,0xFFA17165,0xFF94665C,0xFF93655A,0xFF956559,0xFF99695E,
    0xFF96665B,0xFF936257,0xFF936054,0xFF966053,0xFF976052,0xFF995F53,0xFF9F6153,0xFFA56251,
    0xFFAA6651,0xFFB3674E,0xFFC96D4B,0xFFE88342,0xFFFAA43D,0xFFFDCD44,0xFFFDD645,0xFFFFDD53,
    0xFFFADD54,0xFFFBD44C,0xFFFDD14B,0xFFFFDE55,0xFFFCDF58,0xFFF9D553,0xFFF2C457,0xFFF0B967,
    0xFFF1B871,0xFFE7AB6B,0xFFF2B27C,0xFFEEAA79,0xFFE9A06B,0xFFEBB269,0xFFFED46C,0xFFFDB650,
    0xFFFCA54F,0xFFFAA050,0xFFF09150,0xFFD87E4F,0xFFCB7752,0xFFC97653,0xFFC47354,0xFFBB6E55,
    0xFFBB6F56,0xFFC07257,0xFFC47457,0xFFC17456,0xFFC17456,0xFFBF7254,0xFFBD7153,0xFFBB6F55,
    0xFFBB6F55,0xFFBC7157,0xFFBB7056,0xFFBA6F55,0xFFB96E54,0xFFB96E54,0xFFB86E56,0xFFB66E57,
    0xFFB56D56,0xFFB66D56,0xFFB36D57,0xFFB26E57,0xFFB36E58,0xFFB46F58,0xFFB26F5A,0xFFB06E59,
    0xFFAF6C57,0xFFB06D58,0xFFAF6E5A,0xFFAF6E5B,0xFFB06F5B,0xFFB0705C,0xFFAB6F5A,0xFFA86B56,
    0xFFA66954,0xFFA56855,0xFFA46857,0xFFA46958,0xFFA46958,0xFFA36859,0xFFA36759,0xFFA36859,
    0xFFA36859,0xFFA06958,0xFF9F6958,0xFFA06858,0xFF9F6958,0xFF9E6958,0xFF9E6958,0xFF9D6857,
    0xFF9D6858,0xFF9C685B,0xFF9C685B,0xFF9C685B,0xFF9A675A,0xFF986759,0xFF99685A,0xFF99685A,
    0xFF9A675A,0xFF9A665A,0xFF9B675A,0xFF9C685C,0xFF9F6A5B,0xFFA16C5B,0xFFA36D5E,0xFFA46F5F,
    0xFF947E81,0xFF947E81,0xFF937D80,0xFF927B7E,0xFF917A7D,0xFF90797C,0xFF8E777A,0xFF8E7679,
    0xFF8D7578,0xFF8B7477,0xFF897275,0xFF877175,0xFF846F74,0xFF836E73,0xFF826D72,0xFF826D72,
    0xFF826C72,0xFF816C71,0xFF806B70,0xFF806A70,0xFF806A70,0xFF816B70,0xFF7F696E,0xFF7F696F,
    0xFF7E686D,0xFF7E676D,0xFF7E696E,0xFF7D6A6E,0xFF7C696D,0xFF7C696D,0xFF7C696E,0xFF7C696F,
    0xFF7B686F,0xFF7B686F,0xFF7B686F,0xFF7B686E,0xFF7B686F,0xFF7B686E,0xFF78676D,0xFF76666B,
    0xFF75646A,0xFF75646A,0xFF75646C,0xFF74636C,0xFF73626A,0xFF72616A,0xFF70626C,0xFF70626C,
    0xFF6F606A,0xFF6E606A,0xFF6E626B,0xFF6F626B,0xFF6E626B,0xFF6C616B,0xFF6C616C,0xFF6B636C,
    0xFF68636B,0xFF67606B,0xFF655F6A,0xFF645E69,0xFF635D68,0xFF605C69,0xFF5E5966,0xFF5D5865,
    0xFF5C5764,0xFF595765,0xFF595764,0xFF585664,0xFF565563,0xFF535562,0xFF535461,0xFF535662,
    0xFF555461,0xFF575562,0xFF575563,0xFF565462,0xFF575563,0xFF575563,0xFF565461,0xFF575462,
    0xFF585361,0xFF585360,0xFF585360,0xFF585461,0xFF595562,0xFF595561,0xFF585461,0xFF585460,
    0xFF585561,0xFF575460,0xFF57525F,0xFF56535F,0xFF54535F,0xFF54535E,0xFF54525E,0xFF55535F,
    0xFF55545F,0xFF565460,0xFF565560,0xFF575462,0xFF575462,0xFF575563,0xFF585664,0xFF5A5765,
    0xFF595765,0xFF595664,0xFF585664,0xFF595664,0xFF585664,0xFF585564,0xFF595764,0xFF5A5965,
    0xFF5B5965,0xFF5A5964,0xFF5D5B67,0xFF62606C,0xFF5B5A65,0xFF585662,0xFF565562,0xFF545461,
    0xFF545461,0xFF555461,0xFF545460,0xFF50525F,0xFF4A4E5E,0xFF484C5D,0xFF464A5B,0xFF464A5A,
    0xFF45495A,0xFF45495A,0xFF46495A,0xFF46495A,0xFF474A5B,0xFF484B5A,0xFF4B4C5B,0xFF4D4D59,
    0xFF504D59,0xFF504D5A,0xFF544F5B,0xFF5A4F5B,0xFF5F515C,0xFF645661,0xFF6D585F,0xFF76595B,
    0xFF845D5E,0xFF9C6356,0xFFC5794C,0xFFF2984A,0xFFFCA553,0xFFD58156,0xFFBD755A,0xFFB0765D,
    0xFFA46A59,0xFFAC6F60,0xFFAD766A,0xFFA57268,0xFF9A706C,0xFF996964,0xFFBA735C,0xFFDC8352,
    0xFFF1965D,0xFFEE9561,0xFFD9834E,0xFFFAA464,0xFFF7A161,0xFFCE8A61,0xFFE5956D,0xFFF8955D,
    0xFFFE9F60,0xFFDC8B52,0xFFD69063,0xFFB37962,0xFF9E6F61,0xFFA87968,0xFFB78A7A,0xFFC19484,
    0xFFBD8F80,0xFFAA7C6D,0xFFA97B6C,0xFFA8796C,0xFFA67567,0xFFA67464,0xFFB68270,0xFFB98571,
    0xFFBA7E69,0xFFE59366,0xFFFB9151,0xFFFB8D46,0xFFFDA948,0xFFFEC24D,0xFFFFD05D,0xFFF6BF85,
    0xFFCA8E7C,0xFFC99278,0xFFC49276,0xFFC1907C,0xFFC59685,0xFFCB9F89,0xFFCE9877,0xFFE4A372,
    0xFFF2A769,0xFFF9B46B,0xFFF0BA79,0xFFCD9680,0xFFCE9F88,0xFFCDA089,0xFFCC9E8A,0xFFC49581,
    0xFFC1937E,0xFFBA8B77,0xFFA87766,0xFFA37263,0xFF9E6C60,0xFF986559,0xFF976357,0xFF986458,
    0xFF986458,0xFF976256,0xFF986156,0xFF9A6154,0xFF9B6052,0xFF9E6051,0xFFA26150,0xFFA7624E,
    0xFFAE664E,0xFFB7674B,0xFFCD7047,0xFFEA863A,0xFFFFAE40,0xFFF9C643,0xFFF6C23A,0xFFF9C63E,
    0xFFF9DC54,0xFFFEE55E,0xFFFFE15D,0xFFFEE368,0xFFFCDA6C,0xFFFED360,0xFFF0B859,0xFFE29A66,
    0xFFE29973,0xFFDE9970,0xFFE7A47B,0xFFE4A177,0xFFE59C71,0xFFE4AC6E,0xFFFCD66E,0xFFFFC654,
    0xFFFFAF50,0xFFF69B4C,0xFFE5864E,0xFFD37B53,0xFFC87754,0xFFC27253,0xFFBF7054,0xFFBD6F54,
    0xFFC07155,0xFFC17052,0xFFC26F50,0xFFBC6F52,0xFFBB6F52,0xFFBC7053,0xFFBD7153,0xFFBF7153,
    0xFFC07254,0xFFC17356,0xFFC37557,0xFFBE7052,0xFFBF7153,0xFFC07254,0xFFBE7257,0xFFBC7258,
    0xFFBB7056,0xFFBB7056,0xFFBA7057,0xFFBA7259,0xFFBA7158,0xFFBA7158,0xFFB87159,0xFFB66F58,
    0xFFB56E57,0xFFB66F58,0xFFB6715B,0xFFB5715A,0xFFB47059,0xFFB06D57,0xFFAE6C55,0xFFAE6B55,
    0xFFAD6A54,0xFFAC6A55,0xFFAB6A56,0xFFAC6B57,0xFFAB6C57,0xFFAB6B57,0xFFAB6A58,0xFFAB6A58,
    0xFFAB6A58,0xFFA96B58,0xFFA96B58,0xFFA86A57,0xFFA86A57,0xFFA76B57,0xFFA76B57,0xFFA66956,
    0xFFA46A57,0xFFA26A5B,0xFFA26A5B,0xFFA26A5B,0xFFA16A5B,0xFFA16A5B,0xFFA16A5B,0xFFA16B5B,
    0xFFA46B5A,0xFFA66B5A,0xFFA86D5C,0xFFAA6E5E,0xFFAC705B,0xFFAD715A,0xFFAE725C,0xFFAE725B,
    0xFF9D878A,0xFF9A8487,0xFF978184,0xFF968083,0xFF9C8285,0xFF987E80,0xFF957B7E,0xFF957B7E,
    0xFF957C7E,0xFF947A7D,0xFF93797C,0xFF90797B,0xFF8C777A,0xFF8B7679,0xFF897477,0xFF8A7175,
    0xFF896F74,0xFF886F74,0xFF866D72,0xFF866D72,0xFF866D72,0xFF856B70,0xFF836A6F,0xFF836A6F,
    0xFF82696E,0xFF82686D,0xFF816A6E,0xFF7F6B6D,0xFF7F6B6E,0xFF7F6B6D,0xFF806A6D,0xFF80696D,
    0xFF816B6E,0xFF826B6E,0xFF816A6D,0xFF806A6D,0xFF806A6D,0xFF816A6D,0xFF816A6E,0xFF816A6D,
    0xFF816B6E,0xFF816B6E,0xFF80696F,0xFF7E676D,0xFF7E676C,0xFF7B666C,0xFF79676E,0xFF79676E,
    0xFF78666C,0xFF76656C,0xFF736369,0xFF726269,0xFF716268,0xFF70616A,0xFF6F626C,0xFF6D626B,
    0xFF6B6169,0xFF6B616B,0xFF6A5F6A,0xFF695F69,0xFF695F6A,0xFF675F69,0xFF655D67,0xFF655D67,
    0xFF645C67,0xFF605A66,0xFF5F5965,0xFF5F5965,0xFF5D5863,0xFF5C5863,0xFF5A5661,0xFF595560,
    0xFF585461,0xFF585562,0xFF585562,0xFF575461,0xFF595461,0xFF5B5562,0xFF5B5563,0xFF5C5663,
    0xFF5E5661,0xFF5E5660,0xFF5F5661,0xFF5E555F,0xFF5E545F,0xFF5E545F,0xFF5F5560,0xFF605661,
    0xFF5F5560,0xFF5E545F,0xFF5D535E,0xFF5D545E,0xFF5C545F,0xFF5C555F,0xFF5C545F,0xFF5D555F,
    0xFF5D555F,0xFF5D555F,0xFF5D555F,0xFF5B5561,0xFF5B5561,0xFF5B5561,0xFF5C5662,0xFF5D5664,
    0xFF5D5664,0xFF5D5664,0xFF5D5765,0xFF5E5866,0xFF5E5866,0xFF5F5967,0xFF605A66,0xFF615B64,
    0xFF625C66,0xFF645E67,0xFF68626B,0xFF69636D,0xFF67616A,0xFF615B65,0xFF605C67,0xFF615D68,
    0xFF625E69,0xFF5E5A65,0xFF5B5764,0xFF53515F,0xFF4F4F5E,0xFF4D4E5F,0xFF4A4C5B,0xFF484A59,
    0xFF484A59,0xFF474A5A,0xFF46495A,0xFF474A5B,0xFF474A5B,0xFF474A5A,0xFF4A4B5A,0xFF4D4C59,
    0xFF4F4D58,0xFF4F4E5B,0xFF524E5C,0xFF584E5B,0xFF5D505C,0xFF5F555F,0xFF66555C,0xFF74595C,
    0xFF836260,0xFF8F6355,0xFFB27353,0xFFE28D50,0xFFFDA65D,0xFFD88962,0xFFB26C58,0xFFAB6E57,
    0xFFA2695A,0xFFA06959,0xFFA56D5C,0xFFAC7565,0xFFA1736D,0xFF986A69,0xFF9F665B,0xFFB97557,
    0xFFD18156,0xFFE79366,0xFFDA8767,0xFFEB9F66,0xFFFCAF68,0xFFDB9767,0xFFCB8766,0xFFDD8E65,
    0xFFE59055,0xFFF3A164,0xFFDB905C,0xFFB7785D,0xFF9F6B60,0xFF9D7065,0xFFAD8072,0xFFB38475,
    0xFFBB8D7E,0xFFAC7E6F,0xFFA17365,0xFF9F6F63,0xFFA27063,0xFFAA7667,0xFFB37C6C,0xFFAF7864,
    0xFFBB806B,0xFFDC8C69,0xFFF48E5C,0xFFF59050,0xFFFDB159,0xFFFFC45D,0xFFFBC060,0xFFE4A073,
    0xFFD58D70,0xFFEFB476,0xFFF1BE76,0xFFE0AA79,0xFFCA937C,0xFFCB9482,0xFFE0A271,0xFFFCB268,
    0xFFFFB654,0xFFFCBF4D,0xFFFDC864,0xFFEDB173,0xFFD9A373,0xFFCE9F84,0xFFD3A792,0xFFD0A48E,
    0xFFCDA08B,0xFFC99C86,0xFFB68670,0xFFAB7866,0xFFAA7566,0xFFA46C60,0xFFA0665B,0xFF9E6559,
    0xFF9B6256,0xFF9B6156,0xFF9C6156,0xFF9E6153,0xFF9F6151,0xFFA36151,0xFFA6624F,0xFFAA624B,
    0xFFB2654B,0xFFBE6A4C,0xFFD5754C,0xFFF28F46,0xFFFFAB41,0xFFFBBE41,0xFFFDC040,0xFFFCC63E,
    0xFFFFE158,0xFFFBE259,0xFFFBE05B,0xFFF9DB69,0xFFE6B762,0xFFF4BF6F,0xFFFCC07F,0xFFE89F77,
    0xFFDF9777,0xFFDF9977,0xFFDE9976,0xFFDE9B75,0xFFDD9864,0xFFF0BC6A,0xFFFFDA70,0xFFFAB852,
    0xFFFCA54C,0xFFEE8C45,0xFFE08051,0xFFD17954,0xFFC87450,0xFFC57254,0xFFC57358,0xFFC37255,
    0xFFC67455,0xFFCD7858,0xFFCC7654,0xFFC67455,0xFFC27152,0xFFC27152,0xFFC97758,0xFFC97857,
    0xFFC77655,0xFFC77655,0xFFC87756,0xFFC57453,0xFFC47353,0xFFC57453,0xFFC27354,0xFFBD7153,
    0xFFBE7153,0xFFBE7154,0xFFBD7155,0xFFBC7155,0xFFBB7054,0xFFBB7054,0xFFBB7057,0xFFB96F56,
    0xFFBB7057,0xFFBA7057,0xFFB76E57,0xFFB66D56,0xFFB56C55,0xFFB56C55,0xFFB56D55,0xFFB66E55,
    0xFFB76F56,0xFFB46E56,0xFFB26D55,0xFFB26E55,0xFFB26D55,0xFFB26D56,0xFFB26C56,0xFFB26D56,
    0xFFB26D56,0xFFB26D57,0xFFB26D57,0xFFB16D55,0xFFB06C55,0xFFAF6D54,0xFFAF6C54,0xFFAF6C54,
    0xFFAE6C55,0xFFAE6D56,0xFFAE6C56,0xFFAD6B55,0xFFAC6C55,0xFFAB6C55,0xFFAB6C55,0xFFAB6D56,
    0xFFB26E56,0xFFB66E56,0xFFB67057,0xFFB66F57,0xFFB76E53,0xFFBA7156,0xFFBC7357,0xFFBE755A,
    0xFFA69093,0xFFA28C8F,0xFF9F898C,0xFF9B8588,0xFF9D8384,0xFF9A8081,0xFF987E7F,0xFF977E7F,
    0xFF967D7E,0xFF977D7E,0xFF987E7F,0xFF957C7E,0xFF937C7F,0xFF937B7E,0xFF90787B,0xFF91777A,
    0xFF91767A,0xFF8F7478,0xFF8E7377,0xFF8D7377,0xFF8D7377,0xFF8C7175,0xFF8B6F73,0xFF896E72,
    0xFF8B7074,0xFF896E72,0xFF866D70,0xFF836D6F,0xFF826C6E,0xFF816B6D,0xFF826A6D,0xFF836A6D,
    0xFF82696C,0xFF81686B,0xFF82696C,0xFF836A6D,0xFF826A6D,0xFF826A6D,0xFF836A6D,0xFF856B6E,
    0xFF856B6E,0xFF856B6E,0xFF856B6F,0xFF846A6E,0xFF84696D,0xFF81676C,0xFF7D686E,0xFF7D686E,
    0xFF7D686E,0xFF7C676D,0xFF79676C,0xFF78656A,0xFF77656A,0xFF75636B,0xFF72626B,0xFF6E6069,
    0xFF6B5F67,0xFF6A5E67,0xFF685C66,0xFF685C66,0xFF685C66,0xFF655B64,0xFF655B64,0xFF655C65,
    0xFF665C66,0xFF655D67,0xFF655C67,0xFF655C67,0xFF665C67,0xFF675D67,0xFF665C67,0xFF655A65,
    0xFF615964,0xFF5D5863,0xFF5D5863,0xFF5D5661,0xFF5D5561,0xFF605965,0xFF625A66,0xFF615864,
    0xFF625760,0xFF625861,0xFF645963,0xFF655A63,0xFF645861,0xFF655761,0xFF645660,0xFF645660,
    0xFF645760,0xFF645760,0xFF635660,0xFF635760,0xFF635761,0xFF635761,0xFF625760,0xFF61565F,
    0xFF61565F,0xFF61565F,0xFF61565F,0xFF5F5662,0xFF5F5662,0xFF5F5661,0xFF5D5560,0xFF5C5461,
    0xFF5C5461,0xFF5C5461,0xFF5C5461,0xFF5D5562,0xFF5D5562,0xFF5F5663,0xFF5F5862,0xFF625B62,
    0xFF645D65,0xFF675F67,0xFF69626A,0xFF6D666E,0xFF6C656D,0xFF69626A,0xFF69646D,0xFF6D6871,
    0xFF736D77,0xFF706A74,0xFF6A6571,0xFF5A5764,0xFF52505E,0xFF51505F,0xFF4D4E5C,0xFF494B59,
    0xFF494B59,0xFF484A59,0xFF46495A,0xFF474A5B,0xFF474A5B,0xFF474A59,0xFF494A59,0xFF4B4B57,
    0xFF4D4C57,0xFF4E4C5A,0xFF504D5B,0xFF564E5C,0xFF5B4F5C,0xFF5D515A,0xFF645257,0xFF705457,
    0xFF7D5D5B,0xFF835F5D,0xFF976158,0xFFC67958,0xFFED9860,0xFFCD815A,0xFFB36F5E,0xFFBC755F,
    0xFFB0725F,0xFFA26E5A,0xFFA46B57,0xFFB27861,0xFFB27662,0xFFA26A5F,0xFF9C655A,0xFFA26852,
    0xFFBB7152,0xFFCD7954,0xFFCF7862,0xFFE2955C,0xFFFEB15F,0xFFFCAF6C,0xFFD38B5F,0xFFB3725A,
    0xFFB77156,0xFFC77C58,0xFFBC7357,0xFFB37360,0xFFAF7A6D,0xFFA0726B,0xFFA3746A,0xFFB08273,
    0xFFBC8F80,0xFFBA8C7D,0xFFA87A6B,0xFF9E6D61,0xFFA16E61,0xFFAB7566,0xFFAB7262,0xFFB47B68,
    0xFFC58B75,0xFFCD8465,0xFFF29A6E,0xFFEF9A5C,0xFFEBA355,0xFFF9B45C,0xFFEBA359,0xFFDA8B6C,
    0xFFDC8A63,0xFFFBBB5C,0xFFFFD054,0xFFF8C261,0xFFD09261,0xFFCE8F72,0xFFEEA777,0xFFF9A960,
    0xFFFFB952,0xFFFEC94C,0xFFF8BF45,0xFFFBBC55,0xFFFCC378,0xFFD1A081,0xFFC99F89,0xFFCFA58F,
    0xFFD0A791,0xFFD1A58E,0xFFCC9D86,0xFFC18E79,0xFFB47C6A,0xFFAE7366,0xFFA3685C,0xFFA06659,
    0xFF9D6356,0xFF9D6256,0xFF9F6255,0xFFA16253,0xFFA26151,0xFFA66351,0xFFAA644E,0xFFB1654D,
    0xFFB96A4D,0xFFC36E4D,0xFFD5734B,0xFFEB8745,0xFFF79E3A,0xFFFCB43D,0xFFFCB73C,0xFFFDCC43,
    0xFFFEE055,0xFFF8DA4E,0xFFFDE25B,0xFFF8D568,0xFFE9B36C,0xFFE0A170,0xFFE0A077,0xFFE0A075,
    0xFFDC9D74,0xFFE1A077,0xFFE6A17B,0xFFDF9C75,0xFFE7A763,0xFFFDCE60,0xFFFCCF64,0xFFF1A14F,
    0xFFF39145,0xFFF58C4F,0xFFE08156,0xFFD17953,0xFFCF7650,0xFFC97252,0xFFC97457,0xFFC87456,
    0xFFC87354,0xFFCB7452,0xFFCC7450,0xFFC9734F,0xFFC8724F,0xFFCD7854,0xFFD07B57,0xFFCB7654,
    0xFFC87452,0xFFC67350,0xFFC67250,0xFFC77250,0xFFC87452,0xFFC87351,0xFFC67352,0xFFC37252,
    0xFFC37353,0xFFC47354,0xFFC17254,0xFFC07255,0xFFBF7254,0xFFBF7254,0xFFBC7154,0xFFBA6F52,
    0xFFBB6F53,0xFFBB6F53,0xFFBA7055,0xFFB86E54,0xFFB96F54,0xFFBB7156,0xFFBB7056,0xFFBB7056,
    0xFFBB6F56,0xFFBA7055,0xFFB87055,0xFFB87055,0xFFB87054,0xFFB87056,0xFFB87056,0xFFB86F56,
    0xFFB86F56,0xFFB96F56,0xFFB96F56,0xFFB96E55,0xFFB96F55,0xFFB87057,0xFFB87057,0xFFB87058,
    0xFFB97156,0xFFBA7053,0xFFB96F52,0xFFB96E52,0xFFB97053,0xFFB97154,0xFFBA7255,0xFFBB7356,
    0xFFC17354,0xFFC57453,0xFFC77655,0xFFCB7A58,0xFFCE7B5C,0xFFCF7B5D,0xFFD07C5E,0xFFD07D5E,
    0xFFAB9696,0xFFAC9898,0xFFA99596,0xFFA69293,0xFFA48C8F,0xFF9F878A,0xFF9D8587,0xFF9C8587,
    0xFF9D878A,0xFF9C8689,0xFF9D8789,0xFF9F888B,0xFFA0878A,0xFF9C8486,0xFF988083,0xFF947B7D,
    0xFF8F7679,0xFF8D7476,0xFF8E7477,0xFF8F7377,0xFF8F7276,0xFF917176,0xFF917176,0xFF8D7374,
    0xFF8E7274,0xFF917275,0xFF917275,0xFF8E7072,0xFF8E6F72,0xFF8D6F71,0xFF8A6D71,0xFF876B70,
    0xFF876B70,0xFF876A6F,0xFF856A6E,0xFF826A6E,0xFF81696D,0xFF816B6E,0xFF826A6D,0xFF826A6D,
    0xFF836B6E,0xFF846A6E,0xFF866C6D,0xFF876C6D,0xFF87696C,0xFF84686C,0xFF82686E,0xFF83686E,
    0xFF82686E,0xFF7F676D,0xFF7D676D,0xFF7C676D,0xFF7C666C,0xFF7A656B,0xFF78656A,0xFF74636A,
    0xFF70616A,0xFF6C6069,0xFF6A5F68,0xFF685D66,0xFF655A64,0xFF645B66,0xFF635A65,0xFF625A64,
    0xFF625964,0xFF655965,0xFF655965,0xFF665A66,0xFF665B65,0xFF665C64,0xFF675D65,0xFF6A5F68,
    0xFF695F66,0xFF695D63,0xFF695C62,0xFF6B5C62,0xFF655B63,0xFF675C64,0xFF6C5D64,0xFF6E5C62,
    0xFF6E5A61,0xFF6D5961,0xFF6F5A64,0xFF6F5A63,0xFF6E5C5D,0xFF705E61,0xFF725D64,0xFF725B62,
    0xFF6F595E,0xFF6F5B61,0xFF6D5B63,0xFF6C5B61,0xFF6B5A60,0xFF695962,0xFF655862,0xFF655962,
    0xFF655962,0xFF645861,0xFF645861,0xFF635662,0xFF635662,0xFF625561,0xFF615561,0xFF5E5763,
    0xFF5E5762,0xFF5C5561,0xFF5C5561,0xFF5E5560,0xFF5E5560,0xFF5E5661,0xFF615761,0xFF625961,
    0xFF645A63,0xFF655B64,0xFF615961,0xFF615A62,0xFF635D64,0xFF645D64,0xFF625D66,0xFF64606A,
    0xFF68646D,0xFF6C6872,0xFF726E78,0xFF64606A,0xFF5A5660,0xFF56525E,0xFF52505D,0xFF4F4D5C,
    0xFF4B4C5D,0xFF494C5B,0xFF474B57,0xFF474B57,0xFF474B57,0xFF484B58,0xFF4A4B58,0xFF4A4B58,
    0xFF4A4A58,0xFF4C4C58,0xFF4F4D58,0xFF524E57,0xFF575059,0xFF5C4F59,0xFF63525A,0xFF68535A,
    0xFF72585E,0xFF775C60,0xFF815E5D,0xFFA76956,0xFFD07F5B,0xFFC2795D,0xFFA66755,0xFFC07761,
    0xFFC97D62,0xFFAF6F5F,0xFFA3685D,0xFFBC7660,0xFFBA7861,0xFFA36A5B,0xFFA26C5E,0xFFAB6F5E,
    0xFFB56C56,0xFFC47659,0xFFCB7856,0xFFDF8B5C,0xFFF19C57,0xFFFCA964,0xFFD68756,0xFFB66C52,
    0xFFAD6A56,0xFFA66853,0xFFB17160,0xFFB27362,0xFFAA7261,0xFFA57266,0xFF976861,0xFF9A6E61,
    0xFFA67C6C,0xFFAE8475,0xFFA4796A,0xFF9A6B5F,0xFF9B695C,0xFFA77062,0xFFAB7163,0xFFAF7563,
    0xFFBA7962,0xFFC67C5E,0xFFDB8B64,0xFFE9935F,0xFFE7874B,0xFFF69D4E,0xFFE08F4A,0xFFD67E59,
    0xFFD97F54,0xFFEFA04A,0xFFFEC64B,0xFFFBCD52,0xFFEBA45F,0xFFDF946B,0xFFE89E65,0xFFFBA863,
    0xFFF8A651,0xFFF9B34C,0xFFFDC651,0xFFFBC454,0xFFFCCD6F,0xFFDDB284,0xFFC79980,0xFFCFA28D,
    0xFFD4AA93,0xFFD1A990,0xFFD1A790,0xFFCC9A84,0xFFBB816C,0xFFAF705F,0xFFA76959,0xFFA46856,
    0xFFA16654,0xFF9F6452,0xFFA06352,0xFFA16251,0xFFA46251,0xFFA96350,0xFFB0654D,0xFFB96749,
    0xFFBF6C4B,0xFFC7704D,0xFFD77243,0xFFE58238,0xFFFAA843,0xFFF9AE3C,0xFFF3A731,0xFFFED34F,
    0xFFFDDD52,0xFFF3D140,0xFFFFE359,0xFFF7D565,0xFFF1BE70,0xFFECAC77,0xFFE19C75,0xFFDFA078,
    0xFFDC9C6E,0xFFF3AA78,0xFFF5AB7D,0xFFE09871,0xFFF0B465,0xFFFFDD61,0xFFFCC55D,0xFFF09547,
    0xFFED8646,0xFFE87F4F,0xFFDB7D4F,0xFFD37B51,0xFFCF7854,0xFFCB7352,0xFFC77051,0xFFC46F50,
    0xFFC5704F,0xFFC76F4D,0xFFCB724E,0xFFCC754F,0xFFCC734E,0xFFD37752,0xFFD57953,0xFFCF7550,
    0xFFCB7350,0xFFCA754D,0xFFCD774C,0xFFCF754D,0xFFD57B53,0xFFD57C53,0xFFD27951,0xFFD07852,
    0xFFCC7651,0xFFC97651,0xFFC77655,0xFFC47556,0xFFC27253,0xFFC27253,0xFFBF724E,0xFFBF7250,
    0xFFBF7253,0xFFBF7255,0xFFBE7254,0xFFBD7254,0xFFBD7253,0xFFBE7254,0xFFBF7154,0xFFBF7155,
    0xFFBF7155,0xFFBF7153,0xFFC07151,0xFFC07151,0xFFC07151,0xFFC17254,0xFFC27355,0xFFC17255,
    0xFFC37457,0xFFC67557,0xFFC67355,0xFFC67355,0xFFC77557,0xFFC47356,0xFFC57456,0xFFC67558,
    0xFFC57655,0xFFC47750,0xFFC87954,0xFFCD7B57,0xFFCC7956,0xFFCE7A56,0xFFD47D57,0xFFDC8159,
    0xFFDF8557,0xFFE28858,0xFFE4895C,0xFFE3875A,0xFFDD855E,0xFFD6815C,0xFFD17D5A,0xFFCD7C59,
    0xFFA69393,0xFFA89495,0xFFAB9798,0xFFAD9A9A,0xFFAC9A9A,0xFFAB9899,0xFFAB9898,0xFFA89697,
    0xFFA99899,0xFFA79697,0xFFA39293,0xFFA08F90,0xFFA39191,0xFFA59292,0xFFA29090,0xFFA08C8C,
    0xFF9C8787,0xFF988383,0xFF947F7F,0xFF947B7C,0xFF937679,0xFF927377,0xFF907174,0xFF8D7271,
    0xFF8E7171,0xFF8F7071,0xFF907072,0xFF917072,0xFF927173,0xFF927274,0xFF927172,0xFF916F70,
    0xFF917070,0xFF916F70,0xFF8D6D6D,0xFF8B6C6B,0xFF8A6A6A,0xFF896A69,0xFF87696B,0xFF87696B,
    0xFF87696B,0xFF87696B,0xFF876B6E,0xFF876B6E,0xFF876B6E,0xFF886C6F,0xFF886C70,0xFF886B6F,
    0xFF86696D,0xFF83696C,0xFF80686C,0xFF80676B,0xFF7F666A,0xFF7D6669,0xFF7A6569,0xFF79656C,
    0xFF77656E,0xFF76656F,0xFF74636D,0xFF71606A,0xFF6D5D67,0xFF685C67,0xFF675B66,0xFF675B65,
    0xFF655964,0xFF645866,0xFF645866,0xFF635865,0xFF625864,0xFF615863,0xFF615963,0xFF625A65,
    0xFF665D65,0xFF695E65,0xFF6C5F67,0xFF70606A,0xFF706068,0xFF725F66,0xFF775F65,0xFF7B6065,
    0xFF7C6062,0xFF7E6062,0xFF866669,0xFF856366,0xFF805C5C,0xFF7D5D5F,0xFF7C6062,0xFF806466,
    0xFF826465,0xFF7E6264,0xFF785E62,0xFF765D61,0xFF725B60,0xFF715C62,0xFF6E5B63,0xFF6C5B62,
    0xFF6C5B62,0xFF6B5A61,0xFF6B5A61,0xFF675A62,0xFF675A63,0xFF665962,0xFF655962,0xFF625862,
    0xFF635862,0xFF625861,0xFF635862,0xFF645863,0xFF645863,0xFF645862,0xFF635861,0xFF635860,
    0xFF645961,0xFF655A62,0xFF655B63,0xFF665D64,0xFF675E65,0xFF675E65,0xFF645C64,0xFF635C65,
    0xFF635B64,0xFF665E67,0xFF6D656E,0xFF6A636C,0xFF635B64,0xFF5C555F,0xFF57525F,0xFF53505E,
    0xFF504F5E,0xFF4D4E5C,0xFF4A4D59,0xFF494C58,0xFF494C58,0xFF4B4A58,0xFF4B4A58,0xFF4B4A58,
    0xFF4B4A58,0xFF4D4B58,0xFF4F4D58,0xFF524D56,0xFF564F57,0xFF5A5058,0xFF605159,0xFF65525A,
    0xFF6E565C,0xFF735A5C,0xFF7D5C5C,0xFF986052,0xFFC3785A,0xFFC57C5F,0xFFA16252,0xFFAA6654,
    0xFFBC725C,0xFFB1715F,0xFFAB6F62,0xFFBA7561,0xFFB5735D,0xFFA76C5A,0xFFA66B5A,0xFFAC6C57,
    0xFFB76E57,0xFFC87B60,0xFFCA7A58,0xFFD37F58,0xFFDB8352,0xFFE38955,0xFFD17E54,0xFFCD7F63,
    0xFFC07860,0xFFA4664F,0xFFA66755,0xFFA96A59,0xFFA36A58,0xFFA97366,0xFF9F6D63,0xFF916258,
    0xFF926459,0xFF996B60,0xFF996B60,0xFF98675A,0xFF986456,0xFFA2695B,0xFFAC6F61,0xFFAE715E,
    0xFFB7725A,0xFFC27556,0xFFCB7650,0xFFE0804E,0xFFEF884A,0xFFFA9F4B,0xFFF19D4E,0xFFE08350,
    0xFFE18050,0xFFF49B4D,0xFFFFC152,0xFFFED253,0xFFFCBD60,0xFFF6B469,0xFFEE9D5E,0xFFF49759,
    0xFFF59752,0xFFEE9845,0xFFF8BE4F,0xFFFFD763,0xFFF1C961,0xFFDFAD76,0xFFD5A58A,0xFFD7A891,
    0xFFD4A78F,0xFFD3A98F,0xFFD3A78F,0xFFD3A088,0xFFCB9179,0xFFB47761,0xFFAE6F5A,0xFFA96B56,
    0xFFA66853,0xFFA66752,0xFFA66651,0xFFA5634F,0xFFA7624F,0xFFAE654F,0xFFB4684D,0xFFBD6A4A,
    0xFFC66F4B,0xFFD3764D,0xFFE47D47,0xFFF39440,0xFFF8B544,0xFFF8C145,0xFFEEAF34,0xFFFCD650,
    0xFFFBDD52,0xFFF8D447,0xFFFFDA55,0xFFF5CC5C,0xFFF7C265,0xFFF1AB63,0xFFEE9C6C,0xFFEC9D75,
    0xFFE9A679,0xFFEEA476,0xFFE89D74,0xFFE29973,0xFFF2B964,0xFFFFDB5C,0xFFFCBC52,0xFFF79945,
    0xFFF18A49,0xFFE57D4B,0xFFDA794D,0xFFD3794F,0xFFCE7550,0xFFCC724F,0xFFCA704F,0xFFC9714F,
    0xFFCB7350,0xFFCE734E,0xFFD1754F,0xFFCF7851,0xFFD37851,0xFFDC7A53,0xFFE17C53,0xFFDD7C51,
    0xFFD87853,0xFFD4774E,0xFFDB7E4F,0xFFDF7F4F,0xFFE58556,0xFFE68657,0xFFE08356,0xFFD87E54,
    0xFFD27951,0xFFCD7750,0xFFC97652,0xFFC77553,0xFFC67451,0xFFC67451,0xFFC67550,0xFFC57551,
    0xFFC67654,0xFFC67555,0xFFC47456,0xFFC47456,0xFFC37355,0xFFC47354,0xFFC67353,0xFFC67454,
    0xFFC77555,0xFFC87554,0xFFC87453,0xFFCA7654,0xFFCB7755,0xFFCB7755,0xFFCC7855,0xFFCC7855,
    0xFFCB7754,0xFFCC7753,0xFFCD7853,0xFFCD7853,0xFFCE7953,0xFFCE7A4D,0xFFD07C4F,0xFFD27E50,
    0xFFD37E54,0xFFD67F5B,0xFFDA825C,0xFFDB8056,0xFFDC8254,0xFFE38957,0xFFEB8E57,0xFFF09255,
    0xFFF29256,0xFFF08F59,0xFFE88B5A,0xFFE08458,0xFFD78058,0xFFD07B55,0xFFCE7A56,0xFFCA7A56,
    0xFFA5989D,0xFFAE9EA3,0xFFAD9C9E,0xFFA99798,0xFFA99999,0xFFAB9B9B,0xFFAB9B9B,0xFFAA9B9A,
    0xFFAC9C9B,0xFFAC9C9B,0xFFAC9D9B,0xFFAB9C9B,0xFFA99999,0xFFAA9A9A,0xFFAA9A9A,0xFFA99795,
    0xFFA89693,0xFFA69491,0xFF9F8E8B,0xFFA08987,0xFF9E8483,0xFF9A7D7E,0xFF987B7B,0xFF957877,
    0xFF957675,0xFF957474,0xFF937071,0xFF937171,0xFF967474,0xFF987677,0xFF9D7876,0xFF9F7873,
    0xFF9E7774,0xFF9F7874,0xFF9E7872,0xFF9D7670,0xFF9E746E,0xFF9D716C,0xFF976F6C,0xFF946D6B,
    0xFF916A68,0xFF906A68,0xFF8D6A6B,0xFF8C6B6C,0xFF8A6B6C,0xFF8B6D6E,0xFF8B6B6D,0xFF8A6B6D,
    0xFF8A6B6C,0xFF886B6D,0xFF866B6E,0xFF84696B,0xFF83686A,0xFF81676A,0xFF7F666A,0xFF7C656B,
    0xFF7A656D,0xFF7C656D,0xFF7B646C,0xFF7C656C,0xFF7B646C,0xFF73626B,0xFF716069,0xFF6F5D66,
    0xFF6C5C66,0xFF695C67,0xFF685B66,0xFF685A65,0xFF675A65,0xFF655A64,0xFF655A63,0xFF665A65,
    0xFF655A63,0xFF665B63,0xFF685B65,0xFF6C5D66,0xFF765F66,0xFF7D6167,0xFF846469,0xFF8A676B,
    0xFF8C6966,0xFF8D6663,0xFF956864,0xFFA1706C,0xFFA06A68,0xFF926260,0xFF8B6260,0xFF8F6764,
    0xFF986D69,0xFF936B69,0xFF896363,0xFF846161,0xFF7F6062,0xFF7B5E61,0xFF785C61,0xFF765C60,
    0xFF765C60,0xFF745B5F,0xFF745B5F,0xFF6F5D61,0xFF6D5D60,0xFF6C5C5F,0xFF6C5B5F,0xFF6A5A5F,
    0xFF6A595F,0xFF6A595F,0xFF6A5960,0xFF6B5962,0xFF6B5A62,0xFF6B5963,0xFF6A5A62,0xFF685A61,
    0xFF695B62,0xFF695B62,0xFF685B62,0xFF675C62,0xFF695D64,0xFF695D64,0xFF6A5F67,0xFF695F68,
    0xFF695F67,0xFF695E66,0xFF695F67,0xFF6A5F68,0xFF675D65,0xFF625861,0xFF5D545E,0xFF59525D,
    0xFF55515E,0xFF52505C,0xFF504E5A,0xFF4E4C58,0xFF4E4C58,0xFF4D4B57,0xFF4C4A57,0xFF4C4A57,
    0xFF4C4A57,0xFF4E4B58,0xFF504C58,0xFF524A55,0xFF564D56,0xFF584F58,0xFF5D4F57,0xFF635157,
    0xFF695359,0xFF6F565A,0xFF795959,0xFF8B5C55,0xFFAA6953,0xFFC78166,0xFFAA6C5B,0xFFA36556,
    0xFFB06C5B,0xFFB36E5A,0xFFB8735F,0xFFBC7663,0xFFBB775F,0xFFB6755F,0xFFC27F69,0xFFBC7357,
    0xFFBF7254,0xFFC37355,0xFFC1704E,0xFFC97553,0xFFD87E5B,0xFFD1754F,0xFFCB7352,0xFFCD7A5D,
    0xFFCB7E62,0xFFB9765D,0xFFAA6957,0xFFA86857,0xFFA66A58,0xFFA46B5A,0xFFAA7263,0xFF9D685D,
    0xFF956158,0xFF956158,0xFF98635A,0xFF9A6558,0xFF9B6356,0xFFA16456,0xFFA96959,0xFFB26F5B,
    0xFFBC7258,0xFFC87654,0xFFD0754D,0xFFE67E4B,0xFFFA924A,0xFFF8A243,0xFFFFB356,0xFFF69550,
    0xFFE78245,0xFFF29345,0xFFFEB74C,0xFFFDCC49,0xFFFDC351,0xFFFFC65A,0xFFFBB055,0xFFF89C49,
    0xFFFDA34E,0xFFFEA84D,0xFFFEC358,0xFFFADB68,0xFFF9D668,0xFFF2BB7E,0xFFDAA689,0xFFDAA890,
    0xFFD5A68C,0xFFD5A78B,0xFFD7A88D,0xFFD9A488,0xFFD8A084,0xFFCC9074,0xFFC08065,0xFFB5745A,
    0xFFB16C54,0xFFAF6B52,0xFFAD6850,0xFFAE674F,0xFFB0664F,0xFFB2664E,0xFFB8684A,0xFFC06B48,
    0xFFCD714A,0xFFDC7749,0xFFED8547,0xFFFDA445,0xFFFEC84B,0xFFFFDC55,0xFFFBCC48,0xFFFDD951,
    0xFFFEE85D,0xFFFFE65A,0xFFFDDB5A,0xFFFEDE6A,0xFFFFDE6C,0xFFF9C461,0xFFF2AF68,0xFFEDA16E,
    0xFFF7B284,0xFFE8A277,0xFFE69C76,0xFFE79B74,0xFFF7C06A,0xFFFED659,0xFFFEBD50,0xFFFDA045,
    0xFFEF8C46,0xFFE67E4A,0xFFDD7A4F,0xFFD5784D,0xFFD2764D,0xFFCF724C,0xFFCF724F,0xFFCF724D,
    0xFFD1734C,0xFFD4754C,0xFFD7764D,0xFFD2774C,0xFFD97A4E,0xFFE47E4E,0xFFEA804E,0xFFEB8350,
    0xFFE98156,0xFFE47F53,0xFFEA8755,0xFFEE8A53,0xFFEB8751,0xFFE9844E,0xFFE28150,0xFFDB7E52,
    0xFFD77B50,0xFFD1764D,0xFFCD764F,0xFFCD7650,0xFFCB754E,0xFFCD7650,0xFFCD7751,0xFFCB7650,
    0xFFCB754E,0xFFCB754F,0xFFC97351,0xFFCA7352,0xFFCC7554,0xFFCF7755,0xFFD27952,0xFFD17952,
    0xFFD27952,0xFFD37952,0xFFD47952,0xFFD47952,0xFFD47952,0xFFD47A50,0xFFD47A4F,0xFFD47A4E,
    0xFFD47A4E,0xFFD47B4E,0xFFD67E51,0xFFD87F52,0xFFDB8255,0xFFDF8356,0xFFDF8356,0xFFDE8355,
    0xFFDD8155,0xFFDE7D54,0xFFDF7E4F,0xFFE7844E,0xFFF08E52,0xFFF69454,0xFFF99953,0xFFFA9B4F,
    0xFFF99552,0xFFEF8B54,0xFFE28453,0xFFD87F55,0xFFD27B54,0xFFCE7953,0xFFCD7955,0xFFCA7855,
    0xFF3A3847,0xFF38343F,0xFF6F656E,0xFFAB9DA2,0xFFA79494,0xFFA69394,0xFFA89696,0xFFA89595,
    0xFFA89492,0xFFA99493,0xFFAA9694,0xFFAA9696,0xFFAA9899,0xFFAB9899,0xFFAC999A,0xFFAE9A98,
    0xFFAE9A96,0xFFAD9995,0xFFAB9693,0xFFAA9491,0xFFA8918E,0xFFA68B89,0xFFA48785,0xFFA18381,
    0xFFA0807E,0xFFA07D7C,0xFF9D7A79,0xFF9A7776,0xFF997575,0xFF9A7776,0xFF9E7875,0xFFA27A74,
    0xFF9F7672,0xFF9E7571,0xFFA07870,0xFFA27871,0xFFAB7B75,0xFFB17D79,0xFFAD7D77,0xFFAA7B74,
    0xFFA67770,0xFFA3736D,0xFF9E6F6D,0xFF996F6A,0xFF956F69,0xFF926F6A,0xFF916F6F,0xFF906D6D,
    0xFF8E6B6B,0xFF8C6B6A,0xFF876A6A,0xFF886A69,0xFF886A69,0xFF87696B,0xFF85686C,0xFF82676C,
    0xFF7F676D,0xFF7E656A,0xFF7D6468,0xFF7E6569,0xFF7F666A,0xFF7D666C,0xFF7E676D,0xFF7E666C,
    0xFF7D666B,0xFF7A6469,0xFF7A6569,0xFF786367,0xFF756065,0xFF735F66,0xFF715D63,0xFF705C63,
    0xFF6E5D62,0xFF6E5D62,0xFF6F5B61,0xFF6F5A61,0xFF755B60,0xFF7B5E61,0xFF805F61,0xFF896466,
    0xFF916867,0xFF976A66,0xFF9D6A63,0xFFAB7269,0xFFB3776E,0xFFAB7269,0xFF9E6962,0xFF9D6860,
    0xFF9F685F,0xFF9D6862,0xFF9D6A64,0xFF926562,0xFF8B6463,0xFF876162,0xFF825E61,0xFF815E60,
    0xFF815F60,0xFF805E5F,0xFF805D5F,0xFF7A5F60,0xFF795E60,0xFF785E5F,0xFF775D5F,0xFF735D5F,
    0xFF715B5D,0xFF725B5D,0xFF725B5E,0xFF725A61,0xFF715A60,0xFF715A60,0xFF6F5A61,0xFF6D5B61,
    0xFF6D5B61,0xFF6D5A60,0xFF6A5A60,0xFF6A5A60,0xFF6A5B61,0xFF6A5B61,0xFF695C63,0xFF695C63,
    0xFF685B62,0xFF685B62,0xFF685B62,0xFF685B61,0xFF685B62,0xFF665960,0xFF62575E,0xFF5F555D,
    0xFF5B525C,0xFF58525D,0xFF56505C,0xFF544E59,0xFF524C58,0xFF504C57,0xFF4E4C56,0xFF4E4C56,
    0xFF4E4C56,0xFF514B59,0xFF514A57,0xFF534A55,0xFF564C55,0xFF564E56,0xFF5A4F56,0xFF605056,
    0xFF655258,0xFF6B5459,0xFF765658,0xFF825B59,0xFF925D52,0xFFA96A56,0xFFAE6F5E,0xFFA06151,
    0xFFAF6B58,0xFFBF7156,0xFFC67556,0xFFB96F58,0xFFBC755C,0xFFC17B61,0xFFCE8468,0xFFD3815D,
    0xFFD57D55,0xFFC8704A,0xFFCA724E,0xFFCB7450,0xFFD07851,0xFFD77956,0xFFCE7252,0xFFC26A4A,
    0xFFB56242,0xFFAE694D,0xFFAC6A56,0xFFAC6C5B,0xFFAB6E5B,0xFFA86B58,0xFFB17460,0xFFA86E5E,
    0xFF9D6456,0xFF9B6153,0xFF9C6254,0xFF9D6457,0xFF9F6356,0xFFA46354,0xFFA86453,0xFFB06852,
    0xFFBF7054,0xFFCF7855,0xFFD6764E,0xFFE67D46,0xFFFA9742,0xFFFCAE42,0xFFF6A942,0xFFF1903F,
    0xFFF18C41,0xFFF2943C,0xFFFDB546,0xFFFDD249,0xFFFCC54F,0xFFF9BA4C,0xFFFDC14F,0xFFFEB949,
    0xFFFEB845,0xFFFCBC44,0xFFFBC85A,0xFFF6D066,0xFFFFDA75,0xFFF5C283,0xFFDBA483,0xFFDDA88D,
    0xFFDAA88A,0xFFE0AF8E,0xFFE1AE91,0xFFE4AF8F,0xFFDEA787,0xFFD99D7C,0xFFCA8A6A,0xFFC17B5E,
    0xFFBB7155,0xFFB46B4F,0xFFB36A4E,0xFFB5694E,0xFFB6694E,0xFFB7684D,0xFFBD694A,0xFFC66C47,
    0xFFCE6F46,0xFFD67140,0xFFE27A3A,0xFFF5993A,0xFFF5B839,0xFFF6CC3F,0xFFFFD249,0xFFFEDB51,
    0xFFFBDF54,0xFFFCD955,0xFFFCD65A,0xFFFFE970,0xFFFDE064,0xFFFFE06A,0xFFFCD373,0xFFE9AF69,
    0xFFEAA570,0xFFE5A274,0xFFE8A076,0xFFE99B6F,0xFFF6BD6C,0xFFFFDC66,0xFFF2B94A,0xFFF8A542,
    0xFFF29347,0xFFE67E49,0xFFDF7A50,0xFFD8784D,0xFFD47549,0xFFD3734A,0xFFD4744E,0xFFD6754C,
    0xFFD9774B,0xFFDD784B,0xFFDE7749,0xFFDE7A48,0xFFE57E48,0xFFED8648,0xFFF08945,0xFFED8448,
    0xFFE77E4B,0xFFE57E4E,0xFFE5804B,0xFFE37E45,0xFFE8834B,0xFFE9844A,0xFFE27E4A,0xFFDB7B4C,
    0xFFD8784B,0xFFD3764A,0xFFD2774C,0xFFD1784D,0xFFD1774C,0xFFD1784D,0xFFD1764F,0xFFD1754C,
    0xFFD1764B,0xFFD2784B,0xFFD5784D,0xFFD5784C,0xFFD77B4F,0xFFDA7C50,0xFFDA7B4D,0xFFD97A4C,
    0xFFD97A4D,0xFFDC7C4C,0xFFDE7D49,0xFFDD7D49,0xFFDF7F4B,0xFFE3834E,0xFFE58550,0xFFE78752,
    0xFFE98954,0xFFE68853,0xFFE38651,0xFFE38651,0xFFE38552,0xFFE48154,0xFFE38053,0xFFE38055,
    0xFFE68352,0xFFEA884A,0xFFF3904F,0xFFFB9753,0xFFFE9B54,0xFFFD9A53,0xFFF99854,0xFFF29351,
    0xFFE8894F,0xFFDE814E,0xFFD77C4E,0xFFD27A50,0xFFD07952,0xFFCF7A54,0xFFCE7B57,0xFFCB7A57,
    0xFF11182D,0xFF0D1123,0xFF131220,0xFF3D343E,0xFFB29C9F,0xFFAE989A,0xFFAA9394,0xFFAD9494,
    0xFFAC9291,0xFFA98F8E,0xFFAA8F8D,0xFFA78E8F,0xFFA68E91,0xFFA89092,0xFFA89092,0xFFAB928F,
    0xFFAE9590,0xFFAF9692,0xFFB19893,0xFFAD9792,0xFFAF9893,0xFFB09793,0xFFAF9490,0xFFAD8E8B,
    0xFFAC8C89,0xFFAE8A88,0xFFAB8584,0xFFA68381,0xFFA4807E,0xFFA07E7B,0xFFA07C79,0xFFA27B78,
    0xFFA17B77,0xFFA07975,0xFFA07A73,0xFFA17871,0xFFA67772,0xFFAD7874,0xFFAD7A72,0xFFAD7B71,
    0xFFB17F75,0xFFB37F76,0xFFB67E77,0xFFAE7A72,0xFFA37469,0xFF9D736A,0xFF987270,0xFF98726F,
    0xFF97716F,0xFF94716F,0xFF91706F,0xFF906F6E,0xFF8E6D6B,0xFF8B6C6C,0xFF8A6B6D,0xFF876A6E,
    0xFF84696F,0xFF816B6D,0xFF7E6A6B,0xFF7B6668,0xFF7A6566,0xFF7C6367,0xFF7C6266,0xFF7D6367,
    0xFF7F6568,0xFF836766,0xFF856868,0xFF876A6A,0xFF866A6A,0xFF83696A,0xFF826769,0xFF7E6466,
    0xFF7A6364,0xFF7A6263,0xFF7D6263,0xFF7E6063,0xFF7C6263,0xFF806564,0xFF856361,0xFF896461,
    0xFF8F6765,0xFF996B66,0xFFA46E67,0xFFAB7166,0xFFAE7566,0xFFB17768,0xFFB3786C,0xFFB3766B,
    0xFFB47568,0xFFAC7064,0xFFA76C62,0xFF9D6963,0xFF956765,0xFF926565,0xFF8E6364,0xFF8C6364,
    0xFF8C6464,0xFF8E6665,0xFF8E6665,0xFF886363,0xFF876363,0xFF856261,0xFF815E5E,0xFF7B5F5E,
    0xFF7A5E5D,0xFF795D5D,0xFF795E5F,0xFF785E62,0xFF755B5F,0xFF755A5E,0xFF725B60,0xFF705B61,
    0xFF6F5B61,0xFF6F5B61,0xFF6D5B60,0xFF6C5B60,0xFF6D5B61,0xFF6D5B61,0xFF6C5B61,0xFF6C5B61,
    0xFF6D5C63,0xFF6D5C63,0xFF6B5A62,0xFF6B5A62,0xFF6C5B63,0xFF6B5B62,0xFF695B60,0xFF64575E,
    0xFF60565E,0xFF5E555E,0xFF5B525D,0xFF58505A,0xFF564E58,0xFF534D57,0xFF504C55,0xFF514C56,
    0xFF514C56,0xFF514B58,0xFF524A57,0xFF544A55,0xFF564B55,0xFF554E55,0xFF594E55,0xFF5E4F55,
    0xFF625157,0xFF695258,0xFF735557,0xFF7B595B,0xFF885D59,0xFF986053,0xFFA56756,0xFFAB6856,
    0xFFB76E59,0xFFD17A59,0xFFD77A54,0xFFC27255,0xFFBD7256,0xFFC2785A,0xFFC57656,0xFFD47B53,
    0xFFE48453,0xFFDE7E50,0xFFE18259,0xFFD4784E,0xFFD67E4C,0xFFDF7F55,0xFFD37450,0xFFD17450,
    0xFFC8714C,0xFFB56C4E,0xFFAC6854,0xFFAA6958,0xFFA96B56,0xFFAA6A55,0xFFAF6E59,0xFFAD6E5A,
    0xFFA86C57,0xFFA46752,0xFFA26551,0xFFA06555,0xFFA26455,0xFFA86555,0xFFAF6856,0xFFB36750,
    0xFFBD6A4D,0xFFCD714D,0xFFD6744B,0xFFE88145,0xFFF99C3D,0xFFFFBE48,0xFFF9B145,0xFFF5973D,
    0xFFFC9E46,0xFFFAA040,0xFFFFBF4B,0xFFFDD74D,0xFFFBC452,0xFFF9B14D,0xFFFDCD5A,0xFFFCCA53,
    0xFFFECA4C,0xFFFDD14D,0xFFFCD664,0xFFF9C86B,0xFFF1C26C,0xFFE1B178,0xFFDAA180,0xFFD59D80,
    0xFFD09B7C,0xFFD39E7E,0xFFDDA788,0xFFE1AA8A,0xFFD8A27F,0xFFD49774,0xFFD08E6C,0xFFCC8363,
    0xFFC57758,0xFFBB7051,0xFFBB6E50,0xFFBA6A4D,0xFFBB6A4C,0xFFBC6B4D,0xFFC26C4A,0xFFCA6D47,
    0xFFD27247,0xFFDD7A48,0xFFF08746,0xFFF6983A,0xFFFAB839,0xFFFBCA3C,0xFFF9C53D,0xFFFCD24B,
    0xFFFBC747,0xFFFEBA47,0xFFF5B748,0xFFFCD360,0xFFF7CA57,0xFFF5CC59,0xFFFFDC75,0xFFF9C473,
    0xFFEBA769,0xFFEEAF77,0xFFE7A270,0xFFEB9C6A,0xFFE8A85E,0xFFFDDD6B,0xFFFDD362,0xFFFFB850,
    0xFFF89A4A,0xFFE77F48,0xFFE0794F,0xFFDA774B,0xFFD77548,0xFFD77549,0xFFDA784E,0xFFDC794D,
    0xFFDF794B,0xFFE1794A,0xFFE67C4C,0xFFF2824B,0xFFF38948,0xFFF8974B,0xFFFC9C4B,0xFFF6904C,
    0xFFEB844A,0xFFE5804A,0xFFE6834A,0xFFE8844C,0xFFEB8750,0xFFE8844C,0xFFE27F4A,0xFFDE7C4A,
    0xFFDA7A4A,0xFFD8794B,0xFFD87B4D,0xFFD77C4E,0xFFD57B4D,0xFFD5794C,0xFFD7784F,0xFFD97A4E,
    0xFFDC7C4D,0xFFE0804E,0xFFE2834E,0xFFE2834E,0xFFE2824E,0xFFE4824F,0xFFE78350,0xFFE3804B,
    0xFFE37F4B,0xFFE68349,0xFFEC8A4A,0xFFF39052,0xFFF69355,0xFFF49155,0xFFF18E53,0xFFF08C52,
    0xFFEF8A52,0xFFE8864D,0xFFE48349,0xFFE5844A,0xFFE7864B,0xFFEC8649,0xFFEE894A,0xFFF48F50,
    0xFFF99651,0xFFFB9E4B,0xFFFF9F4F,0xFFFE9D4F,0xFFFD9A4F,0xFFF6944F,0xFFEB8C50,0xFFE28351,
    0xFFD88053,0xFFD58053,0xFFD78155,0xFFD77F55,0xFFD47D56,0xFFD27D57,0xFFCF7C57,0xFFCC7A56,
    0xFF1F2232,0xFF1B1D2D,0xFF252736,0xFF10101E,0xFF59535D,0xFFA39699,0xFFAA938F,0xFFA68C88,
    0xFFA79292,0xFFA99393,0xFFAC9290,0xFFAB918F,0xFFA78F90,0xFFA89090,0xFFA89090,0xFFAA8E8B,
    0xFFAF928D,0xFFB19490,0xFFB19590,0xFFAD9492,0xFFAA908F,0xFFA98F8E,0xFFAA918F,0xFFA9908B,
    0xFFAB8D8A,0xFFB08C8B,0xFFAF8887,0xFFAB8580,0xFFAA857F,0xFFA8837E,0xFFA6807C,0xFFA87F7D,
    0xFFA87E79,0xFFA77C76,0xFFA77E7A,0xFFA37A77,0xFFA37772,0xFFA47570,0xFFA1746F,0xFFA37670,
    0xFFA77773,0xFFAC7B76,0xFFB37D75,0xFFBA8479,0xFFBB8479,0xFFB57F74,0xFFA97871,0xFFA1716C,
    0xFF9F716D,0xFF9B726E,0xFF97726F,0xFF977170,0xFF976F71,0xFF936E6E,0xFF906E6B,0xFF8E6D6B,
    0xFF8D6C6A,0xFF896B6E,0xFF876A6D,0xFF876A6D,0xFF85686B,0xFF806869,0xFF7E6666,0xFF7C6565,
    0xFF7C6366,0xFF7D6368,0xFF7D6368,0xFF7E6469,0xFF826669,0xFF876968,0xFF8A6C6B,0xFF8B6E6C,
    0xFF8D6E6D,0xFF8E6C6B,0xFF926A6A,0xFF936867,0xFF8E6B65,0xFF926D66,0xFF996C63,0xFF9D6C60,
    0xFFA06E64,0xFFA76D66,0xFFAA6F67,0xFFAC7267,0xFFAD7163,0xFFB07264,0xFFB57565,0xFFBE796A,
    0xFFCD8372,0xFFC6826C,0xFFB87666,0xFFAA6C63,0xFF9F6B66,0xFF986966,0xFF9A6861,0xFF976865,
    0xFF936563,0xFF976763,0xFF9D6B67,0xFF9E6A67,0xFF976965,0xFF966862,0xFF95655E,0xFF8F645A,
    0xFF8E625F,0xFF8A615E,0xFF84605A,0xFF81615F,0xFF7F5F60,0xFF7E5C5D,0xFF7A5C5E,0xFF755C60,
    0xFF735B5F,0xFF745D61,0xFF725F5F,0xFF705E5E,0xFF725E61,0xFF725D62,0xFF725D5F,0xFF725D5F,
    0xFF715C5E,0xFF705A5D,0xFF6E5962,0xFF6E5962,0xFF705B63,0xFF6F5B62,0xFF6D5A5E,0xFF69595E,
    0xFF665960,0xFF65575E,0xFF64565A,0xFF5F535A,0xFF5B5159,0xFF574F57,0xFF564E56,0xFF554D55,
    0xFF544B54,0xFF534B56,0xFF534A56,0xFF544B56,0xFF544B55,0xFF574D54,0xFF5A4E55,0xFF5D4E57,
    0xFF605058,0xFF665257,0xFF6E5457,0xFF775859,0xFF855B57,0xFF965F52,0xFFA96A5C,0xFFB26A5C,
    0xFFB76750,0xFFD8795A,0xFFDE7B59,0xFFD07755,0xFFCD7652,0xFFCF7F5E,0xFFD2805D,0xFFE18153,
    0xFFE78550,0xFFE2854F,0xFFE88B57,0xFFE27E4F,0xFFEE8652,0xFFF88F4E,0xFFE67C47,0xFFEA8352,
    0xFFEC8D55,0xFFCC7451,0xFFBC6E56,0xFFB26A53,0xFFB46F58,0xFFB7715C,0xFFB16C59,0xFFAE6B52,
    0xFFB47056,0xFFB9725C,0xFFB56C56,0xFFB26B55,0xFFA96755,0xFFAD6852,0xFFB86C50,0xFFB96B4F,
    0xFFC36E4B,0xFFD27048,0xFFE37647,0xFFF38843,0xFFFBA843,0xFFFFC94A,0xFFFEC348,0xFFFAB040,
    0xFFFDBB4B,0xFFF8AB44,0xFFFFC44F,0xFFFDDD58,0xFFFFCE56,0xFFFDB84C,0xFFFFCC58,0xFFF7C34E,
    0xFFFAD04C,0xFFFADB5D,0xFFFCDD69,0xFFFCCD77,0xFFEFB37B,0xFFE5A984,0xFFDFA285,0xFFDEA484,
    0xFFD7A080,0xFFD49A7D,0xFFDBA37F,0xFFE2A889,0xFFDE9E7C,0xFFDA946C,0xFFDA8E6B,0xFFD1855F,
    0xFFC97A53,0xFFC57551,0xFFC3714F,0xFFC46E4D,0xFFC36C4C,0xFFC76F4B,0xFFCC7048,0xFFD17046,
    0xFFD67445,0xFFE67D45,0xFFFB8E42,0xFFFAA438,0xFFFFD34B,0xFFFEE050,0xFFF8C240,0xFFFBB345,
    0xFFF8A347,0xFFFCA44F,0xFFF9A551,0xFFF6A552,0xFFF5A34F,0xFFEAA049,0xFFF4B65E,0xFFF3B561,
    0xFFF8B960,0xFFF9CB6B,0xFFF2BE76,0xFFE9A067,0xFFE9AA65,0xFFFBE067,0xFFFAD354,0xFFF5A440,
    0xFFF99346,0xFFEA8247,0xFFE37948,0xFFDB7745,0xFFD87847,0xFFDE7949,0xFFE17A45,0xFFE57C44,
    0xFFE97D45,0xFFE97C44,0xFFEE8147,0xFFF78340,0xFFF28F40,0xFFFAA74A,0xFFFFA84A,0xFFF48F45,
    0xFFEB8547,0xFFEA8349,0xFFEB8547,0xFFF08949,0xFFEF894D,0xFFE8834A,0xFFE58449,0xFFE58649,
    0xFFE3824A,0xFFE17E4B,0xFFE27E4B,0xFFDC7F4A,0xFFD97F4C,0xFFDE7F4F,0xFFDF7F4D,0xFFE1804B,
    0xFFE8814C,0xFFF08750,0xFFEE8D52,0xFFEE8A50,0xFFEE854F,0xFFF2854D,0xFFF28749,0xFFEA8945,
    0xFFF09048,0xFFF99B4D,0xFFFDA252,0xFFF89851,0xFFF4904E,0xFFED8C4F,0xFFEB8A4E,0xFFEF874F,
    0xFFF18550,0xFFEE854B,0xFFEF8848,0xFFF38D47,0xFFF89248,0xFFFA984C,0xFFFC9E4D,0xFFFEA44D,
    0xFFFFA84C,0xFFFEA74A,0xFFFDA24C,0xFFFD9D4F,0xFFFA9851,0xFFF08F51,0xFFE68751,0xFFE48456,
    0xFFDF8459,0xFFDC8358,0xFFDC8257,0xFFDA8055,0xFFD87C57,0xFFD87B55,0xFFD97E51,0xFFDB8150,
    0xFF1E202F,0xFF1F2130,0xFF232534,0xFF282A3A,0xFF0E101F,0xFF241E27,0xFFA59798,0xFFB29E9B,
    0xFFA18A88,0xFFA48E8B,0xFFA59190,0xFFA99392,0xFFA99191,0xFFA89090,0xFFA58D8D,0xFFA58B8B,
    0xFFA88D8C,0xFFA88E8D,0xFFAA908E,0xFFA68B89,0xFFA48886,0xFFA18583,0xFFA18684,0xFF9C8784,
    0xFF9C8281,0xFFA08081,0xFFA68584,0xFFA88780,0xFFAA8681,0xFFAC8480,0xFFAC817D,0xFFAF847C,
    0xFFB0847B,0xFFB28378,0xFFB0827B,0xFFAF817B,0xFFB08077,0xFFB17F75,0xFFB27E71,0xFFAE796F,
    0xFFAA7770,0xFFA87570,0xFFA9766E,0xFFAB796F,0xFFB07D74,0xFFB6837A,0xFFB5837B,0xFFAF7F78,
    0xFFA77974,0xFFA1766F,0xFF9E736C,0xFF9B706C,0xFF9A6E6C,0xFF97706D,0xFF94716C,0xFF94706C,
    0xFF936F6B,0xFF926E6D,0xFF936F6E,0xFF926F6E,0xFF916E6D,0xFF8D6D6E,0xFF8B6C6C,0xFF8B6B6C,
    0xFF896A6C,0xFF85686C,0xFF83666A,0xFF826569,0xFF816467,0xFF826465,0xFF836567,0xFF856769,
    0xFF886A69,0xFF8E6C69,0xFF956E6A,0xFF9E726E,0xFFA2756E,0xFFA6766C,0xFFB0766B,0xFFB27466,
    0xFFB27466,0xFFBB776A,0xFFC07A6B,0xFFC07E6D,0xFFC27C6B,0xFFC77F6D,0xFFCB826D,0xFFC97D69,
    0xFFCD8069,0xFFCF856B,0xFFCA816D,0xFFBA7668,0xFFA76E63,0xFF9F6A64,0xFFA56D64,0xFFAA7066,
    0xFFA46D63,0xFF9E6760,0xFFA26B64,0xFFA76C65,0xFFA36D65,0xFFA26F66,0xFFA87167,0xFFA76F63,
    0xFFA86D65,0xFFAB6D5F,0xFFAB6C58,0xFF9E6455,0xFF946159,0xFF8E6462,0xFF846161,0xFF7D5F5E,
    0xFF7C5E60,0xFF785C5F,0xFF775C5D,0xFF775C5E,0xFF775C61,0xFF785B62,0xFF755E61,0xFF755E61,
    0xFF745D60,0xFF745D61,0xFF735D61,0xFF735C61,0xFF715B5F,0xFF725C5F,0xFF6F5C5D,0xFF6D5C5E,
    0xFF6B5C5F,0xFF6A5B60,0xFF695A5F,0xFF63575E,0xFF5F545D,0xFF5D525A,0xFF5C5059,0xFF5A4E57,
    0xFF584D55,0xFF574C56,0xFF584C56,0xFF574C56,0xFF574B55,0xFF594D54,0xFF5C4E55,0xFF5F4D56,
    0xFF624F56,0xFF665256,0xFF6D5255,0xFF755555,0xFF815955,0xFF905E55,0xFFA56656,0xFFB66853,
    0xFFBB694E,0xFFCC714E,0xFFD77149,0xFFDB7B4F,0xFFD47851,0xFFCC7858,0xFFCC7755,0xFFEA8A5D,
    0xFFEF8C5E,0xFFE48857,0xFFDF824D,0xFFE7874E,0xFFF2964C,0xFFFB9E47,0xFFF39047,0xFFF0874E,
    0xFFEF8954,0xFFD4754F,0xFFCF7858,0xFFC87755,0xFFC67958,0xFFC6795D,0xFFBE735A,0xFFB56D57,
    0xFFB56D55,0xFFC0765B,0xFFC87D5F,0xFFC67956,0xFFBA6F51,0xFFBA6C50,0xFFC16D4F,0xFFC16F4D,
    0xFFD0744C,0xFFDF7645,0xFFEE7D46,0xFFF99048,0xFFF8AE48,0xFFFFD856,0xFFFCCE55,0xFFF8BD50,
    0xFFFFCF5E,0xFFF6BC4C,0xFFFAC549,0xFFFDDD59,0xFFFBCE55,0xFFFAC24E,0xFFFFCE5E,0xFFFBC85F,
    0xFFF8CF55,0xFFFFE168,0xFFFAD76A,0xFFE8B468,0xFFE6A77A,0xFFE4A47F,0xFFE6A882,0xFFE6AA87,
    0xFFDFA583,0xFFD69C7A,0xFFE1AC7E,0xFFEEBA91,0xFFEAB081,0xFFEDA972,0xFFE19666,0xFFD8885E,
    0xFFD7825D,0xFFD37D53,0xFFD0784C,0xFFCF744A,0xFFCE7249,0xFFCF724B,0xFFD4734A,0xFFD97448,
    0xFFE07848,0xFFEE7E47,0xFFF8883D,0xFFF49C33,0xFFFBC946,0xFFFFDB50,0xFFF8B740,0xFFF49B40,
    0xFFF49349,0xFFED8D48,0xFFE98C48,0xFFEB8F4D,0xFFEC8E4B,0xFFE58E44,0xFFFAB963,0xFFEFB556,
    0xFFF5B44B,0xFFFDD766,0xFFFFE28C,0xFFECB971,0xFFEEC06D,0xFFF8DE62,0xFFF5BF45,0xFFF99C3F,
    0xFFFB934B,0xFFEE854A,0xFFE67B4B,0xFFE37A47,0xFFE17948,0xFFE77C49,0xFFEF8348,0xFFFA8A49,
    0xFFFA8943,0xFFF88C3F,0xFFFC9540,0xFFF79C3A,0xFFF8AD41,0xFFFEB846,0xFFFFAC40,0xFFF59145,
    0xFFED8745,0xFFEC8646,0xFFEE8847,0xFFEE8547,0xFFED8247,0xFFEE824A,0xFFF0854A,0xFFF08548,
    0xFFEE8248,0xFFEE814A,0xFFEB814A,0xFFE58149,0xFFE3814B,0xFFE8804E,0xFFE5844C,0xFFE7864B,
    0xFFEA874B,0xFFED884A,0xFFF08647,0xFFF28A48,0xFFF58F47,0xFFF79246,0xFFF89946,0xFFF7A54C,
    0xFFFDB053,0xFFFFAD56,0xFFF99C4D,0xFFF19147,0xFFF28E4B,0xFFF58F4F,0xFFF48E4C,0xFFF28D47,
    0xFFF49247,0xFFF39849,0xFFF9A24E,0xFFFBA94D,0xFFFDAE4E,0xFFFEB151,0xFFFFB152,0xFFFFAF53,
    0xFFFFA950,0xFFFFA34E,0xFFFD9F4E,0xFFFB984E,0xFFF7924C,0xFFF38D4D,0xFFEE8A50,0xFFE98753,
    0xFFE58352,0xFFE38150,0xFFE2804F,0xFFE28050,0xFFE48151,0xFFE98652,0xFFED8B52,0xFFF18F53,
    0xFF1D1F2E,0xFF282A39,0xFF262836,0xFF272A3B,0xFF1E2437,0xFF181927,0xFF332E38,0xFF83767A,
    0xFFB19C98,0xFFA38C87,0xFF9F8E8D,0xFFA08D8E,0xFFA68D8D,0xFFA79090,0xFFA68E8E,0xFFA48C8D,
    0xFFA58D8E,0xFFA38C8C,0xFFA48C8C,0xFFAA8E8A,0xFFA88C88,0xFFA68985,0xFFA28682,0xFF9E8685,
    0xFF9F8584,0xFF9F8283,0xFFA08381,0xFFA0847D,0xFFA78480,0xFFB08584,0xFFB48984,0xFFB78C82,
    0xFFBD9084,0xFFBD8E80,0xFFBC8B81,0xFFBA887E,0xFFBE8A7E,0xFFC38D7F,0xFFC98E7C,0xFFCB907F,
    0xFFC68D82,0xFFBC847B,0xFFB58073,0xFFAE7C71,0xFFA9786F,0xFFAA7971,0xFFAE7C72,0xFFB07F77,
    0xFFAD7F78,0xFFAB7D74,0xFFAE7E73,0xFFAD7D76,0xFFAA7974,0xFFA27773,0xFF9E7772,0xFF9D7570,
    0xFF9B736F,0xFF9B726D,0xFF9C736E,0xFF9B726D,0xFF9B726D,0xFF997172,0xFF986F70,0xFF966E6E,
    0xFF946D6D,0xFF8F6E6D,0xFF8E6C6C,0xFF8C6A6A,0xFF8B6A6A,0xFF8A6A6C,0xFF8A6A6B,0xFF8A6A6C,
    0xFF8B6A67,0xFF906C65,0xFF966D66,0xFF9C6F68,0xFFA97368,0xFFB3766A,0xFFC07C6D,0xFFCE8474,
    0xFFCF8573,0xFFD7866C,0xFFD78568,0xFFCF8065,0xFFD08065,0xFFDA886C,0xFFDC886A,0xFFD68366,
    0xFFD78769,0xFFDA8B6A,0xFFD7866C,0xFFCC8069,0xFFB57561,0xFFAE7063,0xFFB27266,0xFFBD7865,
    0xFFBE7966,0xFFB37261,0xFFB27161,0xFFB56F62,0xFFAC6D5F,0xFFA96F62,0xFFAC6E63,0xFFB06E62,
    0xFFB87365,0xFFC87861,0xFFD77F61,0xFFD37C5F,0xFFB96C54,0xFFA16559,0xFF976760,0xFF92645C,
    0xFF8C625E,0xFF835C5C,0xFF7A5B59,0xFF765B59,0xFF745B5B,0xFF735B5C,0xFF765B5C,0xFF785C5D,
    0xFF7B5F60,0xFF7D6162,0xFF7B605E,0xFF7B605E,0xFF7A5F5D,0xFF795E5C,0xFF79605D,0xFF77605E,
    0xFF745F5F,0xFF715D5F,0xFF6C595D,0xFF69585D,0xFF65565D,0xFF64545A,0xFF635258,0xFF605055,
    0xFF5F4E54,0xFF5E4D55,0xFF5D4C55,0xFF5D4C55,0xFF5D4C55,0xFF5E4D53,0xFF604E54,0xFF624D54,
    0xFF644E55,0xFF685255,0xFF6E5254,0xFF765352,0xFF7E5755,0xFF8C5E58,0xFFAC6B5A,0xFFC36F55,
    0xFFBF6B4D,0xFFCD724B,0xFFE77E49,0xFFF08A4D,0xFFDF804B,0xFFCB704A,0xFFCC724E,0xFFE18258,
    0xFFDD7C53,0xFFD97E54,0xFFE68A59,0xFFEB8E4E,0xFFFAAA4B,0xFFFEB448,0xFFFDA94A,0xFFF28C46,
    0xFFEB7F4C,0xFFE17C51,0xFFDB7D52,0xFFD97F52,0xFFE18B5F,0xFFDB8963,0xFFD18160,0xFFC2765D,
    0xFFBF745B,0xFFC77A59,0xFFC87B54,0xFFD98658,0xFFD37D53,0xFFCD734F,0xFFD47A57,0xFFD57B4F,
    0xFFE6804C,0xFFF28746,0xFFF78A43,0xFFFD9144,0xFFF7A744,0xFFFECE59,0xFFFECB62,0xFFF4B25A,
    0xFFFABC5D,0xFFFEC157,0xFFFAC64E,0xFFFDDC62,0xFFFCD161,0xFFFCD15F,0xFFF5C65F,0xFFF5C06D,
    0xFFFCD069,0xFFF9D766,0xFFF8CF6D,0xFFEBB171,0xFFEAA77D,0xFFE4A274,0xFFE5A572,0xFFE1A17B,
    0xFFDC9E7B,0xFFE2A67F,0xFFF3BF89,0xFFF0BF8A,0xFFF4C184,0xFFFCC478,0xFFE19B58,0xFFDD8C57,
    0xFFE4895F,0xFFE18358,0xFFDB7C51,0xFFDA794E,0xFFD8764B,0xFFD77648,0xFFDA7646,0xFFDF7642,
    0xFFE87B45,0xFFF58245,0xFFF88A3D,0xFFFEA843,0xFFFFCB4E,0xFFFCC945,0xFFFCB144,0xFFF99949,
    0xFFF78F51,0xFFF18B51,0xFFE58148,0xFFE5834B,0xFFE7834E,0xFFE88948,0xFFEFA34C,0xFFF5BB55,
    0xFFF2C84D,0xFFF9E160,0xFFF3CF71,0xFFF3BE6C,0xFFFDE07C,0xFFF9DE61,0xFFFCBA49,0xFFFF9A41,
    0xFFF58B44,0xFFEC8148,0xFFEA7E4A,0xFFE97B45,0xFFE97A45,0xFFEC7E44,0xFFF78C47,0xFFFE9C49,
    0xFFFEA747,0xFFFCAE41,0xFFFEB43F,0xFFFBC74F,0xFFFED65B,0xFFFDCF56,0xFFFEB94B,0xFFF79445,
    0xFFEE8841,0xFFF5924A,0xFFFA964E,0xFFF28848,0xFFF18445,0xFFF28346,0xFFF78846,0xFFF68843,
    0xFFF48842,0xFFF58B45,0xFFF28E48,0xFFF18C48,0xFFF2894A,0xFFF48A4D,0xFFF78B4B,0xFFF68C49,
    0xFFF28C45,0xFFF38D44,0xFFF89145,0xFFFB9C47,0xFFFAA445,0xFFFBAB45,0xFFFEB64E,0xFFFEBF53,
    0xFFFDC153,0xFFF9AE4D,0xFFF69B4A,0xFFF79B4B,0xFFFA9B50,0xFFFE9A4F,0xFFFB9A49,0xFFF9A246,
    0xFFFCAC48,0xFFFDB54E,0xFFFFBE53,0xFFFFC454,0xFFFEC452,0xFFFEC351,0xFFFEBA51,0xFFFDAE51,
    0xFFFCA44E,0xFFFC9E4D,0xFFFA994B,0xFFFB984C,0xFFFE984F,0xFFFD964F,0xFFF7924E,0xFFF08D4E,
    0xFFEF8A4C,0xFFEF894A,0xFFF18B4C,0xFFF38D4F,0xFFF6914E,0xFFFB9751,0xFFFD9A50,0xFFFE9B51,
    0xFF222433,0xFF282A39,0xFF2B2C3B,0xFF282C3C,0xFF161C30,0xFF202333,0xFF1F1F2B,0xFF1E1A23,
    0xFFA99B9A,0xFFB49B93,0xFFA9958F,0xFFA79494,0xFFA88F90,0xFFA99191,0xFFA99191,0xFFAA908F,
    0xFFAC918F,0xFFAC9291,0xFFAF9492,0xFFB0928E,0xFFB3948F,0xFFB2938E,0xFFAE8F8A,0xFFAC8C88,
    0xFFAB8B87,0xFFA98986,0xFFA58884,0xFFA28581,0xFFA58380,0xFFA68180,0xFFA9847F,0xFFAD867D,
    0xFFB48B81,0xFFB4897D,0xFFB6877D,0xFFB8877E,0xFFBD897E,0xFFC08B7F,0xFFBF897A,0xFFC28A7B,
    0xFFCB8F82,0xFFD09182,0xFFCB8F7C,0xFFC68E7D,0xFFB98679,0xFFB07F73,0xFFAB7A6C,0xFFA9796E,
    0xFFA97C74,0xFFAB7E74,0xFFAD7F74,0xFFAE7F77,0xFFAC7C78,0xFFA77A76,0xFFA47873,0xFFA37772,
    0xFFA17670,0xFFA17670,0xFFA0766F,0xFFA27771,0xFFA27771,0xFFA07673,0xFF9F7572,0xFF9C7370,
    0xFF9A726F,0xFF99716E,0xFF99726E,0xFF99726E,0xFF98706E,0xFF98706E,0xFF986F6D,0xFF976F6D,
    0xFF99706B,0xFF9F726B,0xFFA9776F,0xFFAC776F,0xFFB37668,0xFFBD7B67,0xFFC87F6B,0xFFD1836D,
    0xFFDB8A70,0xFFED976E,0xFFF49D6F,0xFFEA956D,0xFFE6916B,0xFFE8926B,0xFFE99066,0xFFE58E67,
    0xFFE6926C,0xFFEA956C,0xFFEF9574,0xFFE28E6E,0xFFC88063,0xFFBE7865,0xFFC07767,0xFFC57963,
    0xFFC77B62,0xFFD38467,0xFFD58365,0xFFD3806C,0xFFBE7663,0xFFB37261,0xFFB16E62,0xFFB16D60,
    0xFFB27262,0xFFC0755E,0xFFDC7F62,0xFFED8A65,0xFFE8875F,0xFFC87755,0xFFB06A53,0xFFA86655,
    0xFFA3685B,0xFF9A645C,0xFF8C6159,0xFF815C54,0xFF7B5B53,0xFF785B54,0xFF7A5754,0xFF7B5754,
    0xFF7F5A58,0xFF835E5C,0xFF86605B,0xFF87615C,0xFF87615B,0xFF87615B,0xFF85615D,0xFF805E5B,
    0xFF805F5E,0xFF806160,0xFF7B5E5D,0xFF765B5C,0xFF71595A,0xFF6D5759,0xFF6B5558,0xFF695355,
    0xFF675154,0xFF664F55,0xFF654E53,0xFF644D53,0xFF644E53,0xFF624F54,0xFF634E54,0xFF674E54,
    0xFF685056,0xFF6A5355,0xFF725454,0xFF795452,0xFF7F5753,0xFF8A5A51,0xFFAA6855,0xFFD07B60,
    0xFFC97152,0xFFD06F44,0xFFED8342,0xFFFE9C4B,0xFFFEA455,0xFFE5864F,0xFFCF704B,0xFFDC7D57,
    0xFFD8794E,0xFFD47A55,0xFFD87E54,0xFFE6884E,0xFFFDA74E,0xFFFFBB49,0xFFFFB848,0xFFF89A45,
    0xFFEF864A,0xFFE4804D,0xFFE38252,0xFFE58853,0xFFF29865,0xFFE49065,0xFFD58661,0xFFC87B5B,
    0xFFC97B5B,0xFFCE7E5B,0xFFCE7D55,0xFFD88356,0xFFEB8F5F,0xFFDD7E51,0xFFD5784E,0xFFE5814D,
    0xFFF78B4B,0xFFFF9F4B,0xFFFDA344,0xFFFFA746,0xFFFCAE4A,0xFFFBB759,0xFFF8B462,0xFFF2A460,
    0xFFF9A764,0xFFFCB35E,0xFFFFD065,0xFFFDDA74,0xFFFAC670,0xFFFFD272,0xFFF9CA70,0xFFE9AE72,
    0xFFEFBA68,0xFFFAD26A,0xFFF6C873,0xFFE2A36C,0xFFF5AF7E,0xFFFBB978,0xFFF8B777,0xFFE29F75,
    0xFFE09F7B,0xFFE8A77F,0xFFF7BD87,0xFFEDB981,0xFFEFBB78,0xFFFED275,0xFFF7BE64,0xFFEBA056,
    0xFFEB9354,0xFFE78950,0xFFE4864D,0xFFE5854D,0xFFE17F47,0xFFE37F45,0xFFE47C40,0xFFE87B3C,
    0xFFF48441,0xFFF9893F,0xFFF49038,0xFFF5A63C,0xFFFCC84B,0xFFFED251,0xFFFCB84A,0xFFFA9F4C,
    0xFFF08948,0xFFED884C,0xFFE58146,0xFFE48349,0xFFE4844F,0xFFED894D,0xFFF09645,0xFFFABB57,
    0xFFFFE267,0xFFF9E561,0xFFF2CA65,0xFFF3BA5E,0xFFFDE06E,0xFFF4D356,0xFFF4AF40,0xFFFA943C,
    0xFFF4883F,0xFFF08344,0xFFEE8145,0xFFEE8044,0xFFEE8046,0xFFEF8543,0xFFF48D3C,0xFFF9AC43,
    0xFFFFD058,0xFFF9CC4D,0xFFFCCA49,0xFFFFD75B,0xFFFCDA5F,0xFFFED662,0xFFFAB750,0xFFF28F3B,
    0xFFF59144,0xFFFFA050,0xFFFD9848,0xFFF68A43,0xFFF58D42,0xFFF79245,0xFFF89944,0xFFF69D41,
    0xFFFAA746,0xFFFCAF4A,0xFFFCAB4C,0xFFF99D46,0xFFF89642,0xFFF99746,0xFFFD9743,0xFFFA9A41,
    0xFFFAA144,0xFFFBAA49,0xFFFBB24E,0xFFFEBC52,0xFFFDC353,0xFFFEC956,0xFFFECC58,0xFFFDCB58,
    0xFFFEC557,0xFFF9B14D,0xFFF9A84B,0xFFFBA94C,0xFFFBA549,0xFFF8A847,0xFFFBB14B,0xFFFEBC51,
    0xFFFFC453,0xFFFFC854,0xFFFFC854,0xFFFFC753,0xFFFFC552,0xFFFDBC4F,0xFFFAB14A,0xFFFBA74B,
    0xFFFDA34D,0xFFFBA34E,0xFFFCA14D,0xFFFEA14D,0xFFFFA04E,0xFFFF9C4C,0xFFFB9A4D,0xFFF8994D,
    0xFFF89B4C,0xFFFA9D4C,0xFFFC9F4F,0xFFFFA353,0xFFFFA550,0xFFFFA750,0xFFFFA850,0xFFFFA64F,
    0xFF242635,0xFF2D2F3E,0xFF262837,0xFF202332,0xFF212536,0xFF1D1E2D,0xFF35333F,0xFF1C1D29,
    0xFF655F65,0xFFD3BCB4,0xFFBDA49A,0xFFB49D9A,0xFFB09898,0xFFAC9594,0xFFAD9495,0xFFAF9390,
    0xFFB29591,0xFFB49793,0xFFB39794,0xFFB1938E,0xFFB2948F,0xFFB99B96,0xFFBB9B96,0xFFBB968F,
    0xFFB8948D,0xFFB5938A,0xFFB18E89,0xFFAD8989,0xFFA78684,0xFFA38482,0xFFA38480,0xFFA4837D,
    0xFFA9857E,0xFFAE8981,0xFFB38881,0xFFB88982,0xFFBB8A81,0xFFBE8C81,0xFFBB8C83,0xFFBE8A7F,
    0xFFC78A7B,0xFFCE8C79,0xFFD7967D,0xFFD29780,0xFFC18A79,0xFFC08D7E,0xFFBB897B,0xFFAF7E72,
    0xFFAB7D72,0xFFA77B72,0xFFA67A73,0xFFA77A76,0xFFA67A78,0xFFA67A75,0xFFA57873,0xFFA57872,
    0xFFA47772,0xFFA17872,0xFFA07872,0xFFA07872,0xFFA07872,0xFFA17872,0xFFA27974,0xFFA47B76,
    0xFFA37974,0xFFA37872,0xFFA37973,0xFFA57A74,0xFFA77B74,0xFFA97972,0xFFA87872,0xFFA87872,
    0xFFA87771,0xFFAA7670,0xFFB27971,0xFFBA7F76,0xFFC08370,0xFFCA8870,0xFFD1876D,0xFFD28367,
    0xFFDB8869,0xFFF19968,0xFFF7A067,0xFFF39F6E,0xFFF49F71,0xFFF8A272,0xFFFCA371,0xFFF79E6F,
    0xFFF19C70,0xFFF1986B,0xFFF69773,0xFFF29976,0xFFD48665,0xFFCE836C,0xFFD28370,0xFFCE816A,
    0xFFD48468,0xFFE48C69,0xFFEC8D66,0xFFE38970,0xFFD1846D,0xFFC4806C,0xFFBD7768,0xFFB37165,
    0xFFAA7162,0xFFB47360,0xFFCA7860,0xFFE1815C,0xFFF68C5A,0xFFF4925D,0xFFDF8860,0xFFC77559,
    0xFFB66C56,0xFFB06D5D,0xFFAF6B60,0xFFAA685F,0xFFA0655C,0xFF99635A,0xFF93635B,0xFF91625A,
    0xFF8F6058,0xFF8E5E55,0xFF8F5E55,0xFF93625A,0xFF95645D,0xFF986761,0xFF996863,0xFF8F625E,
    0xFF8A5F5D,0xFF89625D,0xFF8B655F,0xFF87645F,0xFF7F5D59,0xFF775A5B,0xFF74595C,0xFF725759,
    0xFF6F5558,0xFF6D5357,0xFF6C5156,0xFF6B5055,0xFF6A5054,0xFF675054,0xFF684F54,0xFF6B5054,
    0xFF6C5155,0xFF6D5355,0xFF745554,0xFF7D5653,0xFF845851,0xFF8F5A4E,0xFFA25F4C,0xFFBB6950,
    0xFFC86B4D,0xFFDE7749,0xFFF48B42,0xFFF89D3D,0xFFF9A03C,0xFFF08F47,0xFFDE7C52,0xFFDB7D59,
    0xFFE38657,0xFFCD734F,0xFFD17853,0xFFE2814E,0xFFF7954B,0xFFF7AC41,0xFFFCB742,0xFFFAA444,
    0xFFF08C45,0xFFEB8A51,0xFFE68655,0xFFE88B53,0xFFEC925C,0xFFDE8C5F,0xFFD48864,0xFFD3855E,
    0xFFD2835A,0xFFCF7C55,0xFFCC7955,0xFFD68059,0xFFEF9060,0xFFDF7F4E,0xFFDC7F50,0xFFF68B51,
    0xFFF88C43,0xFFFDA644,0xFFFBBD48,0xFFFDCB51,0xFFFBC359,0xFFF5B462,0xFFFBB871,0xFFEEA569,
    0xFFF4A570,0xFFF2AA66,0xFFF9C86F,0xFFFDD584,0xFFEEAE6F,0xFFF5B76C,0xFFF9C276,0xFFF0AD80,
    0xFFEAAA69,0xFFFFD073,0xFFFFCE82,0xFFEAA873,0xFFF1AA6F,0xFFFFBC6B,0xFFEEAC65,0xFFE29C70,
    0xFFE3A07A,0xFFDE986F,0xFFE8A471,0xFFFABE88,0xFFECAF6C,0xFFF6CB63,0xFFFED467,0xFFFDBD5E,
    0xFFFAA853,0xFFF9A54C,0xFFF8A54A,0xFFFBA64C,0xFFF1963F,0xFFF69149,0xFFF68E45,0xFFF7893D,
    0xFFF98A3B,0xFFFC913B,0xFFFAA13D,0xFFF6B43F,0xFFF8CC4C,0xFFFFD757,0xFFF9BB49,0xFFF8A748,
    0xFFF29348,0xFFEF8D49,0xFFF79C57,0xFFEB8E4B,0xFFE1864B,0xFFE78448,0xFFF29045,0xFFF5A54C,
    0xFFF6B54C,0xFFFEDE62,0xFFFFEA7A,0xFFEAC356,0xFFF1C952,0xFFFDDC5E,0xFFFBBE4F,0xFFFA9A40,
    0xFFF98F3D,0xFFF68B43,0xFFF48942,0xFFF48745,0xFFF28646,0xFFF28D42,0xFFF5973B,0xFFF9B946,
    0xFFFCD556,0xFFFED658,0xFFF9BF43,0xFFF7B635,0xFFEDB233,0xFFFBBA46,0xFFFCA741,0xFFF79340,
    0xFFF99445,0xFFF99743,0xFFFC9540,0xFFFE9244,0xFFFD9A45,0xFFFDA649,0xFFFDB54D,0xFFFEC351,
    0xFFFFCE57,0xFFFED154,0xFFFDC34E,0xFFFDB247,0xFFFCAA43,0xFFFCAC45,0xFFF8B146,0xFFFCBF4E,
    0xFFFECB56,0xFFFFD259,0xFFFED65E,0xFFFEDB63,0xFFFEDB64,0xFFFEDA62,0xFFF9D25B,0xFFFBCF5E,
    0xFFFEC35C,0xFFFAB550,0xFFFAB64C,0xFFFCB54B,0xFFFDB54A,0xFFFEC453,0xFFFFCD59,0xFFFFCD5A,
    0xFFFCCC5A,0xFFFDCA56,0xFFFDC553,0xFFFEBF52,0xFFFEB94F,0xFFFEB04E,0xFFFDAC4D,0xFFFFA94E,
    0xFFFFA84F,0xFFFDAC50,0xFFFEAA4E,0xFFFEA84B,0xFFFFA44A,0xFFFEA14B,0xFFFCA34D,0xFFFCA44E,
    0xFFFCA84D,0xFFFEAD50,0xFFFFB053,0xFFFFAF53,0xFFFDAF4F,0xFFFDAF4E,0xFFFDAF50,0xFFFEAF51,
    0xFF2C2C3A,0xFF2A2C3A,0xFF161929,0xFF212332,0xFF2B2E3A,0xFF292934,0xFF34303A,0xFF252632,
    0xFF151B29,0xFF4C484F,0xFFAD9B97,0xFFC3A9A1,0xFFB09D96,0xFFAB9B94,0xFFB19394,0xFFAE918F,
    0xFFA9928D,0xFFA99291,0xFFA79290,0xFFA9908D,0xFFAB908D,0xFFAF9493,0xFFB69997,0xFFBA9A90,
    0xFFBCA09A,0xFFBBA199,0xFFC9A5A1,0xFFBA9091,0xFFAC8C83,0xFFA98885,0xFFA78585,0xFFA58582,
    0xFFA68683,0xFFAA8A87,0xFFB58E86,0xFFB98F84,0xFFBB8D83,0xFFBE8F86,0xFFC08F83,0xFFC28D7D,
    0xFFC28C7D,0xFFBF8C80,0xFFD19682,0xFFD89E8A,0xFFC58D7A,0xFFC58C7B,0xFFCF9688,0xFFD1988C,
    0xFFC68D80,0xFFBD867B,0xFFB5817A,0xFFAD7D77,0xFFA97D78,0xFFAA7E7A,0xFFAB7E7A,0xFFAA7D77,
    0xFFAB7D77,0xFFAA7D75,0xFFA97C74,0xFFA87B73,0xFFA77B73,0xFFA87A73,0xFFA87B74,0xFFA97B74,
    0xFFA97C75,0xFFA77B74,0xFFA77B74,0xFFA87D75,0xFFAB7E77,0xFFB07E78,0xFFB07F78,0xFFB07E77,
    0xFFAC7D75,0xFFAA7B73,0xFFAC7B71,0xFFB27F73,0xFFBE8675,0xFFCF8D78,0xFFE09275,0xFFE58E6E,
    0xFFE89171,0xFFF89F6E,0xFFFAA26C,0xFFF4A071,0xFFF6A172,0xFFF8A171,0xFFFBA270,0xFFFBA270,
    0xFFF8A271,0xFFF39B71,0xFFED9471,0xFFEF9979,0xFFE08C70,0xFFD6856B,0xFFD7876F,0xFFDB8B6F,
    0xFFE38E70,0xFFE9906E,0xFFEC8E6A,0xFFE18A6D,0xFFD4896E,0xFFCC856F,0xFFC67C69,0xFFBF7769,
    0xFFB46F5F,0xFFB3705E,0xFFBA7560,0xFFCD7B5B,0xFFEB8755,0xFFFB8F54,0xFFFD965C,0xFFF1925D,
    0xFFD67F53,0xFFC97658,0xFFC67258,0xFFC8765E,0xFFC77864,0xFFC17662,0xFFBF7762,0xFFBE7B6B,
    0xFFC07B64,0xFFC77F5D,0xFFBC7857,0xFFB67455,0xFFB67662,0xFFB16F61,0xFFB77466,0xFFAC726A,
    0xFF98685A,0xFF93675A,0xFF9B6A61,0xFFA87366,0xFF9C695D,0xFF8E5F5A,0xFF885C5B,0xFF825B5A,
    0xFF7B5A5A,0xFF775856,0xFF755559,0xFF745458,0xFF735253,0xFF745152,0xFF735251,0xFF725351,
    0xFF725451,0xFF755451,0xFF7A5550,0xFF80554E,0xFF8A574D,0xFF955A4E,0xFFA1604E,0xFFB56649,
    0xFFC76B44,0xFFE57F49,0xFFFD9A49,0xFFFEB043,0xFFF6A43A,0xFFF99B44,0xFFF08C52,0xFFD77853,
    0xFFDC8153,0xFFD67A51,0xFFD67950,0xFFE1804C,0xFFE88242,0xFFF59B47,0xFFFFB44C,0xFFF8A940,
    0xFFFAA246,0xFFFEA454,0xFFF19756,0xFFEF9453,0xFFF6A064,0xFFE4986B,0xFFD38963,0xFFD5875D,
    0xFFEE9766,0xFFEE9564,0xFFD47F5B,0xFFDB815C,0xFFF29260,0xFFE7854F,0xFFE7834F,0xFFFD9450,
    0xFFFA9644,0xFFFCB049,0xFFFCCD51,0xFFFBDC5C,0xFFFFD470,0xFFECB267,0xFFFEC080,0xFFF2AE72,
    0xFFEFA76F,0xFFEDA26C,0xFFF0B476,0xFFF7C08B,0xFFE5A578,0xFFF7B97E,0xFFF9B77C,0xFFEFAA7F,
    0xFFEDAA78,0xFFFABC77,0xFFF1B675,0xFFEEAB78,0xFFF2A96F,0xFFFAB768,0xFFF7B569,0xFFF0A06D,
    0xFFF7AC7F,0xFFF1A976,0xFFE79B63,0xFFF6A96E,0xFFF6A761,0xFFFCCA63,0xFFFCDD66,0xFFFCD461,
    0xFFFEC85A,0xFFFABB4D,0xFFFEBE4A,0xFFFFC24E,0xFFF9B143,0xFFFAA43E,0xFFFEA941,0xFFFFAE43,
    0xFFF89E36,0xFFFB9A36,0xFFF5AD38,0xFFFCD657,0xFFFDEA67,0xFFF8CA50,0xFFF8A33D,0xFFFFB251,
    0xFFF99D4F,0xFFF18D42,0xFFFEAA53,0xFFF69E4A,0xFFE98847,0xFFEC8849,0xFFF38C48,0xFFF38C43,
    0xFFEF8C37,0xFFF5C155,0xFFFFF67C,0xFFF2D260,0xFFEDC044,0xFFFADF52,0xFFF9CA4C,0xFFF6A43C,
    0xFFFB9B39,0xFFFA993C,0xFFFB973E,0xFFF99240,0xFFFB923C,0xFFFDA23A,0xFFF7BC47,0xFFF8D95A,
    0xFFF8D755,0xFFFAC446,0xFFF6AD32,0xFFF8BA38,0xFFF9BF40,0xFFF9B03C,0xFFFBA13A,0xFFFB9B42,
    0xFFF89B40,0xFFFBA343,0xFFFAA23F,0xFFFEA340,0xFFFFAE47,0xFFFEC051,0xFFFFD860,0xFFFEDF63,
    0xFFFDDE61,0xFFFADD5E,0xFFFDDB62,0xFFFDD661,0xFFF9CF5B,0xFFFBCF5C,0xFFFBD765,0xFFFFDF6D,
    0xFFFFE170,0xFFFFE170,0xFFFFE474,0xFFFFE276,0xFFFEDF70,0xFFFEE06A,0xFFFBD964,0xFFFEDB70,
    0xFFFCD76F,0xFFFDD769,0xFFFCD460,0xFFF9CE5C,0xFFFCD05F,0xFFFFD863,0xFFFDD460,0xFFFDCC5D,
    0xFFFFC85D,0xFFFFC559,0xFFFCBD53,0xFFFCB64E,0xFFFEB44E,0xFFFEB250,0xFFFEB14F,0xFFFEB04F,
    0xFFFDAF4E,0xFFFCAC4E,0xFFFDAA4E,0xFFFFA950,0xFFFFA84E,0xFFFEAA4C,0xFFFCAC4F,0xFFFEB153,
    0xFFFEB452,0xFFFFB452,0xFFFEB255,0xFFFCAF54,0xFFFAB04F,0xFFFBB152,0xFFFDB154,0xFFFFB452,
    0xFF2C3143,0xFF1A1E2E,0xFF242431,0xFF32313D,0xFF181C28,0xFF282935,0xFF35343E,0xFF2B2932,
    0xFF272630,0xFF0E0C16,0xFF4A4043,0xFFBEB1AC,0xFFB9A8A3,0xFFB79D9C,0xFFB69D9B,0xFFB49A99,
    0xFFB39896,0xFFB29693,0xFFAF928F,0xFFAC918D,0xFFAB8F8A,0xFFB0928F,0xFFB79691,0xFFBF9F93,
    0xFFAA9796,0xFF322A30,0xFF5D5257,0xFFC7ABA9,0xFFC19C95,0xFFB3948A,0xFFAC8E87,0xFFAB8884,
    0xFFA98783,0xFFA88783,0xFFAD8881,0xFFB18A82,0xFFB48B85,0xFFB68B85,0xFFBE8F85,0xFFC79486,
    0xFFC18E80,0xFFBC8C81,0xFFC38C81,0xFFC99182,0xFFCE9180,0xFFCE917F,0xFFC88F7C,0xFFC88F7D,
    0xFFD19886,0xFFD89C89,0xFFD99C87,0xFFC69281,0xFFB38679,0xFFB1847A,0xFFB2837B,0xFFB3857D,
    0xFFB3847D,0xFFB5847B,0xFFB8867E,0xFFB9877F,0xFFB5847B,0xFFB38276,0xFFB38176,0xFFB38175,
    0xFFB18175,0xFFAF8177,0xFFAF8077,0xFFAE8076,0xFFAF7F75,0xFFAF7E75,0xFFAF7F76,0xFFB18077,
    0xFFAE8077,0xFFAC7E75,0xFFAD7D71,0xFFAE7D6F,0xFFB47C6D,0xFFC48370,0xFFDB8E75,0xFFE99478,
    0xFFEF9A7A,0xFFF7A274,0xFFF8A371,0xFFEF9F74,0xFFEC9E76,0xFFF0A076,0xFFF3A176,0xFFF7A376,
    0xFFF9A477,0xFFF59F77,0xFFED9773,0xFFE99476,0xFFE39074,0xFFDC8C71,0xFFDA8D73,0xFFE08F74,
    0xFFE49170,0xFFEC9471,0xFFF39873,0xFFE68D6C,0xFFD58768,0xFFCC856D,0xFFC37C6B,0xFFBC7768,
    0xFFBC7969,0xFFB47464,0xFFB17060,0xFFC2745C,0xFFD97D52,0xFFF28D55,0xFFFC9657,0xFFFC9A57,
    0xFFF89B5E,0xFFEC9564,0xFFE08860,0xFFDD855F,0xFFDD8863,0xFFDD8967,0xFFDC8560,0xFFD98869,
    0xFFDB8D6B,0xFFF09F70,0xFFF9A46F,0xFFEE9A63,0xFFEC9668,0xFFDB8762,0xFFD08367,0xFFC47D68,
    0xFFB2725E,0xFFA86B58,0xFFAE6D5A,0xFFC9826A,0xFFC37D67,0xFFAC6B57,0xFFA36755,0xFF9C6357,
    0xFF966159,0xFF8F5F51,0xFF8A5C53,0xFF875B55,0xFF81594F,0xFF805754,0xFF7C5553,0xFF7A5653,
    0xFF795653,0xFF7A5753,0xFF7E5752,0xFF835752,0xFF8B5852,0xFF955C53,0xFFA46150,0xFFBF6D4E,
    0xFFD9754D,0xFFE67B46,0xFFF28F3F,0xFFFAAF43,0xFFFFB948,0xFFFBA948,0xFFEA8B4B,0xFFD6744E,
    0xFFD77947,0xFFEC8D61,0xFFDD7D55,0xFFE48357,0xFFF18C59,0xFFE38543,0xFFF9A451,0xFFFCAD4B,
    0xFFFEB54B,0xFFFCAF4B,0xFFF2A14C,0xFFFAA659,0xFFFAAB67,0xFFE7A071,0xFFDA926E,0xFFD18865,
    0xFFE59668,0xFFF49F6C,0xFFDF885E,0xFFDB8352,0xFFF09959,0xFFF3995C,0xFFEE9159,0xFFF9A351,
    0xFFFCAC52,0xFFFDBE5B,0xFFFFD362,0xFFFBD35F,0xFFFDCA71,0xFFF5B677,0xFFF3B17C,0xFFF2B079,
    0xFFE7A16E,0xFFDF9667,0xFFE7A875,0xFFF0B387,0xFFE6A67F,0xFFE6A574,0xFFE09B6C,0xFFDB9570,
    0xFFDC956E,0xFFF6B47F,0xFFF2B37D,0xFFEBA97B,0xFFF8B681,0xFFFABE75,0xFFFFC573,0xFFEEA665,
    0xFFE79C62,0xFFECA26A,0xFFEFA36F,0xFFE89A63,0xFFEA9A59,0xFFEFAA55,0xFFFBCA68,0xFFFFE175,
    0xFFFCE270,0xFFFDDB68,0xFFFBD45A,0xFFFAD055,0xFFFED25A,0xFFFACC52,0xFFFAC94B,0xFFFFCE49,
    0xFFF9BF3C,0xFFF8B53C,0xFFFAC443,0xFFFFE25F,0xFFFAE260,0xFFEEB642,0xFFF7963B,0xFFF49040,
    0xFFEF8B41,0xFFF09041,0xFFF49E45,0xFFF9A14D,0xFFEE8A45,0xFFF38A48,0xFFF98D45,0xFFF78A40,
    0xFFEF8B42,0xFFE69A42,0xFFF6E174,0xFFFFF686,0xFFF7E068,0xFFF0E162,0xFFFBE05A,0xFFF7BC3D,
    0xFFF9A637,0xFFFCAA3C,0xFFFFAA3F,0xFFFB9F36,0xFFFB9E31,0xFFFCB63F,0xFFFFDE60,0xFFFFEE69,
    0xFFFBCD4B,0xFFF6B236,0xFFFEC443,0xFFFCD452,0xFFFFDB5D,0xFFFCCC56,0xFFFDC050,0xFFFAB543,
    0xFFF9BB45,0xFFFCC44D,0xFFF8C64B,0xFFF7C749,0xFFFCCE54,0xFFFFDF64,0xFFFAE26B,0xFFFDE574,
    0xFFFFED7B,0xFFFEEB78,0xFFFFEA7C,0xFFFEE277,0xFFFFE176,0xFFFFDF75,0xFFFED870,0xFFFBD06E,
    0xFFFBD073,0xFFFCD079,0xFFF8CB79,0xFFF5C778,0xFFFACC79,0xFFFED47A,0xFFFDD078,0xFFFACC78,
    0xFFFDD37A,0xFFFFE37E,0xFFFDE579,0xFFFEE678,0xFFFFEA7A,0xFFFFDF6C,0xFFFACE58,0xFFFDCA58,
    0xFFFEC555,0xFFFBBC51,0xFFFDBB51,0xFFFFB951,0xFFFFB650,0xFFFFB352,0xFFFFB04F,0xFFFEAF4D,
    0xFFFDAD4C,0xFFFEAB4F,0xFFFFAD4F,0xFFFEAC4D,0xFFFDAE4B,0xFFFDB14C,0xFFFDB451,0xFFFFB755,
    0xFFFFB855,0xFFFFB754,0xFFFEB555,0xFFFDB355,0xFFFCB552,0xFFFDB75B,0xFFFFB865,0xFFFFB965,
    0xFF1F283D,0xFF121728,0xFF34323D,0xFF39353F,0xFF222735,0xFF222532,0xFF282A36,0xFF353038,
    0xFF3C3239,0xFF3E3C48,0xFF29242F,0xFF2D2C2F,0xFF938586,0xFFCCACB0,0xFFB39F99,0xFFB49F9D,
    0xFFB79C9C,0xFFBB9E9C,0xFFC8AAA7,0xFFBFABA7,0xFFC0A9A5,0xFFB69B97,0xFFB1918B,0xFFC3A69C,
    0xFF696067,0xFF00091E,0xFF010E1E,0xFF4E4546,0xFFB99797,0xFFC1A294,0xFFBB9F90,0xFFB8948D,
    0xFFB18F86,0xFFAE8C83,0xFFAB8982,0xFFAD8983,0xFFB18B86,0xFFB78F8B,0xFFBB8E87,0xFFC39083,
    0xFFC69081,0xFFC18F82,0xFFBE8B82,0xFFCE978A,0xFFD49583,0xFFD49580,0xFFD7A089,0xFFD39A83,
    0xFFCC957F,0xFFDA9C80,0xFFE3A081,0xFFD79E84,0xFFCE9D86,0xFFC69483,0xFFC39083,0xFFBF8D82,
    0xFFBE8F84,0xFFC39086,0xFFC59087,0xFFC59087,0xFFC89389,0xFFC99585,0xFFC49181,0xFFC69282,
    0xFFC28F81,0xFFC08F83,0xFFC08F82,0xFFBD8B7F,0xFFBA8B7F,0xFFB6897D,0xFFB5877C,0xFFB7897D,
    0xFFB98D81,0xFFB98C80,0xFFB8887A,0xFFBD8C7C,0xFFC89081,0xFFD49583,0xFFE09781,0xFFE4957C,
    0xFFE89A79,0xFFF3A179,0xFFF4A379,0xFFEEA37D,0xFFE7A080,0xFFE89E7E,0xFFEDA37F,0xFFF0A27C,
    0xFFF3A27A,0xFFF3A17C,0xFFF09E7A,0xFFE99979,0xFFE49679,0xFFE3977B,0xFFE0957B,0xFFDE9478,
    0xFFDF9374,0xFFE79673,0xFFEF9A75,0xFFF29A76,0xFFE99773,0xFFDA9275,0xFFC78371,0xFFB97866,
    0xFFB47464,0xFFB07265,0xFFB07064,0xFFBA7060,0xFFC77656,0xFFDE8455,0xFFF49459,0xFFFD9A54,
    0xFFFF9F54,0xFFF89F5D,0xFFF29A69,0xFFF99F6D,0xFFF29863,0xFFF3996A,0xFFEF9B70,0xFFDD9373,
    0xFFD69376,0xFFE09C75,0xFFF4A876,0xFFFDAD74,0xFFFBA56D,0xFFF59E6D,0xFFED9A6F,0xFFDD8B65,
    0xFFD78566,0xFFCC7B5F,0xFFCE7A58,0xFFDB825B,0xFFE38B66,0xFFD2825A,0xFFCA7D57,0xFFC17356,
    0xFFB96E55,0xFFB26856,0xFFA66055,0xFF9F6158,0xFF996053,0xFF955F52,0xFF915B50,0xFF8F5A52,
    0xFF8D5A53,0xFF8B5A51,0xFF8C5A51,0xFF8F5A52,0xFF945C53,0xFF9C5E52,0xFFA9604D,0xFFC56B49,
    0xFFE1774E,0xFFEA7846,0xFFF38C40,0xFFFBAF47,0xFFFEC14B,0xFFFAB54C,0xFFE18940,0xFFE17B4F,
    0xFFEF8B54,0xFFEA8854,0xFFE28154,0xFFD7774D,0xFFDD7C52,0xFFDA7A49,0xFFEB8D4E,0xFFF9A352,
    0xFFFDBA58,0xFFF8B754,0xFFF0A75A,0xFFFFB56B,0xFFF8B36E,0xFFE5A576,0xFFDD9A77,0xFFD49374,
    0xFFDC9871,0xFFE79A6A,0xFFE28E5F,0xFFE59257,0xFFF7AD5E,0xFFF0A45B,0xFFF09E62,0xFFF8B25F,
    0xFFFEC16C,0xFFF2BA67,0xFFFCC971,0xFFFAC567,0xFFEFB164,0xFFEBA471,0xFFEDA77A,0xFFE9A676,
    0xFFF2AB7F,0xFFE79E76,0xFFE29E72,0xFFF2AD86,0xFFE19975,0xFFD48B62,0xFFD38860,0xFFD28664,
    0xFFD18464,0xFFE0966E,0xFFE49D73,0xFFDD986E,0xFFECAC79,0xFFFABE81,0xFFFAB872,0xFFF3B372,
    0xFFF2AB72,0xFFEFA16D,0xFFECA170,0xFFEFA472,0xFFF8AE73,0xFFFFC57C,0xFFFAC978,0xFFF0C46C,
    0xFFFEDD7E,0xFFFFEE82,0xFFFFEE78,0xFFFEEA6E,0xFFFEEA71,0xFFFEF079,0xFFFFEE73,0xFFFEE866,
    0xFFFEE460,0xFFFDDD58,0xFFF9D850,0xFFFDE460,0xFFFFE668,0xFFF7BC4B,0xFFFB9A41,0xFFF78A40,
    0xFFF88B41,0xFFF8913D,0xFFF2943B,0xFFFB9B47,0xFFF38E43,0xFFF38E41,0xFFF99542,0xFFF7953E,
    0xFFF99441,0xFFFA933B,0xFFF6C759,0xFFFEF481,0xFFFFF995,0xFFFDF999,0xFFFEF584,0xFFF9D957,
    0xFFF7C03F,0xFFF9C241,0xFFFAC243,0xFFF6B337,0xFFFCBC41,0xFFFAD254,0xFFFCE868,0xFFFDE863,
    0xFFF9C144,0xFFFCB840,0xFFFAD151,0xFFFAE367,0xFFFDE56D,0xFFFEE46F,0xFFFEDF6A,0xFFFCD65F,
    0xFFFEDC67,0xFFFFE170,0xFFFFE372,0xFFFFE170,0xFFFFDE76,0xFFFDDA77,0xFFF6CF73,0xFFF8D17A,
    0xFFF6D379,0xFFF9D57C,0xFFF5D975,0xFFF6DB72,0xFFFDE17A,0xFFF6D46E,0xFFF5C36B,0xFFF5BE71,
    0xFFF4BC7A,0xFFF3B97D,0xFFF2B37E,0xFFF0B17F,0xFFF2B47C,0xFFF3B67A,0xFFEEB37B,0xFFEBB177,
    0xFFF4BA76,0xFFF1C272,0xFFE8C66D,0xFFF7D878,0xFFF3D770,0xFFF9D867,0xFFFDD45E,0xFFFCCD58,
    0xFFF9C44F,0xFFFBC053,0xFFFBBC52,0xFFFDBA51,0xFFFDB54E,0xFFFEB04E,0xFFFEB14F,0xFFFEB14F,
    0xFFFFAF50,0xFFFFAE51,0xFFFCAF4E,0xFFFCB44E,0xFFFCB951,0xFFFEBC56,0xFFFEBC5B,0xFFFFBC5F,
    0xFFFEBA5F,0xFFFFBA60,0xFFFFBB61,0xFFFFBB60,0xFFFFBE62,0xFFFEBD6E,0xFFF8B775,0xFFF0B071,
    0xFF141A2C,0xFF202434,0xFF363643,0xFF343340,0xFF1E2435,0xFF202433,0xFF1A1E2B,0xFF201B24,
    0xFF42383F,0xFF2E2B39,0xFF393643,0xFF2D2A35,0xFF322A32,0xFFC3AFB1,0xFFC3ACA6,0xFFBBA5A1,
    0xFFC3B0B0,0xFFBDABAE,0xFF75686C,0xFF443F46,0xFF686065,0xFFA69799,0xFFC0ABAB,0xFFCAB8B6,
    0xFF3B3A47,0xFF081630,0xFF18293E,0xFF090F1A,0xFF53474C,0xFFD7B8AC,0xFFC7A291,0xFFC4A195,
    0xFFC39F93,0xFFBF9C8F,0xFFBB978D,0xFFBA938C,0xFFB58C85,0xFFBB908A,0xFFC29288,0xFFCD9583,
    0xFFD89B86,0xFFD49B88,0xFFCD9686,0xFFD59D8A,0xFFDEA28D,0xFFDA9E87,0xFFD79E88,0xFFD9A08A,
    0xFFD79F89,0xFFDB9F87,0xFFE2A388,0xFFD89E83,0xFFD49E83,0xFFD69D86,0xFFD9A18D,0xFFCC9989,
    0xFFC29285,0xFFC49387,0xFFC49387,0xFFCA998D,0xFFC9988B,0xFFCD9C8D,0xFFD3A292,0xFFD6A696,
    0xFFD6A696,0xFFD0A292,0xFFCE9F8F,0xFFC99A8A,0xFFCC9E8F,0xFFCFA496,0xFFC99E90,0xFFC69B8C,
    0xFFC69A8D,0xFFCC9E90,0xFFD1A192,0xFFD5A493,0xFFDDA893,0xFFE1A58E,0xFFE5A188,0xFFE8A185,
    0xFFEAA17F,0xFFEFA17F,0xFFF0A380,0xFFE9A281,0xFFE9A487,0xFFE7A083,0xFFE89F80,0xFFEA9E7D,
    0xFFED9F7C,0xFFEFA17E,0xFFF0A27E,0xFFECA07F,0xFFE99F81,0xFFE69D80,0xFFE39D81,0xFFE0A087,
    0xFFD9997E,0xFFE0997B,0xFFE69C7C,0xFFE99878,0xFFED9A73,0xFFE49572,0xFFD0886F,0xFFBF7C64,
    0xFFB87661,0xFFB07060,0xFFB17062,0xFFB47161,0xFFB9735D,0xFFC77656,0xFFD98157,0xFFF19157,
    0xFFFFA159,0xFFFBA463,0xFFF09F6D,0xFFFCAA71,0xFFF6A364,0xFFF9A36D,0xFFF9AD7F,0xFFDC9F80,
    0xFFCF9D87,0xFFCF9F86,0xFFD39C7D,0xFFE6A97E,0xFFF2AB7A,0xFFF3A475,0xFFF7A472,0xFFF39F6B,
    0xFFF0996A,0xFFF0986D,0xFFEE9363,0xFFEE8D59,0xFFF49562,0xFFF19967,0xFFEB9563,0xFFE79161,
    0xFFE28C5E,0xFFDF8760,0xFFC76F54,0xFFBD6854,0xFFBA6851,0xFFBA694B,0xFFB7684D,0xFFB2654E,
    0xFFAD624D,0xFFA8614A,0xFFA65E4A,0xFFA65F4D,0xFFA95F4C,0xFFB0624B,0xFFB66349,0xFFC96844,
    0xFFDC7147,0xFFE97744,0xFFF2873F,0xFFFBA746,0xFFFFBD4E,0xFFFEBD53,0xFFED9846,0xFFEB844B,
    0xFFF68C52,0xFFEC8749,0xFFE9884D,0xFFDC7E4B,0xFFCF7448,0xFFD4754C,0xFFE8864E,0xFFF6964F,
    0xFFF7A954,0xFFF9BB63,0xFFEAA76D,0xFFF2AE76,0xFFF0B378,0xFFE2A87F,0xFFDE9F7E,0xFFDC9C7C,
    0xFFE1A37D,0xFFEEAD81,0xFFEEA373,0xFFEA9B62,0xFFFDC06B,0xFFF5B864,0xFFEBA065,0xFFF3AE71,
    0xFFF3B779,0xFFE7A971,0xFFEDAB70,0xFFF9B66E,0xFFF2AC66,0xFFE69A64,0xFFE69C70,0xFFE69E71,
    0xFFDD926A,0xFFDC8F69,0xFFD3835E,0xFFD5845F,0xFFD4815D,0xFFD7825F,0xFFD8845B,0xFFD6825B,
    0xFFD47F5A,0xFFD17D59,0xFFCF7F5A,0xFFCF7E56,0xFFD38255,0xFFE28E5C,0xFFF2A66A,0xFFFCCA84,
    0xFFFCC381,0xFFF5AC73,0xFFF1A874,0xFFECA571,0xFFF0AC70,0xFFF2C076,0xFFF1C175,0xFFF1B56E,
    0xFFF4B972,0xFFF2C571,0xFFF7D874,0xFFFFF282,0xFFFEF483,0xFFFDF185,0xFFFDF084,0xFFFFF587,
    0xFFFCF281,0xFFFEF278,0xFFF3DA5B,0xFFE9CC4F,0xFFF9E061,0xFFF7C64D,0xFFF9A941,0xFFFFA345,
    0xFFFFA043,0xFFFB9F3B,0xFFFAA740,0xFFFBA547,0xFFF1973E,0xFFF5A145,0xFFFEBA53,0xFFF3B648,
    0xFFF8A13C,0xFFFFA037,0xFFF3B83D,0xFFF0D157,0xFFF9E784,0xFFFFFA9E,0xFFFFFCA3,0xFFFFF593,
    0xFFFEEE80,0xFFFFEE80,0xFFFDE978,0xFFFBDC6D,0xFFFDE172,0xFFFFF17D,0xFFFEEC70,0xFFF4DF62,
    0xFFF4CF5A,0xFFFFD363,0xFFFBDA69,0xFFF9E272,0xFFF2D668,0xFFF8DF6F,0xFFFFEE7D,0xFFFDE379,
    0xFFF8D877,0xFFF2CC77,0xFFF4C879,0xFFF7C578,0xFFF4C57B,0xFFF5BF7B,0xFFF7BC79,0xFFF5B875,
    0xFFF5BC78,0xFFFBC681,0xFFFBD482,0xFFFDDC85,0xFFFBD480,0xFFF9CE7B,0xFFF5BC79,0xFFFABE83,
    0xFFF6B984,0xFFF0B282,0xFFF9BB8B,0xFFF1B186,0xFFEDAE7D,0xFFECAE79,0xFFEAAE82,0xFFEBAF82,
    0xFFF0B57D,0xFFF6BF7E,0xFFF8C982,0xFFFCD47E,0xFFF6D370,0xFFF6D76A,0xFFFEDE6D,0xFFF9D15E,
    0xFFFCCF59,0xFFFFCF5F,0xFFFEC75B,0xFFFBC054,0xFFFABA50,0xFFFDB652,0xFFFCB451,0xFFFCB350,
    0xFFFBB551,0xFFF9B954,0xFFFDBD5B,0xFFFFC162,0xFFFEC263,0xFFFBC164,0xFFFFC26D,0xFFFCBB6E,
    0xFFF9B66F,0xFFF8B570,0xFFF6B46A,0xFFFEBD71,0xFFF6B871,0xFFEAAD74,0xFFE7AE80,0xFFDBA679,
    0xFF1B1B2A,0xFF2E2F3D,0xFF2D2F3F,0xFF1B2031,0xFF1B2233,0xFF2A303F,0xFF181C2A,0xFF35323D,
    0xFF3B333D,0xFF2D2B3A,0xFF292632,0xFF494150,0xFF2A2833,0xFF403C3B,0xFFCEB5B1,0xFFC6B1AF,
    0xFF5E5556,0xFF3B3A42,0xFF0C1120,0xFF0D1828,0xFF060A1A,0xFF282531,0xFF413942,0xFF66606A,
    0xFF2B2E40,0xFF182237,0xFF161F36,0xFF16243A,0xFF171F28,0xFFBD9E97,0xFFD7AA9B,0xFFCAA597,
    0xFFCDA89A,0xFFCCA89B,0xFFC9A397,0xFFC79E92,0xFFC1958A,0xFFBF9086,0xFFCB988A,0xFFE0A38D,
    0xFFEAA88E,0xFFE5A68D,0xFFDEA68C,0xFFDAA38A,0xFFDDA48E,0xFFE2AA95,0xFFD89F8C,0xFFDAA18E,
    0xFFDCA390,0xFFDAA190,0xFFDCA493,0xFFDCA48E,0xFFE1A790,0xFFE1A68E,0xFFDBA18B,0xFFD8A390,
    0xFFCA9989,0xFFC29585,0xFFC29585,0xFFC99C8C,0xFFCC9F8F,0xFFCB9F91,0xFFCFA395,0xFFD1A698,
    0xFFD2A898,0xFFD3AC97,0xFFD4AD98,0xFFD1A994,0xFFD2AA97,0xFFD5AC9D,0xFFD6AE9E,0xFFD7AE9F,
    0xFFD4AB9B,0xFFD7AB9C,0xFFDDAE9E,0xFFDFAF9D,0xFFE0AA8F,0xFFE3A88C,0xFFEDAF92,0xFFEDA888,
    0xFFECA885,0xFFEEA586,0xFFEFA587,0xFFEAA586,0xFFE6A084,0xFFEBA284,0xFFF0A685,0xFFEEA282,
    0xFFEEA281,0xFFEEA281,0xFFF0A481,0xFFEFA482,0xFFEAA383,0xFFE7A284,0xFFE5A286,0xFFDDA28C,
    0xFFDEA790,0xFFDB9E85,0xFFDA9A7D,0xFFE1987C,0xFFF19F77,0xFFF39E74,0xFFDF8F6F,0xFFCB8467,
    0xFFC78168,0xFFBC7866,0xFFB3705E,0xFFAD6E5C,0xFFAE6D5D,0xFFBB6E5B,0xFFCA755B,0xFFE18359,
    0xFFFA9B5B,0xFFFCA96D,0xFFECA474,0xFFEDA66E,0xFFFCB172,0xFFFBAC77,0xFFF9AC78,0xFFE9AA84,
    0xFFD29E84,0xFFCE9F85,0xFFCD9B84,0xFFD69D7A,0xFFE9A579,0xFFEFA67A,0xFFEFA474,0xFFF6A86E,
    0xFFF5A067,0xFFF19B67,0xFFF59C65,0xFFFFA266,0xFFFEA469,0xFFFAA56F,0xFFF6A36C,0xFFF6A367,
    0xFFF9A565,0xFFFCA35E,0xFFEB8E52,0xFFE68654,0xFFE68553,0xFFE37F4F,0xFFDD794F,0xFFD97652,
    0xFFD06F4D,0xFFC86E4A,0xFFC5694A,0xFFC2674C,0xFFC26749,0xFFC76949,0xFFCA6C4B,0xFFD46F49,
    0xFFDE7348,0xFFEA7945,0xFFF2823D,0xFFF5953C,0xFFFCAC46,0xFFFBB14B,0xFFFEAD53,0xFFF08D46,
    0xFFEB7E43,0xFFF18A45,0xFFFB9A52,0xFFE88D4B,0xFFD8804B,0xFFE18154,0xFFE7824A,0xFFF79147,
    0xFFFBA64C,0xFFFEC769,0xFFEBB077,0xFFE5A67B,0xFFF9C093,0xFFE6AF8C,0xFFE0A583,0xFFE2A07E,
    0xFFE1A57F,0xFFEDB389,0xFFF1AD81,0xFFE39666,0xFFF3BA68,0xFFFECE73,0xFFE9A768,0xFFDF966E,
    0xFFDD9B74,0xFFDE9875,0xFFEA9C77,0xFFF2A66D,0xFFF7AD69,0xFFF5A76B,0xFFDC8F5F,0xFFDA8C5F,
    0xFFCF7E53,0xFFCD7952,0xFFD07852,0xFFD37751,0xFFD57650,0xFFD67550,0xFFDA7C4D,0xFFDF814F,
    0xFFDA7C4F,0xFFD57751,0xFFD07754,0xFFD67950,0xFFDF7D53,0xFFE58051,0xFFED9B55,0xFFF8C66C,
    0xFFF9CA70,0xFFF3B46B,0xFFF2AB71,0xFFEEAB71,0xFFF2B373,0xFFF6BE71,0xFFF8BB71,0xFFF4B472,
    0xFFECB478,0xFFF2B474,0xFFF3BD6E,0xFFF8DB7A,0xFFFFF188,0xFFFDE577,0xFFFDE67B,0xFFFFF187,
    0xFFFBF289,0xFFFEF38A,0xFFFEEE7B,0xFFF7E06B,0xFFF1D95D,0xFFFAD856,0xFFFCC249,0xFFF6B339,
    0xFFFAB841,0xFFF9BF46,0xFFFECD55,0xFFF7C151,0xFFFAB24F,0xFFF1AD45,0xFFF9D35D,0xFFF8DF64,
    0xFFF5BD4E,0xFFFCBA4A,0xFFF4CA52,0xFFF8D35E,0xFFEFD25B,0xFFEDDE69,0xFFFBF79D,0xFFFFFFBC,
    0xFFFFFFC0,0xFFFEFFBB,0xFFFFFFBA,0xFFFFF9A9,0xFFFEFA9E,0xFFFBF891,0xFFFDE26B,0xFFFDE773,
    0xFFFFEF82,0xFFFEE57D,0xFFFEDF7C,0xFFFDDE7B,0xFFF9D470,0xFFFDE079,0xFFF7E378,0xFFEED168,
    0xFFF0C66C,0xFFF7BF76,0xFFF6B778,0xFFF7BC7B,0xFFF8C580,0xFFF9C17D,0xFFFBBE7F,0xFFF9BE80,
    0xFFF7BD80,0xFFF4BD7E,0xFFEFBB84,0xFFEDB887,0xFFEEB584,0xFFF0B686,0xFFF2B583,0xFFF2B583,
    0xFFF1B484,0xFFEEB180,0xFFEEB480,0xFFEDB483,0xFFF1B883,0xFFFBC48B,0xFFEDB282,0xFFE8AD7F,
    0xFFEAB17D,0xFFE9B479,0xFFEBBE78,0xFFF4D078,0xFFFBE077,0xFFFFEA7E,0xFFFFE67A,0xFFFBDB6A,
    0xFFFCD762,0xFFFBD360,0xFFFED261,0xFFFCCC5B,0xFFFBC457,0xFFFEC159,0xFFFCBE57,0xFFFEC059,
    0xFFFFC65E,0xFFFDCD63,0xFFFFCB6D,0xFFFEC473,0xFFFAC071,0xFFF7C172,0xFFF6BA76,0xFFF2B175,
    0xFFECAA74,0xFFEEAC76,0xFFF1B178,0xFFF7B77B,0xFFEDB07E,0xFFDFA57E,0xFFDDA887,0xFFDAA987,
    0xFF1D1D31,0xFF33303E,0xFF272B38,0xFF0F1829,0xFF2F303F,0xFF212433,0xFF212433,0xFF363748,
    0xFF232536,0xFF1E2434,0xFF0D1726,0xFF1E2331,0xFF323340,0xFF1B1A24,0xFF47424A,0xFF3A3D46,
    0xFF000410,0xFF051022,0xFF1A1F37,0xFF20293A,0xFF181E33,0xFF1B2135,0xFF101928,0xFF010B1D,
    0xFF23263D,0xFF1C213A,0xFF0D182F,0xFF111F37,0xFF101B2F,0xFF574B4E,0xFFDCBAAE,0xFFCFA794,
    0xFFD3A998,0xFFD0ADA1,0xFFD0AF9C,0xFFCFAC96,0xFFD0A997,0xFFCCA391,0xFFD7A590,0xFFE9AE91,
    0xFFEBAE90,0xFFE1AC93,0xFFD6A891,0xFFD5A492,0xFFD7A397,0xFFD7A398,0xFFD0A190,0xFFCFA090,
    0xFFD2A392,0xFFCFA091,0xFFCDA091,0xFFCE9F91,0xFFCE9F91,0xFFD3A696,0xFFD5A590,0xFFD8A48D,
    0xFFD5A693,0xFFCFA294,0xFFCD9F8F,0xFFCB9C8B,0xFFCF9F8F,0xFFCFA393,0xFFCFA697,0xFFCFAB9D,
    0xFFCFAF9E,0xFFD0B19B,0xFFD1B29E,0xFFD2B29F,0xFFD3B0A1,0xFFD0AC9F,0xFFD3AFA2,0xFFD3AFA3,
    0xFFD4B09E,0xFFD9B29D,0xFFDCB19E,0xFFDFB19E,0xFFEBB699,0xFFDFB6A6,0xFFBA9B8C,0xFFEDAB91,
    0xFFECA989,0xFFE7AA87,0xFFEAA987,0xFFEDA78A,0xFFEFA489,0xFFF2A787,0xFFF4AB83,0xFFF4AA82,
    0xFFF2A582,0xFFEFA482,0xFFEEA584,0xFFF0A587,0xFFE9A484,0xFFE0A786,0xFFE1A48F,0xFFE2A897,
    0xFFBF9887,0xFFDBA998,0xFFD8A184,0xFFD59B82,0xFFE39B7C,0xFFEE9C76,0xFFE08E6C,0xFFD0866E,
    0xFFCA826B,0xFFC47D68,0xFFBC7864,0xFFB77360,0xFFBA705B,0xFFC4755D,0xFFD37B61,0xFFE8855A,
    0xFFF89856,0xFFFBAD64,0xFFF6B574,0xFFF0AA79,0xFFEEA772,0xFFEDAB7D,0xFFDDA281,0xFFDBA68A,
    0xFFD7A286,0xFFE2AA8C,0xFFDEA88C,0xFFD39C7E,0xFFD69C7C,0xFFD89C7A,0xFFDD9D78,0xFFECA577,
    0xFFF7A973,0xFFEEA06C,0xFFF1A36D,0xFFFCA968,0xFFFCAE6A,0xFFEFA568,0xFFEDA570,0xFFF2AB76,
    0xFFF1A86E,0xFFF7A866,0xFFFDA863,0xFFFCA258,0xFFFEA757,0xFFFCA154,0xFFF6944F,0xFFF58D51,
    0xFFEF884D,0xFFE98748,0xFFE9834B,0xFFE77C4C,0xFFE27949,0xFFE17A46,0xFFE57B46,0xFFE97D46,
    0xFFEF7F49,0xFFF38444,0xFFF78C3D,0xFFF9913D,0xFFF89C3F,0xFFF89C40,0xFFFFAA52,0xFFF4A04F,
    0xFFF18C50,0xFFED8443,0xFFFA9A4C,0xFFFDA955,0xFFED9345,0xFFF4944F,0xFFF89355,0xFFED8B47,
    0xFFFBA953,0xFFFFC662,0xFFEAB572,0xFFD99F7C,0xFFEDB28E,0xFFE5A98B,0xFFDFA383,0xFFE8A781,
    0xFFE6A884,0xFFE2A681,0xFFE7A57C,0xFFEAA475,0xFFF0AE67,0xFFFECC6F,0xFFFFD273,0xFFEDB074,
    0xFFDA9672,0xFFDA946D,0xFFDF926E,0xFFF1A071,0xFFEC9F66,0xFFE3935C,0xFFDC895C,0xFFDF8A5D,
    0xFFDE8556,0xFFDA7E50,0xFFD67A4A,0xFFDA7749,0xFFE1794A,0xFFE78349,0xFFF49250,0xFFFA984F,
    0xFFEA8647,0xFFDD774B,0xFFD87950,0xFFDA794B,0xFFDE7A47,0xFFEA854F,0xFFF29551,0xFFF3A34E,
    0xFFF9C16C,0xFFF4BB70,0xFFFBB979,0xFFF2AD70,0xFFF7B368,0xFFF9BF69,0xFFFFD276,0xFFEFC16A,
    0xFFF3C881,0xFFF5C781,0xFFEFB36D,0xFFF7C16F,0xFFFBDB74,0xFFF7D76C,0xFFEEC96B,0xFFFEE37F,
    0xFFF8E276,0xFFF9E37C,0xFFFBF589,0xFFFEF38B,0xFFFDF185,0xFFFCF27E,0xFFFFE371,0xFFF5C748,
    0xFFF6C841,0xFFFCDF59,0xFFFFE978,0xFFF8D865,0xFFF6C95C,0xFFF8B94E,0xFFF6DA62,0xFFFFF687,
    0xFFFBE67D,0xFFFEE882,0xFFFFF9A5,0xFFFFF9A4,0xFFFCF294,0xFFF5E47C,0xFFFBEF90,0xFFF8E897,
    0xFFF5DB8A,0xFFF4DF8E,0xFFFFF2A4,0xFFEFD67E,0xFFF9E98C,0xFFFBF392,0xFFF7D763,0xFFF6D766,
    0xFFF3D671,0xFFF4CE6F,0xFFF7CF6E,0xFFF5D170,0xFFF6D677,0xFFFFE98D,0xFFFDEB90,0xFFFCE188,
    0xFFFBCF80,0xFFFBBE7C,0xFFF9B87B,0xFFF7BC7D,0xFFFBC182,0xFFFAC07F,0xFFFAC085,0xFFF6B885,
    0xFFF1B481,0xFFF0B381,0xFFEFB283,0xFFEEB284,0xFFEFB284,0xFFEEB183,0xFFEFAF86,0xFFECAD83,
    0xFFEEB185,0xFFEEB084,0xFFEDAF82,0xFFE8B083,0xFFEBB183,0xFFF9BC88,0xFFF9BC83,0xFFFBC18A,
    0xFFF1B581,0xFFF4BF87,0xFFF0C178,0xFFFDD87B,0xFFFFE278,0xFFFDD673,0xFFFCD16F,0xFFFFE077,
    0xFFFFE475,0xFFFBDA67,0xFFFAD664,0xFFFBD566,0xFFFCD467,0xFFFDD46C,0xFFFDD570,0xFFFED672,
    0xFFFDD273,0xFFFAC573,0xFFF3B873,0xFFF0B27A,0xFFE8AB7A,0xFFE8AF7D,0xFFE8AE7D,0xFFEBB081,
    0xFFF2B482,0xFFF3B482,0xFFECAE80,0xFFE6A980,0xFFE1AA84,0xFFDEAA85,0xFFDDA985,0xFFDDA985,
    0xFF2E3145,0xFF313342,0xFF222636,0xFF181F30,0xFF3C3947,0xFF1E1C2B,0xFF212132,0xFF24283B,
    0xFF0D152A,0xFF071226,0xFF0C1B2D,0xFF111D30,0xFF161D2E,0xFF242939,0xFF1E2230,0xFF010C1D,
    0xFF051425,0xFF121A2B,0xFF212032,0xFF212435,0xFF1C2237,0xFF1C2135,0xFF222939,0xFF161F32,
    0xFF1A1F34,0xFF121830,0xFF0F182E,0xFF142036,0xFF18243D,0xFF0D0D1B,0xFF877675,0xFFDFBFB3,
    0xFFD1A894,0xFFD6AA96,0xFFD7AE96,0xFFD7AE95,0xFFD6AC97,0xFFD8AD9B,0xFFDFA98D,0xFFE3A88A,
    0xFFE6B094,0xFFDBAB97,0xFFD8A599,0xFFD7A89B,0xFFD0A896,0xFFCEA997,0xFFCDA79B,0xFFCCA599,
    0xFFC9A397,0xFFCAA49B,0xFFCCA69D,0xFFCEA697,0xFFDEB4A1,0xFFD8AF9C,0xFFDAAE9B,0xFFD3A894,
    0xFFD1AC9D,0xFFD4AD9E,0xFFD7AE9F,0xFFD4AB9C,0xFFCFA596,0xFFD4A693,0xFFD3AA97,0xFFD0AC9A,
    0xFFD2AE9C,0xFFD6AC9D,0xFFD5AE9F,0xFFD5B1A4,0xFFD8B5A7,0xFFDBB7A6,0xFFDAB6A5,0xFFDBB7A6,
    0xFFDCB8A6,0xFFDEB8A5,0xFFDCB9A5,0xFFDFBDA8,0xFFC0B0A0,0xFF747778,0xFF364547,0xFFAB968B,
    0xFFF3B49A,0xFFEAA986,0xFFEEA988,0xFFEEA68C,0xFFEFA58A,0xFFF2A989,0xFFF2AA85,0xFFF4AB85,
    0xFFF4AA86,0xFFF0A787,0xFFEBA485,0xFFE7A688,0xFFE7A588,0xFFE0A085,0xFFE3B19B,0xFF958382,
    0xFF252225,0xFFAD918D,0xFFDCB09A,0xFFD0A18D,0xFFD69B85,0xFFDB997E,0xFFDB977B,0xFFDE9072,
    0xFFDC8E6F,0xFFD38566,0xFFCD7F63,0xFFCC7D64,0xFFCC795B,0xFFD37C5C,0xFFDE835D,0xFFEC8A54,
    0xFFFB9C56,0xFFFEB366,0xFFFDB96D,0xFFFDB57D,0xFFF6B07C,0xFFE1A47D,0xFFD19E85,0xFFCD9F89,
    0xFFD0A28C,0xFFD9A68C,0xFFDAA78C,0xFFD9A589,0xFFE1AA8D,0xFFD8A284,0xFFD8A081,0xFFDEA07B,
    0xFFE7A376,0xFFEFA877,0xFFF6A972,0xFFFAAA6A,0xFFF7AA65,0xFFF5A973,0xFFF0A77F,0xFFE9A07E,
    0xFFEA9E7A,0xFFEEA26E,0xFFFDAD6E,0xFFFDAB5F,0xFFFDB257,0xFFFEB651,0xFFFFB354,0xFFFEAC55,
    0xFFFBA853,0xFFFBA952,0xFFFBA651,0xFFF9A14E,0xFFF8A04D,0xFFF6A14B,0xFFF8A14A,0xFFFAA147,
    0xFFFBA24C,0xFFFAA348,0xFFFBA543,0xFFFEA847,0xFFFCA44C,0xFFF39342,0xFFF79647,0xFFF5984A,
    0xFFF1904A,0xFFF9944A,0xFFFA9E47,0xFFFBAC4A,0xFFF8A548,0xFFF29B43,0xFFFCA355,0xFFF3964D,
    0xFFF79D4E,0xFFFBB651,0xFFF4C06F,0xFFDEA67B,0xFFDC9F7D,0xFFDDA084,0xFFE1A485,0xFFE3A37A,
    0xFFEBAF80,0xFFE1A679,0xFFE3A279,0xFFEAA27C,0xFFEEA56B,0xFFFBBD69,0xFFFFCD6F,0xFFF8BB7B,
    0xFFEFAA7F,0xFFEBA173,0xFFDC8D64,0xFFDD8B5E,0xFFE18B5B,0xFFE2885C,0xFFE3875B,0xFFDE8151,
    0xFFE48554,0xFFE58451,0xFFEA844E,0xFFED804D,0xFFF4894D,0xFFFC9D51,0xFFFFA952,0xFFFEA548,
    0xFFF79946,0xFFE98445,0xFFED844E,0xFFED844A,0xFFEB8344,0xFFF58F48,0xFFF39A41,0xFFF3A94A,
    0xFFF3A559,0xFFE7975A,0xFFDD9159,0xFFDF8E5A,0xFFE0904E,0xFFF19950,0xFFF9AE55,0xFFFBD064,
    0xFFF8E276,0xFFF2CE6A,0xFFF8C96C,0xFFF6CF6F,0xFFF7E072,0xFFFFEF80,0xFFF1CE77,0xFFF0C377,
    0xFFEEC46F,0xFFF2C96D,0xFFFCD474,0xFFF7D56F,0xFFFCEF86,0xFFFCFA94,0xFFFEF791,0xFFFDEE80,
    0xFFF8E36B,0xFFF9EB72,0xFFFFF695,0xFFFEF090,0xFFF8D863,0xFFF7C357,0xFFFBDB68,0xFFF7E167,
    0xFFFAE273,0xFFF9DE71,0xFFEDDA7A,0xFFF9E280,0xFFF8EB8B,0xFFFFF298,0xFFFAD680,0xFFF2BB61,
    0xFFF2BB5C,0xFFF9C463,0xFFFAC866,0xFFF3BB52,0xFFFCD874,0xFFFBF096,0xFFF6E385,0xFFF1E077,
    0xFFF7E582,0xFFF5D77C,0xFFF4CF73,0xFFFDE288,0xFFFFE690,0xFFFAE08F,0xFFEFCF82,0xFFF0C079,
    0xFFEFB977,0xFFF3B57B,0xFFFABA82,0xFFF5B880,0xFFF4B77F,0xFFF7B981,0xFFF8BC85,0xFFF4B680,
    0xFFF1B37F,0xFFF2B483,0xFFF0B47E,0xFFF0B47D,0xFFEFB37C,0xFFEFB47D,0xFFF1B47D,0xFFF5B981,
    0xFFF2B57D,0xFFF6B982,0xFFF0B37D,0xFFEDB67B,0xFFF3BB7E,0xFFEEAF75,0xFFF0B27A,0xFFF4B980,
    0xFFEEB37A,0xFFF3BE7B,0xFFFBC976,0xFFF4BF68,0xFFFCC772,0xFFF6BB6E,0xFFF2B86B,0xFFF7C473,
    0xFFF3C46F,0xFFFED278,0xFFFED077,0xFFFCCC77,0xFFFAC876,0xFFF8C87A,0xFFF7C67B,0xFFF3C278,
    0xFFEAB56E,0xFFF0B472,0xFFF2B57D,0xFFECAE7F,0xFFE7AA81,0xFFE4AA82,0xFFE5AA82,0xFFE4AA81,
    0xFFE6AC7F,0xFFE8AD7F,0xFFE1A980,0xFFE0AA85,0xFFE0AB86,0xFFDFAC86,0xFFDEAA85,0xFFDEAA85,
    0xFF2B3344,0xFF242C3E,0xFF141D30,0xFF252A3A,0xFF38323F,0xFF343141,0xFF313245,0xFF10182D,
    0xFF041228,0xFF0C1B30,0xFF0F1D32,0xFF0E1D33,0xFF111F35,0xFF121E31,0xFF1D2739,0xFF071529,
    0xFF0B192C,0xFF202634,0xFF2D2733,0xFF282635,0xFF151A2E,0xFF202336,0xFF323242,0xFF252B3C,
    0xFF141B2E,0xFF12182E,0xFF14192F,0xFF1A2337,0xFF15223A,0xFF182338,0xFF13121E,0xFF928180,
    0xFFD9BAAB,0xFFD8B19A,0xFFDAB19C,0xFFD8B19F,0xFFDAB7A9,0xFFD3B4A8,0xFFDCBBAD,0xFFD9BCB0,
    0xFFC3AEA7,0xFFBEADAA,0xFFC1ADA9,0xFFC9B0A7,0xFFD6B2A5,0xFFD7B0A1,0xFFCFAC9F,0xFFCFAC9E,
    0xFFD1AEA1,0xFFD2A99A,0xFFD6AC9E,0xFFD6BFB7,0xFF918A88,0xFF595458,0xFF9A8B8C,0xFFDEC1B5,
    0xFFDCB39D,0xFFD6AA95,0xFFD8AE9B,0xFFDCB5A3,0xFFDEB9A8,0xFFDEBAAB,0xFFDABAAB,0xFFD6BCAC,
    0xFFD6BEB0,0xFFD3B9B1,0xFFCCB8B0,0xFFBFB4AA,0xFFB8AEA7,0xFFB9ACA9,0xFFB4A8A5,0xFFB4A7A4,
    0xFFB9ABAB,0xFFBDB1B1,0xFFBDB5B4,0xFF9F9C99,0xFF76848D,0xFF68809A,0xFF466C84,0xFF586470,
    0xFFD4A798,0xFFF2B194,0xFFF2AA8B,0xFFF0AB90,0xFFEEA88D,0xFFEEA88A,0xFFEEA988,0xFFEFA887,
    0xFFF0A887,0xFFEEA98A,0xFFEAA689,0xFFDCA689,0xFFDEA38B,0xFFDFA493,0xFFCAAF9F,0xFF222F39,
    0xFF122130,0xFF7F6F70,0xFFE4BBA6,0xFFD5A68E,0xFFE2A98D,0xFFE6A788,0xFFE3A182,0xFFEC9D78,
    0xFFEE9E77,0xFFED9C73,0xFFE9956E,0xFFE38C6A,0xFFE48B64,0xFFE68A60,0xFFEE9361,0xFFFBA062,
    0xFFFFAB66,0xFFFEB670,0xFFFFBB70,0xFFFAB179,0xFFF3B180,0xFFDEA786,0xFFCFA18C,0xFFCCA491,
    0xFFCAA391,0xFFCDA18A,0xFFCDA087,0xFFD3A58B,0xFFDDAC8F,0xFFD6A68B,0xFFD4A48C,0xFFDCA98B,
    0xFFDCA683,0xFFE3A77D,0xFFF2AB78,0xFFFEB176,0xFFFCAF72,0xFFF5AA74,0xFFEAA275,0xFFEBA37C,
    0xFFF1A57E,0xFFEDA473,0xFFF2A769,0xFFFBB263,0xFFF8B756,0xFFFABF56,0xFFFFC564,0xFFFCBC67,
    0xFFFDBC6C,0xFFFFBB6B,0xFFFFBC69,0xFFFFBC67,0xFFFFBD66,0xFFFFC169,0xFFFFC167,0xFFFFBD62,
    0xFFFFBF5B,0xFFFFC155,0xFFFEBD52,0xFFF8B450,0xFFFBAC5D,0xFFF3964E,0xFFFA964C,0xFFFF9D53,
    0xFFFA9C4B,0xFFFC9F47,0xFFFAA742,0xFFFAB445,0xFFFDBB4C,0xFFF7B245,0xFFFAB34F,0xFFFEAB59,
    0xFFF99A50,0xFFFAAD49,0xFFFFC86B,0xFFE9B17C,0xFFDB9F7E,0xFFDEA184,0xFFE3A687,0xFFE4A57A,
    0xFFF1B97D,0xFFF1BB7D,0xFFE3A475,0xFFEAA280,0xFFE69A6B,0xFFFBB570,0xFFF4B462,0xFFE9A869,
    0xFFF1A876,0xFFE8985F,0xFFE59262,0xFFE18C5E,0xFFE6875A,0xFFE68658,0xFFF1935A,0xFFED8E51,
    0xFFF4955A,0xFFF19552,0xFFF7934B,0xFFFA914A,0xFFFA9645,0xFFFFAB48,0xFFF9B143,0xFFFBB342,
    0xFFFFB54B,0xFFF59D42,0xFFFB9447,0xFFF79343,0xFFF69845,0xFFF9A345,0xFFF8BD4A,0xFFFFD66B,
    0xFFFBB266,0xFFEA8E58,0xFFDE8654,0xFFE18654,0xFFE3884E,0xFFEA8C47,0xFFF09F41,0xFFFECC52,
    0xFFF8D653,0xFFFADA5C,0xFFFFE571,0xFFFEEA7F,0xFFF6E477,0xFFF5E579,0xFFF4CD80,0xFFEEB17B,
    0xFFFAC284,0xFFFED783,0xFFFDC871,0xFFF2CC65,0xFFF4E074,0xFFFAE681,0xFFF5E47F,0xFFFDF18E,
    0xFFFFF896,0xFFFBF38F,0xFFFBF4A4,0xFFFFF6A9,0xFFFAE97F,0xFFF7E283,0xFFF8E487,0xFFF1DD6B,
    0xFFF4D05A,0xFFFACE54,0xFFF6CD59,0xFFFBBF4D,0xFFF7C66A,0xFFF4D58A,0xFFF5C876,0xFFFFCA6D,
    0xFFFDD479,0xFFF8C96A,0xFFF8C763,0xFFFBD270,0xFFFBE98D,0xFFFCF69D,0xFFFCEE90,0xFFFDE689,
    0xFFF5D381,0xFFF4C77C,0xFFFBCA7D,0xFFF2C17C,0xFFF2BE7D,0xFFF2B87B,0xFFEFAF76,0xFFF6B17C,
    0xFFF6B47F,0xFFF4B581,0xFFF6B784,0xFFF4B481,0xFFF3B480,0xFFF2B380,0xFFF1B37C,0xFFF2B57A,
    0xFFF4B880,0xFFFABE89,0xFFF7BB80,0xFFFBC182,0xFFFDC587,0xFFFBC384,0xFFFCC67E,0xFFFBC57E,
    0xFFF7BC78,0xFFF8BA79,0xFFF8BD7B,0xFFFAC77B,0xFFFFCA7C,0xFFF6B978,0xFFF1B37D,0xFFF0B377,
    0xFFECB271,0xFFF4C071,0xFFFDCA6F,0xFFF4B564,0xFFF4AC6C,0xFFF1AA70,0xFFF3B074,0xFFEBA96D,
    0xFFF2B376,0xFFF4B97A,0xFFEAAE71,0xFFEBAB71,0xFFEAA872,0xFFE6A875,0xFFE6A877,0xFFECAE80,
    0xFFEEB182,0xFFEBB07C,0xFFECB081,0xFFE9AC83,0xFFE6AB84,0xFFE4AB86,0xFFE4AB86,0xFFE3AA85,
    0xFFE1AA82,0xFFE0AB82,0xFFE0AC85,0xFFDFAD87,0xFFE0AC86,0xFFE0AC85,0xFFE0AC85,0xFFDFAB85,
    0xFF152332,0xFF0B1A2E,0xFF0B172C,0xFF1F2332,0xFF332F38,0xFF3E3F4C,0xFF1B2236,0xFF071428,
    0xFF0A182A,0xFF0E1A2E,0xFF131B2F,0xFF0B172D,0xFF06152C,0xFF152336,0xFF131E30,0xFF071024,
    0xFF252F40,0xFF272D38,0xFF3E3843,0xFF3F3847,0xFF111426,0xFF272A3B,0xFF3C3645,0xFF313344,
    0xFF192032,0xFF22263B,0xFF25273D,0xFF181F32,0xFF182034,0xFF1F2A3F,0xFF141B2F,0xFF2D2C37,
    0xFFB4A8A8,0xFFB6ABA4,0xFFC7B5B0,0xFFC8B8B6,0xFF858082,0xFF8B8C91,0xFF858790,0xFF828A98,
    0xFF616D7D,0xFF6E7A88,0xFF67797D,0xFF66696D,0xFF9D8C91,0xFFC5ADAF,0xFFC1B2AF,0xFFBAAAA7,
    0xFFBEAFAD,0xFFD3BBB2,0xFFD4BEB5,0xFF676B70,0xFF02182C,0xFF344F69,0xFF3A4C61,0xFF69696F,
    0xFFCCB7AC,0xFFDDBEAE,0xFFD3B7AA,0xFFCCB4AB,0xFFC1ADA7,0xFFB5AAA8,0xFFABA4A3,0xFFA29F9F,
    0xFF97999A,0xFF8B9397,0xFF869197,0xFF7E8D93,0xFF7B8C96,0xFF788899,0xFF768696,0xFF788898,
    0xFF708192,0xFF6D7E90,0xFF6C8091,0xFF677C8C,0xFF70869C,0xFF37496E,0xFF214465,0xFF455C74,
    0xFF897C7F,0xFFEBBAA7,0xFFECA98A,0xFFEBAE90,0xFFEDAC91,0xFFECAB8E,0xFFEAAA8D,0xFFEBA88C,
    0xFFEDA98B,0xFFECAA8E,0xFFEAA98E,0xFFE1A68D,0xFFDCAA95,0xFFD7B8AE,0xFF5E6062,0xFF091A2C,
    0xFF294153,0xFF534B53,0xFFC3A697,0xFFE0B8A2,0xFFE3AC8E,0xFFEDAB86,0xFFF2AE89,0xFFE8A480,
    0xFFE39C75,0xFFE79B71,0xFFF5A479,0xFFF8A278,0xFFF29E6F,0xFFF7A36F,0xFFFAA76E,0xFFF9A96C,
    0xFFF8AE75,0xFFF4B07A,0xFFF0B27C,0xFFEAA984,0xFFECB089,0xFFDDA98B,0xFFD2A592,0xFFCDA795,
    0xFFCEA796,0xFFD0A490,0xFFCDA58F,0xFFCFA58E,0xFFD2A68C,0xFFD2A58C,0xFFD1A48F,0xFFD7A98F,
    0xFFD8A88B,0xFFD7A583,0xFFE6AA7F,0xFFF4AF7C,0xFFF2AB78,0xFFF6AD78,0xFFF0A874,0xFFEFA976,
    0xFFF8AF77,0xFFFBB275,0xFFFBB06A,0xFFFBB461,0xFFFCBE5D,0xFFFEC55F,0xFFFEC46F,0xFFEDB172,
    0xFFF1B47F,0xFFF0B279,0xFFEBAF76,0xFFF0B57D,0xFFEDB57C,0xFFEDB67B,0xFFEFB679,0xFFF1B577,
    0xFFFAC273,0xFFFFCD6F,0xFFFFCA6E,0xFFFABC6A,0xFFE99C54,0xFFEF954E,0xFFF9984D,0xFFF79947,
    0xFFF99F48,0xFFFEA74A,0xFFFEB346,0xFFFFC852,0xFFFFCF54,0xFFFBC547,0xFFFEC755,0xFFFBB95E,
    0xFFFAA55A,0xFFF9A84B,0xFFFFBE62,0xFFEEB37E,0xFFDB9F7E,0xFFDDA083,0xFFE1A486,0xFFE1A27C,
    0xFFF2BD79,0xFFFDD07C,0xFFF3BB7A,0xFFEAAA7B,0xFFE59C6E,0xFFEFA369,0xFFF3AE65,0xFFF1AE70,
    0xFFFAAE75,0xFFF9A35F,0xFFEF965E,0xFFE9905C,0xFFF5935D,0xFFF6A259,0xFFF3A44B,0xFFF5A04D,
    0xFFFDAA5C,0xFFFCAE52,0xFFFDB44A,0xFFFBAD46,0xFFF5A63E,0xFFFBB743,0xFFFCC348,0xFFFDC54C,
    0xFFFFCE56,0xFFF7BC49,0xFFFCAC46,0xFFFBB44C,0xFFFBBF53,0xFFFFD161,0xFFFFE06E,0xFFF9D370,
    0xFFEAA85D,0xFFE89256,0xFFED9057,0xFFF09254,0xFFF79755,0xFFFAA758,0xFFF6B149,0xFFF7C042,
    0xFFFCCF50,0xFFF7DA5C,0xFFFDEE7A,0xFFFFF08B,0xFFFCE687,0xFFFBDF85,0xFFF3C381,0xFFF2B27E,
    0xFFF5BD7F,0xFFEEC97A,0xFFEFCA75,0xFFFEE887,0xFFFFE984,0xFFF9CF6D,0xFFF9D36F,0xFFF3CE71,
    0xFFF5D385,0xFFF5D483,0xFFF3D58C,0xFFFADF95,0xFFF2D783,0xFFFFFEAA,0xFFFDF7A9,0xFFFDF8A8,
    0xFFF9F39E,0xFFF8F094,0xFFFDF5A1,0xFFF3C871,0xFFFCB96B,0xFFF0BF7B,0xFFF1C576,0xFFF6CE77,
    0xFFF4D586,0xFFEDCE7D,0xFFFADC87,0xFFFDE99A,0xFFFEF7A9,0xFFF5E994,0xFFEDCE6F,0xFFF9C679,
    0xFFF2B679,0xFFF5B67C,0xFFFAB87C,0xFFF8B57F,0xFFF8B37F,0xFFFBB27F,0xFFFEB382,0xFFFAB383,
    0xFFF8B483,0xFFF5B683,0xFFF4B682,0xFFF5B480,0xFFF6B581,0xFFF7B683,0xFFF6B87E,0xFFF9BE7F,
    0xFFF6BA7E,0xFFF5B880,0xFFF6BB7C,0xFFF5BC78,0xFFF4BB78,0xFFFAC17D,0xFFFECD7F,0xFFF8C478,
    0xFFF8BB77,0xFFFCBE7F,0xFFFDC27F,0xFFFFCE7C,0xFFFECC7A,0xFFF7BA7A,0xFFF0B17D,0xFFF6BA7B,
    0xFFFFCB81,0xFFFAC774,0xFFF9C66F,0xFFFDC271,0xFFF6B070,0xFFF5B476,0xFFF7BA79,0xFFF3B476,
    0xFFFABB80,0xFFECAE76,0xFFEDAE78,0xFFF6B380,0xFFFAB586,0xFFF2B387,0xFFEAAB81,0xFFE9AA83,
    0xFFE9AB84,0xFFE7AC83,0xFFE6AC82,0xFFE6AC82,0xFFE5AC84,0xFFE3AD85,0xFFE3AD85,0xFFE3AD86,
    0xFFE3AC86,0xFFE3AB85,0xFFE2AD85,0xFFE0AE85,0xFFE0AD85,0xFFE1AD85,0xFFDFAB83,0xFFE0AC84,
    0xFF091928,0xFF0B1E33,0xFF09162C,0xFF212533,0xFF37373E,0xFF1D2430,0xFF041325,0xFF122235,
    0xFF1B2635,0xFF1E2535,0xFF272A3B,0xFF050E23,0xFF0A172C,0xFF151F32,0xFF0D1628,0xFF24273A,
    0xFF202837,0xFF0D1622,0xFF2B2B38,0xFF483E4D,0xFF1B1D2D,0xFF292A3B,0xFF32293A,0xFF282B3C,
    0xFF182030,0xFF34374B,0xFF303146,0xFF1A2133,0xFF191D2F,0xFF23293A,0xFF141C32,0xFF22283C,
    0xFF7E8593,0xFF74848F,0xFF87909B,0xFF646D79,0xFF3E5362,0xFF648294,0xFF697B8B,0xFF354B60,
    0xFF718699,0xFF8B98A8,0xFF8D9CAF,0xFF8192A2,0xFF7C8C9A,0xFF62717F,0xFF516071,0xFF475668,
    0xFF4A5A6C,0xFF556473,0xFF475865,0xFF0F2436,0xFF173046,0xFF415569,0xFF283E55,0xFF19334D,
    0xFF495F74,0xFF9A9EA5,0xFF9D9FA7,0xFF89929D,0xFF808A99,0xFF7D8996,0xFF7A8996,0xFF768998,
    0xFF738999,0xFF708699,0xFF74899E,0xFF72859D,0xFF72879E,0xFF71889B,0xFF71889C,0xFF788FA3,
    0xFF7590A0,0xFF698594,0xFF708898,0xFF7D91A3,0xFF688296,0xFF142948,0xFF032540,0xFF5A7A8E,
    0xFF6D7B8A,0xFFBD9D93,0xFFF1B697,0xFFE7AD8B,0xFFE9AA8F,0xFFEAAA8E,0xFFE7A88E,0xFFE8A78B,
    0xFFE8A587,0xFFE9A98E,0xFFEAAD94,0xFFEDB09C,0xFFE3BCAD,0xFF5B5A57,0xFF0B2033,0xFF13223E,
    0xFF09213A,0xFF464F63,0xFF4C494D,0xFF83746F,0xFFCCAA99,0xFFE8B295,0xFFEAAC8B,0xFFE7AD8E,
    0xFFE6A985,0xFFEAA881,0xFFEEA77D,0xFFF8AA7E,0xFFF2A775,0xFFF3AA73,0xFFF8AE74,0xFFF2AB77,
    0xFFE9A97D,0xFFE6A981,0xFFDEA989,0xFFDCA493,0xFFDDA687,0xFFDAA88B,0xFFD6A892,0xFFD2A996,
    0xFFD2A896,0xFFD2A68F,0xFFCCA791,0xFFCEA790,0xFFD1A88F,0xFFD3A790,0xFFD4A792,0xFFD4A890,
    0xFFD3A78D,0xFFD0A588,0xFFD6A381,0xFFE4A77F,0xFFE3A57C,0xFFECA47D,0xFFF0A67F,0xFFEAA375,
    0xFFF6AD76,0xFFFEB470,0xFFFFB569,0xFFFFB863,0xFFFEC15E,0xFFFDC153,0xFFFFC46B,0xFFEEB077,
    0xFFE8A97F,0xFFEFB281,0xFFE9AE82,0xFFE4AC85,0xFFE1AC84,0xFFE1AD81,0xFFE2AB7F,0xFFE3AA7E,
    0xFFE9B27C,0xFFF3BA7A,0xFFEFB16F,0xFFF7B474,0xFFF3A563,0xFFF8A35A,0xFFFDA754,0xFFF8A549,
    0xFFF79F46,0xFFFBA747,0xFFFDB849,0xFFFBC64D,0xFFF8CD4C,0xFFFED24C,0xFFFFD058,0xFFE9B050,
    0xFFF2A95B,0xFFFFB75E,0xFFF7AF5C,0xFFDFA06F,0xFFDCA180,0xFFE3A689,0xFFE3A687,0xFFDEA07F,
    0xFFF2BE79,0xFFFFDA7E,0xFFF6C275,0xFFEDB478,0xFFEBA775,0xFFDF9360,0xFFF0A969,0xFFFAB579,
    0xFFF4A669,0xFFEF954D,0xFFF09458,0xFFE78D53,0xFFF39550,0xFFFFB956,0xFFFFC553,0xFFFBB751,
    0xFFF6B251,0xFFFCC04F,0xFFFCCF49,0xFFFFD350,0xFFFDC84D,0xFFF8C245,0xFFFFCF55,0xFFF7C74F,
    0xFFF7D156,0xFFFDDB5E,0xFFFDCA54,0xFFFED35C,0xFFFDE066,0xFFF9E16E,0xFFEEC467,0xFFEBAB5A,
    0xFFF8B369,0xFFF3A35E,0xFFF8A058,0xFFF69E51,0xFFF69A4D,0xFFF9A24D,0xFFFBB74C,0xFFFDD257,
    0xFFFDE46A,0xFFFBE674,0xFFFFF48D,0xFFF8E38D,0xFFF2CA7D,0xFFF5C57F,0xFFF2B87F,0xFFF1B57A,
    0xFFEFB774,0xFFF5C884,0xFFFBDD8E,0xFFF3D381,0xFFEDC272,0xFFF0C270,0xFFFCCC78,0xFFF5BF73,
    0xFFF1B476,0xFFF4B770,0xFFF5BB73,0xFFF3BC6F,0xFFF8C178,0xFFFBEE97,0xFFF5E999,0xFFFFFABA,
    0xFFF2E191,0xFFE9D67D,0xFFFDF09E,0xFFF5CF7D,0xFFFACD82,0xFFF5BE77,0xFFF8C47D,0xFFF1BE75,
    0xFFF0BA72,0xFFF9CA84,0xFFFAD28D,0xFFF2C57F,0xFFFAD289,0xFFFBD78F,0xFFF8CA81,0xFFF9BE7E,
    0xFFF8B983,0xFFF6B984,0xFFF4B981,0xFFF8BA86,0xFFF7B884,0xFFF7B882,0xFFF7B782,0xFFF8B684,
    0xFFF7B684,0xFFF5B782,0xFFF7B882,0xFFFBB983,0xFFFBBA83,0xFFF7B57F,0xFFF6B77C,0xFFFEC282,
    0xFFFCBF82,0xFFF8BA80,0xFFF7BC7D,0xFFFCC483,0xFFFBC382,0xFFF6BC7B,0xFFF5C27A,0xFFFAC37E,
    0xFFFABA7E,0xFFF9B680,0xFFF6B97E,0xFFF3BF72,0xFFFAC57A,0xFFF9BB80,0xFFF3B27E,0xFFF6BB7A,
    0xFFFDC778,0xFFFBC677,0xFFF7C274,0xFFF6BF6D,0xFFFDC477,0xFFFFCC7F,0xFFF4BE71,0xFFFCC37D,
    0xFFF7BC7A,0xFFF5B87C,0xFFF6B77F,0xFFF4B37D,0xFFF1AF7B,0xFFEAAD7C,0xFFEBAE7F,0xFFEAAE81,
    0xFFEAAE85,0xFFE8AE88,0xFFE8AE85,0xFFE7AE82,0xFFE5AF82,0xFFE4AF84,0xFFE4AF84,0xFFE4AF83,
    0xFFE6AD84,0xFFE7AC85,0xFFE4AD83,0xFFE2AD81,0xFFE1AF85,0xFFE0AC81,0xFFE8B48A,0xFFE9B890,
    0xFF1B2A3A,0xFF111D2D,0xFF18202E,0xFF2A303C,0xFF2A3140,0xFF141F30,0xFF101E33,0xFF0F2137,
    0xFF091524,0xFF252534,0xFF22273A,0xFF020F23,0xFF0E1B2E,0xFF091528,0xFF172336,0xFF182239,
    0xFF101F34,0xFF051426,0xFF121729,0xFF37313F,0xFF202233,0xFF212438,0xFF2A2D41,0xFF172238,
    0xFF2B2A39,0xFF383443,0xFF323042,0xFF25273A,0xFF191E33,0xFF182038,0xFF131C32,0xFF171E31,
    0xFF2E394B,0xFF7B899A,0xFF596C82,0xFF213346,0xFF788998,0xFF425968,0xFF788994,0xFF8799A8,
    0xFF95A4B4,0xFF87909C,0xFF788698,0xFF788A9D,0xFF93A1AF,0xFF84919C,0xFF506375,0xFF42566B,
    0xFF182E46,0xFF0B223B,0xFF1C324A,0xFF344961,0xFF1B2F46,0xFF3D5165,0xFF67798C,0xFF304359,
    0xFF3C576B,0xFF405C70,0xFF546E82,0xFF738A9C,0xFF8498A8,0xFF8294A2,0xFF7F90A0,0xFF7A8C9D,
    0xFF7B8DA0,0xFF778C9F,0xFF768B9E,0xFF788C9F,0xFF75899D,0xFF788C9E,0xFF768A9C,0xFF778B9D,
    0xFF738A9C,0xFF6D8698,0xFF667D90,0xFF70879A,0xFF314E67,0xFF234461,0xFF4B677F,0xFF899FB1,
    0xFF657D8B,0xFF5C5A5B,0xFFD9B3A6,0xFFECB7A3,0xFFE9B39C,0xFFEBAB8C,0xFFE8AA8D,0xFFE8AF93,
    0xFFEBB696,0xFFE0B7A1,0xFFCBAD9E,0xFF928483,0xFF484852,0xFF2A3746,0xFF11283F,0xFF293B55,
    0xFF29384C,0xFF323E4D,0xFF414A5C,0xFF0B182F,0xFF353641,0xFFA5897E,0xFFE6B49A,0xFFE4AD94,
    0xFFE0A98C,0xFFE3AF8F,0xFFE1AB8C,0xFFE6AA89,0xFFECAC87,0xFFECA97E,0xFFEAAA7F,0xFFE6AC85,
    0xFFE5AD8C,0xFFDDA88C,0xFFD9A98E,0xFFDAA991,0xFFDBA88E,0xFFDBA88E,0xFFD3A992,0xFFD2A991,
    0xFFD4A88F,0xFFD5A78D,0xFFD5A98E,0xFFD5A88E,0xFFD5A58C,0xFFD6A48B,0xFFD2A087,0xFFD6A48C,
    0xFFD4A58C,0xFFD19E87,0xFFD39B81,0xFFD49C80,0xFFD6A081,0xFFDC9E7F,0xFFE29F7F,0xFFE29F7A,
    0xFFE7A278,0xFFEEA875,0xFFF5AA6E,0xFFF9B066,0xFFFBBC62,0xFFFFC45B,0xFFFEC566,0xFFFABF79,
    0xFFEEB17F,0xFFEAB082,0xFFE9B08A,0xFFE4AD89,0xFFE4B088,0xFFE3B088,0xFFE3AE89,0xFFE4AC89,
    0xFFE8AC85,0xFFE6AA85,0xFFE5A77F,0xFFEFAB71,0xFFFAB465,0xFFFEB862,0xFFFFBC5C,0xFFFEBA4F,
    0xFFFCAF4B,0xFFF9B348,0xFFFBBF49,0xFFFAC647,0xFFFACB44,0xFFFCCE4A,0xFFFFD35C,0xFFF6C060,
    0xFFEAA356,0xFFF8B75A,0xFFFBB569,0xFFDD9B71,0xFFDA9E7D,0xFFDD9B80,0xFFE09F7D,0xFFE0A27C,
    0xFFEAAF78,0xFFF0B774,0xFFE6A76F,0xFFE49E71,0xFFE49B6F,0xFFD58A5C,0xFFD48957,0xFFDA8A56,
    0xFFE88C59,0xFFE98A4D,0xFFEB8F4E,0xFFED9150,0xFFF49C4D,0xFFFAB451,0xFFFCC556,0xFFFFC65B,
    0xFFFABE55,0xFFF9C651,0xFFFAD24C,0xFFFEDD54,0xFFFDD956,0xFFF9C84C,0xFFFBC751,0xFFFBD055,
    0xFFF7D857,0xFFFAE25C,0xFFFEE15D,0xFFF9DB5B,0xFFFEE56E,0xFFF4D366,0xFFEEB261,0xFFFABA6D,
    0xFFFABC62,0xFFF7AE58,0xFFFABC5D,0xFFF7C261,0xFFFAB459,0xFFF7BA56,0xFFFBD863,0xFFFEE770,
    0xFFFEEB7B,0xFFFFF18B,0xFFFCE28E,0xFFF4C27D,0xFFF2B172,0xFFF3B37A,0xFFF5B57D,0xFFFBBC83,
    0xFFFABA80,0xFFFBBF83,0xFFF6BA7D,0xFFF2B377,0xFFF2B478,0xFFFAC285,0xFFF9BD80,0xFFF8BB7F,
    0xFFF9B77D,0xFFFAB77C,0xFFF9B979,0xFFF7BA77,0xFFF6B574,0xFFF7C781,0xFFF8D189,0xFFF2C882,
    0xFFF2BE73,0xFFF8CB7D,0xFFF9E08E,0xFFEFC174,0xFFF5C07A,0xFFF8BE7B,0xFFFBC786,0xFFF8BF80,
    0xFFFAB87D,0xFFF8B77C,0xFFF8B87D,0xFFF9B97C,0xFFF6B777,0xFFF5B678,0xFFF7B87B,0xFFF8B77F,
    0xFFF8B882,0xFFF8B882,0xFFF8B882,0xFFF8B984,0xFFF7B984,0xFFF5B882,0xFFF6B782,0xFFF9B783,
    0xFFF9B783,0xFFF8B682,0xFFF9B782,0xFFFDBC86,0xFFFBBA84,0xFFFEBD86,0xFFF9B881,0xFFF7B77F,
    0xFFF9B881,0xFFF5B57E,0xFFF3B57E,0xFFF5B780,0xFFF7B982,0xFFF8BA83,0xFFF2B17D,0xFFF3B17D,
    0xFFF4B17E,0xFFF2AF7D,0xFFEFAF78,0xFFF1B176,0xFFF3B477,0xFFF2B175,0xFFF4B175,0xFFF3B170,
    0xFFF3B16B,0xFFF4B46C,0xFFF9B972,0xFFFBBB6F,0xFFFBBC6D,0xFFFCBD6E,0xFFFBBB73,0xFFF6B575,
    0xFFF2AF77,0xFFF3B07E,0xFFF1AF7F,0xFFF1AE7F,0xFFEFAD7E,0xFFECB081,0xFFEBB081,0xFFEAAF80,
    0xFFEAAF80,0xFFE8AC7F,0xFFE7AC7E,0xFFE8AD7E,0xFFE7AB7E,0xFFE7AC7F,0xFFE8AD81,0xFFE8AD80,
    0xFFE7AB7E,0xFFE6AB80,0xFFE4AE85,0xFFE4AE85,0xFFE2AC81,0xFFF0B88A,0xFFD0A786,0xFF564436,
    0xFF202B3B,0xFF141D2D,0xFF2C3341,0xFF313845,0xFF22293B,0xFF1F293B,0xFF0B172B,0xFF101C30,
    0xFF191E2F,0xFF343445,0xFF0F1B2D,0xFF091A2D,0xFF071426,0xFF0F1D30,0xFF192639,0xFF0D1830,
    0xFF06162C,0xFF0D1E2F,0xFF1F2639,0xFF262637,0xFF161C31,0xFF121A30,0xFF2D3346,0xFF191D2E,
    0xFF333241,0xFF363547,0xFF26283B,0xFF2B2D3D,0xFF191E33,0xFF151F37,0xFF161F35,0xFF272E40,
    0xFF121D2F,0xFF1B2637,0xFF334354,0xFF788594,0xFF3F4857,0xFF8A98AB,0xFF71808C,0xFF354453,
    0xFF8492A2,0xFF828B97,0xFF091A2B,0xFF25384D,0xFF8493A5,0xFF929EAB,0xFF90A0B0,0xFF33455A,
    0xFF20364D,0xFF20344D,0xFF23374E,0xFF374B63,0xFF3B4F67,0xFF35495D,0xFF4D5C6F,0xFF6C7B8E,
    0xFF385060,0xFF3D586C,0xFF1E384C,0xFF354C5E,0xFF657A8A,0xFF708192,0xFF657688,0xFF7E8F9F,
    0xFF8192A2,0xFF7B8C9C,0xFF8091A0,0xFF7B8D9C,0xFF7C8D9D,0xFF7F90A0,0xFF8091A1,0xFF8092A2,
    0xFF7A8D9E,0xFF768A9B,0xFF738899,0xFF6A7F90,0xFF18344D,0xFF0C2C49,0xFF4B6680,0xFF697D91,
    0xFF314B61,0xFF7F92A5,0xFF6C7280,0xFF89838B,0xFFC4A99F,0xFFE9C0AA,0xFFE7BBA5,0xFFCEB1A5,
    0xFF9A8F90,0xFF75727A,0xFF2D3546,0xFF101D30,0xFF29374B,0xFF38485E,0xFF10243B,0xFF182940,
    0xFF313E50,0xFF4A5765,0xFF404A5D,0xFF192840,0xFF263144,0xFF4C464D,0xFF9A847D,0xFFC8A899,
    0xFFD5AF9D,0xFFD3A38B,0xFFD9A78D,0xFFD6A78E,0xFFDAA58A,0xFFE8AE90,0xFFE4AF8E,0xFFDAAB89,
    0xFFD6A98B,0xFFD5A88F,0xFFD3A78F,0xFFD5A88F,0xFFD6A68F,0xFFD7A68F,0xFFD2A58E,0xFFD3A58D,
    0xFFD5A68B,0xFFD6A388,0xFFD49D82,0xFFDAA186,0xFFDDA288,0xFFDFA185,0xFFDE9C78,0xFFE09B74,
    0xFFE59C72,0xFFE69F78,0xFFE8A582,0xFFE5A47D,0xFFE3A178,0xFFDFA07B,0xFFD89A74,0xFFE1A176,
    0xFFE4A376,0xFFE9A176,0xFFF2A375,0xFFF7A972,0xFFFCB674,0xFFFFC068,0xFFFEC06C,0xFFF6B872,
    0xFFF6BA83,0xFFE6AF84,0xFFE3AC8A,0xFFE2AD8C,0xFFE2AE8B,0xFFE2AC8D,0xFFE2A98B,0xFFE4A98C,
    0xFFE7AB88,0xFFE6AC89,0xFFE3AB86,0xFFF1B37F,0xFFFEBF65,0xFFFCBC5B,0xFFFCBE5C,0xFFFFC258,
    0xFFFDC155,0xFFFCC254,0xFFFDC452,0xFFFEC953,0xFFFECE52,0xFFFCCD53,0xFFFBCD5F,0xFFFFCF6D,
    0xFFFAC06F,0xFFF0B565,0xFFFEC775,0xFFEAAE77,0xFFD99B73,0xFFDC9C76,0xFFDC9A70,0xFFDF9D74,
    0xFFE6A374,0xFFD99461,0xFFD88F67,0xFFD48963,0xFFD58962,0xFFD6875E,0xFFD7885B,0xFFD98650,
    0xFFE78753,0xFFF49050,0xFFFE9D54,0xFFFD9F53,0xFFFDAB51,0xFFFBBD50,0xFFFABE4D,0xFFFCB951,
    0xFFFEBB53,0xFFFFC250,0xFFFBCE4F,0xFFFDDA56,0xFFFCDB58,0xFFFAD655,0xFFF8D055,0xFFFBD75B,
    0xFFFFE263,0xFFF6D758,0xFFFCDD63,0xFFFCE168,0xFFFDEA6F,0xFFFAE36E,0xFFF7BE70,0xFFFBBC75,
    0xFFF0AD63,0xFFFAB465,0xFFFFD46E,0xFFFED772,0xFFFBC564,0xFFFFCD6B,0xFFFCDA6E,0xFFF8E272,
    0xFFFFEE84,0xFFFADB83,0xFFECBD76,0xFFF0B579,0xFFFAB87F,0xFFFAB880,0xFFF8B77F,0xFFF8B77F,
    0xFFF8B67F,0xFFF6B47A,0xFFF7B57C,0xFFF8B77D,0xFFF8B87E,0xFFF6B77D,0xFFF7B87E,0xFFF5B77C,
    0xFFFAB87E,0xFFFAB87D,0xFFFBBD7F,0xFFFDC484,0xFFFDB77A,0xFFFAB677,0xFFF7B576,0xFFF9B575,
    0xFFF9B573,0xFFF9BA77,0xFFE8B76D,0xFFF8C47E,0xFFF5C37C,0xFFF4B876,0xFFF7B97B,0xFFF7BA7D,
    0xFFFAB980,0xFFFBBA80,0xFFFBB980,0xFFFBBB81,0xFFFCBB81,0xFFFBBA7F,0xFFFAB97F,0xFFFAB982,
    0xFFFAB983,0xFFFBB983,0xFFFBB983,0xFFF8B984,0xFFF8B984,0xFFF8B883,0xFFF7B883,0xFFF9B783,
    0xFFF9B783,0xFFFAB783,0xFFF9B782,0xFFF8B781,0xFFF8B781,0xFFF9B882,0xFFF8B781,0xFFF7B681,
    0xFFF7B680,0xFFF6B57F,0xFFF6B680,0xFFF4B57F,0xFFF2B37D,0xFFF3B47E,0xFFF6B97E,0xFFF4B77A,
    0xFFF4B77B,0xFFF8BA7D,0xFFF8B879,0xFFFCBC7B,0xFFFEBF7A,0xFFFEC17C,0xFFFCBD7A,0xFFFBBB75,
    0xFFFCBE76,0xFFFCBA72,0xFFFDB770,0xFFFAB56F,0xFFF7B26E,0xFFF9B871,0xFFF8B773,0xFFF5B377,
    0xFFF3B07B,0xFFEEAC79,0xFFEDAC79,0xFFEFAD7A,0xFFEDAC79,0xFFECAD7A,0xFFEDAD7B,0xFFECAD7B,
    0xFFEDAE7C,0xFFF3B482,0xFFF3B482,0xFFF1B280,0xFFF4B484,0xFFEFAF80,0xFFEAAB7B,0xFFECAC7D,
    0xFFEBB082,0xFFE8AE7F,0xFFF0B381,0xFFEDAE7B,0xFFF7B583,0xFFC99E80,0xFF372F2C,0xFF121E29,
    0xFF1A2031,0xFF2C3343,0xFF353C4C,0xFF1B2132,0xFF202739,0xFF192132,0xFF182032,0xFF1E2333,
    0xFF383746,0xFF1E2234,0xFF011225,0xFF081A2C,0xFF0D1A2D,0xFF121F32,0xFF0F1C2E,0xFF0C172E,
    0xFF041429,0xFF112132,0xFF232A3D,0xFF1D2438,0xFF111D35,0xFF101C33,0xFF212637,0xFF2F2C37,
    0xFF3F3F50,0xFF24293F,0xFF10152A,0xFF282937,0xFF313749,0xFF182237,0xFF172136,0xFF1F2639,
    0xFF1B2538,0xFF061324,0xFF0F1B28,0xFF7E838E,0xFF3C404F,0xFF50586E,0xFF8E99A6,0xFF2D3C4B,
    0xFF626E7E,0xFFADB4C1,0xFF677586,0xFF0B1E33,0xFF54667A,0xFF8493A2,0xFF485969,0xFF4D6074,
    0xFF1C3149,0xFF192E47,0xFF1A2E45,0xFF43576F,0xFF263A52,0xFF758599,0xFF6B7789,0xFF707D8F,
    0xFF4F6473,0xFF4D6576,0xFF294053,0xFF263E51,0xFF102639,0xFF63778C,0xFF45586B,0xFF516675,
    0xFF798C9B,0xFF8091A0,0xFF8797A7,0xFF8696A5,0xFF8696A5,0xFF8999A9,0xFF8596A5,0xFF788897,
    0xFF8E9EAE,0xFF8D9EAE,0xFF8D9EAF,0xFF96A6B7,0xFF496279,0xFF304F6B,0xFF47647E,0xFF283E52,
    0xFF58667B,0xFF879BB1,0xFF385671,0xFF1E3D59,0xFF3E4E5D,0xFF717275,0xFF605F60,0xFF515763,
    0xFF2C384F,0xFF1C2D49,0xFF061C3D,0xFF19314E,0xFF556B84,0xFF0F233C,0xFF13253B,0xFF1A273D,
    0xFF525F6F,0xFF62707E,0xFF2A354A,0xFF243147,0xFF1A2B43,0xFF435268,0xFF1B2230,0xFF686567,
    0xFFAFA2A1,0xFFD4B2A6,0xFFD5AA97,0xFFCFAA97,0xFFD2A793,0xFFD6A692,0xFFD4A88F,0xFFD0A98D,
    0xFFD1A88F,0xFFD1A992,0xFFD1A78F,0xFFD2A58E,0xFFD1A38C,0xFFD4A38D,0xFFD8A58D,0xFFD6A086,
    0xFFCA9377,0xFFC4896D,0xFFC78567,0xFFC78366,0xFFCB8468,0xFFCF896C,0xFFD5906F,0xFFE29771,
    0xFFEA996D,0xFFED9A6E,0xFFE5956A,0xFFF1A172,0xFFF3A473,0xFFEFA471,0xFFF7AD78,0xFFFBAF76,
    0xFFF7A96D,0xFFF4A76E,0xFFF3A46A,0xFFF8A76B,0xFFF9AF6E,0xFFF9B469,0xFFFDBA73,0xFFF2B06C,
    0xFFEBAC6F,0xFFE4AC80,0xFFE2AA87,0xFFE0AB89,0xFFE2AC85,0xFFE6AE84,0xFFE9AF84,0xFFEAAD80,
    0xFFE7AB80,0xFFE4AC85,0xFFE2AD85,0xFFE7AE80,0xFFFBBF73,0xFFFBBE70,0xFFF7B86F,0xFFF9BD6E,
    0xFFFBC966,0xFFFECE67,0xFFF9C35B,0xFFFEC45B,0xFFFFCB5C,0xFFFECB5D,0xFFFBC763,0xFFF4BC63,
    0xFFF6B378,0xFFF3AF81,0xFFF7B576,0xFFFCBF85,0xFFE4A873,0xFFE5A470,0xFFF2B07D,0xFFDF9A6F,
    0xFFE0976D,0xFFD98F66,0xFFD68968,0xFFD18661,0xFFD1815C,0xFFD6815B,0xFFD78058,0xFFD67E53,
    0xFFE17E52,0xFFE9824A,0xFFF49347,0xFFF2993C,0xFFF4AD42,0xFFFECC50,0xFFFCC94D,0xFFF1B948,
    0xFFF2BD4E,0xFFFDCA56,0xFFF9CD54,0xFFF1CB51,0xFFFEDE64,0xFFFFE66A,0xFFFEE271,0xFFF8D66D,
    0xFFF1C865,0xFFFED074,0xFFFBC675,0xFFF3BE6E,0xFFF8D575,0xFFFEE479,0xFFF3C070,0xFFEDB06F,
    0xFFF4B275,0xFFFAB074,0xFFFBC276,0xFFF3B86D,0xFFF4B169,0xFFF7B669,0xFFF1C266,0xFFFADF7C,
    0xFFFFE989,0xFFF6C379,0xFFF2B57B,0xFFF7B782,0xFFF7B680,0xFFF7B67E,0xFFF8B77F,0xFFF8B77F,
    0xFFF8B77F,0xFFFAB97E,0xFFF9B97F,0xFFF9B97E,0xFFFAB97F,0xFFFAB97F,0xFFFBBA80,0xFFFAB97F,
    0xFFFCB97F,0xFFFCB97E,0xFFFABC7D,0xFFF9BC7B,0xFFFBBF7D,0xFFF8BA79,0xFFFDB97A,0xFFFDB87A,
    0xFFFDBE7C,0xFFF8BC78,0xFFF4C47C,0xFFF9C27E,0xFFF9C982,0xFFFBBE7D,0xFFFEBB7F,0xFFFDBB80,
    0xFFFBBB80,0xFFFBBB80,0xFFFBBB80,0xFFFBBA82,0xFFFBBA83,0xFFFCBB83,0xFFFBBA82,0xFFFBBA81,
    0xFFFBBA81,0xFFFBBA81,0xFFFBBA81,0xFFF8BA82,0xFFF8BA83,0xFFF8BA82,0xFFF8B982,0xFFF9B783,
    0xFFF9B783,0xFFFAB884,0xFFFAB884,0xFFFAB983,0xFFFAB983,0xFFFAB983,0xFFFAB983,0xFFFAB983,
    0xFFFAB983,0xFFF9B882,0xFFF7B781,0xFFF9BA84,0xFFF8B983,0xFFF9BA84,0xFFFAC17F,0xFFF7BF7B,
    0xFFFFC885,0xFFFDC481,0xFFFCBF7A,0xFFFDC078,0xFFFCC075,0xFFFABF75,0xFFF7B973,0xFFF9B973,
    0xFFF8BB74,0xFFF7B570,0xFFFFBB79,0xFFF8B174,0xFFF8B178,0xFFF8B679,0xFFF1B174,0xFFEFAE76,
    0xFFF0AE7B,0xFFEEAE78,0xFFF5B680,0xFFF5B67F,0xFFF7B882,0xFFF9B782,0xFFF5B37F,0xFFF4B27E,
    0xFFF5B27E,0xFFF8B682,0xFFF5B37F,0xFFF3B17C,0xFFEEAC79,0xFFF0AE7C,0xFFF2B07E,0xFFF4B17F,
    0xFFECB182,0xFFEEB383,0xFFEBAA76,0xFFF3B582,0xFFCEA183,0xFF281E1F,0xFF182637,0xFF242B39,
    0xFF272836,0xFF373A4A,0xFF212738,0xFF22293C,0xFF182134,0xFF192031,0xFF2D3241,0xFF2F313C,
    0xFF363742,0xFF21283D,0xFF04152A,0xFF0E1D30,0xFF0D1A2D,0xFF0D1A2D,0xFF0D1A2C,0xFF0A152D,
    0xFF0A1B30,0xFF0F1F30,0xFF232A3D,0xFF1B2336,0xFF182439,0xFF0F192E,0xFF1A1C29,0xFF403C47,
    0xFF202336,0xFF0E132A,0xFF202235,0xFF373945,0xFF242A3A,0xFF111C2F,0xFF182235,0xFF192033,
    0xFF172133,0xFF152234,0xFF121C2A,0xFF30353F,0xFFA4A8B3,0xFF404856,0xFF818A96,0xFF4C5A6A,
    0xFF556071,0xFFA1A4B2,0xFF9EA7B3,0xFF657485,0xFF657486,0xFF8E9CAB,0xFF526373,0xFF596C80,
    0xFF253B52,0xFF4C617A,0xFF23364E,0xFF455971,0xFF152941,0xFF606F81,0xFF9199AA,0xFF7E8798,
    0xFF6B7B8A,0xFF364B5B,0xFF2D4254,0xFF375064,0xFF334D63,0xFF1D3049,0xFF60768B,0xFF455B6B,
    0xFF5C7281,0xFF304356,0xFF4B5D70,0xFF6F8395,0xFF5B6F81,0xFF596D7F,0xFF63778A,0xFF4B5F71,
    0xFF42566A,0xFF667A90,0xFF5A6E84,0xFF596D82,0xFF6E869C,0xFF2C4963,0xFF082642,0xFF0B233A,
    0xFF868F9C,0xFF788897,0xFF405A72,0xFF0B2946,0xFF53718C,0xFF5A6E7F,0xFF425B70,0xFF355069,
    0xFF3C4F65,0xFF2A4058,0xFF0F2740,0xFF475E77,0xFF32465E,0xFF0B1F36,0xFF12243B,0xFF3D485D,
    0xFF657180,0xFF62707F,0xFF1F2D44,0xFF1D2C45,0xFF071B35,0xFF2C3E56,0xFF4E5A6C,0xFF283141,
    0xFF1B2332,0xFF766C70,0xFFD3B6A8,0xFFD0AA93,0xFFD2A894,0xFFD4A593,0xFFD3A791,0xFFD1A890,
    0xFFD4A790,0xFFD4A68F,0xFFD1A288,0xFFCF9F84,0xFFD09D84,0xFFD29D84,0xFFD39A80,0xFFD19479,
    0xFFCD8F73,0xFFCD8D6D,0xFFD08866,0xFFCF8564,0xFFCF8362,0xFFCC8163,0xFFC68265,0xFFC98061,
    0xFFCB815F,0xFFD38360,0xFFD4815B,0xFFD9865E,0xFFDF8D63,0xFFE59263,0xFFEC9864,0xFFF39D65,
    0xFFFBA467,0xFFFCAC69,0xFFFEAC66,0xFFFBA95F,0xFFF8AB5E,0xFFF2A95E,0xFFF5AD69,0xFFFFB977,
    0xFFFEBE7B,0xFFF1B37C,0xFFE8AC7D,0xFFEDB284,0xFFECB280,0xFFF1B681,0xFFFABF85,0xFFF9BB7D,
    0xFFF7B682,0xFFF0B586,0xFFE5AF7F,0xFFE6AD81,0xFFEEB27E,0xFFEBAF7E,0xFFECAF81,0xFFEDB27D,
    0xFFF5C175,0xFFFCC773,0xFFF5BD62,0xFFF8BD5D,0xFFF7BC56,0xFFF8C15A,0xFFF9C563,0xFFFFC574,
    0xFFEFA477,0xFFF1A67C,0xFFF0A66F,0xFFEDA975,0xFFF4B77D,0xFFFABA7E,0xFFEFAD76,0xFFE7A277,
    0xFFDD956E,0xFFE99E76,0xFFE49871,0xFFDE936A,0xFFD7865C,0xFFD67D54,0xFFDB7E54,0xFFDF8056,
    0xFFE38152,0xFFEC914E,0xFFF19E45,0xFFF9B146,0xFFFECB53,0xFFFFD754,0xFFFFDB58,0xFFFCD95D,
    0xFFFBDC63,0xFFFFDF64,0xFFFFDE68,0xFFFCD365,0xFFFDD46D,0xFFF4CE6A,0xFFF9D673,0xFFF7CF75,
    0xFFF4C276,0xFFF9C07D,0xFFF3B079,0xFFF6AD7C,0xFFF7BA79,0xFFFEDA7E,0xFFF3C570,0xFFF5C37C,
    0xFFF1C479,0xFFF3B077,0xFFFAB47C,0xFFF6AF77,0xFFFCB17B,0xFFF9B476,0xFFF9C478,0xFFFED884,
    0xFFF7CE7C,0xFFF5BA77,0xFFF8B780,0xFFF9B783,0xFFF9B780,0xFFF9B880,0xFFF9B880,0xFFF9B880,
    0xFFF9B881,0xFFFBBA80,0xFFFBBA80,0xFFFBBA80,0xFFFBBA80,0xFFFBBA80,0xFFFCBB81,0xFFFCBB81,
    0xFFFEBA81,0xFFFDBB80,0xFFFABB7D,0xFFF9BD7B,0xFFF7C37E,0xFFF6BE7B,0xFFFABB7A,0xFFF7BD7A,
    0xFFF9C681,0xFFF9C681,0xFFFCD78F,0xFFF7C07C,0xFFFAC37E,0xFFFEBF7E,0xFFFDBC7E,0xFFFCBC81,
    0xFFFDBC82,0xFFFDBC82,0xFFFDBC82,0xFFFDBC82,0xFFFDBC81,0xFFFDBC81,0xFFFDBC82,0xFFFEBD82,
    0xFFFDBD82,0xFFFCBC81,0xFFFCBC81,0xFFFABC82,0xFFFABC82,0xFFF9BB81,0xFFF9BB81,0xFFFBB985,
    0xFFFBB985,0xFFFAB884,0xFFFAB884,0xFFFAB983,0xFFFAB983,0xFFFAB983,0xFFF9B882,0xFFFAB983,
    0xFFF9B882,0xFFF9B882,0xFFF7B781,0xFFF6B882,0xFFF7B882,0xFFF5B680,0xFFF3B67A,0xFFF4B77A,
    0xFFF8BB7F,0xFFF6B87C,0xFFF7B878,0xFFF6B775,0xFFF3B470,0xFFF4B670,0xFFF6BA74,0xFFF7BA77,
    0xFFF6B979,0xFFF5B579,0xFFF6B47C,0xFFF4B17A,0xFFF4B17B,0xFFF1B07A,0xFFF2B37D,0xFFF0B07D,
    0xFFEFAE7E,0xFFF0B27E,0xFFF0B27D,0xFFEEB07B,0xFFEDAF7B,0xFFECAD7A,0xFFEBAD7A,0xFFECAD7B,
    0xFFEAAB79,0xFFE9AA78,0xFFEAAA78,0xFFE9AA77,0xFFE9AA79,0xFFECAC7D,0xFFEAAB7B,0xFFE9AA7A,
    0xFFE8AC7F,0xFFE6A87C,0xFFF1B990,0xFFD6B095,0xFF403638,0xFF1B2438,0xFF222D41,0xFF24222D,
    0xFF3C3C4A,0xFF2E3040,0xFF1E2335,0xFF232B3E,0xFF192133,0xFF212938,0xFF313442,0xFF393A43,
    0xFF353A45,0xFF151F35,0xFF08152D,0xFF0D1A2E,0xFF0F1C2F,0xFF162437,0xFF111E31,0xFF0E1930,
    0xFF05152A,0xFF0D1D2F,0xFF141C30,0xFF151C2E,0xFF101A2D,0xFF171D2C,0xFF41404A,0xFF393947,
    0xFF080E23,0xFF23273B,0xFF343240,0xFF3A3C48,0xFF161D2C,0xFF182133,0xFF192235,0xFF192033,
    0xFF1B2638,0xFF0E1B2D,0xFF202C3D,0xFF0B131E,0xFF5A6066,0xFF606A71,0xFF68727C,0xFF98A4B3,
    0xFF6B7485,0xFF9EA0AC,0xFF9C9DA4,0xFF7C8693,0xFF5C6877,0xFF9CA7B4,0xFF586879,0xFF435569,
    0xFF20364E,0xFF394D66,0xFF3F526A,0xFF2D4058,0xFF41556D,0xFF3D4A5D,0xFF63697A,0xFF7C8395,
    0xFF8795A4,0xFF697C8B,0xFF536879,0xFF3B5468,0xFF375269,0xFF091F3A,0xFF354A60,0xFF576E7E,
    0xFF647C8A,0xFF3C556B,0xFF20384F,0xFF233C53,0xFF415A72,0xFF627B92,0xFF677F97,0xFF5C758C,
    0xFF132A43,0xFF3D556F,0xFF566D87,0xFF496079,0xFF1F354B,0xFF244059,0xFF001E39,0xFF466077,
    0xFF637988,0xFF748C9E,0xFF334D65,0xFF1E3851,0xFF768696,0xFF6F7885,0xFF586A7E,0xFF102B45,
    0xFF1B354B,0xFF1C364C,0xFF284358,0xFF5C7083,0xFF0F1D32,0xFF102136,0xFF15273E,0xFF6A7588,
    0xFF808A99,0xFF314050,0xFF192A42,0xFF1C2F4A,0xFF172A45,0xFF202B40,0xFF878B99,0xFF202D42,
    0xFF1C2F47,0xFF0A1624,0xFF8A7B72,0xFFECC0A3,0xFFD7A78F,0xFFDEAA94,0xFFDEAC97,0xFFD9A891,
    0xFFD8A58F,0xFFDCA58F,0xFFDBA589,0xFFDBA788,0xFFDBA386,0xFFD69B7F,0xFFD7987C,0xFFDA9A7D,
    0xFFDD9C7E,0xFFDF9B7B,0xFFE39B77,0xFFDF9572,0xFFDC8F6C,0xFFD98B69,0xFFDA8B68,0xFFD78967,
    0xFFD68967,0xFFD68869,0xFFD48467,0xFFD68665,0xFFD38361,0xFFD08362,0xFFCD8160,0xFFD0825E,
    0xFFDA8B63,0xFFE5955E,0xFFF39E5F,0xFFFBA761,0xFFFDB062,0xFFFFB867,0xFFF7AD67,0xFFF7AE6C,
    0xFFFBB770,0xFFFBB976,0xFFF6B57B,0xFFF6B77D,0xFFF0B37E,0xFFE9AC80,0xFFF1B280,0xFFF4B57D,
    0xFFF7B37D,0xFFF7B881,0xFFF3BA86,0xFFF0B387,0xFFE9AF82,0xFFE9B085,0xFFE8AF83,0xFFEAB17E,
    0xFFF3B57F,0xFFF5BA78,0xFFF9C06F,0xFFFAC164,0xFFFCC55E,0xFFFDC75F,0xFFFAC463,0xFFF5BD6A,
    0xFFEDB170,0xFFF8BF73,0xFFF8C071,0xFFE4A66C,0xFFEDAE73,0xFFF7B678,0xFFEAA46F,0xFFE5A278,
    0xFFDF9C74,0xFFE5A073,0xFFE8A26D,0xFFE89E6C,0xFFE08F5E,0xFFDF8554,0xFFE98854,0xFFF08E4F,
    0xFFF4974E,0xFFFEB354,0xFFFFC353,0xFFFFCC57,0xFFFBD456,0xFFFAD652,0xFFFCD350,0xFFF9D357,
    0xFFFADB64,0xFFFAD75E,0xFFF8D561,0xFFFCD169,0xFFFCC96E,0xFFF5C572,0xFFFCD26D,0xFFF9CB6B,
    0xFFFECA7A,0xFFF5BD75,0xFFF6C27F,0xFFFBBA82,0xFFF5B975,0xFFFDD77B,0xFFF8CF77,0xFFF1C879,
    0xFFFBE085,0xFFF5C77A,0xFFF5BC75,0xFFF8BC78,0xFFF3B873,0xFFF7B77A,0xFFFBBD7D,0xFFFAC179,
    0xFFF5B772,0xFFF6B979,0xFFF7BA80,0xFFFAB982,0xFFFBB97E,0xFFFAB980,0xFFFAB981,0xFFFCBB82,
    0xFFFCBB82,0xFFFCBB81,0xFFFCBB81,0xFFFCBB81,0xFFFDBB81,0xFFFEBA81,0xFFFFBB82,0xFFFFBB82,
    0xFFFFBB82,0xFFFEBC81,0xFFFDBD7F,0xFFFBBE7D,0xFFFABD7C,0xFFFEBD7E,0xFFFFBB7C,0xFFFABD7C,
    0xFFF8BD7D,0xFFFCBF7F,0xFFF6C27F,0xFFFCBD7D,0xFFFCBE7B,0xFFFFBD7F,0xFFFDBE80,0xFFFCBF82,
    0xFFFEBD83,0xFFFEBD83,0xFFFEBD83,0xFFFEBE82,0xFFFEBE80,0xFFFEBE80,0xFFFEBE80,0xFFFEBE81,
    0xFFFEBE81,0xFFFDBD80,0xFFFDBD80,0xFFFBBD82,0xFFFBBD82,0xFFFABC81,0xFFFABC82,0xFFFCBA86,
    0xFFFCB985,0xFFFAB884,0xFFFAB884,0xFFFAB983,0xFFFAB983,0xFFFAB983,0xFFFAB983,0xFFF9B882,
    0xFFF9B882,0xFFF9B882,0xFFF7B882,0xFFF6B781,0xFFF6B781,0xFFF5B580,0xFFF7B582,0xFFF7B482,
    0xFFF6B381,0xFFF7B481,0xFFF9B882,0xFFFCBB83,0xFFFCBD83,0xFFFCBD80,0xFFF8BB7B,0xFFF4B77B,
    0xFFF1B37A,0xFFF1B37F,0xFFEFB07F,0xFFEFB17D,0xFFF0B27B,0xFFF0B17E,0xFFF0B180,0xFFF0B181,
    0xFFF0B082,0xFFEFB181,0xFFEDB080,0xFFEDB080,0xFFECAF7F,0xFFEAAE80,0xFFEBAF81,0xFFE9AF80,
    0xFFE8AD7F,0xFFE9AD7F,0xFFE7AC7F,0xFFE7AC7E,0xFFE9AE81,0xFFE7AD81,0xFFE8AC7F,0xFFE8AC80,
    0xFFE7A97E,0xFFFBBD96,0xFFC09780,0xFF2F2324,0xFF252330,0xFF282A39,0xFF171E31,0xFF1F2840,
    0xFF2C3446,0xFF1C2233,0xFF1F2434,0xFF262A39,0xFF2E3242,0xFF2A3441,0xFF2F333F,0xFF303243,
    0xFF111B33,0xFF000E25,0xFF06182E,0xFF07172D,0xFF111F36,0xFF0B1B31,0xFF0E1D33,0xFF0A1629,
    0xFF172336,0xFF111F34,0xFF0C1A33,0xFF1A243E,0xFF1D1F32,0xFF413F4C,0xFF2D2E3B,0xFF131E31,
    0xFF0D1C31,0xFF212636,0xFF413D48,0xFF383A4B,0xFF0B1729,0xFF242A3D,0xFF27293B,0xFF1A2134,
    0xFF1A2639,0xFF0F2034,0xFF162435,0xFF1F2837,0xFF0F1522,0xFF5C616A,0xFF565D65,0xFF9DA5AD,
    0xFF989FA8,0xFF8D929B,0xFF9C9FA8,0xFF8B96A6,0xFF2E3C4E,0xFF727C8C,0xFF818A99,0xFF202E41,
    0xFF263952,0xFF01162F,0xFF495D76,0xFF35455E,0xFF6D7D8F,0xFF4B5A67,0xFF6E7A88,0xFF8B94A3,
    0xFF798191,0xFF798595,0xFF8396A5,0xFF4A6072,0xFF607387,0xFF22364A,0xFF3E5165,0xFF54687B,
    0xFF263D4F,0xFF4A6678,0xFF536E84,0xFF112B44,0xFF152F48,0xFF334D64,0xFF344F66,0xFF334D64,
    0xFF102B44,0xFF36526B,0xFF354C63,0xFF667B90,0xFF3A5369,0xFF355066,0xFF223D53,0xFF4E687E,
    0xFF415E71,0xFF4D6A80,0xFF1C3752,0xFF36506A,0xFF566A7B,0xFF586777,0xFF213347,0xFF09213B,
    0xFF3A546D,0xFF253B52,0xFF526578,0xFF3C4E63,0xFF0F2037,0xFF404F65,0xFF465569,0xFF97A2B1,
    0xFF5A6675,0xFF233548,0xFF1E354C,0xFF132A44,0xFF162940,0xFF5B6779,0xFF56606F,0xFF1A2A3E,
    0xFF45566A,0xFF24374B,0xFF252934,0xFFA7897E,0xFFEFBEA3,0xFFE6AF8F,0xFFE4AF94,0xFFE9AD90,
    0xFFDCAA94,0xFFDBA68D,0xFFE3A78B,0xFFE0AC90,0xFFDDA989,0xFFDD9F82,0xFFDF9E7D,0xFFE2A07F,
    0xFFE0A080,0xFFDE9E7E,0xFFE4A180,0xFFE49E7D,0xFFE49B79,0xFFE59974,0xFFE5926B,0xFFE6946C,
    0xFFE6946D,0xFFE39369,0xFFE09164,0xFFE49065,0xFFE69065,0xFFE18F67,0xFFDE916D,0xFFD68B6B,
    0xFFCE8467,0xFFD6855E,0xFFDF8C5C,0xFFEC9B63,0xFFF0A060,0xFFF7AF64,0xFFFDB570,0xFFF5A869,
    0xFFF3A86C,0xFFF1AC71,0xFFF1AE76,0xFFF5B37E,0xFFEDB180,0xFFE6AF82,0xFFE9B080,0xFFEAB17F,
    0xFFEEB181,0xFFEFB081,0xFFEEAF81,0xFFF1B284,0xFFEDB284,0xFFE9AD86,0xFFEAAE85,0xFFF3B885,
    0xFFF3B283,0xFFEEAD7B,0xFFF0B072,0xFFFDC372,0xFFFECD64,0xFFFFCC62,0xFFFCCA67,0xFFF2BA64,
    0xFFF3B967,0xFFF9C564,0xFFFCCC67,0xFFF8C66C,0xFFF7C070,0xFFFABB70,0xFFF8B36F,0xFFE6A168,
    0xFFE39F6C,0xFFE8A46C,0xFFEFAD68,0xFFF7B06C,0xFFE79959,0xFFE9954F,0xFFFCA451,0xFFF8A146,
    0xFFFBAE4B,0xFFFDBB52,0xFFF9C955,0xFFF8D95D,0xFFFAD55D,0xFFFACF5A,0xFFFCCB5C,0xFFFBC962,
    0xFFFDD06D,0xFFFAD267,0xFFF4CB5C,0xFFF2C95C,0xFFF8D068,0xFFFED170,0xFFFAC76B,0xFFFABE69,
    0xFFF9BA6C,0xFFFBBF75,0xFFFAC07D,0xFFF8BF7B,0xFFF4B376,0xFFF8B679,0xFFF8BC7C,0xFFF1B878,
    0xFFFBD67D,0xFFFFE57D,0xFFF5CF74,0xFFF7CE82,0xFFFCE395,0xFFF2C77E,0xFFF6BC79,0xFFF6B976,
    0xFFFBB777,0xFFFBB97D,0xFFF9B87E,0xFFFBB97F,0xFFFBB97F,0xFFFBB97F,0xFFFBB97F,0xFFFCBA80,
    0xFFFBBA80,0xFFFBBB7E,0xFFFCBC7F,0xFFFCBC7F,0xFFFDBC7F,0xFFFFBC7E,0xFFFFBD80,0xFFFFBE81,
    0xFFFFBE80,0xFFFFBE80,0xFFFFBD7F,0xFFFEBD7F,0xFFFFBF7E,0xFFFFBE7E,0xFFFFBE7D,0xFFFFBE7D,
    0xFFFFBE7E,0xFFFFBE7D,0xFFFEBE7D,0xFFFFBE7E,0xFFFFBF80,0xFFFFBF80,0xFFFFBF80,0xFFFFBF80,
    0xFFFFBE81,0xFFFFBE80,0xFFFFBD7F,0xFFFDBE80,0xFFFCBE81,0xFFFCBE81,0xFFFCBE81,0xFFFEBD83,
    0xFFFEBD83,0xFFFEBD83,0xFFFEBD83,0xFFFDBC82,0xFFFDBC82,0xFFFDBC82,0xFFFDBC82,0xFFFCBB84,
    0xFFFCBB83,0xFFFBBA82,0xFFFBBA83,0xFFFBBA84,0xFFFBBA84,0xFFFBBA84,0xFFFBBA84,0xFFF9B882,
    0xFFF8B781,0xFFF8B781,0xFFF7B681,0xFFF7B581,0xFFF7B581,0xFFF7B581,0xFFF4B581,0xFFF4B581,
    0xFFF5B581,0xFFF4B581,0xFFF3B47F,0xFFF3B47F,0xFFF2B37E,0xFFF2B37E,0xFFF1B27E,0xFFF1B27F,
    0xFFF2B380,0xFFF2B280,0xFFF3B17F,0xFFF3B17F,0xFFF3B17E,0xFFF1B281,0xFFF0B283,0xFFEFB282,
    0xFFF0B282,0xFFEFB07F,0xFFEEB07F,0xFFEDB081,0xFFEDB083,0xFFF0AE82,0xFFEDAE81,0xFFE9AF80,
    0xFFEAAE80,0xFFECAC80,0xFFEAAD82,0xFFEBAC81,0xFFE9AE84,0xFFE8AF82,0xFFEAAA78,0xFFEDB383,
    0xFFFEC69A,0xFFBE977E,0xFF281E22,0xFF1E1E2F,0xFF272942,0xFF191C2A,0xFF383A45,0xFF323248,
    0xFF212A3C,0xFF1B2233,0xFF262C3A,0xFF333643,0xFF333645,0xFF2A323F,0xFF262B38,0xFF202538,
    0xFF05122B,0xFF09172E,0xFF08182F,0xFF0F1F35,0xFF09182F,0xFF04142B,0xFF08172E,0xFF172436,
    0xFF0F1B2C,0xFF0E1B2F,0xFF17233B,0xFF1D2137,0xFF312E3D,0xFF3C3742,0xFF313340,0xFF0B172B,
    0xFF09162A,0xFF1B2030,0xFF3D3D49,0xFF1D2234,0xFF0A192D,0xFF21283B,0xFF434150,0xFF2E2E3B,
    0xFF161E2E,0xFF16263A,0xFF0C1C30,0xFF1E2C3F,0xFF0D192A,0xFF1B2434,0xFF4C545E,0xFF485059,
    0xFFA6AEB7,0xFF5B636C,0xFF556172,0xFF6C7D93,0xFF59697F,0xFF475263,0xFF97A2B2,0xFF3C4B5E,
    0xFF2C3E55,0xFF4D6178,0xFF0B1A33,0xFF485770,0xFF5C6A7A,0xFF697783,0xFF7C8A98,0xFF6A7483,
    0xFF858C9B,0xFF576171,0xFF475968,0xFF233848,0xFF5E6F82,0xFF2D4256,0xFF2A3F54,0xFF3A4F64,
    0xFF546B81,0xFF061E36,0xFF274057,0xFF4F6A7F,0xFF102A41,0xFF274058,0xFF152F46,0xFF1F374E,
    0xFF4F6A82,0xFF132E46,0xFF071E35,0xFF20364B,0xFF4B647B,0xFF5A748B,0xFF324C63,0xFF4B647C,
    0xFF152F48,0xFF102A46,0xFF06213E,0xFF1F3A56,0xFF364E61,0xFF334656,0xFF1F3348,0xFF29425B,
    0xFF3A526A,0xFF30465C,0xFF627589,0xFF05182E,0xFF1E354B,0xFF4B5F72,0xFF314355,0xFF687685,
    0xFF243243,0xFF1B2E42,0xFF172D45,0xFF112740,0xFF11243B,0xFF2B3A4D,0xFF313E50,0xFF0C1C32,
    0xFF3D4D63,0xFF3E4D63,0xFF192F47,0xFF1F2B3C,0xFFAA8F81,0xFFEFBA97,0xFFEBB58E,0xFFE9B08A,
    0xFFE9B89E,0xFFE9B49A,0xFFDEA286,0xFFDAA58A,0xFFDAA486,0xFFDC9F82,0xFFDE9F82,0xFFDC9E80,
    0xFFDB9E81,0xFFDB9D7E,0xFFE29F7F,0xFFE49D79,0xFFEA9C73,0xFFF1A077,0xFFF09E79,0xFFEC9A75,
    0xFFE5926E,0xFFE4936C,0xFFE7976D,0xFFEA976E,0xFFEA956D,0xFFE49068,0xFFDE8D63,0xFFDF9064,
    0xFFDB8E61,0xFFDC8964,0xFFDA8662,0xFFDE8B62,0xFFDE8C5F,0xFFE2945E,0xFFEC9F6A,0xFFEEA06B,
    0xFFEEA26F,0xFFE8A071,0xFFE5A070,0xFFE5A174,0xFFE4A57A,0xFFE3A97E,0xFFE7AC81,0xFFE6AC82,
    0xFFE6A97F,0xFFEBAB81,0xFFECAD82,0xFFF0B186,0xFFF0B285,0xFFEDAF86,0xFFEDAE88,0xFFEAAD81,
    0xFFEBAD82,0xFFEDAF86,0xFFEEB27E,0xFFF3B77B,0xFFF1B573,0xFFF6BE6A,0xFFFFCD6B,0xFFFFC96E,
    0xFFFFC973,0xFFFBC762,0xFFF7C35A,0xFFFFD26D,0xFFFCCE6D,0xFFFCC867,0xFFFDC665,0xFFF9B666,
    0xFFFBB56D,0xFFFFBC6F,0xFFFFBC65,0xFFFFC069,0xFFF1B15D,0xFFF4B259,0xFFFFC15C,0xFFFDC754,
    0xFFFCC957,0xFFF9C958,0xFFFBD161,0xFFFED66D,0xFFFFD271,0xFFFEC970,0xFFFFC974,0xFFFDC676,
    0xFFF4BB6D,0xFFFAC875,0xFFFFD378,0xFFFDD376,0xFFF5CA70,0xFFF8C670,0xFFFDC373,0xFFFAB76D,
    0xFFFDB772,0xFFFAB776,0xFFF3B36F,0xFFEFB56B,0xFFF3B370,0xFFF6AF74,0xFFF3AC70,0xFFF6AD72,
    0xFFF5B568,0xFFFDD36E,0xFFFBDA76,0xFFF9D57F,0xFFFFEB97,0xFFF5D784,0xFFF7D384,0xFFF7CE81,
    0xFFF8C97E,0xFFF9BA7C,0xFFFCB97E,0xFFFBB97D,0xFFFBB97E,0xFFFCBA7F,0xFFFCBA7F,0xFFFDBB80,
    0xFFFCBB7F,0xFFFCBC7E,0xFFFDBD80,0xFFFDBD80,0xFFFEBE7F,0xFFFFBF7E,0xFFFFBF7E,0xFFFFBF7E,
    0xFFFFBF7E,0xFFFFBF7E,0xFFFFC07F,0xFFFFC07F,0xFFFFC17D,0xFFFFC17D,0xFFFFC17D,0xFFFFC17D,
    0xFFFFC17D,0xFFFFC17D,0xFFFFC17D,0xFFFFC17E,0xFFFFC180,0xFFFFC180,0xFFFFC180,0xFFFFC180,
    0xFFFFC180,0xFFFFC180,0xFFFFC07F,0xFFFEC081,0xFFFDC082,0xFFFDC082,0xFFFDC082,0xFFFEBE82,
    0xFFFEBE82,0xFFFEBE82,0xFFFEBE82,0xFFFDBD80,0xFFFDBD81,0xFFFDBD81,0xFFFDBD80,0xFFFCBB81,
    0xFFFCBB81,0xFFFCBB82,0xFFFCBB82,0xFFFBBA84,0xFFFBBA84,0xFFFBBA84,0xFFFBBA84,0xFFFAB983,
    0xFFF9B882,0xFFF9B882,0xFFF8B782,0xFFF8B682,0xFFF8B682,0xFFF8B682,0xFFF6B681,0xFFF6B681,
    0xFFF6B681,0xFFF6B781,0xFFF5B580,0xFFF5B580,0xFFF5B681,0xFFF5B681,0xFFF4B481,0xFFF4B481,
    0xFFF4B481,0xFFF4B381,0xFFF4B280,0xFFF5B280,0xFFF5B280,0xFFF3B381,0xFFF2B382,0xFFF1B281,
    0xFFF0B280,0xFFEEB182,0xFFEFB281,0xFFF0B17F,0xFFF0B17F,0xFFF0AF81,0xFFEEB081,0xFFECAF80,
    0xFFECAF80,0xFFEDAE81,0xFFEEAD7F,0xFFEFAD7F,0xFFEEAB78,0xFFF0AE76,0xFFF9BF8E,0xFFDBB08A,
    0xFF8A715E,0xFF231F22,0xFF182135,0xFF232B42,0xFF1A2336,0xFF302B36,0xFF70666E,0xFF444652,
    0xFF1F2739,0xFF282F40,0xFF2F3545,0xFF323542,0xFF353743,0xFF2F3340,0xFF2E3343,0xFF131D30,
    0xFF06162D,0xFF0E1D34,0xFF112037,0xFF122138,0xFF031229,0xFF0D1C33,0xFF08172E,0xFF0B192C,
    0xFF081425,0xFF151E31,0xFF20273B,0xFF2D2A3A,0xFF38303C,0xFF403B46,0xFF313444,0xFF0C162A,
    0xFF141D2F,0xFF1F2636,0xFF232839,0xFF040F24,0xFF06172C,0xFF141E30,0xFF35313D,0xFF46434E,
    0xFF1F2534,0xFF192739,0xFF0C1D31,0xFF112337,0xFF132339,0xFF07172C,0xFF37414F,0xFF565E6B,
    0xFF545D69,0xFF919AA8,0xFF09172C,0xFF354962,0xFF3B4E66,0xFF2A394C,0xFF556576,0xFF7E8FA2,
    0xFF23354A,0xFF56687D,0xFF020E27,0xFF2A3850,0xFF7C8998,0xFF6C7A85,0xFF8694A2,0xFF798291,
    0xFF777E8E,0xFF828C9A,0xFF647583,0xFF2B3E4D,0xFF3D4E5F,0xFF3C5268,0xFF00142A,0xFF041B31,
    0xFF1D354E,0xFF17304F,0xFF041D37,0xFF334D62,0xFF425D71,0xFF637C94,0xFF678198,0xFF324B62,
    0xFF385167,0xFF7992A9,0xFF506A81,0xFF375167,0xFF1F3952,0xFF29435C,0xFF2F4962,0xFF2B455F,
    0xFF092442,0xFF092443,0xFF0C2746,0xFF213D59,0xFF324B5E,0xFF5D7183,0xFF11283E,0xFF1C344D,
    0xFF283D53,0xFF63788F,0xFF192E44,0xFF041C31,0xFF0B263A,0xFF082032,0xFF24394B,0xFF304052,
    0xFF46556A,0xFF36485E,0xFF1D3048,0xFF3A4E67,0xFF1F334B,0xFF0F2036,0xFF57687D,0xFF12243B,
    0xFF24374F,0xFF45566D,0xFF112A45,0xFF16314A,0xFF4C4D51,0xFF9B897D,0xFFB8A390,0xFFD9BEA6,
    0xFF927B72,0xFF90746D,0xFFE4B29B,0xFFDBA388,0xFFDDA588,0xFFDDA486,0xFFDCA285,0xFFDCA084,
    0xFFE0A284,0xFFE2A383,0xFFE6A17D,0xFFEBA27A,0xFFF4A376,0xFFF09D70,0xFFE99771,0xFFE8966F,
    0xFFE89670,0xFFE7956F,0xFFE4926D,0xFFE4926D,0xFFE89771,0xFFEB9870,0xFFE9976A,0xFFED9B67,
    0xFFEC9C62,0xFFE89763,0xFFE39260,0xFFE49361,0xFFE59463,0xFFE29268,0xFFE39469,0xFFE8996A,
    0xFFE79A6B,0xFFE59B70,0xFFE79E72,0xFFE59F73,0xFFE4A176,0xFFE3A278,0xFFE3A37B,0xFFE3A680,
    0xFFE3A57D,0xFFE5A57B,0xFFE5A67C,0xFFE7A87E,0xFFE8AA7D,0xFFE8AA7B,0xFFE6A77C,0xFFE7A87E,
    0xFFE6AB7F,0xFFE5AA82,0xFFE6AC80,0xFFEFB481,0xFFF8BA82,0xFFEEB16F,0xFFF3B772,0xFFF2B575,
    0xFFF4B773,0xFFFAC271,0xFFFCC470,0xFFF8BD6D,0xFFFDC071,0xFFFEC16A,0xFFFEC062,0xFFFEB866,
    0xFFF7AC64,0xFFEFA459,0xFFF7AE5B,0xFFFCC362,0xFFFFCD6A,0xFFFCCC67,0xFFFED16B,0xFFFFD16E,
    0xFFFECC6E,0xFFFFCC74,0xFFFECB77,0xFFF7C071,0xFFF3B66F,0xFFF7B678,0xFFF6B479,0xFFF6B578,
    0xFFF3B377,0xFFF6B679,0xFFF4B974,0xFFF1BF74,0xFFF2C077,0xFFF1BA71,0xFFF7B870,0xFFFAB270,
    0xFFFDB277,0xFFFAB378,0xFFFBBA74,0xFFFECA7B,0xFFFEC478,0xFFF9B974,0xFFF8BD79,0xFFF8B574,
    0xFFF4B36A,0xFFF8C86B,0xFFFCD973,0xFFF9D477,0xFFF8D57E,0xFFF6CC7C,0xFFFBD182,0xFFFBCF81,
    0xFFF9C87B,0xFFFABB7B,0xFFFCBA7E,0xFFFBB97D,0xFFFBB97D,0xFFFDBB7E,0xFFFDBB7E,0xFFFEBC7F,
    0xFFFDBC7F,0xFFFDBD7E,0xFFFFBF7F,0xFFFEBE7F,0xFFFEBF7E,0xFFFFC07D,0xFFFFC07D,0xFFFFC07D,
    0xFFFEC17E,0xFFFEC17E,0xFFFEC27F,0xFFFEC27F,0xFFFEC27D,0xFFFEC27C,0xFFFEC27C,0xFFFEC27C,
    0xFFFEC37D,0xFFFEC37D,0xFFFEC37D,0xFFFEC27D,0xFFFFC27F,0xFFFFC27F,0xFFFFC27F,0xFFFFC27F,
    0xFFFFC27F,0xFFFFC27F,0xFFFEC17E,0xFFFEC180,0xFFFEC181,0xFFFEC180,0xFFFEC180,0xFFFEBF81,
    0xFFFEBF81,0xFFFEBF81,0xFFFEBF81,0xFFFDBD80,0xFFFDBD80,0xFFFDBE80,0xFFFDBE80,0xFFFDBC80,
    0xFFFDBC80,0xFFFDBD81,0xFFFDBB81,0xFFFCBA82,0xFFFCBA82,0xFFFBBA81,0xFFFBBA81,0xFFFBBA81,
    0xFFFAB980,0xFFFAB980,0xFFFBB881,0xFFFCB882,0xFFFBB781,0xFFFBB781,0xFFF9B881,0xFFF9B781,
    0xFFF8B780,0xFFF8B780,0xFFF8B780,0xFFF8B780,0xFFF8B780,0xFFF7B680,0xFFF7B580,0xFFF7B580,
    0xFFF6B480,0xFFF6B480,0xFFF6B480,0xFFF5B37F,0xFFF5B37F,0xFFF4B480,0xFFF3B482,0xFFF2B280,
    0xFFF2B280,0xFFEFB382,0xFFEFB381,0xFFF1B37E,0xFFEFB17C,0xFFEFB281,0xFFEFB181,0xFFEEB07F,
    0xFFEDB080,0xFFEDAF80,0xFFF2AF7C,0xFFEBAB7B,0xFFF1B789,0xFFECBD93,0xFF9C8069,0xFF312924,
    0xFF13161F,0xFF1D2537,0xFF232B3E,0xFF27283A,0xFF19222A,0xFF6A6169,0xFF4B3E47,0xFF222B32,
    0xFF232B3D,0xFF2B3243,0xFF272D3C,0xFF323642,0xFF393A44,0xFF3C3C4A,0xFF363D4E,0xFF0C1B2E,
    0xFF07172E,0xFF122138,0xFF19253D,0xFF0D1A32,0xFF13233A,0xFF132239,0xFF07162D,0xFF112034,
    0xFF202D3E,0xFF1C2335,0xFF323545,0xFF393442,0xFF453D4A,0xFF373645,0xFF0D162A,0xFF1C2538,
    0xFF232937,0xFF1E2536,0xFF0F1B2F,0xFF01132A,0xFF00152B,0xFF212B3B,0xFF1C1D2D,0xFF121627,
    0xFF222A3B,0xFF222D3D,0xFF1A2738,0xFF0D1B2E,0xFF15253A,0xFF112238,0xFF0A1527,0xFF394253,
    0xFF1D2839,0xFF6B7484,0xFF7F8999,0xFF000E25,0xFF071C37,0xFF31445B,0xFF0D2031,0xFF576A7C,
    0xFF384B5C,0xFF304254,0xFF48576D,0xFF142036,0xFF85909D,0xFF808E98,0xFF606E7B,0xFF838D9C,
    0xFF737A8A,0xFF949CA9,0xFF5F6F7B,0xFF788A98,0xFF6E7D8F,0xFF385068,0xFF0B243B,0xFF1F374F,
    0xFF112B43,0xFF0B2542,0xFF16304B,0xFF0E2842,0xFF1C364E,0xFF173147,0xFF3C566D,0xFF476178,
    0xFF273E53,0xFF2B4258,0xFF556F86,0xFF1D3851,0xFF07213C,0xFF07213C,0xFF07213B,0xFF0E2842,
    0xFF16314F,0xFF041F3C,0xFF29445F,0xFF18344C,0xFF253F54,0xFF43586C,0xFF031A33,0xFF0A223B,
    0xFF647589,0xFF34495F,0xFF00162E,0xFF122A42,0xFF091F35,0xFF283C50,0xFF697B8D,0xFF2C3D53,
    0xFF4B5C73,0xFF1D2D45,0xFF425269,0xFF2A3E56,0xFF293E57,0xFF12263E,0xFF3F546C,0xFF30455D,
    0xFF051A32,0xFF364B63,0xFF172C44,0xFF15273D,0xFF08192D,0xFF273649,0xFF142130,0xFF343940,
    0xFF151F2D,0xFF191D2A,0xFFD3AC99,0xFFE7AC90,0xFFE4A88C,0xFFDFA788,0xFFDFA488,0xFFE2A384,
    0xFFEAA683,0xFFF2AB86,0xFFF2AA83,0xFFEFA67D,0xFFFAAF85,0xFFFAAD81,0xFFF2A173,0xFFEA9A6D,
    0xFFED9C6E,0xFFF19F74,0xFFEF9D74,0xFFE6976D,0xFFE2976C,0xFFE2956D,0xFFE5986D,0xFFEC9C6B,
    0xFFF8A872,0xFFFAAA6E,0xFFF8A969,0xFFFBAE69,0xFFFAAF6B,0xFFFAAE77,0xFFEEA26C,0xFFE99C67,
    0xFFEB9E6B,0xFFECA16F,0xFFF5AE79,0xFFF3AE75,0xFFF3AD74,0xFFF3AE77,0xFFEEAD7B,0xFFE6AA7B,
    0xFFECAF80,0xFFEBAD7E,0xFFEAAC7D,0xFFEEAF81,0xFFEEAE82,0xFFEFB07C,0xFFF0B279,0xFFF2B47D,
    0xFFEDB17B,0xFFEAAD7F,0xFFEBAD82,0xFFECB07A,0xFFF8BB78,0xFFF8B97B,0xFFF1B081,0xFFEBAA83,
    0xFFE9A977,0xFFEDAD70,0xFFF1AF70,0xFFF1A86E,0xFFF7A970,0xFFF6AB6A,0xFFF9AE67,0xFFF5AB63,
    0xFFF2A766,0xFFF4A869,0xFFF6AC66,0xFFF4B85F,0xFFFEC96A,0xFFFCCB70,0xFFF8C475,0xFFF7B879,
    0xFFF6B678,0xFFF7B479,0xFFF5B378,0xFFF2B478,0xFFF2B479,0xFFF5B77D,0xFFF2B57B,0xFFF1B476,
    0xFFF6B778,0xFFF8B67C,0xFFF2B276,0xFFF2BA77,0xFFFDCC86,0xFFFABF78,0xFFFCC279,0xFFFEBE7B,
    0xFFFAB276,0xFFF7B177,0xFFF9B574,0xFFFBC478,0xFFFAC074,0xFFFBC279,0xFFFCCE81,0xFFFAC47A,
    0xFFFCC97F,0xFFFCCD7C,0xFFFFD87D,0xFFF9CD75,0xFFF5BC71,0xFFF9BA75,0xFFFAB973,0xFFFAB873,
    0xFFF9B973,0xFFFCBB7C,0xFFFDBB7D,0xFFFDBB7D,0xFFFDBB7D,0xFFFEBC7E,0xFFFEBC7E,0xFFFFBD7F,
    0xFFFFBD7E,0xFFFEC07D,0xFFFFC07E,0xFFFFBF7D,0xFFFFC07D,0xFFFEC17C,0xFFFFC37D,0xFFFFC37D,
    0xFFFFC47E,0xFFFFC37E,0xFFFFC37E,0xFFFFC37E,0xFFFFC47C,0xFFFFC47C,0xFFFFC47C,0xFFFFC47C,
    0xFFFFC47C,0xFFFFC47C,0xFFFFC47C,0xFFFFC47C,0xFFFFC37E,0xFFFFC37E,0xFFFFC37E,0xFFFFC37E,
    0xFFFFC37E,0xFFFFC37E,0xFFFEC27D,0xFFFFC27E,0xFFFFC27F,0xFFFDC07E,0xFFFDC07E,0xFFFFC080,
    0xFFFFBF80,0xFFFFBF80,0xFFFFBF80,0xFFFFBF80,0xFFFFBF80,0xFFFEBE7F,0xFFFEBE7F,0xFFFDBD80,
    0xFFFDBD80,0xFFFDBD80,0xFFFDBC80,0xFFFCBB80,0xFFFCBB80,0xFFFBBA7F,0xFFFBBA7F,0xFFFBBA7F,
    0xFFFAB97E,0xFFFAB97E,0xFFFCB87F,0xFFFEB880,0xFFFCB77F,0xFFFCB77F,0xFFFAB87F,0xFFFAB87F,
    0xFFF9B67E,0xFFF9B67E,0xFFF9B77E,0xFFF9B77E,0xFFF8B57D,0xFFF8B57F,0xFFF8B580,0xFFF8B580,
    0xFFF7B47F,0xFFF7B47F,0xFFF6B57F,0xFFF5B47E,0xFFF5B47E,0xFFF5B37F,0xFFF5B37F,0xFFF4B27E,
    0xFFF4B27E,0xFFF4B37B,0xFFF2B37D,0xFFEEB27E,0xFFF5BB88,0xFFF0B57F,0xFFECAF7B,0xFFEFB07D,
    0xFFEEB07F,0xFFEFB07F,0xFFEEAD7A,0xFFF8C196,0xFFC9A98F,0xFF3F342D,0xFF11121A,0xFF1A2336,
    0xFF23283C,0xFF2B2C3E,0xFF272736,0xFF262431,0xFF383946,0xFF363543,0xFF1D1E2E,0xFF1D2636,
    0xFF21293B,0xFF1C2334,0xFF262B3A,0xFF353844,0xFF3B3C44,0xFF3F3D4C,0xFF2B3445,0xFF041629,
    0xFF05172E,0xFF132239,0xFF17223B,0xFF0F1B33,0xFF1A2940,0xFF15243B,0xFF08172E,0xFF1D2D41,
    0xFF202D3E,0xFF1F2534,0xFF30313F,0xFF453E4D,0xFF3E3A49,0xFF0A1125,0xFF05132C,0xFF1B2435,
    0xFF222632,0xFF323A4B,0xFF04132A,0xFF041730,0xFF051C32,0xFF1D2838,0xFF2E3649,0xFF05122A,
    0xFF081124,0xFF1A2232,0xFF373F4D,0xFF151F2F,0xFF152336,0xFF0F1F34,0xFF142033,0xFF111C2E,
    0xFF323E50,0xFF161E2E,0xFF898A94,0xFF384759,0xFF122944,0xFF102640,0xFF2E4256,0xFF0B1F32,
    0xFF495C6D,0xFF223243,0xFF657389,0xFF354055,0xFF8D97A3,0xFF93A0AB,0xFF5F6C7A,0xFF7F8897,
    0xFF949BAB,0xFF9CA3B0,0xFF4C5A65,0xFF647582,0xFF8796A6,0xFF334C62,0xFF062037,0xFF1A344B,
    0xFF1C364D,0xFF19334B,0xFF18324D,0xFF152D4C,0xFF0D2742,0xFF0E283F,0xFF072239,0xFF09243B,
    0xFF546B80,0xFF2B4156,0xFF061F36,0xFF0D2A43,0xFF112C47,0xFF0E2743,0xFF0F2944,0xFF102A45,
    0xFF0C2743,0xFF0A263F,0xFF3C586E,0xFF0B273C,0xFF2D485E,0xFF182F44,0xFF041B34,0xFF2B435B,
    0xFF506275,0xFF041A31,0xFF102942,0xFF0C2139,0xFF17283F,0xFF79889E,0xFF3C4A5D,0xFF3C4D65,
    0xFF1D2F47,0xFF3E4D65,0xFF3B4B62,0xFF23374F,0xFF1E334B,0xFF152A43,0xFF1A304A,0xFF2C425A,
    0xFF162C44,0xFF243A52,0xFF253A54,0xFF152C4A,0xFF1B324F,0xFF0E2039,0xFF152742,0xFF1F2D44,
    0xFF203048,0xFF0A1528,0xFF916F5E,0xFFEDB296,0xFFDCA186,0xFFDCA486,0xFFE5A585,0xFFE7A583,
    0xFFF0AA84,0xFFF3A87E,0xFFECA174,0xFFF8B28A,0xFFD69A78,0xFFDE9E78,0xFFFCAC79,0xFFF8A773,
    0xFFF5A571,0xFFF4A373,0xFFF5A474,0xFFF0A373,0xFFF2A976,0xFFE39A70,0xFFE0956E,0xFFE4986E,
    0xFFE8986D,0xFFED9B69,0xFFEE9D65,0xFFF3A462,0xFFF3A55D,0xFFF8AE65,0xFFFBAF6B,0xFFF7AC6D,
    0xFFF5AA6F,0xFFF3A86C,0xFFFAB273,0xFFF4B06B,0xFFF7B26D,0xFFFBB572,0xFFFABA7A,0xFFECB074,
    0xFFEFB17B,0xFFF4B580,0xFFEDB079,0xFFEDB078,0xFFEDAF80,0xFFF5B87D,0xFFF8BC75,0xFFF8BD78,
    0xFFFBBD79,0xFFECAD73,0xFFF0B07B,0xFFEFAE77,0xFFF2B077,0xFFF8B67A,0xFFF2AF78,0xFFECAB7A,
    0xFFEEB27B,0xFFFABA79,0xFFFBB874,0xFFF6B073,0xFFEFAB6D,0xFFF9B775,0xFFFEBE7B,0xFFFBB76E,
    0xFFF6B068,0xFFFCB674,0xFFFCB872,0xFFFCBE71,0xFFFABF70,0xFFFBBD76,0xFFF6B67D,0xFFF2B37D,
    0xFFF4B67B,0xFFF7BC7C,0xFFF5BA7D,0xFFF5B681,0xFFF5B97E,0xFFF6BA7B,0xFFF8C07D,0xFFFCC87F,
    0xFFFEC579,0xFFF6B773,0xFFF7B777,0xFFF9BF7A,0xFFF4BB72,0xFFF8BC72,0xFFF4BB70,0xFFF8B973,
    0xFFF9B676,0xFFF5B477,0xFFF9B377,0xFFF6B871,0xFFFBC076,0xFFFABE77,0xFFFABF76,0xFFF9BB72,
    0xFFF6BD77,0xFFF6C07B,0xFFF8C479,0xFFF9C376,0xFFFEB87B,0xFFFEB77B,0xFFFDBB7B,0xFFFEBC7C,
    0xFFFCBC7C,0xFFFEBD7D,0xFFFEBD7D,0xFFFEBD7D,0xFFFEBD7D,0xFFFFBE7E,0xFFFFBE7E,0xFFFFBF7E,
    0xFFFFBF7E,0xFFFFC17D,0xFFFFC17E,0xFFFFC17E,0xFFFFC27D,0xFFFFC37D,0xFFFFC47E,0xFFFFC47E,
    0xFFFFC57F,0xFFFFC67E,0xFFFFC67E,0xFFFFC67F,0xFFFFC77D,0xFFFFC77D,0xFFFFC77D,0xFFFFC77D,
    0xFFFFC77C,0xFFFFC77C,0xFFFFC77C,0xFFFFC77D,0xFFFFC67F,0xFFFFC67F,0xFFFFC67F,0xFFFFC67F,
    0xFFFFC57F,0xFFFFC67F,0xFFFEC57E,0xFFFFC47F,0xFFFFC380,0xFFFFC27F,0xFFFFC27F,0xFFFFC07F,
    0xFFFFBF7F,0xFFFFBF7F,0xFFFFBF7F,0xFFFFC080,0xFFFFC080,0xFFFEBE7E,0xFFFEBE7E,0xFFFDBD7F,
    0xFFFDBD7F,0xFFFDBD7F,0xFFFDBD7F,0xFFFCBC7F,0xFFFCBC7F,0xFFFBBB7E,0xFFFBBB7E,0xFFFBBB7E,
    0xFFFABA7D,0xFFFABA7D,0xFFFDB87E,0xFFFEB77F,0xFFFDB67E,0xFFFDB67E,0xFFFCB77E,0xFFFBB77E,
    0xFFFAB67D,0xFFFAB67D,0xFFFAB67D,0xFFFAB67D,0xFFF9B57C,0xFFF9B57D,0xFFF9B57F,0xFFF9B57F,
    0xFFF8B47E,0xFFF7B47E,0xFFF6B57E,0xFFF5B47D,0xFFF5B47D,0xFFF6B37E,0xFFF6B37F,0xFFF4B27D,
    0xFFF5B27E,0xFFF9B276,0xFFF3B076,0xFFF8C18F,0xFFD1A276,0xFFE8B484,0xFFFAC08E,0xFFF5B683,
    0xFFF2AF7B,0xFFEFAD77,0xFFFCC08F,0xFFBB9373,0xFF32241D,0xFF1A1E28,0xFF2B3042,0xFF2E2C3D,
    0xFF29293D,0xFF24283D,0xFF282D41,0xFF1D263D,0xFF2C2A40,0xFF1B2438,0xFF0D1D32,0xFF1E203B,
    0xFF2F3145,0xFF333B4B,0xFF343947,0xFF3F3C4A,0xFF393A46,0xFF383E4D,0xFF162437,0xFF05182D,
    0xFF0B1D35,0xFF061830,0xFF091A32,0xFF05162D,0xFF0A1B31,0xFF081A30,0xFF05172D,0xFF0B1F34,
    0xFF102031,0xFF1D2531,0xFF3A3B42,0xFF4D4653,0xFF0F1529,0xFF071731,0xFF08182F,0xFF131725,
    0xFF40414E,0xFF2A3547,0xFF02132C,0xFF0A1932,0xFF111F36,0xFF0D172D,0xFF242B3C,0xFF232836,
    0xFF141B2C,0xFF060F22,0xFF3C3F4C,0xFF252D3E,0xFF14243A,0xFF152236,0xFF0E1E34,0xFF1C273D,
    0xFF202939,0xFF394551,0xFF2D3746,0xFF5F6F7B,0xFF2E3F52,0xFF1C2D46,0xFF23364F,0xFF152740,
    0xFF0C2039,0xFF091A31,0xFF56667A,0xFF213041,0xFF45525E,0xFFA0AAB7,0xFF7B8493,0xFF949AAB,
    0xFF989DAD,0xFF9AA2B1,0xFF5D6A77,0xFF596C78,0xFF677E89,0xFF64798D,0xFF0A253E,0xFF133048,
    0xFF162F45,0xFF1F354D,0xFF172E46,0xFF152A43,0xFF0C243D,0xFF0C2840,0xFF143048,0xFF0D2941,
    0xFF284056,0xFF5E758B,0xFF051F36,0xFF102C44,0xFF102B46,0xFF15304B,0xFF0D2843,0xFF19344F,
    0xFF142F4A,0xFF122D48,0xFF24405A,0xFF06203A,0xFF49637C,0xFF0A253D,0xFF16304A,0xFF344C62,
    0xFF162E43,0xFF0D2944,0xFF122742,0xFF0A1C2D,0xFF667889,0xFF394B61,0xFF283951,0xFF405467,
    0xFF637286,0xFF4B5970,0xFF071E33,0xFF243A54,0xFF132843,0xFF091E39,0xFF152A45,0xFF0C203B,
    0xFF11253F,0xFF30445E,0xFF2F4560,0xFF0A233E,0xFF122740,0xFF13263C,0xFF14253D,0xFF23324B,
    0xFF1E2E46,0xFF061731,0xFF6F5E58,0xFFE8B798,0xFFD8A78E,0xFFDEA78D,0xFFE7A382,0xFFE7A789,
    0xFFE6A785,0xFFEBA57A,0xFFF7B688,0xFFC6A088,0xFF493F3E,0xFF6C5F5B,0xFFF0B594,0xFFF7A26B,
    0xFFFCA66D,0xFFF2A56F,0xFFF3A76C,0xFFF9AD70,0xFFFDB373,0xFFF5A870,0xFFEA9968,0xFFEC9B6C,
    0xFFEE9C71,0xFFF09E6C,0xFFF09E68,0xFFF6A46B,0xFFF5A368,0xFFF09D61,0xFFF2A264,0xFFFAAE6E,
    0xFFF7AC6B,0xFFF1AA66,0xFFF9B271,0xFFF4AD70,0xFFF2AB6E,0xFFF7B170,0xFFF8B46F,0xFFFAB675,
    0xFFFAB477,0xFFFBB87A,0xFFF5B878,0xFFF1B975,0xFFF3B97D,0xFFF7B773,0xFFF7B771,0xFFF6BD7E,
    0xFFFCBF76,0xFFF7BF79,0xFFF6BB7D,0xFFF5B27B,0xFFF6B27F,0xFFF8AE79,0xFFF4AE75,0xFFEDB177,
    0xFFEDB17C,0xFFF9B874,0xFFFDBB6F,0xFFFAB470,0xFFFDC284,0xFFC29B6E,0xFF7A5D3C,0xFFE8B886,
    0xFFFCBE6F,0xFFF1A96D,0xFFF1AA6E,0xFFF3B16F,0xFFF1B172,0xFFF3B477,0xFFF3B47B,0xFFF8BE80,
    0xFFFDC481,0xFFFDC67B,0xFFFFC77D,0xFFFCBD7C,0xFFF8B87B,0xFFF8B97B,0xFFF8BC73,0xFFFEC473,
    0xFFFDC373,0xFFFCC172,0xFFFBC073,0xFFFBBF73,0xFFFCC074,0xFFFABE71,0xFFF8B674,0xFFF9B576,
    0xFFFAB777,0xFFFDBB7C,0xFFFEBA7D,0xFFFAB779,0xFFFBB87A,0xFFFBB779,0xFFFAB679,0xFFFBB579,
    0xFFFAB57A,0xFFFBB87B,0xFFFAB779,0xFFFAB879,0xFFFDB87A,0xFFFDB97B,0xFFFDB97B,0xFFFEBA7C,
    0xFFFDBA7C,0xFFFDBC7C,0xFFFDBC7B,0xFFFDBC7B,0xFFFDBC7B,0xFFFEBF7A,0xFFFEBF7B,0xFFFEBF7B,
    0xFFFEBF7B,0xFFFFC07B,0xFFFFC07B,0xFFFFC07B,0xFFFFC07A,0xFFFFC27A,0xFFFEC47B,0xFFFFC67C,
    0xFFFFC77C,0xFFFFC77C,0xFFFFC87D,0xFFFFC87D,0xFFFEC97D,0xFFFEC97D,0xFFFEC97D,0xFFFEC97D,
    0xFFFEC97D,0xFFFEC97D,0xFFFEC97D,0xFFFEC97D,0xFFFEC87E,0xFFFEC87E,0xFFFEC87E,0xFFFEC67E,
    0xFFFEC47E,0xFFFEC47E,0xFFFFC47E,0xFFFEC37D,0xFFFEC37D,0xFFFFC47E,0xFFFFC47E,0xFFFEC27F,
    0xFFFEC17F,0xFFFEC17F,0xFFFEC17F,0xFFFEBF7E,0xFFFEBF7E,0xFFFFBF7E,0xFFFFBF7E,0xFFFFBD7F,
    0xFFFEBC7E,0xFFFFBD7F,0xFFFFBD7F,0xFFFEBC7E,0xFFFFBD7F,0xFFFEBC7E,0xFFFEBB7E,0xFFFFBA7F,
    0xFFFEB97E,0xFFFEB97E,0xFFFDB87D,0xFFFCB77C,0xFFFDB87D,0xFFFDB87D,0xFFFDB87D,0xFFFBB67B,
    0xFFFBB67B,0xFFFBB67B,0xFFFCB77E,0xFFFCB77E,0xFFFAB57C,0xFFFAB57C,0xFFFAB57C,0xFFFAB57C,
    0xFFF9B47B,0xFFF8B47C,0xFFF7B47D,0xFFF7B47D,0xFFF7B47D,0xFFF6B47B,0xFFF5B47C,0xFFF5B37E,
    0xFFF4B27D,0xFFF2B076,0xFFFEC591,0xFFA78467,0xFF4D403A,0xFF645352,0xFFA18370,0xFFD6AA81,
    0xFFF6BC83,0xFFFFCA93,0xFFA28166,0xFF1A1212,0xFF2A2B36,0xFF302F3C,0xFF2A2937,0xFF2C2936,
    0xFF262A3B,0xFF1D263B,0xFF1A2337,0xFF192238,0xFF1D243E,0xFF131B2D,0xFF2E3442,0xFF38394C,
    0xFF3B4054,0xFF333B4D,0xFF353B4A,0xFF3E3E4D,0xFF3F4352,0xFF273142,0xFF061729,0xFF081B32,
    0xFF061830,0xFF091B33,0xFF05172F,0xFF081A31,0xFF06182E,0xFF04162C,0xFF081A30,0xFF0D1E34,
    0xFF162336,0xFF2B303F,0xFF44444E,0xFF202736,0xFF071528,0xFF152236,0xFF141C2D,0xFF393F4D,
    0xFF393E4C,0xFF0C172A,0xFF06152D,0xFF0F1B31,0xFF1E263A,0xFF121A2D,0xFF232735,0xFF2D2E3A,
    0xFF323644,0xFF171E2E,0xFF1B1A23,0xFF353945,0xFF1A283D,0xFF17253D,0xFF0B1C33,0xFF222D43,
    0xFF262E3F,0xFF212E3C,0xFF1D2A40,0xFF303E4D,0xFF5E6F7D,0xFF25384C,0xFF0E223C,0xFF1D314A,
    0xFF0C203A,0xFF0F233C,0xFF17293E,0xFF6F7F8F,0xFF374453,0xFF7B8895,0xFF3A4554,0xFF535B6B,
    0xFF989FAF,0xFF949AAB,0xFF97A0AF,0xFF71808D,0xFF627581,0xFF6A7E91,0xFF09253E,0xFF0F2C44,
    0xFF193248,0xFF1B324A,0xFF1D344C,0xFF213850,0xFF173049,0xFF0B283F,0xFF132F47,0xFF0D2941,
    0xFF162F45,0xFF586F85,0xFF0F2A41,0xFF102C44,0xFF112C47,0xFF0F2A45,0xFF0E2944,0xFF102B46,
    0xFF112C47,0xFF2B4661,0xFF233E59,0xFF102A46,0xFF3F5871,0xFF08223B,0xFF1D3750,0xFF334C64,
    0xFF0E2741,0xFF112C46,0xFF03182C,0xFF3E5061,0xFF3C4F62,0xFF03152B,0xFF162841,0xFF576B7E,
    0xFF6E7F91,0xFF15263D,0xFF102A40,0xFF122843,0xFF102540,0xFF0B213C,0xFF10243F,0xFF132742,
    0xFF0C203C,0xFF10243F,0xFF0B1F39,0xFF11243F,0xFF11223C,0xFF16253D,0xFF1C2C44,0xFF15263F,
    0xFF15253D,0xFF0C1D39,0xFF554D4F,0xFFEFBB9B,0xFFE3A986,0xFFDFAA8F,0xFFD7A58F,0xFFE2A382,
    0xFFEFA87D,0xFFF8BC98,0xFFA48C7F,0xFF575456,0xFF162537,0xFF2C3E4F,0xFF766D61,0xFFEEBA8E,
    0xFFFAAE6D,0xFFFCAE70,0xFFFBAD73,0xFFF9AC6D,0xFFFBAD6C,0xFFFCB06E,0xFFF9AD6B,0xFFF5A869,
    0xFFF1A567,0xFFF0A164,0xFFEFA062,0xFFF1A263,0xFFEEA05D,0xFFF0A45D,0xFFF0A75F,0xFFF2AC62,
    0xFFF3AE65,0xFFF1AD64,0xFFF3AF67,0xFFF0AB67,0xFFEFAA67,0xFFF8B66E,0xFFF7B46B,0xFFF2AD6F,
    0xFFF0B070,0xFFF1B574,0xFFF2B37B,0xFFF2B280,0xFFF7B076,0xFFF7B47D,0xFFF6B17A,0xFFF9A968,
    0xFFF6B070,0xFFF3B578,0xFFF0B07A,0xFFEEAB7B,0xFFEAA776,0xFFF1AA78,0xFFF8B380,0xFFF6B378,
    0xFFFAB07B,0xFFF6AF71,0xFFF5AF65,0xFFFFBB74,0xFFE2B07F,0xFF3C332B,0xFF34373F,0xFF665143,
    0xFFEFBB7D,0xFFFBB370,0xFFF3AF6E,0xFFF8B775,0xFFF8B77A,0xFFF2B27B,0xFFF0B17C,0xFFF3B37A,
    0xFFF5B578,0xFFF7B975,0xFFFCBF78,0xFFF9B976,0xFFF6B67A,0xFFF6B579,0xFFFABC78,0xFFFDC279,
    0xFFF9BD75,0xFFFBBF77,0xFFF9BB72,0xFFFCBE74,0xFFFEC279,0xFFFCBE75,0xFFFCB879,0xFFFCB77A,
    0xFFFCB87A,0xFFFCB97B,0xFFFBB77A,0xFFFCB77B,0xFFFDB87C,0xFFFDB87C,0xFFFCB87C,0xFFFCB87C,
    0xFFFCB87C,0xFFFEBA7C,0xFFFEBA7A,0xFFFEBA7A,0xFFFDB97A,0xFFFEBA7B,0xFFFEBA7B,0xFFFFBB7C,
    0xFFFFBB7C,0xFFFEBD7B,0xFFFEBD7B,0xFFFEBD7B,0xFFFEBD7B,0xFFFEBF7A,0xFFFEBF79,0xFFFFC07B,
    0xFFFFC07B,0xFFFFC27C,0xFFFFC17C,0xFFFFC17C,0xFFFFC17B,0xFFFFC37B,0xFFFFC67C,0xFFFEC87D,
    0xFFFFC87D,0xFFFFC87D,0xFFFFC97E,0xFFFFC97E,0xFFFFCA7E,0xFFFFCA7E,0xFFFFCA7E,0xFFFFCA7E,
    0xFFFFCA7E,0xFFFFCA7E,0xFFFFCA7E,0xFFFFCA7E,0xFFFFCA7F,0xFFFFCA7F,0xFFFFCA7F,0xFFFFC87F,
    0xFFFFC67F,0xFFFFC67F,0xFFFFC67F,0xFFFFC57E,0xFFFFC57E,0xFFFFC47E,0xFFFFC47E,0xFFFFC37F,
    0xFFFFC37F,0xFFFEC17E,0xFFFEC17E,0xFFFFC07D,0xFFFFC07D,0xFFFFC07D,0xFFFFC07D,0xFFFFBE7E,
    0xFFFEBD7C,0xFFFFBE7E,0xFFFFBE7E,0xFFFEBD7D,0xFFFFBE7E,0xFFFEBD7D,0xFFFEBB7D,0xFFFFBB7E,
    0xFFFEBA7D,0xFFFEBA7D,0xFFFDB97D,0xFFFDB97D,0xFFFDB97C,0xFFFDB97C,0xFFFDB97C,0xFFFBB77A,
    0xFFFCB87C,0xFFFCB87C,0xFFFCB77D,0xFFFCB77D,0xFFFBB67C,0xFFFBB67C,0xFFFBB67C,0xFFFBB67C,
    0xFFFAB57B,0xFFF9B57B,0xFFF7B57C,0xFFF7B57C,0xFFF7B57C,0xFFF7B479,0xFFF8B479,0xFFF3B075,
    0xFFF4B376,0xFFFEC88B,0xFF9A7B5C,0xFF22151B,0xFF6B6378,0xFF7C7E8B,0xFF6C696B,0xFF72655C,
    0xFF9C8673,0xFF937C6B,0xFF231E21,0xFF242B3C,0xFF282D3F,0xFF2E2F3C,0xFF2B2C3A,0xFF353643,
    0xFF34394A,0xFF1A2235,0xFF192033,0xFF21283B,0xFF1D293D,0xFF263241,0xFF5C6472,0xFF2C3344,
    0xFF283245,0xFF1D2538,0xFF2A3142,0xFF313748,0xFF262F43,0xFF081629,0xFF03162A,0xFF04182E,
    0xFF0C1E36,0xFF091B33,0xFF071931,0xFF081A31,0xFF06182E,0xFF02142A,0xFF12243B,0xFF121F36,
    0xFF242E42,0xFF454A5A,0xFF272937,0xFF000D1D,0xFF0F1F2D,0xFF222633,0xFF3A3B48,0xFF2F3747,
    0xFF091225,0xFF041024,0xFF19263A,0xFF1D273B,0xFF141D2E,0xFF232A3B,0xFF2A2F3D,0xFF2C2E3C,
    0xFF333642,0xFF333643,0xFF353239,0xFF323039,0xFF1C2334,0xFF1A283E,0xFF0C1D31,0xFF1D283C,
    0xFF343C4D,0xFF132032,0xFF192742,0xFF172236,0xFF3B4B59,0xFF576C7E,0xFF0B1F39,0xFF172B44,
    0xFF142840,0xFF122841,0xFF04182E,0xFF738091,0xFF5F6F7F,0xFF495A69,0xFF90A0AF,0xFF677383,
    0xFF8D97A8,0xFF989FAF,0xFF939AAA,0xFF7C8594,0xFF8C98A7,0xFF3D5164,0xFF09243D,0xFF102C45,
    0xFF173047,0xFF122B45,0xFF142D47,0xFF142D47,0xFF18324B,0xFF132F47,0xFF132F47,0xFF143149,
    0xFF0F273D,0xFF5C7489,0xFF1B354C,0xFF0B273F,0xFF0F2A45,0xFF102B46,0xFF122D48,0xFF102B46,
    0xFF0A2540,0xFF1A3550,0xFF132E49,0xFF112B46,0xFF1A344C,0xFF0C263F,0xFF19334B,0xFF18314C,
    0xFF122947,0xFF061B32,0xFF3D5060,0xFF4E6274,0xFF03182F,0xFF091F35,0xFF182D44,0xFF394C61,
    0xFF273B50,0xFF122940,0xFF172F47,0xFF112641,0xFF0E233E,0xFF142A45,0xFF112641,0xFF162A45,
    0xFF162944,0xFF122641,0xFF0E213D,0xFF1A2B47,0xFF13223D,0xFF202C45,0xFF1B2942,0xFF15263F,
    0xFF15253D,0xFF14253F,0xFF2F313D,0xFFDDAF96,0xFFE8AC89,0xFFD9A88B,0xFFDEA98A,0xFFE8A77F,
    0xFFEFBB9C,0xFF887571,0xFF2A3340,0xFF6B7887,0xFF38485A,0xFF475E74,0xFF384A59,0xFF9B8573,
    0xFFFEBA85,0xFFF9A869,0xFFF7AA6F,0xFFF9AB6D,0xFFFDB171,0xFFFDB66D,0xFFFDB769,0xFFFAB468,
    0xFFFAB467,0xFFFDB46F,0xFFFAB06A,0xFFFBB36A,0xFFFEBA6F,0xFFFCBC69,0xFFFDBD6B,0xFFFDC070,
    0xFFFBBC6F,0xFFFFBE74,0xFFFFBF76,0xFFFEBD74,0xFFFEBD73,0xFFFFC076,0xFFFFBF78,0xFFF6B377,
    0xFFF4B07A,0xFFF4B078,0xFFF2AC71,0xFFF6AE6F,0xFFEFB27B,0xFFB89274,0xFFC69C7D,0xFFFFC083,
    0xFFFFB673,0xFFF6AF68,0xFFF6AF68,0xFFF5AD6D,0xFFF6AB71,0xFFEEA46D,0xFFF2A86C,0xFFFBB269,
    0xFFFEB475,0xFFFBBF84,0xFFFFC881,0xFFECBD8A,0xFF534438,0xFF323F53,0xFF646980,0xFF2D2C3A,
    0xFFAA8767,0xFFFFC079,0xFFF5B46E,0xFFFEBE7B,0xFFF5B576,0xFFF4B47D,0xFFF9BA86,0xFFF6B47B,
    0xFFF5B378,0xFFF5B277,0xFFF7B776,0xFFF9BA79,0xFFF7B67D,0xFFF7B67B,0xFFFABA7C,0xFFF9B97B,
    0xFFF6B677,0xFFF6B678,0xFFF7B675,0xFFFBB977,0xFFFBB977,0xFFFCBA78,0xFFFCB87B,0xFFFCB77B,
    0xFFFBB77B,0xFFFCB77B,0xFFFCB87B,0xFFFCB87B,0xFFFDB97C,0xFFFDB97C,0xFFFEBA7B,0xFFFEBA7B,
    0xFFFDB97B,0xFFFDBA7A,0xFFFDBA78,0xFFFEBA79,0xFFFFBB7A,0xFFFFBB7A,0xFFFFBB7A,0xFFFFBC7B,
    0xFFFFBC7B,0xFFFFBE7A,0xFFFFBE7A,0xFFFFBE7A,0xFFFFBE7A,0xFFFEBF78,0xFFFFC079,0xFFFFC17A,
    0xFFFFC17A,0xFFFFC37B,0xFFFFC47C,0xFFFFC47C,0xFFFFC57B,0xFFFFC77B,0xFFFFC87C,0xFFFECA7D,
    0xFFFFCB7C,0xFFFFCB7C,0xFFFFCC7D,0xFFFFCC7D,0xFFFECC7C,0xFFFECC7C,0xFFFECC7C,0xFFFECC7C,
    0xFFFFCD7D,0xFFFFCD7D,0xFFFFCD7D,0xFFFFCD7D,0xFFFECB7E,0xFFFECB7E,0xFFFECC7E,0xFFFFCB7F,
    0xFFFFC97F,0xFFFFC97F,0xFFFEC87E,0xFFFEC77D,0xFFFFC67D,0xFFFFC67C,0xFFFFC67C,0xFFFFC47E,
    0xFFFFC47E,0xFFFFC27D,0xFFFFC27D,0xFFFFC17C,0xFFFFC17C,0xFFFFC07B,0xFFFFC07B,0xFFFFBE7D,
    0xFFFEBD7C,0xFFFFBE7C,0xFFFFBE7C,0xFFFEBD7B,0xFFFEBD7C,0xFFFDBC7B,0xFFFEBB7B,0xFFFFBB7D,
    0xFFFEBB7C,0xFFFEBB7C,0xFFFEBA7C,0xFFFDB97B,0xFFFDB97B,0xFFFDB97B,0xFFFDB97B,0xFFFCB87A,
    0xFFFDB97B,0xFFFDB97B,0xFFFCB77B,0xFFFCB77B,0xFFFCB77B,0xFFFCB77B,0xFFFCB77B,0xFFFCB77B,
    0xFFFBB67A,0xFFF9B67A,0xFFF7B57A,0xFFF7B579,0xFFF6B579,0xFFF9B478,0xFFF5B176,0xFFF4B881,
    0xFFFBC48E,0xFF8A664D,0xFF1E1A20,0xFF262C41,0xFF332D3B,0xFF4E4E55,0xFF7A7C84,0xFF767882,
    0xFF2B2B36,0xFF161722,0xFF262B3D,0xFF2C2C40,0xFF2B2C3C,0xFF2C3140,0xFF222635,0xFF292E3C,
    0xFF272D3E,0xFF1C2235,0xFF22283B,0xFF22283A,0xFF182233,0xFF273444,0xFF1B2838,0xFF131F2F,
    0xFF142538,0xFF283245,0xFF2F3748,0xFF283646,0xFF07162E,0xFF06172E,0xFF03172D,0xFF05192F,
    0xFF061730,0xFF05172F,0xFF071A32,0xFF0D1F36,0xFF04152B,0xFF112339,0xFF091B31,0xFF08172C,
    0xFF101D30,0xFF222D3E,0xFF20293A,0xFF273445,0xFF1F2430,0xFF3C3B45,0xFF3C3F4B,0xFF081225,
    0xFF06152B,0xFF212D41,0xFF222E40,0xFF132338,0xFF071628,0xFF172334,0xFF0E182A,0xFF161F31,
    0xFF151C2C,0xFF202434,0xFF3D3D49,0xFF423F48,0xFF292732,0xFF2A3242,0xFF152637,0xFF121D2F,
    0xFF2B3245,0xFF233044,0xFF14243C,0xFF40475C,0xFF111E31,0xFF33495F,0xFF1A2E47,0xFF1A2E47,
    0xFF172A42,0xFF0E2541,0xFF11253D,0xFF8692A1,0xFF4F6072,0xFF3A5060,0xFF697B8A,0xFF70808F,
    0xFF6B7989,0xFF8F9BAA,0xFF7B8795,0xFF798593,0xFF9AA7B4,0xFF4D6175,0xFF05213A,0xFF0F2C44,
    0xFF132C44,0xFF122C47,0xFF152F4A,0xFF122C47,0xFF132E48,0xFF143047,0xFF132F47,0xFF15314A,
    0xFF0F273D,0xFF496075,0xFF183249,0xFF0B273F,0xFF0D2842,0xFF0D2844,0xFF122D48,0xFF0D2843,
    0xFF0D2843,0xFF0C2742,0xFF0A2541,0xFF142F49,0xFF0F2942,0xFF122C45,0xFF19344C,0xFF142F49,
    0xFF071D36,0xFF2B3B4E,0xFF738595,0xFF0A1F36,0xFF061D36,0xFF233A51,0xFF475E72,0xFF3F5166,
    0xFF20374D,0xFF0A253B,0xFF112842,0xFF142944,0xFF102540,0xFF122742,0xFF152A45,0xFF142843,
    0xFF182C47,0xFF142843,0xFF0F243F,0xFF162945,0xFF13243E,0xFF1C2C43,0xFF1F2F47,0xFF172740,
    0xFF12223B,0xFF182942,0xFF161F33,0xFF735B56,0xFFECC7B4,0xFFDFB194,0xFFE5AA7F,0xFFEDBE9E,
    0xFF7E7170,0xFF1D3049,0xFF24384D,0xFF6A7584,0xFF5A6370,0xFF434F61,0xFF515F77,0xFF615D66,
    0xFFD0A38D,0xFFFFBB87,0xFFFCB677,0xFFFFB979,0xFFFEB976,0xFFF9B470,0xFFFBB772,0xFFFDBA73,
    0xFFFDBB72,0xFFFBB66F,0xFFFAB56D,0xFFFBB66B,0xFFFEBB6E,0xFFFABA69,0xFFFDBD71,0xFFFABC73,
    0xFFEDAE6A,0xFFF1AD71,0xFFF4B173,0xFFF7B471,0xFFF9B977,0xFFF6B676,0xFFF7B877,0xFFF1B178,
    0xFFF4AC7D,0xFFF6AF7E,0xFFF9BD86,0xFFFFCE8F,0xFF887150,0xFF272627,0xFF484545,0xFF9C8569,
    0xFFD1A67C,0xFFF5C185,0xFFFCC17B,0xFFFFC17D,0xFFF4B273,0xFFFCBE85,0xFFFAB97B,0xFFFFC475,
    0xFFE8B87E,0xFF8C7357,0xFF897958,0xFF3F3B32,0xFF2F3C4C,0xFF47546A,0xFF38394A,0xFF333A4D,
    0xFF655653,0xFFE6B477,0xFFFBBB77,0xFFFEBE7C,0xFFFBBC78,0xFFF8BB78,0xFFF8BC7A,0xFFF9BB7B,
    0xFFFABB7C,0xFFFCBD7F,0xFFFBBC7B,0xFFF9B979,0xFFF7B67F,0xFFF8B77D,0xFFF8B77B,0xFFF8B67C,
    0xFFF9B77C,0xFFF8B77C,0xFFFAB67B,0xFFFBB57A,0xFFFCB67B,0xFFFCB67B,0xFFFDB77D,0xFFFDB87D,
    0xFFFDB87D,0xFFFDB87D,0xFFFDB87C,0xFFFCB87B,0xFFFEBA7D,0xFFFEBA7C,0xFFFEBA79,0xFFFEBA79,
    0xFFFEBA79,0xFFFEBA78,0xFFFDBA77,0xFFFFBB78,0xFFFFBC78,0xFFFFBC78,0xFFFFBC78,0xFFFFBD79,
    0xFFFFBD79,0xFFFFBF79,0xFFFFBF78,0xFFFFBF78,0xFFFFBF78,0xFFFEC077,0xFFFFC279,0xFFFFC279,
    0xFFFEC279,0xFFFEC37A,0xFFFFC57B,0xFFFFC67C,0xFFFFC67B,0xFFFFC87B,0xFFFFCB7C,0xFFFECC7C,
    0xFFFECD7B,0xFFFFCD7B,0xFFFFCE7C,0xFFFFCE7C,0xFFFECF7C,0xFFFECF7C,0xFFFECF7C,0xFFFECF7C,
    0xFFFECF7C,0xFFFECF7C,0xFFFECF7C,0xFFFECF7C,0xFFFDCD7D,0xFFFDCD7D,0xFFFDCD7D,0xFFFECD7F,
    0xFFFFCA7F,0xFFFFCA7E,0xFFFECA7E,0xFFFEC77D,0xFFFFC67C,0xFFFFC67D,0xFFFFC67C,0xFFFFC47B,
    0xFFFFC37B,0xFFFFC37B,0xFFFFC37B,0xFFFFC07A,0xFFFFC07A,0xFFFFC079,0xFFFFC079,0xFFFFBE7A,
    0xFFFFBE7A,0xFFFFBE7A,0xFFFFBE7A,0xFFFEBD79,0xFFFEBD79,0xFFFDBC78,0xFFFEBB79,0xFFFFBB7A,
    0xFFFFBB7A,0xFFFFBB7A,0xFFFFBB7A,0xFFFDB978,0xFFFDB978,0xFFFDB978,0xFFFDB978,0xFFFDB978,
    0xFFFCB878,0xFFFCB878,0xFFFCB87B,0xFFFCB87B,0xFFFBB779,0xFFFBB779,0xFFFBB779,0xFFFBB779,
    0xFFFAB678,0xFFF9B678,0xFFF7B579,0xFFF6B477,0xFFF6B478,0xFFF7B275,0xFFF8BB84,0xFFDBB08C,
    0xFF6C503D,0xFF221621,0xFF2F3146,0xFF2F3542,0xFF363436,0xFF2F272B,0xFF3D373F,0xFF2E2C37,
    0xFF252432,0xFF292B3D,0xFF23273A,0xFF282534,0xFF2C2B39,0xFF212A39,0xFF1E2534,0xFF212938,
    0xFF242B3B,0xFF242839,0xFF262B3C,0xFF1E2334,0xFF1D2431,0xFF1F2839,0xFF131D31,0xFF1A2637,
    0xFF223448,0xFF30394E,0xFF374053,0xFF1B2B3D,0xFF01142E,0xFF03162F,0xFF071C33,0xFF071B32,
    0xFF081A32,0xFF04162E,0xFF0B1C34,0xFF06182E,0xFF0C1D33,0xFF14263C,0xFF05172D,0xFF08192C,
    0xFF1A2A3D,0xFF102132,0xFF122031,0xFF3D3D4D,0xFF413A45,0xFF4A4751,0xFF1B2230,0xFF0E1B2F,
    0xFF13233D,0xFF131E34,0xFF131F32,0xFF01152E,0xFF04152B,0xFF0A1B2F,0xFF031329,0xFF112037,
    0xFF1B2739,0xFF1A2334,0xFF192131,0xFF404049,0xFF4E484E,0xFF2E2C36,0xFF2E3C4A,0xFF141F30,
    0xFF262D41,0xFF273447,0xFF0E1F32,0xFF393F53,0xFF313D56,0xFF061C36,0xFF152942,0xFF1E334B,
    0xFF1B2F47,0xFF0F2744,0xFF071D36,0xFF616D7C,0xFF526375,0xFF142B3D,0xFF3B4F5F,0xFF5A6C7E,
    0xFF3A4B5D,0xFF586977,0xFF576974,0xFF586875,0xFF7F8E9C,0xFF384C5F,0xFF07233C,0xFF102C45,
    0xFF122B43,0xFF102B46,0xFF142F4A,0xFF122D48,0xFF112C46,0xFF122E45,0xFF143049,0xFF18344C,
    0xFF132C42,0xFF4D657A,0xFF102B42,0xFF0E2A42,0xFF0F2A45,0xFF0E2944,0xFF102B46,0xFF0B2641,
    0xFF0C2842,0xFF102B45,0xFF122D48,0xFF17324D,0xFF112B44,0xFF122C44,0xFF112A43,0xFF0E273E,
    0xFF1A2E40,0xFF8B99A9,0xFF203147,0xFF102541,0xFF0B233E,0xFF354D65,0xFF274055,0xFF30435A,
    0xFF10293F,0xFF0A273E,0xFF142A45,0xFF142944,0xFF0C213C,0xFF132843,0xFF112540,0xFF112540,
    0xFF152944,0xFF142843,0xFF0E243F,0xFF0D253E,0xFF0B2139,0xFF192D43,0xFF1A2C43,0xFF182841,
    0xFF172841,0xFF162740,0xFF233048,0xFF181725,0xFF645B5C,0xFFE2BBA2,0xFFF3CBAC,0xFF897C73,
    0xFF525C6A,0xFF485E78,0xFF1E3955,0xFF4A5B6D,0xFF505E6E,0xFF3A4756,0xFF596574,0xFF4D5F71,
    0xFF7E797B,0xFFE0B38E,0xFFFEBB79,0xFFF4B570,0xFFF9B976,0xFFF1B077,0xFFF0AB75,0xFFF2AD72,
    0xFFF8B474,0xFFFDB975,0xFFFDB972,0xFFFDBA71,0xFFFCB76D,0xFFFCB66E,0xFFF8B36F,0xFFF7B376,
    0xFFF5B27B,0xFFF2AE7C,0xFFF2AF7A,0xFFF5B17A,0xFFF2AF79,0xFFEFAD7A,0xFFF3B277,0xFFF5B57D,
    0xFFF9BD83,0xFFF2C190,0xFFA7896D,0xFF675B4B,0xFF595C5F,0xFF29324B,0xFF3A4360,0xFF303843,
    0xFF35343D,0xFF6D5D4F,0xFFA28769,0xFFB0906B,0xFFF3CD9E,0xFF9E7E5A,0xFFCFAC7F,0xFFDEB97F,
    0xFF836D56,0xFF202332,0xFF233348,0xFF2B3A52,0xFF424C5B,0xFF3F4351,0xFF2C384C,0xFF3E4B5C,
    0xFF4D4C58,0xFF8C7046,0xFFFFC783,0xFFF5B171,0xFFF8B873,0xFFFBBE73,0xFFFBC172,0xFFF6BC76,
    0xFFF5BB76,0xFFF5BC77,0xFFF6BA77,0xFFF9B97B,0xFFFABA82,0xFFF9B87F,0xFFFAB87D,0xFFFBB77C,
    0xFFFBB77C,0xFFFBB77C,0xFFFDB67E,0xFFFDB680,0xFFFEB781,0xFFFEB781,0xFFFEB980,0xFFFEB980,
    0xFFFEB980,0xFFFEB97F,0xFFFEBA7D,0xFFFEBA7D,0xFFFFBB7E,0xFFFFBB7C,0xFFFEBA79,0xFFFDBA79,
    0xFFFEBB79,0xFFFEBB78,0xFFFFBC78,0xFFFFBC78,0xFFFFBC78,0xFFFFBC78,0xFFFEBC78,0xFFFFBD79,
    0xFFFFBD79,0xFFFFBF78,0xFFFFBE77,0xFFFFBF77,0xFFFFBF77,0xFFFEC077,0xFFFFC278,0xFFFFC278,
    0xFFFFC278,0xFFFEC479,0xFFFEC579,0xFFFEC67B,0xFFFFC77A,0xFFFFC979,0xFFFECC7C,0xFFFECE7C,
    0xFFFECF7B,0xFFFECF7B,0xFFFFD07C,0xFFFFD07C,0xFFFFD27C,0xFFFFD27C,0xFFFFD27D,0xFFFFD27C,
    0xFFFFD17C,0xFFFFD17C,0xFFFFD17C,0xFFFFD17B,0xFFFECF7C,0xFFFDCF7D,0xFFFDD07C,0xFFFECF7C,
    0xFFFFCC7D,0xFFFFCC7D,0xFFFFCB7C,0xFFFFC87A,0xFFFFC77A,0xFFFFC77A,0xFFFFC67A,0xFFFFC47A,
    0xFFFFC37B,0xFFFFC37A,0xFFFFC37A,0xFFFFC279,0xFFFFC279,0xFFFFC178,0xFFFFC078,0xFFFFBE7A,
    0xFFFFBE7A,0xFFFFBE7A,0xFFFFBE7A,0xFFFEBD79,0xFFFEBD79,0xFFFDBC78,0xFFFEBB79,0xFFFFBB7A,
    0xFFFFBB7A,0xFFFFBB7A,0xFFFFBB7A,0xFFFFBB79,0xFFFDB978,0xFFFDB978,0xFFFDB978,0xFFFDB978,
    0xFFFBB776,0xFFFBB776,0xFFFCB879,0xFFFCB879,0xFFFBB778,0xFFFBB777,0xFFFBB778,0xFFFBB778,
    0xFFF9B677,0xFFF9B677,0xFFF8B578,0xFFF7B479,0xFFF3B376,0xFFFCBA7C,0xFFDFAD80,0xFF452C22,
    0xFF251F2C,0xFF2B303D,0xFF302F35,0xFF352E39,0xFF322F40,0xFF3A3542,0xFF292632,0xFF292936,
    0xFF2C2E3C,0xFF24293D,0xFF1D273D,0xFF1E263A,0xFF212838,0xFF202939,0xFF1D2636,0xFF222B3B,
    0xFF202637,0xFF262A3B,0xFF202334,0xFF1D1F2E,0xFF82828D,0xFF3D3E51,0xFF1D233A,0xFF232C3E,
    0xFF2E3A4E,0xFF313D52,0xFF27354C,0xFF06162E,0xFF061A33,0xFF02152E,0xFF091D36,0xFF091D35,
    0xFF03182D,0xFF0C1E34,0xFF13233A,0xFF07172C,0xFF1A2B3F,0xFF091A2F,0xFF07182D,0xFF111F35,
    0xFF1D2E46,0xFF07172E,0xFF262F41,0xFF3E3D49,0xFF454651,0xFF2D3240,0xFF151F2F,0xFF0D1D2F,
    0xFF1C2338,0xFF2B3345,0xFF0A1A2B,0xFF05152F,0xFF0D1D36,0xFF0F1F37,0xFF01132E,0xFF101C34,
    0xFF1F2533,0xFF11202F,0xFF182432,0xFF101921,0xFF4D4D51,0xFF504146,0xFF3C3A42,0xFF2D3341,
    0xFF1F2639,0xFF283145,0xFF17273E,0xFF222C3F,0xFF434D61,0xFF15263E,0xFF122841,0xFF1B3149,
    0xFF192F47,0xFF112A43,0xFF062138,0xFF283E52,0xFF6C7F91,0xFF364C5F,0xFF1E3347,0xFF283E52,
    0xFF2E4458,0xFF4C606D,0xFF5C7079,0xFF546775,0xFF596A80,0xFF394C63,0xFF031E39,0xFF102C48,
    0xFF112B43,0xFF112C47,0xFF142F4A,0xFF122D48,0xFF102C46,0xFF102B46,0xFF122D48,0xFF0F2A45,
    0xFF172F48,0xFF3F566E,0xFF0C2640,0xFF0E2944,0xFF0F2A45,0xFF132E49,0xFF102B46,0xFF0B2641,
    0xFF0C2840,0xFF0E2A42,0xFF132F47,0xFF0E2A43,0xFF0E2741,0xFF11283F,0xFF36495D,0xFF536374,
    0xFF7D8D9C,0xFF4B6073,0xFF031C34,0xFF2B445D,0xFF3A5068,0xFF1E344C,0xFF122840,0xFF12273F,
    0xFF10263E,0xFF142B43,0xFF182E47,0xFF112640,0xFF102540,0xFF132944,0xFF10243E,0xFF203249,
    0xFF1A2E46,0xFF0D223D,0xFF0A223C,0xFF0C2740,0xFF08223B,0xFF0F2942,0xFF10273F,0xFF12253E,
    0xFF142841,0xFF142841,0xFF1F3146,0xFF162840,0xFF0F192D,0xFF544F51,0xFF6F6B6B,0xFF62676F,
    0xFF6A7989,0xFF485C72,0xFF1D3751,0xFF233A4E,0xFF495D6A,0xFF2D3A46,0xFF7B8192,0xFF4B5769,
    0xFF4E5D6B,0xFF685D5A,0xFFE6B68C,0xFFFCBC75,0xFFF7AF73,0xFFF6B17D,0xFFF5B179,0xFFF3AF77,
    0xFFF5B178,0xFFF8B676,0xFFF9B573,0xFFF6B270,0xFFF9B676,0xFFFCB275,0xFFF6B074,0xFFF4AE7A,
    0xFFF4AD7E,0xFFF7B476,0xFFF7B174,0xFFF5AE7D,0xFFF8B175,0xFFF8B983,0xFFF4BB8A,0xFFDDB17C,
    0xFFBDA076,0xFF725F50,0xFF1D1D2C,0xFF303D4D,0xFF36434F,0xFF34415D,0xFF313B57,0xFF666C76,
    0xFF56626E,0xFF273242,0xFF606B78,0xFF343B3F,0xFF6B6966,0xFF2D3134,0xFF4A4946,0xFF444140,
    0xFF242839,0xFF444C61,0xFF4C5770,0xFF2D3B52,0xFF3B4555,0xFF474C5A,0xFF2D3749,0xFF373E54,
    0xFF434756,0xFF432F2A,0xFFDCAE72,0xFFFDC776,0xFFFBBA75,0xFFFCB978,0xFFF9B976,0xFFF7B879,
    0xFFF7B879,0xFFF7B879,0xFFF7B87A,0xFFF9B77B,0xFFF9B77C,0xFFF9B77C,0xFFFAB87D,0xFFFAB87D,
    0xFFFAB87D,0xFFFAB87D,0xFFFBB77E,0xFFFCB77F,0xFFFEB981,0xFFFEB981,0xFFFDB97C,0xFFFDB97B,
    0xFFFEBA7C,0xFFFFBB7D,0xFFFDBC7A,0xFFFDBC7A,0xFFFCBC79,0xFFFCBC79,0xFFFBBD78,0xFFFBBF77,
    0xFFFBC278,0xFFFCC074,0xFFFEBC71,0xFFFEBC75,0xFFFEBC78,0xFFFFBB77,0xFFFCBD76,0xFFFBBE76,
    0xFFFFBB76,0xFFFFBD76,0xFFFFBF76,0xFFFFBE76,0xFFFFBE76,0xFFFEC077,0xFFFEC176,0xFFFCC172,
    0xFFFDC275,0xFFFEC479,0xFFFBCE77,0xFFFCCF78,0xFFFECA74,0xFFFFCA77,0xFFFBCC7E,0xFFFCCF76,
    0xFFFED175,0xFFFED37C,0xFFFED27C,0xFFFFD27C,0xFFFED579,0xFFFDD67B,0xFFFED57C,0xFFFFD47A,
    0xFFFDD47C,0xFFFFD27D,0xFFFED37C,0xFFFDD379,0xFFFFD07C,0xFFFCD07C,0xFFFCD179,0xFFFCD176,
    0xFFFBCF78,0xFFFDCC78,0xFFFECA78,0xFFFECB79,0xFFFDCB78,0xFFFEC979,0xFFFFC679,0xFFFFC67B,
    0xFFFEC47B,0xFFFFC37B,0xFFFFC37B,0xFFFEC376,0xFFFEC375,0xFFFEC274,0xFFFEC275,0xFFFFC278,
    0xFFFFBF78,0xFFFFBD79,0xFFFFBC78,0xFFFFBD77,0xFFFFBD77,0xFFFFBC76,0xFFFFBB76,0xFFFFBA77,
    0xFFFFBA77,0xFFFFBA77,0xFFFFBA76,0xFFFFBA76,0xFFFEB873,0xFFFEB873,0xFFFDBA74,0xFFFDBA74,
    0xFFFCB973,0xFFFCB973,0xFFFDB875,0xFFFDB875,0xFFFCB774,0xFFFCB775,0xFFFDB877,0xFFFBB777,
    0xFFF8B678,0xFFF9B778,0xFFFCB479,0xFFFBB27C,0xFFF1B574,0xFFF3BE87,0xFF5D463C,0xFF27202C,
    0xFF37303D,0xFF362E39,0xFF3B333E,0xFF362E3D,0xFF403A4C,0xFF464251,0xFF2B2A38,0xFF2B2B3B,
    0xFF232738,0xFF20293A,0xFF1D2739,0xFF1E283A,0xFF20283B,0xFF1E2439,0xFF1C233A,0xFF1D253D,
    0xFF192639,0xFF1D2838,0xFF181925,0xFF837980,0xFFB8AAAB,0xFF3F3A44,0xFF242A3A,0xFF2C3140,
    0xFF2F3C4F,0xFF314055,0xFF0E1E36,0xFF0E2039,0xFF051932,0xFF071B34,0xFF0A1E37,0xFF091E36,
    0xFF051A31,0xFF12253C,0xFF102138,0xFF13233A,0xFF18283E,0xFF0D1D33,0xFF07172D,0xFF0E1D32,
    0xFF0B1D36,0xFF0B1B33,0xFF313B4D,0xFF3C4251,0xFF272E3E,0xFF081123,0xFF1C2839,0xFF192433,
    0xFF2D3447,0xFF0C1A2F,0xFF061A30,0xFF071730,0xFF0A1A33,0xFF07172F,0xFF051833,0xFF0E1C31,
    0xFF272C38,0xFF0C1827,0xFF1F2A3B,0xFF111A28,0xFF232A33,0xFF4F4B54,0xFF322F35,0xFF2D2F39,
    0xFF2B3143,0xFF1D283F,0xFF233147,0xFF1D2738,0xFF3D4759,0xFF23344B,0xFF142A42,0xFF172D45,
    0xFF1A3048,0xFF132B43,0xFF0F2940,0xFF11293F,0xFF314559,0xFF253B50,0xFF374D64,0xFF30455C,
    0xFF546A81,0xFF4D6478,0xFF455C6B,0xFF3D5466,0xFF364B63,0xFF4A5E75,0xFF06223D,0xFF112D49,
    0xFF132C45,0xFF102B46,0xFF0E2944,0xFF122D48,0xFF0F2A45,0xFF102A45,0xFF0F2944,0xFF0B2641,
    0xFF162E46,0xFF263D55,0xFF0B253F,0xFF0E2A45,0xFF0E2944,0xFF102B46,0xFF0E2944,0xFF0B2641,
    0xFF0D2941,0xFF0C2840,0xFF0D2941,0xFF0F2B43,0xFF102943,0xFF0B2138,0xFF526477,0xFF9AAABB,
    0xFF374858,0xFF071D31,0xFF0A253C,0xFF172E47,0xFF2A4058,0xFF172D45,0xFF1B3149,0xFF22374F,
    0xFF182E46,0xFF152A42,0xFF142A42,0xFF0E233D,0xFF132843,0xFF112642,0xFF11253F,0xFF1B2D43,
    0xFF13273F,0xFF0F253F,0xFF0D253F,0xFF0E2740,0xFF0B243E,0xFF0E2740,0xFF172E47,0xFF142841,
    0xFF142841,0xFF12263F,0xFF172A3E,0xFF0E223A,0xFF10223C,0xFF121E2D,0xFF010C1A,0xFF3A4757,
    0xFF68778A,0xFF5C6F84,0xFF2B4257,0xFF263A4D,0xFF5B6C7C,0xFF7C8593,0xFF878B9A,0xFF5B6575,
    0xFF7B828B,0xFF373F4C,0xFF423B3B,0xFFE7B68D,0xFFFFB672,0xFFFEAC66,0xFFFEAD6D,0xFFF8B077,
    0xFFF2B27F,0xFFF7B476,0xFFF8B473,0xFFF8B374,0xFFF9B574,0xFFF4B576,0xFFF3B17E,0xFFF4B07B,
    0xFFF4B078,0xFFF8B47A,0xFFF8B877,0xFFF6B978,0xFFFBBD67,0xFFDFB67E,0xFF6C5949,0xFF756562,
    0xFF8A8178,0xFF646162,0xFF565E75,0xFF333F51,0xFF384451,0xFF2A3852,0xFF222E49,0xFF7A818B,
    0xFF5D6B75,0xFF29364C,0xFF2B3851,0xFF2E3C51,0xFF304054,0xFF1E3046,0xFF505E71,0xFF3C4455,
    0xFF3D4357,0xFF4A5265,0xFF263045,0xFF2B364D,0xFF454B5E,0xFF424352,0xFF66697B,0xFF464A5E,
    0xFF545968,0xFF342835,0xFF85674A,0xFFFFDC84,0xFFFCC769,0xFFFCBB73,0xFFF9B684,0xFFF7B67D,
    0xFFFAB97E,0xFFFAB980,0xFFFAB97E,0xFFFAB97C,0xFFFAB97B,0xFFF9B97B,0xFFFAB97B,0xFFF9B97B,
    0xFFFAB97B,0xFFFABA7C,0xFFFBBA79,0xFFFCBA78,0xFFFCBA79,0xFFFCBA79,0xFFFABC76,0xFFFABC75,
    0xFFF9BD75,0xFFFBBE76,0xFFFCBD74,0xFFFCBE75,0xFFFEC077,0xFFFDC176,0xFFFDC675,0xFFFDC875,
    0xFFFAC871,0xFFFECD76,0xFFFCC772,0xFFFBC371,0xFFFFC274,0xFFFFC070,0xFFFCC36F,0xFFFCC570,
    0xFFFEC16F,0xFFF9C26F,0xFFF7C06E,0xFFFBC170,0xFFFCC271,0xFFF5C771,0xFFF6CB73,0xFFF8D275,
    0xFFF6CF74,0xFFF2CA71,0xFFF4D470,0xFFF7D470,0xFFF5CE73,0xFFF9CD76,0xFFFFCD71,0xFFFDD172,
    0xFFFDD474,0xFFFFD574,0xFFFFD575,0xFFFFD678,0xFFFDD77B,0xFFFED77B,0xFFFED879,0xFFFDD879,
    0xFFFBD87B,0xFFFED67B,0xFFFED77B,0xFFFCD77C,0xFFFFD07D,0xFFFFD07B,0xFFFFCE7E,0xFFFDD07E,
    0xFFF8D27B,0xFFF9CF7D,0xFFFACF81,0xFFFACD80,0xFFFBCC7F,0xFFFCCA7D,0xFFFCC87A,0xFFFDC977,
    0xFFFBC876,0xFFF9C77A,0xFFF9C77C,0xFFFFC277,0xFFFFC176,0xFFFFC075,0xFFFFC175,0xFFFFC274,
    0xFFFFBF75,0xFFFFBD77,0xFFFFBC76,0xFFFFBE74,0xFFFFBD74,0xFFFFBD73,0xFFFFBB74,0xFFFFBA74,
    0xFFFFBA74,0xFFFFBA74,0xFFFFBA75,0xFFFFBA75,0xFFFFB974,0xFFFFBA74,0xFFFEB974,0xFFFEB974,
    0xFFFDB873,0xFFFDB973,0xFFFEB875,0xFFFEB875,0xFFFDB774,0xFFFCB675,0xFFFCB677,0xFFFDB676,
    0xFFFDB573,0xFFFBB67A,0xFFF8B676,0xFFF5B066,0xFFFFC77D,0xFFC3966E,0xFF231B1F,0xFF35303E,
    0xFF3B343E,0xFF39343E,0xFF3C3944,0xFF373643,0xFF2E2D3A,0xFF292734,0xFF272735,0xFF292A3C,
    0xFF24283A,0xFF212A3B,0xFF202939,0xFF1E2737,0xFF212A3D,0xFF1C2439,0xFF1C2439,0xFF1F273D,
    0xFF192135,0xFF1C202E,0xFF8B868C,0xFFBAAEAD,0xFF9C9498,0xFF2E303E,0xFF1D2638,0xFF1D2739,
    0xFF304055,0xFF22334A,0xFF11253E,0xFF172B44,0xFF081C35,0xFF132740,0xFF142841,0xFF081E36,
    0xFF092138,0xFF0D213A,0xFF0D1F38,0xFF162840,0xFF0C1F36,0xFF172A42,0xFF182B42,0xFF102136,
    0xFF0F233A,0xFF0A1C33,0xFF243142,0xFF253043,0xFF0D192D,0xFF132033,0xFF192437,0xFF3B4251,
    0xFF1B273A,0xFF00142C,0xFF02152F,0xFF091931,0xFF071730,0xFF06162F,0xFF0E223C,0xFF0D1B2E,
    0xFF373A45,0xFF151D2B,0xFF162134,0xFF141E30,0xFF111C2C,0xFF202B38,0xFF31333C,0xFF3D3B42,
    0xFF343645,0xFF151F34,0xFF333D4F,0xFF2B3242,0xFF2F394C,0xFF26374F,0xFF132941,0xFF1B3149,
    0xFF1C324A,0xFF364D65,0xFF122941,0xFF0E253D,0xFF2A4159,0xFF061C34,0xFF596F86,0xFF475D74,
    0xFF3F556D,0xFF2B425C,0xFF334B60,0xFF3C556A,0xFF20374F,0xFF40546B,0xFF0C2742,0xFF122E4A,
    0xFF112A43,0xFF112C47,0xFF122D48,0xFF132E4A,0xFF112B46,0xFF132D48,0xFF152E49,0xFF0C2641,
    0xFF2F465F,0xFF3F556E,0xFF051F39,0xFF102C47,0xFF132E49,0xFF0D2843,0xFF0B2641,0xFF0B2640,
    0xFF09253D,0xFF1B374F,0xFF153048,0xFF0B2740,0xFF0F2842,0xFF051B32,0xFF738599,0xFF445467,
    0xFF203247,0xFF21374D,0xFF0E253C,0xFF465C74,0xFF172D45,0xFF31475F,0xFF192F47,0xFF3B5169,
    0xFF192F47,0xFF182E46,0xFF182E46,0xFF162C46,0xFF233853,0xFF182D48,0xFF1C314B,0xFF2D3F56,
    0xFF142840,0xFF0E243E,0xFF0E253F,0xFF0C233D,0xFF0E253F,0xFF0D243E,0xFF152A44,0xFF182C45,
    0xFF162A43,0xFF1A2E48,0xFF192C40,0xFF13253E,0xFF0F2340,0xFF122840,0xFF0E233A,0xFF1B2E46,
    0xFF45556B,0xFF5E6F83,0xFF596D7C,0xFF6D7E8E,0xFF525E71,0xFF5A6070,0xFF7D838F,0xFF4F5A6B,
    0xFF98969D,0xFF5C606A,0xFF060C1D,0xFF6E554F,0xFFE6BE94,0xFFEEBB82,0xFFF9BD82,0xFFFBB978,
    0xFFF8B16C,0xFFFAB372,0xFFFEBC7F,0xFFFFBF82,0xFFFCB775,0xFFF6B66F,0xFFFBB379,0xFFFDB576,
    0xFFFCB86C,0xFFFEBA6D,0xFFF7BD7A,0xFFEAB07A,0xFFFFCA8C,0xFF80715E,0xFF324558,0xFF455569,
    0xFF717D86,0xFF505D6B,0xFF2B3A53,0xFF3B4559,0xFF838C9B,0xFF3D4B64,0xFF2C3A54,0xFF768191,
    0xFF576677,0xFF192743,0xFF1C2949,0xFF33415D,0xFF1E2E48,0xFF313E54,0xFF6D7588,0xFF404658,
    0xFF687182,0xFF263043,0xFF2A364B,0xFF1E2940,0xFF515468,0xFF6A6877,0xFF76778B,0xFF3A3D4F,
    0xFF3B3F4E,0xFF4C4760,0xFF54464E,0xFF886A48,0xFFF4C87E,0xFFF6BA6D,0xFFFAB381,0xFFF9B57E,
    0xFFFAB67E,0xFFFBB780,0xFFFBB87D,0xFFFAB978,0xFFFABA79,0xFFFCBB7A,0xFFFCBC79,0xFFFBBC77,
    0xFFFDBD79,0xFFFDC07B,0xFFFEBF76,0xFFFEBF75,0xFFFEBF75,0xFFFEBF74,0xFFFBC172,0xFFFCC474,
    0xFFFAC071,0xFFFDC374,0xFFFEC072,0xFFFEC072,0xFFFEBF71,0xFFFCBE6F,0xFFFCC56F,0xFFFDC970,
    0xFFFCCC71,0xFFFBCD70,0xFFFDD174,0xFFFBC86C,0xFFFAC167,0xFFF8C868,0xFFFCD670,0xFFFEDC76,
    0xFFF6D26B,0xFFF5D06C,0xFFFAD170,0xFFFBCA6B,0xFFFBC667,0xFFFCD473,0xFFF7D16D,0xFFFEE077,
    0xFFFCDA6E,0xFFF8D063,0xFFF7DB73,0xFFFBED96,0xFFF8EC9B,0xFFF0D274,0xFFFBCE6C,0xFFF8D476,
    0xFFF6D678,0xFFFDD772,0xFFFFD870,0xFFFDD973,0xFFFCDA7C,0xFFFFD978,0xFFFDDB78,0xFFF8DB7A,
    0xFFFDD772,0xFFFFD66F,0xFFFED470,0xFFFBD578,0xFFFDD77A,0xFFFFD46F,0xFFFED176,0xFFFDD07B,
    0xFFFDD074,0xFFFDD076,0xFFFDD078,0xFFFECC77,0xFFFFC974,0xFFFFCA73,0xFFFFCA70,0xFFFFC86F,
    0xFFFEC671,0xFFFCC676,0xFFFBC577,0xFFFFC275,0xFFFFC273,0xFFFFC274,0xFFFFC273,0xFFFFC370,
    0xFFFFC070,0xFFFFBE71,0xFFFFBE72,0xFFFFBE71,0xFFFFBD71,0xFFFFBD70,0xFFFFBC71,0xFFFFBB72,
    0xFFFFBB71,0xFFFFBB71,0xFFFFBA72,0xFFFFBA73,0xFFFFBA73,0xFFFFBA73,0xFFFFBA72,0xFFFFBA72,
    0xFFFEB971,0xFFFEB971,0xFFFFB773,0xFFFFB773,0xFFFEB672,0xFFFEB573,0xFFFCB475,0xFFFEB373,
    0xFFFEB270,0xFFFBB06D,0xFFFDB96D,0xFFFFCB81,0xFFD9B081,0xFF5A4335,0xFF262632,0xFF3A3340,
    0xFF3C363F,0xFF31323B,0xFF2E2F38,0xFF252935,0xFF272C38,0xFF2B2A3A,0xFF292A3B,0xFF2A2C40,
    0xFF23293C,0xFF212A3B,0xFF1F2839,0xFF1E2738,0xFF202A3D,0xFF1A253A,0xFF20273B,0xFF191F32,
    0xFF202234,0xFF8B8590,0xFFA19596,0xFFA9A09D,0xFF585A65,0xFF0F1729,0xFF1E2A3E,0xFF16253C,
    0xFF35495E,0xFF1A2F47,0xFF132B44,0xFF112942,0xFF12263F,0xFF1D314A,0xFF12253E,0xFF071D36,
    0xFF07213A,0xFF0B223C,0xFF0E223D,0xFF0A1E38,0xFF0D223A,0xFF172B44,0xFF0A1E38,0xFF13263C,
    0xFF12283F,0xFF0D2238,0xFF243243,0xFF111E33,0xFF101D31,0xFF313B4D,0xFF3C4355,0xFF0D172A,
    0xFF001327,0xFF041930,0xFF02132D,0xFF16253E,0xFF0C1C35,0xFF0B1A33,0xFF0D213A,0xFF0B1A2B,
    0xFF3D3E48,0xFF222735,0xFF0C192A,0xFF212B3C,0xFF12192B,0xFF0D1A2A,0xFF182232,0xFF4B4950,
    0xFF534D54,0xFF212433,0xFF1E2434,0xFF3B3F4D,0xFF333D50,0xFF2A3B54,0xFF132A42,0xFF354B63,
    0xFF10273F,0xFF465A72,0xFF2F445C,0xFF112842,0xFF152F4A,0xFF172E49,0xFF314660,0xFF2F445F,
    0xFF243A54,0xFF1F3450,0xFF60768B,0xFF4E6478,0xFF42576E,0xFF364A60,0xFF112C48,0xFF132F4B,
    0xFF142E47,0xFF102B46,0xFF102B46,0xFF122E49,0xFF142E49,0xFF182F4B,0xFF213855,0xFF132A47,
    0xFF394F68,0xFF3C536B,0xFF142E48,0xFF0D2844,0xFF132E49,0xFF0D2843,0xFF0F2A45,0xFF0F2A45,
    0xFF0E2A42,0xFF345068,0xFF0D2941,0xFF0C2841,0xFF0D2640,0xFF12283F,0xFF75869A,0xFF38495E,
    0xFF31465E,0xFF01152D,0xFF475B74,0xFF445971,0xFF0C223A,0xFF1E344C,0xFF11273F,0xFF364C64,
    0xFF1B3149,0xFF172D44,0xFF1A3048,0xFF182D48,0xFF203550,0xFF112641,0xFF1C314B,0xFF2B3D53,
    0xFF1A2D45,0xFF172E48,0xFF182F49,0xFF142843,0xFF112541,0xFF152944,0xFF182B46,0xFF162A43,
    0xFF142841,0xFF1A2E47,0xFF172C42,0xFF17283F,0xFF21304A,0xFF142B42,0xFF0F233B,0xFF0D1E37,
    0xFF0E1E36,0xFF0D1D33,0xFF36475A,0xFF5C6A7B,0xFF485060,0xFF6C727F,0xFF75808F,0xFF25364B,
    0xFF93919B,0xFF9B8E92,0xFF716970,0xFFACA7A9,0xFF616161,0xFF6D6B62,0xFF958770,0xFFC4A178,
    0xFFFDC68F,0xFFF1C396,0xFFB79676,0xFFA48363,0xFFDEB288,0xFFFCBD80,0xFFF6B06B,0xFFF9B876,
    0xFFFFC98A,0xFFF9CB89,0xFFBA9D77,0xFF64483E,0xFFC1A89E,0xFF31394D,0xFF334C6B,0xFF203747,
    0xFF4E6373,0xFF3C4F66,0xFF1D304B,0xFF414B64,0xFF7E8698,0xFF2F3D54,0xFF172843,0xFF18263D,
    0xFF1C2C45,0xFF162544,0xFF354460,0xFF36475D,0xFF29364D,0xFF686B7A,0xFF6B6975,0xFF666977,
    0xFF384353,0xFF202C3E,0xFF3C4B60,0xFF253249,0xFF595E71,0xFF828291,0xFF5B5F71,0xFF33384C,
    0xFF5A5E69,0xFF4D4A62,0xFF4F495F,0xFF2C192E,0xFF9D775A,0xFFFFC480,0xFFFAB472,0xFFFBB67A,
    0xFFFBB679,0xFFFCB77A,0xFFFCB878,0xFFFDB873,0xFFFDB773,0xFFFEB874,0xFFFDB872,0xFFFDB86F,
    0xFFFCB86F,0xFFFBB66E,0xFFFAB46A,0xFFFBB569,0xFFFBB56A,0xFFFEB86D,0xFFFDBB6E,0xFFFDBB6F,
    0xFFFBB76B,0xFFF9B468,0xFFFBB46A,0xFFFAB369,0xFFF9B066,0xFFF7AF65,0xFFF7AF65,0xFFF7B264,
    0xFFF5B363,0xFFF3B45E,0xFFFBC168,0xFFFAC265,0xFFFAC364,0xFFF8CC65,0xFFF8D065,0xFFF9D267,
    0xFFF4D769,0xFFFAE471,0xFFFADB6A,0xFFF7C75B,0xFFFDC55C,0xFFF9C75D,0xFFF4C859,0xFFEFCD59,
    0xFFEECB55,0xFFF7CA54,0xFFF7D667,0xFFF8EB8A,0xFFFDF79A,0xFFFDF094,0xFFF9E798,0xFFF7E193,
    0xFFFDF2A3,0xFFF8E288,0xFFFCD86E,0xFFFEDD71,0xFFFBDF76,0xFFFEDC71,0xFFFDDD77,0xFFFCE992,
    0xFFFAE087,0xFFF8D877,0xFFFFE087,0xFFFEE89C,0xFFFAE690,0xFFF7D86D,0xFFF7D874,0xFFF8D881,
    0xFFF7CF73,0xFFFCCE70,0xFFFFCE6D,0xFFFECC6A,0xFFFDCB69,0xFFFCCB6C,0xFFF9CA6D,0xFFF9C76C,
    0xFFFAC56C,0xFFFEC66E,0xFFFFC56B,0xFFFDC46B,0xFFFEC46C,0xFFFEC46C,0xFFFEC46A,0xFFFFC36A,
    0xFFFEC16A,0xFFFFBE6C,0xFFFFBF6E,0xFFFFBE6E,0xFFFFBD6D,0xFFFFBD6D,0xFFFFBC6E,0xFFFFBC6F,
    0xFFFFBB6D,0xFFFFBB6D,0xFFFFBA6F,0xFFFFBA71,0xFFFEB970,0xFFFEB970,0xFFFFB870,0xFFFFB870,
    0xFFFEB76F,0xFFFEB76F,0xFFFFB471,0xFFFFB471,0xFFFEB370,0xFFFEB36F,0xFFFEB46E,0xFFFAB26D,
    0xFFF8B371,0xFFFFC17F,0xFFECB77E,0xFF907657,0xFF2F2723,0xFF292228,0xFF3A3746,0xFF3F333D,
    0xFF312D38,0xFF30313B,0xFF32313B,0xFF2C2E3A,0xFF2A2D3A,0xFF272839,0xFF2C2F41,0xFF262A3E,
    0xFF252C3F,0xFF20293A,0xFF1F2839,0xFF212A3B,0xFF1E293C,0xFF1B283D,0xFF1D2436,0xFF2D3241,
    0xFF8D8E9B,0xFF877F84,0xFF928686,0xFF969399,0xFF10182A,0xFF22293B,0xFF293245,0xFF14233B,
    0xFF263C52,0xFF0C233B,0xFF041E37,0xFF08223C,0xFF13273F,0xFF11263E,0xFF081C34,0xFF071D36,
    0xFF011B34,0xFF041B35,0xFF021631,0xFF061C35,0xFF081E36,0xFF0B2139,0xFF021830,0xFF15293F,
    0xFF051C33,0xFF152A40,0xFF1F2F40,0xFF1A2639,0xFF2F394B,0xFF404756,0xFF1A2131,0xFF000F25,
    0xFF061B30,0xFF0A1B2F,0xFF18253D,0xFF13233C,0xFF0E1E37,0xFF0E1D36,0xFF081D35,0xFF091828,
    0xFF404048,0xFF373846,0xFF041421,0xFF182331,0xFF3B3D4F,0xFF121A2C,0xFF011228,0xFF252632,
    0xFF615659,0xFF47424B,0xFF222532,0xFF242633,0xFF353F52,0xFF2C3F57,0xFF142941,0xFF3D526A,
    0xFF193048,0xFF243950,0xFF40546C,0xFF172E48,0xFF16314E,0xFF1B324E,0xFF1D314C,0xFF263B56,
    0xFF1C314D,0xFF253854,0xFF67798D,0xFF586B7B,0xFF65788A,0xFF364A61,0xFF142F4A,0xFF0A2641,
    0xFF142E46,0xFF15304A,0xFF142F49,0xFF14304A,0xFF122B47,0xFF1C314D,0xFF203552,0xFF182E4C,
    0xFF4C627B,0xFF162D45,0xFF142D47,0xFF0B2640,0xFF102B45,0xFF233E59,0xFF0D2843,0xFF07223C,
    0xFF18344C,0xFF344F68,0xFF0A263D,0xFF112D46,0xFF0E2741,0xFF1F354C,0xFF56697B,0xFF2A3C52,
    0xFF061C37,0xFF182D46,0xFF546780,0xFF0F243C,0xFF11273F,0xFF172D45,0xFF132941,0xFF2F455D,
    0xFF122840,0xFF10273F,0xFF172E46,0xFF132943,0xFF132944,0xFF122843,0xFF122841,0xFF14273E,
    0xFF1C3048,0xFF132943,0xFF132A44,0xFF132742,0xFF122641,0xFF192D48,0xFF152A43,0xFF12273F,
    0xFF10243D,0xFF132841,0xFF152C44,0xFF1A2A41,0xFF232F44,0xFF16283B,0xFF4A596E,0xFF1F2C42,
    0xFF12223A,0xFF15253F,0xFF132139,0xFF6A7485,0xFFB5BBC5,0xFF8E96A0,0xFF273C50,0xFF142B46,
    0xFF787884,0xFFB7A4AA,0xFFABA1A4,0xFF949894,0xFF4D5466,0xFF293550,0xFF394254,0xFF6D6A72,
    0xFF76696B,0xFF525250,0xFF354249,0xFF4B5961,0xFF64605D,0xFFCFA283,0xFFFECE8F,0xFFD4B07C,
    0xFF7C6557,0xFF4E463F,0xFF2D3942,0xFF28374E,0xFF2F3D48,0xFF2F445B,0xFF384761,0xFF2C3952,
    0xFF2B3F56,0xFF26384E,0xFF34465E,0xFF434D68,0xFF5D6479,0xFF3F4E62,0xFF42556C,0xFF32415B,
    0xFF192946,0xFF253554,0xFF45566B,0xFF2C4151,0xFF1D334C,0xFF3B4452,0xFF8D929C,0xFF424B59,
    0xFF192536,0xFF344253,0xFF455367,0xFF29384D,0xFF525C6E,0xFF323847,0xFF424A5B,0xFF41465D,
    0xFF4D4F59,0xFF3A3647,0xFF474253,0xFF46404F,0xFF624534,0xFFF3BB82,0xFFFBB56D,0xFFFAB472,
    0xFFFAB572,0xFFF9B371,0xFFF9B16D,0xFFFCB06A,0xFFFDB26D,0xFFFCB06C,0xFFF9AE65,0xFFF9AE63,
    0xFFF9AD63,0xFFF9AE63,0xFFFAAD63,0xFFF9AA62,0xFFFAAB63,0xFFFBAC64,0xFFFAAA63,0xFFFAAA63,
    0xFFFBAC64,0xFFFAAA64,0xFFFDAB68,0xFFFCAB68,0xFFFDAC68,0xFFFEAB69,0xFFFFA96B,0xFFFCA867,
    0xFFFAA866,0xFFFAA95F,0xFFF6AA56,0xFFF4B057,0xFFF6BA5C,0xFFF7B755,0xFFF8B14E,0xFFF8B450,
    0xFFF7C25A,0xFFF3DA61,0xFFF7DB62,0xFFF5C552,0xFFFDC555,0xFFF7CD5B,0xFFFDE069,0xFFF7E465,
    0xFFF8E96D,0xFFF5DE69,0xFFF4D450,0xFFF2D23C,0xFFF3D852,0xFFFAF299,0xFFFCFFBD,0xFFFBF0AD,
    0xFFFCF8B3,0xFFFAEFA3,0xFFFDE183,0xFFFADE76,0xFFFAE170,0xFFFFDF6B,0xFFFADB75,0xFFF8EA97,
    0xFFFDFBB4,0xFFFAF4AC,0xFFF7F2B0,0xFFF7F6C3,0xFFF8F0AD,0xFFFCEA89,0xFFF8E286,0xFFFFF1AE,
    0xFFFAE9A6,0xFFF7DD8E,0xFFF6D071,0xFFF9D574,0xFFFDE287,0xFFF8DE8B,0xFFFBE89E,0xFFFCEA95,
    0xFFF7DD7F,0xFFF7D270,0xFFF9CD68,0xFFFBCC67,0xFFFBCC65,0xFFFBCE67,0xFFF9C867,0xFFFDC568,
    0xFFFDC267,0xFFFDBF67,0xFFFDBF69,0xFFFDBD69,0xFFFBBB67,0xFFFCBB68,0xFFFDBA6A,0xFFFEB96B,
    0xFFFEB96B,0xFFFFB96B,0xFFFFB96E,0xFFFFB96E,0xFFFEB86D,0xFFFDB86C,0xFFFFB76C,0xFFFFB76C,
    0xFFFEB66B,0xFFFEB66B,0xFFFEB36C,0xFFFEB36D,0xFFFFB570,0xFFFEB46A,0xFFFDB162,0xFFFFBF79,
    0xFFF9C082,0xFFC39D6E,0xFF4A3A2C,0xFF221A26,0xFF35313D,0xFF423A42,0xFF3E3643,0xFF3D2C34,
    0xFF2C2935,0xFF393844,0xFF3B3842,0xFF33323F,0xFF31313F,0xFF27293B,0xFF282C3F,0xFF252B40,
    0xFF242B3F,0xFF222B3C,0xFF1F2839,0xFF202939,0xFF1B273B,0xFF1A283D,0xFF1C2435,0xFF5F616E,
    0xFF56575F,0xFF676061,0xFFB9AFB3,0xFF353748,0xFF141E33,0xFF313747,0xFF262C3B,0xFF172439,
    0xFF32475D,0xFF0D223B,0xFF0B2441,0xFF142B4A,0xFF213550,0xFF07233A,0xFF071F35,0xFF122942,
    0xFF021C34,0xFF0C1F35,0xFF071C35,0xFF081D39,0xFF0C213B,0xFF091E39,0xFF0B203B,0xFF0F273F,
    0xFF162741,0xFF26354C,0xFF16293C,0xFF2E394B,0xFF3D4352,0xFF232E3E,0xFF021327,0xFF041729,
    0xFF112134,0xFF1A2538,0xFF28344A,0xFF051830,0xFF0F2139,0xFF091A33,0xFF051B32,0xFF0D182F,
    0xFF454249,0xFF41404B,0xFF182235,0xFF050F1E,0xFF333947,0xFF2A3141,0xFF09182E,0xFF0C192E,
    0xFF2B2C38,0xFF5A5257,0xFF3C3B43,0xFF252532,0xFF252B38,0xFF323F4D,0xFF1D2C42,0xFF35485F,
    0xFF395268,0xFF173048,0xFF374B64,0xFF203249,0xFF1E3550,0xFF203754,0xFF1B304D,0xFF384E6B,
    0xFF334A66,0xFF102B45,0xFF5D7184,0xFF3E5060,0xFF40576B,0xFF38546B,0xFF1B374F,0xFF17344B,
    0xFF102A41,0xFF152B44,0xFF152C46,0xFF172F4C,0xFF173048,0xFF19324B,0xFF162D4D,0xFF143049,
    0xFF2C445E,0xFF132743,0xFF132A43,0xFF0D273E,0xFF324A60,0xFF253C59,0xFF0D2744,0xFF0D283E,
    0xFF2B425C,0xFF263C57,0xFF102641,0xFF142946,0xFF081D38,0xFF44596B,0xFF3C5064,0xFF172B44,
    0xFF091F36,0xFF4B6077,0xFF2B3F54,0xFF1E344B,0xFF1B334B,0xFF192D43,0xFF24374B,0xFF344A61,
    0xFF112A43,0xFF132D47,0xFF122D49,0xFF152E48,0xFF122C44,0xFF102A43,0xFF142E47,0xFF192E48,
    0xFF182D48,0xFF102540,0xFF132A44,0xFF112A43,0xFF162F48,0xFF152E47,0xFF112A43,0xFF132C45,
    0xFF0E2740,0xFF102A43,0xFF10263F,0xFF172A43,0xFF172A43,0xFF0F233B,0xFF3D4D65,0xFF1C2B44,
    0xFF16263F,0xFF192943,0xFF121E34,0xFF7E7E8A,0xFF9C9FAB,0xFF2F4055,0xFF082542,0xFF102943,
    0xFF807F87,0xFFBBA8A3,0xFFA09799,0xFF59616E,0xFF36465B,0xFF162E50,0xFF1A2C43,0xFF4E565F,
    0xFF556375,0xFF091F35,0xFF2E465F,0xFF2B4055,0xFF566171,0xFF393741,0xFF8C8773,0xFF56564D,
    0xFF0F1A31,0xFF162A43,0xFF182C44,0xFF3B4E65,0xFF3B4C5E,0xFF546678,0xFF495D73,0xFF67768A,
    0xFF3F5063,0xFF3D4D60,0xFF657180,0xFF737B88,0xFF57637B,0xFF32404E,0xFF87929B,0xFF666E81,
    0xFF313D52,0xFF53657F,0xFF1F324B,0xFF3A4D64,0xFF1D3048,0xFF5F6671,0xFFA7ABAE,0xFF343F48,
    0xFF243444,0xFF656F81,0xFF3A3D52,0xFF586376,0xFF354454,0xFF393E52,0xFF6B6C81,0xFF686A7F,
    0xFF36394A,0xFF383748,0xFF353342,0xFF514D5C,0xFF48393A,0xFFC1986C,0xFFFFC174,0xFFFAB16F,
    0xFFFDB169,0xFFFCB672,0xFFFFBE78,0xFFFCB86A,0xFFFCB063,0xFFFFB06C,0xFFFBB360,0xFFFCB265,
    0xFFFFB165,0xFFFCB366,0xFFFDB664,0xFFFCB461,0xFFFBB561,0xFFFAB662,0xFFFDB662,0xFFFBB460,
    0xFFFBB45F,0xFFFEB865,0xFFFBB866,0xFFF8B361,0xFFF8B462,0xFFF9B262,0xFFF9AE60,0xFFF9AE5F,
    0xFFFBAF61,0xFFFBB65E,0xFFFAC35E,0xFFFACB65,0xFFF8C562,0xFFFAC461,0xFFFAC057,0xFFFCC555,
    0xFFFCD262,0xFFF1D65C,0xFFF7E062,0xFFFFE265,0xFFFCD55B,0xFFF4D76C,0xFFFAE46E,0xFFF1E862,
    0xFFF8F685,0xFFF6EF90,0xFFFCEF92,0xFFFAE883,0xFFFAE988,0xFFF2E386,0xFFE9D56A,0xFFF6DA72,
    0xFFF6DB70,0xFFF8DF7C,0xFFFFF09F,0xFFFBF8AB,0xFFFCEB94,0xFFFAE383,0xFFFDEB9E,0xFFF7E997,
    0xFFECE894,0xFFFDF7C7,0xFFFAF6B9,0xFFF4EDB3,0xFFF4E497,0xFFF4DE70,0xFFF6DE80,0xFFF3DD99,
    0xFFF8E9A6,0xFFFFF8B5,0xFFF8E593,0xFFF6CF70,0xFFFCD971,0xFFF4DC73,0xFFF7E992,0xFFF3E794,
    0xFFF5EA86,0xFFFBEE8A,0xFFFDF3A3,0xFFF8DD85,0xFFF2DA6F,0xFFF8E687,0xFFFEECA0,0xFFF9DA77,
    0xFFFDD46D,0xFFFDCF69,0xFFF9CC6A,0xFFFDD173,0xFFF9D070,0xFFFAC367,0xFFFAC169,0xFFFAC46C,
    0xFFFABC67,0xFFFDB865,0xFFFDB668,0xFFFEB669,0xFFFFB769,0xFFFEB868,0xFFFFB668,0xFFFFB668,
    0xFFFFB667,0xFFFFB667,0xFFFEB667,0xFFFFB66A,0xFFFAB563,0xFFFAB55F,0xFFFFC174,0xFFCB9B6D,
    0xFF6A4F37,0xFF2C231D,0xFF2E2C34,0xFF3F3942,0xFF423740,0xFF413942,0xFF342F3A,0xFF363039,
    0xFF3A3540,0xFF383540,0xFF2C2A37,0xFF2F303E,0xFF323544,0xFF232939,0xFF222A3B,0xFF232D3F,
    0xFF1D283C,0xFF1F2A3F,0xFF1D283B,0xFF202B3B,0xFF1C293A,0xFF0F1B2D,0xFF252C39,0xFF5C5D68,
    0xFF858183,0xFFB6B1B2,0xFF6A6972,0xFF2A2D3D,0xFF3B4152,0xFF202839,0xFF172136,0xFF132238,
    0xFF162739,0xFF17293F,0xFF20354F,0xFF213652,0xFF1D344E,0xFF08273E,0xFF0A253D,0xFF152C47,
    0xFF071E37,0xFF1D2D43,0xFF14253F,0xFF0B203C,0xFF102540,0xFF0D223D,0xFF122742,0xFF10243E,
    0xFF263650,0xFF16273E,0xFF10273A,0xFF2D384C,0xFF2A3242,0xFF071527,0xFF06192F,0xFF1F3144,
    0xFF142337,0xFF29364A,0xFF0E1B32,0xFF081A32,0xFF0C1E36,0xFF071830,0xFF061D33,0xFF07152E,
    0xFF414049,0xFF393842,0xFF202639,0xFF192231,0xFF1F2837,0xFF232B3A,0xFF182232,0xFF081729,
    0xFF1C2738,0xFF30333C,0xFF5A5356,0xFF443D45,0xFF222630,0xFF192834,0xFF243547,0xFF2E4054,
    0xFF4C5F74,0xFF21354D,0xFF495B73,0xFF405166,0xFF152C47,0xFF1C3652,0xFF142E49,0xFF38526D,
    0xFF3C5671,0xFF102C48,0xFF516880,0xFF55697F,0xFF243B54,0xFF28435D,0xFF233F57,0xFF36526A,
    0xFF213C56,0xFF142D48,0xFF0F2843,0xFF0E2844,0xFF142D45,0xFF1C344D,0xFF142E4B,0xFF152E46,
    0xFF233A54,0xFF112945,0xFF132E49,0xFF0C2943,0xFF20374F,0xFF122844,0xFF0E2944,0xFF102C42,
    0xFF314761,0xFF20344F,0xFF112741,0xFF0D223E,0xFF2D415C,0xFF5D7285,0xFF0F2438,0xFF091B30,
    0xFF7A889A,0xFF66798C,0xFF182D43,0xFF30475F,0xFF273E56,0xFF13283E,0xFF435569,0xFF253950,
    0xFF071E36,0xFF112B44,0xFF0B2540,0xFF112B44,0xFF0D2740,0xFF0D2740,0xFF142D47,0xFF162B47,
    0xFF0F243F,0xFF0F243F,0xFF132A45,0xFF0B253E,0xFF112C44,0xFF102A43,0xFF0D2841,0xFF102A43,
    0xFF0F2942,0xFF0F2942,0xFF112740,0xFF152942,0xFF0F243D,0xFF10233D,0xFF0F2039,0xFF13233C,
    0xFF1B2B44,0xFF1B2B45,0xFF0C1A34,0xFF373D4D,0xFF616A7A,0xFF122338,0xFF44566C,0xFF212F43,
    0xFF88858B,0xFFB1A39F,0xFF8D8B8F,0xFF323E51,0xFF384B64,0xFF091F3C,0xFF556271,0xFF797E81,
    0xFF5B6570,0xFF182A40,0xFF2B445E,0xFF0D2842,0xFF243C55,0xFF132F49,0xFF0B1D2F,0xFF334658,
    0xFF47617B,0xFF18304B,0xFF1E344C,0xFF1F324A,0xFF23344A,0xFF3B4D62,0xFF1A324A,0xFF213449,
    0xFF425366,0xFF78899C,0xFF6F7B8A,0xFF828A96,0xFF697684,0xFF242F43,0xFF555D6F,0xFF505864,
    0xFF687486,0xFF2A3D56,0xFF2A3E58,0xFF40526A,0xFF18293E,0xFF717683,0xFF85818A,0xFF5F5D63,
    0xFF6C6E74,0xFF575C6A,0xFF434B63,0xFF505D73,0xFF2F3C4E,0xFF575D72,0xFF64667C,0xFF5E6277,
    0xFF3D4153,0xFF3D3F4F,0xFF393948,0xFF3B3747,0xFF45393F,0xFF9E7B5C,0xFFF9C385,0xFFF0B069,
    0xFFFEBA6A,0xFFF0B881,0xFFA0805B,0xFFC0905E,0xFFFFBC6E,0xFFFCB063,0xFFFAB562,0xFFFEB365,
    0xFFFFB365,0xFFFFB667,0xFFFDBA66,0xFFFDBB66,0xFFFFC36C,0xFFFDBF68,0xFFFCC469,0xFFFCC56A,
    0xFFFCC66C,0xFFFFCB6E,0xFFFCCF66,0xFFFBD067,0xFFFACD64,0xFFFDD168,0xFFFDD169,0xFFFDD168,
    0xFFFDD169,0xFFFBD365,0xFFF8DC65,0xFFFBE26C,0xFFFEDF69,0xFFFCE271,0xFFF8DD6A,0xFFFBE168,
    0xFFFAE56D,0xFFFDDE6C,0xFFF9DA66,0xFFFADA63,0xFFF8D55C,0xFFFBED74,0xFFF6DB5D,0xFFF9D84E,
    0xFFFCE169,0xFFFDEC80,0xFFFEF39C,0xFFF9F0A6,0xFFFAFAC2,0xFFFEFCCB,0xFFFAE893,0xFFF5D153,
    0xFFF8DC69,0xFFF6E566,0xFFF1E25D,0xFFFBF1AC,0xFFFEF8C6,0xFFFBF7BF,0xFFFFFBDE,0xFFFFFCDD,
    0xFFFCFCBF,0xFFFBF7BF,0xFFFCF5AD,0xFFFFF9C1,0xFFFFFBCB,0xFFF9EEA4,0xFFFAF29D,0xFFFAF287,
    0xFFF0D953,0xFFF7D866,0xFFFDE288,0xFFFEDD82,0xFFF7CE5C,0xFFF6CD4B,0xFFFACD4D,0xFFFBC950,
    0xFFF8C74A,0xFFFCDD6C,0xFFFFF09B,0xFFFCEA97,0xFFFDF09C,0xFFFEF4A5,0xFFFDF3A0,0xFFF9DF74,
    0xFFF6D363,0xFFF5CD5F,0xFFFAD96D,0xFFFAE172,0xFFFBE475,0xFFF8D76C,0xFFF8CF65,0xFFFED96D,
    0xFFFAD267,0xFFF9CF63,0xFFF8C762,0xFFF8C062,0xFFFBBB64,0xFFFEB664,0xFFFFB466,0xFFFFB466,
    0xFFFFB466,0xFFFEB468,0xFFFBB56B,0xFFF8B561,0xFFFFBF6C,0xFFFFCA8A,0xFF987957,0xFF331E14,
    0xFF312C30,0xFF36343D,0xFF3B323C,0xFF403A42,0xFF3C3740,0xFF2F2C38,0xFF32313E,0xFF393946,
    0xFF2F2E3B,0xFF2A2934,0xFF363541,0xFF373745,0xFF252837,0xFF222838,0xFF22293A,0xFF202A3B,
    0xFF1C283B,0xFF1A253B,0xFF192437,0xFF172334,0xFF121D2D,0xFF464E5D,0xFF9498A3,0xFFA1A0A9,
    0xFFA7A1A6,0xFFAEAAB0,0xFF2E323D,0xFF2F3A48,0xFF283041,0xFF1A2133,0xFF1B273B,0xFF142136,
    0xFF071421,0xFF0B1929,0xFF152439,0xFF24364C,0xFF1B344A,0xFF142D46,0xFF18314C,0xFF152E4A,
    0xFF0F253E,0xFF1E2D44,0xFF172742,0xFF152A46,0xFF122742,0xFF112741,0xFF152A45,0xFF182943,
    0xFF24354E,0xFF0C2035,0xFF1D3245,0xFF333D4F,0xFF1A2639,0xFF031529,0xFF1E3247,0xFF1F2F45,
    0xFF1D2D43,0xFF132439,0xFF04152C,0xFF102239,0xFF091B33,0xFF05172F,0xFF051B31,0xFF0B1A35,
    0xFF363A46,0xFF3D3D48,0xFF2E303F,0xFF1D2635,0xFF142133,0xFF252D3D,0xFF333942,0xFF0E1B29,
    0xFF152739,0xFF121F2D,0xFF473F40,0xFF695D60,0xFF2F3038,0xFF12222E,0xFF182A38,0xFF1D2C3D,
    0xFF4B586C,0xFF5C697F,0xFF4A596C,0xFF7B8A9F,0xFF162E49,0xFF1F3D58,0xFF18354F,0xFF2A4862,
    0xFF1E3C56,0xFF1E3957,0xFF2A4462,0xFF3A516E,0xFF314662,0xFF25405B,0xFF1E3954,0xFF314C67,
    0xFF324E69,0xFF23405C,0xFF324D68,0xFF2F4861,0xFF223951,0xFF102942,0xFF102A45,0xFF24384D,
    0xFF6E8399,0xFF062039,0xFF0F2A45,0xFF0D2A46,0xFF0F2641,0xFF0D243E,0xFF19344C,0xFF0E2A41,
    0xFF1B314B,0xFF192D48,0xFF142944,0xFF203550,0xFF4B5E78,0xFF1B2F46,0xFF051B30,0xFF5C6D7D,
    0xFF8F99A7,0xFF283A4C,0xFF061E36,0xFF152E47,0xFF11283F,0xFF12273D,0xFF384A5E,0xFF5E7288,
    0xFF0F253C,0xFF0C243C,0xFF16304A,0xFF0F2942,0xFF102A43,0xFF0C263F,0xFF1D364F,0xFF1A2F4A,
    0xFF1D324D,0xFF182D48,0xFF122943,0xFF0E2841,0xFF122C45,0xFF102A43,0xFF0D2740,0xFF132D46,
    0xFF112B44,0xFF0E2841,0xFF10263F,0xFF152942,0xFF11253E,0xFF12263F,0xFF11213A,0xFF2A3953,
    0xFF1A2A43,0xFF1C2C46,0xFF1A2B47,0xFF162338,0xFF1A2A3F,0xFF4B5A6D,0xFF949BA7,0xFF4F5561,
    0xFFA29DA2,0xFFBEB5B5,0xFF565861,0xFF1D2B3E,0xFF20354E,0xFF17243B,0xFF767B86,0xFFA1A3A5,
    0xFF868A92,0xFF2E3A4A,0xFF0E253C,0xFF0A2845,0xFF11304C,0xFF112F48,0xFF425172,0xFF2F3D56,
    0xFF3B5365,0xFF152E4A,0xFF182F49,0xFF11263F,0xFF586A80,0xFF4A5C72,0xFF243953,0xFF293B51,
    0xFF4C5E74,0xFF273A4E,0xFF314051,0xFF697481,0xFF7A868D,0xFF454F67,0xFF161F3A,0xFF8F9AA3,
    0xFF626F80,0xFF0B1D36,0xFF435771,0xFF12233A,0xFF3B4B60,0xFF777E8F,0xFF353140,0xFF94888E,
    0xFFBBB0AF,0xFF8A8A95,0xFF49566D,0xFF606F87,0xFF586579,0xFF4F596E,0xFF2D344B,0xFF4D5367,
    0xFF454B5C,0xFF3A3D4D,0xFF40414F,0xFF403B4B,0xFF413640,0xFF745B4E,0xFFA8825D,0xFFD3A366,
    0xFFFFCF88,0xFF805F40,0xFF2B292B,0xFF6C5043,0xFFF7B46A,0xFFFCB35C,0xFFF9B465,0xFFFDB261,
    0xFFFCB361,0xFFFEB361,0xFFFCB662,0xFFFBB963,0xFFFCBC65,0xFFF9BB64,0xFFF8B961,0xFFF8BA61,
    0xFFF9BA62,0xFFFBC066,0xFFFAC767,0xFFFAC867,0xFFFBC767,0xFFFDCD6B,0xFFF8C964,0xFFF9CB66,
    0xFFFED06B,0xFFFBCB67,0xFFF9C562,0xFFF4BE58,0xFFF6BE58,0xFFFBBC54,0xFFFBB750,0xFFFBB750,
    0xFFFAB64F,0xFFFBBE4C,0xFFF3C047,0xFFF3C146,0xFFF9C84B,0xFFEECC50,0xFFF1CB4B,0xFFF5D040,
    0xFFF4D444,0xFFEFD73C,0xFFF4E66D,0xFFF7F39D,0xFFF8FCC6,0xFFFAFBE1,0xFFFFFCD9,0xFFFBF2AC,
    0xFFFCF5B4,0xFFFFFEB1,0xFFF8F38E,0xFFF4EC9F,0xFFFEF8C1,0xFFFDF9B9,0xFFFCF7BC,0xFFFBF7B3,
    0xFFFDF3A5,0xFFF8EB84,0xFFF8E373,0xFFFBE584,0xFFF7EC98,0xFFFCF1A0,0xFFF7E988,0xFFF6E980,
    0xFFFAE175,0xFFFAD250,0xFFECD354,0xFFEDE78D,0xFFFCF1A2,0xFFF3D96F,0xFFF6CE59,0xFFF8CA56,
    0xFFF9C950,0xFFF5C953,0xFFF1CF65,0xFFF4D861,0xFFF6D96F,0xFFF3DA6A,0xFFF3DB5C,0xFFF5D566,
    0xFFFBD965,0xFFF6D15D,0xFFF3CE5C,0xFFF5D25E,0xFFFAD663,0xFFF7D05F,0xFFF5D05A,0xFFFDDB61,
    0xFFFADF63,0xFFFAE365,0xFFFFE46D,0xFFFDD669,0xFFFDC463,0xFFFCB55E,0xFFFEB362,0xFFFDB362,
    0xFFFDB362,0xFFFDB161,0xFFFEB25E,0xFFFBC172,0xFFBB915D,0xFF7A5A45,0xFF30221F,0xFF483D46,
    0xFF3F3C48,0xFF36313D,0xFF433B46,0xFF3A3741,0xFF2D2E36,0xFF31323F,0xFF323141,0xFF2D2C3C,
    0xFF2A2A39,0xFF302F3B,0xFF3A3945,0xFF31313F,0xFF252837,0xFF232939,0xFF232A3C,0xFF202A3B,
    0xFF1E293D,0xFF1B263C,0xFF212C3F,0xFF2C3849,0xFF6B7483,0xFFB0B5C1,0xFF6A6E78,0xFF50525A,
    0xFF9E9BA5,0xFF5F5E6A,0xFF121B28,0xFF0F2030,0xFF192437,0xFF202A3D,0xFF1E283B,0xFF1A2337,
    0xFF0F171E,0xFF0A151E,0xFF05101E,0xFF0E1E2E,0xFF172C3A,0xFF233246,0xFF273850,0xFF1C354F,
    0xFF153148,0xFF1D3146,0xFF1E334C,0xFF192F4A,0xFF192D48,0xFF1D324D,0xFF132843,0xFF1A2D47,
    0xFF182E46,0xFF14293F,0xFF28354A,0xFF394254,0xFF0C1C33,0xFF061A32,0xFF1C2F44,0xFF13223A,
    0xFF102239,0xFF04192F,0xFF0B1F35,0xFF0A1C34,0xFF061830,0xFF05172F,0xFF091E32,0xFF0F1F3B,
    0xFF283040,0xFF383945,0xFF48454F,0xFF1C2433,0xFF0B1C30,0xFF1C2635,0xFF45464F,0xFF303846,
    0xFF0C1B2E,0xFF162435,0xFF1E2029,0xFF5C5054,0xFF3A383F,0xFF16232F,0xFF1A2632,0xFF1D2938,
    0xFF1B2838,0xFF637081,0xFF596575,0xFF818EA2,0xFF304864,0xFF1D3855,0xFF213B57,0xFF1C3652,
    0xFF19334E,0xFF1B3652,0xFF1B3856,0xFF1D3855,0xFF223851,0xFF223D59,0xFF243F5C,0xFF233E5B,
    0xFF304C68,0xFF17324B,0xFF2A4258,0xFF9AADBF,0xFF77899E,0xFF2E4762,0xFF052139,0xFF506072,
    0xFF96A6B5,0xFF192F41,0xFF324960,0xFF1A334D,0xFF0B213F,0xFF1C344C,0xFF456176,0xFF08233E,
    0xFF1C324D,0xFF253955,0xFF182D48,0xFF3F546E,0xFF384C64,0xFF051833,0xFF394E63,0xFF8498A8,
    0xFF3C4E61,0xFF2F455B,0xFF0F2942,0xFF0A243D,0xFF0D233B,0xFF0A1E34,0xFF5D6F84,0xFF5F7286,
    0xFF374B62,0xFF0C223A,0xFF1C344D,0xFF122C45,0xFF102A43,0xFF0D2740,0xFF28425B,0xFF233853,
    0xFF394D68,0xFF1D314C,0xFF172D48,0xFF112C44,0xFF17314A,0xFF112B44,0xFF0E2841,0xFF102A43,
    0xFF0E2841,0xFF0C2740,0xFF0D233C,0xFF12263F,0xFF142841,0xFF10243D,0xFF16263F,0xFF34445D,
    0xFF16263F,0xFF15253F,0xFF1E2D47,0xFF1D2C44,0xFF19293D,0xFF1B293B,0xFF8F97A5,0xFF848690,
    0xFFABA4A8,0xFFB5ACAE,0xFF93939C,0xFF455263,0xFF56677B,0xFF495163,0xFFA5A9B2,0xFF6E7477,
    0xFF868B94,0xFF9398A2,0xFF505D6C,0xFF384C60,0xFF35475B,0xFF3D495A,0xFF9C9BAF,0xFF727283,
    0xFF324051,0xFF11263F,0xFF21334A,0xFF37495E,0xFF8390A3,0xFF4C586C,0xFF2D3D54,0xFF4A5568,
    0xFF56677C,0xFF02172D,0xFF4A5A6C,0xFF525E6C,0xFF636B77,0xFF545C6D,0xFF626E82,0xFF7B8899,
    0xFF101D30,0xFF455770,0xFF142943,0xFF1E2E43,0xFF8391A3,0xFF344155,0xFF252B3A,0xFF635F66,
    0xFF585055,0xFF666773,0xFF364153,0xFF2A364C,0xFF5C677E,0xFF2D3950,0xFF232F46,0xFF3C4659,
    0xFF363D4E,0xFF3A404F,0xFF393D4A,0xFF433F4E,0xFF4B4151,0xFF57494D,0xFF4B3730,0xFFA1866C,
    0xFF997F5C,0xFF3D2F2D,0xFF494B5B,0xFF402E31,0xFFC5894D,0xFFFFBC63,0xFFFBAE61,0xFFFEB461,
    0xFFFCB763,0xFFFDB260,0xFFFEB360,0xFFFEB663,0xFFFDB863,0xFFFCB964,0xFFFFB762,0xFFFFB762,
    0xFFFFB560,0xFFFEB460,0xFFFBB364,0xFFFBB364,0xFFFCB466,0xFFFCB565,0xFFF9B560,0xFFF8B35F,
    0xFFFAB762,0xFFFEB563,0xFFFFB162,0xFFFFB662,0xFFFDB85D,0xFFFBBB51,0xFFFAC054,0xFFF4C159,
    0xFFFDCB60,0xFFF8C84F,0xFFF3CA4A,0xFFF7CD4B,0xFFF8CA48,0xFFFCE06E,0xFFF9D964,0xFFFAE053,
    0xFFFCE85D,0xFFFCE560,0xFFF8E87B,0xFFFEF6AE,0xFFF9F4BB,0xFFFDFBC3,0xFFFBF9CB,0xFFFCFDD2,
    0xFFFBFDC9,0xFFFEFAC5,0xFFFDF5B3,0xFFF7F492,0xFFFDF393,0xFFFBEC81,0xFFFAEA77,0xFFFAE969,
    0xFFFCE771,0xFFFDE860,0xFFFFE666,0xFFFDE45C,0xFFFBE45B,0xFFF8E268,0xFFFDE069,0xFFFAE36B,
    0xFFFBE974,0xFFFDE36E,0xFFF9EB85,0xFFF2F2AA,0xFFFBFBBF,0xFFFBF3AD,0xFFF8EA9F,0xFFF6E994,
    0xFFF7E07F,0xFFFBDC6F,0xFFFBD867,0xFFFBCA61,0xFFFAC667,0xFFFBC765,0xFFF9C85C,0xFFFCD067,
    0xFFFBD563,0xFFFED563,0xFFFED064,0xFFFDC960,0xFFFEC45C,0xFFFEC75F,0xFFFED062,0xFFFDCE5D,
    0xFFFDD563,0xFFFAD460,0xFFFCD261,0xFFFFD064,0xFFFFC560,0xFFFDBD5E,0xFFFDBD61,0xFFFBBB5E,
    0xFFF9B85B,0xFFFBB85C,0xFFFFC475,0xFF8A653D,0xFF2B1C16,0xFF33262C,0xFF433239,0xFF433440,
    0xFF3D3239,0xFF3C363D,0xFF383542,0xFF2C2A36,0xFF35333F,0xFF373441,0xFF3B3645,0xFF322E3C,
    0xFF3A3643,0xFF3A3743,0xFF2E2C38,0xFF292A38,0xFF303342,0xFF272D3D,0xFF232A3B,0xFF202B3D,
    0xFF1B263A,0xFF253046,0xFF485366,0xFF6D7989,0xFF7C8694,0xFF2E3643,0xFF111826,0xFF1A2230,
    0xFF4C5262,0xFF182132,0xFF172435,0xFF162638,0xFF19273D,0xFF19253A,0xFF192235,0xFF1C2335,
    0xFF3B4043,0xFF2C3339,0xFF0E1520,0xFF0B1621,0xFF05151D,0xFF161F2E,0xFF151F33,0xFF183046,
    0xFF14344A,0xFF152F43,0xFF143048,0xFF142E49,0xFF1D334E,0xFF182D48,0xFF172B45,0xFF1D364E,
    0xFF183248,0xFF1A2C42,0xFF3A3F56,0xFF2A3346,0xFF06182F,0xFF1F354D,0xFF0F2137,0xFF1B2A43,
    0xFF061831,0xFF071D34,0xFF081E35,0xFF0B1D35,0xFF0B1D35,0xFF0D1F37,0xFF12253A,0xFF071935,
    0xFF172436,0xFF323440,0xFF3F3B44,0xFF2E3644,0xFF05162C,0xFF151F2F,0xFF2C2C37,0xFF313745,
    0xFF121B2E,0xFF232E40,0xFF152033,0xFF464049,0xFF454349,0xFF272F39,0xFF2D303D,0xFF1B232F,
    0xFF142431,0xFF0C1A29,0xFF363E4D,0xFF8C9AAC,0xFF3C536E,0xFF172E4A,0xFF506480,0xFF1F3652,
    0xFF4F6480,0xFF465F77,0xFF0F304C,0xFF415E79,0xFF4F6579,0xFF1D3753,0xFF243F5C,0xFF213C59,
    0xFF243D58,0xFF475E72,0xFF728596,0xFF9AA8B3,0xFF4F5E6F,0xFF425B76,0xFF213E53,0xFF9BA8B9,
    0xFF919CA7,0xFF566874,0xFF7F92A3,0xFF1D3047,0xFF2D405C,0xFF3E556C,0xFF425D72,0xFF001834,
    0xFF263B56,0xFF2E435E,0xFF0B213C,0xFF283E57,0xFF12273E,0xFF172946,0xFF62768B,0xFF3C5367,
    0xFF0D2743,0xFF0C253F,0xFF102A44,0xFF183049,0xFF11283F,0xFF44596F,0xFF23354A,0xFF304355,
    0xFF5E7185,0xFF374C62,0xFF1D344C,0xFF0E2841,0xFF122C45,0xFF122B44,0xFF102842,0xFF142A45,
    0xFF0A1E39,0xFF102540,0xFF142C47,0xFF142E47,0xFF132D46,0xFF132D46,0xFF0F2942,0xFF0E2740,
    0xFF0F2942,0xFF122C45,0xFF122841,0xFF162B44,0xFF162A43,0xFF0E223A,0xFF394962,0xFF2A3A53,
    0xFF102139,0xFF17263F,0xFF1E2A41,0xFF1B293F,0xFF384557,0xFF142233,0xFF3F4C5F,0xFF757984,
    0xFFA7A0A3,0xFFB1A7A6,0xFF939097,0xFF8C94A2,0xFF697585,0xFF5D616F,0xFF636873,0xFF6E777E,
    0xFF696F79,0xFF94949B,0xFF767B84,0xFF808892,0xFF979CA6,0xFF87899B,0xFF8C8890,0xFF999AA8,
    0xFF79869F,0xFF37475B,0xFF788597,0xFF758193,0xFF5D6573,0xFF8D92A1,0xFF6A7385,0xFF7B8190,
    0xFF57677B,0xFF10243B,0xFF718193,0xFF243141,0xFF696F82,0xFF8F98A2,0xFF717F8A,0xFF0A1831,
    0xFF556176,0xFF30425B,0xFF0E223B,0xFF6D7C91,0xFF354153,0xFF102236,0xFF425361,0xFF2C343F,
    0xFF2B2D3D,0xFF303544,0xFF4E5462,0xFF252D41,0xFF243048,0xFF2A374E,0xFF2A3850,0xFF323D50,
    0xFF2F3748,0xFF424858,0xFF404451,0xFF3D3A4A,0xFF443C4F,0xFF524957,0xFF4A3F4B,0xFF42353D,
    0xFF393839,0xFF433D4F,0xFF504552,0xFF533E42,0xFFB98856,0xFFFFBB64,0xFFFDAD61,0xFFFEB761,
    0xFFFFBC66,0xFFFEB361,0xFFFEB15D,0xFFFEB35F,0xFFFEB461,0xFFFEB560,0xFFFCB660,0xFFFCB75F,
    0xFFFDB861,0xFFFEB864,0xFFFEB865,0xFFFEB864,0xFFFFB865,0xFFFEB862,0xFFFEB85E,0xFFFFB95F,
    0xFFFEB75E,0xFFFCB85F,0xFFFBB95E,0xFFF9BE5A,0xFFFBD162,0xFFFDCD59,0xFFFBD161,0xFFFBE476,
    0xFFFBE16D,0xFFFDED75,0xFFFEF378,0xFFFCEA6F,0xFFF8E369,0xFFF7FA89,0xFFFEF184,0xFFF8DF62,
    0xFFF5DC61,0xFFF6E768,0xFFEFE269,0xFFF7EA84,0xFFF5ED9D,0xFFF9F5A5,0xFFF3E77B,0xFFFBE677,
    0xFFFAEA79,0xFFFAEC75,0xFFFBE973,0xFFFBED79,0xFFFBEC78,0xFFFEEE73,0xFFFFEA7C,0xFFFFE979,
    0xFFFEED74,0xFFFBEC70,0xFFFCEC81,0xFFFAEA6D,0xFFFEE467,0xFFF8E462,0xFFFADF61,0xFFFADD5C,
    0xFFF4DE56,0xFFF5DD65,0xFFF5DE72,0xFFFBE27F,0xFFFADF86,0xFFF9E291,0xFFFCEA9F,0xFFFAEA92,
    0xFFF8E080,0xFFF7DD77,0xFFF5DA71,0xFFFBCA63,0xFFFECA61,0xFFFEC762,0xFFFDC465,0xFFFAC260,
    0xFFF5C75B,0xFFFACA5D,0xFFFBC560,0xFFFCC262,0xFFFDBC5E,0xFFF6BD5C,0xFFF8BC5C,0xFFFAB859,
    0xFFF9B959,0xFFFABB58,0xFFFAB857,0xFFFCBB5A,0xFFFBBD5D,0xFFFDC35F,0xFFFCC25B,0xFFFFC661,
    0xFFFFD16C,0xFFFDD070,0xFF856B3C,0xFF2A1C1F,0xFF443747,0xFF4A393E,0xFF41333F,0xFF3E3342,
    0xFF38313A,0xFF323239,0xFF2C2D39,0xFF302E3A,0xFF3F3947,0xFF4F4754,0xFF3C313E,0xFF3B303C,
    0xFF483D49,0xFF393742,0xFF2A2A36,0xFF313240,0xFF2E3241,0xFF222939,0xFF21283A,0xFF202A3B,
    0xFF202B3E,0xFF202A3F,0xFF1E293C,0xFF263242,0xFF101C2C,0xFF0E1829,0xFF1A2638,0xFF2E3B4D,
    0xFF162637,0xFF122334,0xFF182639,0xFF1C273D,0xFF18263C,0xFF132034,0xFF202739,0xFF2A3040,
    0xFF0B101A,0xFF2F3239,0xFF3F3D41,0xFF1E1D21,0xFF000D15,0xFF051820,0xFF0B1C25,0xFF10202E,
    0xFF182B3D,0xFF10283D,0xFF17344E,0xFF153652,0xFF0D2C49,0xFF112944,0xFF1B2F47,0xFF1A3249,
    0xFF1C2B42,0xFF353B51,0xFF2C3B4C,0xFF04192F,0xFF233447,0xFF293C4F,0xFF0A213A,0xFF0D213A,
    0xFF0B1E37,0xFF0A1F38,0xFF071C34,0xFF11263E,0xFF0A1D34,0xFF102036,0xFF17283D,0xFF0E2138,
    0xFF19283A,0xFF353842,0xFF1C212C,0xFF363E4C,0xFF131C2B,0xFF162133,0xFF31333E,0xFF2B313D,
    0xFF0B1929,0xFF102234,0xFF192437,0xFF1C2234,0xFF373C4A,0xFF1C2130,0xFF282735,0xFF433C49,
    0xFF1D2430,0xFF1A2635,0xFF081221,0xFF3F515F,0xFF8191A3,0xFF818999,0xFF919AAA,0xFF1A3451,
    0xFF738298,0xFF7E889F,0xFF062D4B,0xFF475875,0xFFACB6C1,0xFF748595,0xFF586C81,0xFF586B7E,
    0xFF8290A2,0xFF95A3B3,0xFF93A0B0,0xFF96A2B1,0xFF425465,0xFF122D44,0xFF6B8197,0xFF989FAF,
    0xFF87919D,0xFF758894,0xFF8699A8,0xFF243949,0xFF6C7986,0xFF718597,0xFF2C475E,0xFF11283E,
    0xFF5D6C82,0xFF1C324C,0xFF2B465E,0xFF2A445B,0xFF071C36,0xFF3E4D61,0xFF546479,0xFF132B46,
    0xFF132A47,0xFF374860,0xFF152B47,0xFF0E253E,0xFF2C3F53,0xFF3D5369,0xFF0A2139,0xFF4D6472,
    0xFF5F7582,0xFF788C9F,0xFF23394E,0xFF07273E,0xFF11273F,0xFF34425C,0xFF30425D,0xFF18314E,
    0xFF0E2542,0xFF132C49,0xFF0F2A46,0xFF18314A,0xFF112B44,0xFF0F2A43,0xFF102843,0xFF152A45,
    0xFF182E48,0xFF162B46,0xFF0F2640,0xFF112741,0xFF142740,0xFF13253C,0xFF3C4D64,0xFF16263D,
    0xFF16263D,0xFF17273E,0xFF1B2A41,0xFF18273D,0xFF324057,0xFF253348,0xFF13263A,0xFF1C2E42,
    0xFF8C8D91,0xFFBCB1AE,0xFF89868D,0xFF9199A8,0xFF424F60,0xFF656873,0xFF87878E,0xFF93949C,
    0xFF7D7E86,0xFF636874,0xFF6B7280,0xFF8E94A2,0xFF707683,0xFF8B8B95,0xFF807D83,0xFF8F9099,
    0xFF717D90,0xFF626E7D,0xFF90939C,0xFF606D7D,0xFF666B75,0xFFA7A7A9,0xFFA3A7A8,0xFF7A8999,
    0xFF11233A,0xFF46566A,0xFF627082,0xFF394556,0xFF717A8D,0xFF495767,0xFF1D2F41,0xFF1F3049,
    0xFF46566B,0xFF081A2E,0xFF64758A,0xFF58687C,0xFF132134,0xFF2B394C,0xFF515C70,0xFF373E52,
    0xFF363D50,0xFF242E3D,0xFF4D4F5F,0xFF676B7D,0xFF2F3C4E,0xFF374559,0xFF353D56,0xFF4A5266,
    0xFF3E4457,0xFF58586B,0xFF565861,0xFF313443,0xFF464553,0xFF49404A,0xFF554853,0xFF3E3A49,
    0xFF413E4B,0xFF443E4B,0xFF54494E,0xFF755751,0xFFCC955D,0xFFFEB95D,0xFFFCB063,0xFFFDB65C,
    0xFFFCB451,0xFFFFB55A,0xFFFFB95B,0xFFFFBE69,0xFFFFBE72,0xFFFFC06C,0xFFFFC06C,0xFFFFC167,
    0xFFFDBA61,0xFFFCB866,0xFFFDBA67,0xFFFDB967,0xFFFEBA63,0xFFFEBA5F,0xFFFFB85E,0xFFFFB85F,
    0xFFFFB85F,0xFFFEBA5F,0xFFFDBC5D,0xFFFCBD5B,0xFFFDC25C,0xFFFAC45C,0xFFFBCA60,0xFFFBCE62,
    0xFFF6C657,0xFFF8CF5A,0xFFF7CF5A,0xFFF6D45E,0xFFFAEB72,0xFFF7E972,0xFFF7DD62,0xFFF7E872,
    0xFFFAF586,0xFFF7E971,0xFFFDF48F,0xFFFBF497,0xFFF6EF94,0xFFFEF8A4,0xFFFBEB77,0xFFFDE762,
    0xFFFFEB68,0xFFFFED6E,0xFFFFEE75,0xFFFFEE7F,0xFFFFEE82,0xFFFFEE80,0xFFFFEE83,0xFFFFED83,
    0xFFFDEF7E,0xFFFCEE7B,0xFFFDEC7A,0xFFFEEA72,0xFFFEE76B,0xFFFCE873,0xFFFDEE84,0xFFFDEF88,
    0xFFFBEB7F,0xFFFCE573,0xFFFCD55B,0xFFFCD157,0xFFFCCF59,0xFFFBCC5A,0xFFFBCA5C,0xFFFAC95D,
    0xFFF9C85D,0xFFFAC75C,0xFFFAC65D,0xFFFDC75D,0xFFFEC65B,0xFFFFC45C,0xFFFFC25D,0xFFFDC260,
    0xFFFCC05E,0xFFFCBE5C,0xFFFEBD5D,0xFFFCBD5C,0xFFFCBB5D,0xFFFBBB5F,0xFFFBBA5D,0xFFFCB962,
    0xFFFBB863,0xFFFCB857,0xFFFBB657,0xFFF9B45E,0xFFF7B35C,0xFFF4B250,0xFFFFC05A,0xFFE6AE63,
    0xFF9D7A45,0xFF715730,0xFF322122,0xFF4A3A43,0xFF41353E,0xFF3D333A,0xFF443A44,0xFF3D3541,
    0xFF36313E,0xFF36333E,0xFF3A3440,0xFF4B414D,0xFF413C46,0xFF292A39,0xFF2F2B38,0xFF4F444F,
    0xFF3A3443,0xFF242637,0xFF242839,0xFF22283A,0xFF1D2438,0xFF20283B,0xFF293144,0xFF1E263A,
    0xFF252C3F,0xFF262D40,0xFF1A2335,0xFF142233,0xFF1A2739,0xFF1D283C,0xFF202B3E,0xFF182437,
    0xFF1E2638,0xFF232A3A,0xFF242B3B,0xFF1F2536,0xFF1A2537,0xFF182531,0xFF3B3745,0xFF323343,
    0xFF030D1B,0xFF030812,0xFF363234,0xFF5D5657,0xFF25282D,0xFF020F16,0xFF071623,0xFF0E1B2A,
    0xFF0F1C28,0xFF152737,0xFF24394E,0xFF203B52,0xFF16324C,0xFF122D48,0xFF18334E,0xFF0E2A44,
    0xFF253651,0xFF2E3B54,0xFF10273C,0xFF0D243C,0xFF2B3F53,0xFF12263A,0xFF071E37,0xFF132740,
    0xFF12263F,0xFF081C35,0xFF0F243D,0xFF0D233B,0xFF081B33,0xFF132439,0xFF142439,0xFF0F1F36,
    0xFF222B3F,0xFF4F4C55,0xFF20232D,0xFF202836,0xFF2E3748,0xFF162232,0xFF323643,0xFF2C3341,
    0xFF10202F,0xFF06192A,0xFF132032,0xFF1C2537,0xFF1B2233,0xFF2B3242,0xFF282A39,0xFF4D4650,
    0xFF3D3B42,0xFF272D38,0xFF212E3C,0xFF021421,0xFF324051,0xFFB2BBCA,0xFF99A1AF,0xFF223C58,
    0xFF69798E,0xFF5C6D84,0xFF0A324F,0xFF3C5068,0xFFAAB3B8,0xFF6B7885,0xFF6E7F93,0xFF8C9CAE,
    0xFF94A1AF,0xFF8F9CAC,0xFF8B98A9,0xFF96A3B3,0xFF6A798B,0xFF4D6178,0xFF677A90,0xFF8B98A7,
    0xFF838E9A,0xFF8998A6,0xFF728493,0xFF445767,0xFF8C99A5,0xFF788A9A,0xFF132940,0xFF8196AB,
    0xFF586C7E,0xFF223951,0xFF3D526A,0xFF4B5D72,0xFF152A41,0xFF617185,0xFF46586E,0xFF132B45,
    0xFF152D46,0xFF475A71,0xFF051D36,0xFF31485E,0xFF3E5064,0xFF152B41,0xFF132B43,0xFF4A6074,
    0xFF4A5F73,0xFF20344B,0xFF4C6179,0xFF0A2940,0xFF0C213B,0xFF57657E,0xFF33435B,0xFF0B213B,
    0xFF1E3650,0xFF102B48,0xFF122D49,0xFF163049,0xFF0D2740,0xFF112B44,0xFF122A44,0xFF122943,
    0xFF122943,0xFF102741,0xFF102842,0xFF172D47,0xFF0F233B,0xFF3E5067,0xFF617188,0xFF0C1C33,
    0xFF223248,0xFF1E2D44,0xFF19283F,0xFF223148,0xFF495870,0xFF3F4F65,0xFF0E233A,0xFF071E36,
    0xFF434A56,0xFFB4B0B6,0xFF858996,0xFF445266,0xFF1F3045,0xFF3A4454,0xFFA3A9B6,0xFF888F9C,
    0xFF9CA3B0,0xFF6E7685,0xFF222B3B,0xFF626A7A,0xFF505868,0xFF787881,0xFF979297,0xFFB7B3B7,
    0xFF575D6A,0xFF49515D,0xFFA6A9B2,0xFF5F6D7C,0xFFA0A4AF,0xFF949399,0xFF6D7278,0xFF4A5A6E,
    0xFF10233C,0xFF708196,0xFF374659,0xFF738092,0xFF364255,0xFF313F4F,0xFF253545,0xFF3B4C64,
    0xFF26374D,0xFF425267,0xFF3E4E64,0xFF18283E,0xFF27374B,0xFF273448,0xFF1E293E,0xFF232A40,
    0xFF2F364B,0xFF2A3546,0xFF35394A,0xFF7C7F92,0xFF414E60,0xFF314054,0xFF555D76,0xFF41495D,
    0xFF373E53,0xFF46485B,0xFF52525D,0xFF2A2E3D,0xFF424250,0xFF453C47,0xFF5C515B,0xFF3F3E4B,
    0xFF3F3C49,0xFF46404D,0xFF484148,0xFF563F42,0xFFA97857,0xFFFFC56A,0xFFFAB156,0xFFF6B05E,
    0xFFFDBF6B,0xFFEFB669,0xFFE9B16F,0xFFCA9663,0xFFA8784C,0xFFC38F5E,0xFFC89355,0xFFD39B5D,
    0xFFF6BA70,0xFFFFC165,0xFFFCBA5E,0xFFFFBC60,0xFFFFBA61,0xFFFFBA60,0xFFFFBA5E,0xFFFFB95E,
    0xFFFFBA5E,0xFFFFBA5D,0xFFFFBC5D,0xFFFFBE5D,0xFFFFBF5B,0xFFFBC159,0xFFFAC157,0xFFF9C054,
    0xFFFBC355,0xFFFAC354,0xFFFBC453,0xFFF6C951,0xFFEFCC4D,0xFFF6CD4B,0xFFFCCF47,0xFFFDDD5B,
    0xFFFAE266,0xFFFADB52,0xFFFBDE65,0xFFFAE16E,0xFFF4E261,0xFFF8E86D,0xFFFDEB72,0xFFFEEB7C,
    0xFFFFEF7C,0xFFFFF17C,0xFFFFF284,0xFFFFF38B,0xFFFFF38D,0xFFFFF28C,0xFFFFF38C,0xFFFFF38B,
    0xFFFEF287,0xFFFEF181,0xFFFFF07C,0xFFFFEE77,0xFFFEEA70,0xFFFDE771,0xFFFCE573,0xFFF9E271,
    0xFFF8E16C,0xFFFDDF68,0xFFFFDA5F,0xFFFFD55D,0xFFFED35D,0xFFFFD05D,0xFFFFCD5D,0xFFFECC5E,
    0xFFFECA5C,0xFFFEC95C,0xFFFFC85C,0xFFFFC75E,0xFFFFC55C,0xFFFFC25B,0xFFFFC15B,0xFFFEC25F,
    0xFFFEC05E,0xFFFFBD5D,0xFFFFBD5C,0xFFFEBD5B,0xFFFDBB5B,0xFFFDBB5F,0xFFFDBA5C,0xFFFEB95D,
    0xFFFFB763,0xFFFEB661,0xFFFFB45F,0xFFFEB757,0xFFFBB952,0xFFFFC466,0xFFD2A863,0xFF5E4322,
    0xFF312121,0xFF3A2B38,0xFF4A363D,0xFF49393F,0xFF3E333B,0xFF3E353E,0xFF403841,0xFF38323D,
    0xFF322E3A,0xFF3A3845,0xFF464250,0xFF3A3140,0xFF2A2734,0xFF282B36,0xFF34353F,0xFF2E2D3A,
    0xFF212538,0xFF262A3C,0xFF24293B,0xFF272E40,0xFF222A3E,0xFF252D40,0xFF252D40,0xFF1B2336,
    0xFF232A3D,0xFF2B3144,0xFF1F283A,0xFF1C293A,0xFF1D293A,0xFF232B3E,0xFF1B2436,0xFF1F283B,
    0xFF272E40,0xFF252B3B,0xFF272D3D,0xFF272C3C,0xFF262F40,0xFF1C2732,0xFF3E3744,0xFF232533,
    0xFF000C1B,0xFF111A24,0xFF101014,0xFF433C3C,0xFF3B3337,0xFF040911,0xFF061020,0xFF06101F,
    0xFF0B141D,0xFF0C1723,0xFF0F1D2B,0xFF1A2B3A,0xFF1D3345,0xFF223C54,0xFF15324F,0xFF14314C,
    0xFF1D3450,0xFF182D4A,0xFF051F39,0xFF1F374F,0xFF152C44,0xFF081F37,0xFF0B2139,0xFF182C45,
    0xFF0A1E37,0xFF0C2039,0xFF12273F,0xFF0A1F38,0xFF0C1F37,0xFF122338,0xFF1B2A41,0xFF121D37,
    0xFF2A2F42,0xFF584E55,0xFF39373F,0xFF111B2B,0xFF2E3A4C,0xFF1D2636,0xFF222938,0xFF313C4B,
    0xFF112131,0xFF051829,0xFF0E1E31,0xFF142234,0xFF192434,0xFF242F40,0xFF252E3C,0xFF38373E,
    0xFF3E383C,0xFF363641,0xFF1B2837,0xFF182B38,0xFF0F1E2F,0xFF2A3546,0xFF959FAC,0xFF486079,
    0xFF70859A,0xFF435C73,0xFF456582,0xFF536C7E,0xFF929CA1,0xFF98A0AE,0xFF566477,0xFF808C9E,
    0xFF939CAB,0xFF919EAE,0xFF919EAE,0xFF8F9CAC,0xFF939EAF,0xFF8C98AD,0xFF66788C,0xFF7E909E,
    0xFF8C98A3,0xFF9EAAB5,0xFF707E8C,0xFF6A7A89,0xFF91A0AF,0xFF455565,0xFF4B5D6E,0xFF788C9F,
    0xFF203748,0xFF354C61,0xFF58667A,0xFF848D9E,0xFF3D5065,0xFF41556B,0xFF334A62,0xFF172F45,
    0xFF53697E,0xFF273D54,0xFF051C32,0xFF73879C,0xFF3B4D62,0xFF2F435A,0xFF1D354D,0xFF2A3F59,
    0xFF243852,0xFF081B36,0xFF3F536D,0xFF213B53,0xFF0C223D,0xFF3E4C64,0xFF606C7C,0xFF394A5D,
    0xFF1D364F,0xFF0E2944,0xFF142E47,0xFF0F2942,0xFF112B44,0xFF132D46,0xFF132C45,0xFF122B44,
    0xFF102942,0xFF122B44,0xFF112A44,0xFF213851,0xFF0F233B,0xFF34465C,0xFF425369,0xFF14243B,
    0xFF2C3C53,0xFF1C2C43,0xFF25344B,0xFF1C2C43,0xFF202F46,0xFF314158,0xFF0C223B,0xFF122741,
    0xFF18273B,0xFF97A0AE,0xFF404C5E,0xFF071B33,0xFF32465E,0xFF142538,0xFF465467,0xFF213043,
    0xFF5C6B7E,0xFF546174,0xFF5A6678,0xFF566274,0xFF445062,0xFF646874,0xFFA5A1A7,0xFFB2A9AB,
    0xFF9A99A1,0xFF7E8189,0xFFA1A5AE,0xFF526271,0xFF8D8F9A,0xFF757580,0xFF858F9C,0xFF1D2E46,
    0xFF536680,0xFF44566D,0xFF3E4F64,0xFF3D4C5F,0xFF313F56,0xFF475261,0xFF858F9C,0xFF47576C,
    0xFF394B63,0xFF43566D,0xFF13253D,0xFF21334A,0xFF223348,0xFF243349,0xFF243047,0xFF283148,
    0xFF2A3247,0xFF263244,0xFF242A3C,0xFF65677B,0xFF565F72,0xFF3D4C60,0xFF455068,0xFF232A40,
    0xFF384358,0xFF40475A,0xFF4B4B57,0xFF3F4150,0xFF3C3D4B,0xFF443F4D,0xFF514B59,0xFF3D3D4C,
    0xFF3E3D4B,0xFF44404E,0xFF4A4551,0xFF443846,0xFF603E3B,0xFFE5B770,0xFFFFD166,0xFFFCC573,
    0xFFBF8E5E,0xFF81593F,0xFF8F6957,0xFF836254,0xFF7D5D53,0xFF855F53,0xFF88604E,0xFF8C5C52,
    0xFFA26C4B,0xFFE8B167,0xFFFFC46A,0xFFFCBD59,0xFFFFBD5B,0xFFFFBB60,0xFFFEBB5B,0xFFFEBB5C,
    0xFFFEBB5B,0xFFFFBC5B,0xFFFFBD5A,0xFFFEBE57,0xFFFDC056,0xFFFFC257,0xFFFFC357,0xFFFFC454,
    0xFFFFC353,0xFFFFC558,0xFFFFC756,0xFFFDCA4E,0xFFFCCE4C,0xFFFED04F,0xFFFFD24E,0xFFFCD856,
    0xFFF9DB58,0xFFFEDF4A,0xFFFDE057,0xFFFFE86A,0xFFFFEA60,0xFFFFEA64,0xFFFEED6C,0xFFFDF17E,
    0xFFFDF388,0xFFFEF48D,0xFFFEF595,0xFFFEF79C,0xFFFFF79E,0xFFFFF79E,0xFFFFF79D,0xFFFFF79D,
    0xFFFEF696,0xFFFEF58F,0xFFFEF488,0xFFFEF282,0xFFFFEF7C,0xFFFFEA74,0xFFFFE56A,0xFFFFE464,
    0xFFFFE260,0xFFFEDE5E,0xFFFEDB5C,0xFFFED85B,0xFFFED55B,0xFFFDD15A,0xFFFDCF5A,0xFFFDCE5B,
    0xFFFDCB59,0xFFFDC959,0xFFFDC858,0xFFFFC75B,0xFFFFC55A,0xFFFFC359,0xFFFFC159,0xFFFFC15D,
    0xFFFFBF5B,0xFFFFBD5B,0xFFFFBD5A,0xFFFFBC5A,0xFFFEBB5B,0xFFFEBB5C,0xFFFEB960,0xFFFFB85C,
    0xFFFDB753,0xFFFDBC56,0xFFFDC26C,0xFFF6C269,0xFFEFC273,0xFF9D734D,0xFF462A24,0xFF3E2C32,
    0xFF4B3C4A,0xFF473545,0xFF543F46,0xFF42353A,0xFF433840,0xFF3F343D,0xFF37313A,0xFF35313C,
    0xFF363440,0xFF363642,0xFF2C2937,0xFF2B2534,0xFF3B3947,0xFF44464E,0xFF2F333C,0xFF232A3A,
    0xFF222D41,0xFF262B3C,0xFF262B3C,0xFF232A3D,0xFF20283C,0xFF222A3D,0xFF1D2538,0xFF1D2438,
    0xFF20283B,0xFF232D3F,0xFF222D3F,0xFF20293C,0xFF20283A,0xFF1E2638,0xFF1D2537,0xFF293042,
    0xFF212738,0xFF272E3E,0xFF2D3343,0xFF262B3C,0xFF1C2132,0xFF202833,0xFF3D3642,0xFF1C1F2B,
    0xFF05101B,0xFF0C1720,0xFF0B1319,0xFF0F1014,0xFF3F393E,0xFF151A21,0xFF18202B,0xFF0B1220,
    0xFF07121D,0xFF0C1722,0xFF0C1622,0xFF121F28,0xFF101F29,0xFF0D1F2F,0xFF172C41,0xFF263B53,
    0xFF273D57,0xFF0F2743,0xFF152E4B,0xFF1D344C,0xFF08223D,0xFF09243F,0xFF152B43,0xFF11253E,
    0xFF0B1F38,0xFF22364F,0xFF0C2139,0xFF122840,0xFF162940,0xFF112236,0xFF24354C,0xFF0E1D35,
    0xFF2C3242,0xFF605558,0xFF4A454A,0xFF0A1626,0xFF29394C,0xFF2F3746,0xFF131D2E,0xFF243143,
    0xFF162535,0xFF021424,0xFF081A2F,0xFF0E1F32,0xFF102030,0xFF152335,0xFF071523,0xFF2A333A,
    0xFF3C3D47,0xFF262837,0xFF202B3B,0xFF142735,0xFF1A2839,0xFF071527,0xFF222D38,0xFF395066,
    0xFF455E75,0xFF2F4459,0xFF7989A3,0xFF3D5868,0xFF8B95A1,0xFFA7AAB8,0xFF9BA6B8,0xFF9AA1B2,
    0xFF939AA8,0xFF8E9BAB,0xFF909DAD,0xFF8D9AAB,0xFF8E99A8,0xFF778393,0xFF556779,0xFF687786,
    0xFFA1ABB5,0xFF97A0AB,0xFF98A2AF,0xFF8F9CAB,0xFF6B7C8D,0xFF354351,0xFF97A5B2,0xFF3D4F5F,
    0xFF687A8C,0xFF384A5E,0xFF808C9B,0xFF9298A3,0xFF4A5B6C,0xFF0F293F,0xFF19364F,0xFF364B5F,
    0xFF526274,0xFF03172E,0xFF5E6E82,0xFF68788A,0xFF0F2237,0xFF445A71,0xFF4C647C,0xFF1F344F,
    0xFF607490,0xFF0D213A,0xFF364B61,0xFF334A61,0xFF061D3A,0xFF1E2D44,0xFF9FA6AF,0xFF97A2AE,
    0xFF132D45,0xFF0A2742,0xFF172F46,0xFF112B44,0xFF142E47,0xFF163049,0xFF122C45,0xFF122D45,
    0xFF122D45,0xFF132E46,0xFF142D47,0xFF213852,0xFF1A2E46,0xFF1F3147,0xFF1D2D44,0xFF0F1F36,
    0xFF1D2D44,0xFF223249,0xFF44536A,0xFF213148,0xFF202F46,0xFF27364E,0xFF23354C,0xFF22344C,
    0xFF14263F,0xFF6F7D90,0xFF1F2D41,0xFF253A52,0xFF2E4157,0xFF142439,0xFF1B2B41,0xFF1A2B41,
    0xFF17283D,0xFF1D2E43,0xFF34455A,0xFF3D4E62,0xFF5F7085,0xFF515E71,0xFF8C8D97,0xFFB0AAAC,
    0xFFAAA6AA,0xFFB3B1B4,0xFF8A919A,0xFF2B3B4B,0xFF8D8C95,0xFF84868F,0xFF3D4C5A,0xFF495B71,
    0xFF4B5F78,0xFF162A43,0xFF1B2D44,0xFF304055,0xFF33455E,0xFF39424F,0xFFB3B8C1,0xFF4A576C,
    0xFF3E526B,0xFF182D45,0xFF1D324B,0xFF1D324B,0xFF21344A,0xFF203148,0xFF213048,0xFF2C374F,
    0xFF29334A,0xFF253346,0xFF2C3346,0xFF3C3C52,0xFF555C6F,0xFF3A495D,0xFF26344B,0xFF2D354C,
    0xFF2D3B52,0xFF2C384C,0xFF636170,0xFF575866,0xFF353646,0xFF464554,0xFF413E50,0xFF3F4052,
    0xFF3C3C4C,0xFF413F4D,0xFF454151,0xFF494350,0xFF483842,0xFF6D5134,0xFFF0D282,0xFFBF9A61,
    0xFF775247,0xFF906F74,0xFF7E5F61,0xFF7C6060,0xFF8E7171,0xFF9F7A7C,0xFF987175,0xFF895F66,
    0xFF9A6C66,0xFF9A694D,0xFFD7A368,0xFFFDC867,0xFFFABE55,0xFFFFBD5D,0xFFFEBE59,0xFFFEBE59,
    0xFFFEBE5A,0xFFFFBD59,0xFFFFBD56,0xFFFFBF55,0xFFFDC154,0xFFFEC354,0xFFFFC352,0xFFFFC350,
    0xFFFFC551,0xFFFDC650,0xFFFACA50,0xFFFBCE4E,0xFFFECE4E,0xFFFDD155,0xFFFBD557,0xFFFBDF5E,
    0xFFFAE15D,0xFFF8E151,0xFFF9E55C,0xFFFBE96D,0xFFFCEB6F,0xFFFFEB77,0xFFFFF279,0xFFFDF683,
    0xFFFCF798,0xFFFCF7A5,0xFFFCF7AB,0xFFFCF9B2,0xFFFDFAB4,0xFFFEFAB4,0xFFFDF9B3,0xFFFDF8B2,
    0xFFFEF8AA,0xFFFEF7A1,0xFFFEF797,0xFFFEF58F,0xFFFFF285,0xFFFFEE7A,0xFFFFEB6C,0xFFFFE864,
    0xFFFEE560,0xFFFFE25E,0xFFFFDE5B,0xFFFFDB59,0xFFFED858,0xFFFCD458,0xFFFDD158,0xFFFECF58,
    0xFFFFCD58,0xFFFECB56,0xFFFDC855,0xFFFFC85A,0xFFFFC659,0xFFFFC358,0xFFFFC158,0xFFFFC05A,
    0xFFFFBE58,0xFFFFBC58,0xFFFFBC58,0xFFFFBB57,0xFFFFB958,0xFFFFB959,0xFFFDB95E,0xFFF9B656,
    0xFFFFC25D,0xFFEAC068,0xFF8B6C37,0xFF70542D,0xFF5E4530,0xFF3B222C,0xFF4B2E42,0xFF513A47,
    0xFF4A3739,0xFF5A4140,0xFF6A5159,0xFF40373B,0xFF41383F,0xFF443841,0xFF3E3A41,0xFF35333D,
    0xFF33333E,0xFF30303A,0xFF342D36,0xFF463B47,0xFF4C464F,0xFF373740,0xFF242A39,0xFF232B3E,
    0xFF252A3C,0xFF282B3C,0xFF222739,0xFF1F2638,0xFF21293D,0xFF21293C,0xFF1E2639,0xFF1D2538,
    0xFF232C3F,0xFF192737,0xFF1D283A,0xFF293043,0xFF1F2638,0xFF282E3E,0xFF262C3D,0xFF212838,
    0xFF272D3D,0xFF353B4B,0xFF272D3D,0xFF14192A,0xFF1C1E2F,0xFF2D313B,0xFF3B343E,0xFF30343E,
    0xFF081017,0xFF0D171F,0xFF0E1B24,0xFF020D16,0xFF20222A,0xFF2D363C,0xFF070D15,0xFF0A121C,
    0xFF02101D,0xFF0C1926,0xFF0C1825,0xFF08131C,0xFF172229,0xFF1D2831,0xFF121C27,0xFF0B182B,
    0xFF11243A,0xFF1A3049,0xFF1F3753,0xFF162E46,0xFF0B2844,0xFF0B2743,0xFF1F344C,0xFF0A1E37,
    0xFF10253E,0xFF12263F,0xFF091E36,0xFF11263E,0xFF182B43,0xFF16273C,0xFF23374D,0xFF0D2238,
    0xFF232C3B,0xFF665D5D,0xFF4E484C,0xFF0C182A,0xFF14253B,0xFF313846,0xFF131F32,0xFF17273A,
    0xFF1E2E3E,0xFF0E1F30,0xFF01152A,0xFF0B1D31,0xFF0F2032,0xFF172737,0xFF10212F,0xFF091A25,
    0xFF182334,0xFF23293C,0xFF1E2A38,0xFF0B1C2A,0xFF182536,0xFF1D2C3E,0xFF121D28,0xFF081D30,
    0xFF0D263C,0xFF6E7B8D,0xFF9B9DB4,0xFF324B5A,0xFF98A3B3,0xFFA5A7B5,0xFF9199AB,0xFF979EAF,
    0xFF9399A7,0xFF8E9BAB,0xFF8895A4,0xFF8A97A7,0xFF93A0AC,0xFF657481,0xFF4F5F71,0xFF8C95A6,
    0xFF9CA3AE,0xFF989DA8,0xFF9EA6B2,0xFF9EA9B7,0xFF5A6C7E,0xFF63707D,0xFF9CA7B2,0xFF465565,
    0xFF8794A7,0xFF384659,0xFFA2ADBA,0xFF899098,0xFF3C4D5B,0xFF1E3951,0xFF072640,0xFF283A4F,
    0xFF697285,0xFF3F4F64,0xFFA9B3C6,0xFF717E90,0xFF25394D,0xFF687D94,0xFF1B334B,0xFF192E48,
    0xFF445870,0xFF22364B,0xFF5A6E81,0xFF354961,0xFF142A46,0xFF2A384F,0xFFA5A9AF,0xFF7D868F,
    0xFF072138,0xFF28435A,0xFF173047,0xFF122C46,0xFF163049,0xFF132D46,0xFF122C45,0xFF112C44,
    0xFF122E46,0xFF112E45,0xFF152E47,0xFF2B415B,0xFF13283F,0xFF172940,0xFF1E2E44,0xFF4B5C72,
    0xFF2B3B52,0xFF13233A,0xFF3A4960,0xFF28374E,0xFF1B2A40,0xFF546278,0xFF313D51,0xFF4A576C,
    0xFF172740,0xFF243449,0xFF132336,0xFF55677F,0xFF37465B,0xFF1B293D,0xFF213145,0xFF213146,
    0xFF1D2D42,0xFF1D2F45,0xFF182A40,0xFF182B40,0xFF162940,0xFF10253E,0xFF515A69,0xFFABA9B0,
    0xFFACA9AF,0xFFA4A1A6,0xFF565D68,0xFF607080,0xFFA9A9AF,0xFF8A8E93,0xFF667884,0xFF475B6D,
    0xFF12263E,0xFF192E46,0xFF17293F,0xFF192A40,0xFF12243E,0xFF656E7A,0xFF85888F,0xFF3A465A,
    0xFF253A53,0xFF162C44,0xFF1E344C,0xFF1E344C,0xFF1F324A,0xFF20314A,0xFF21304A,0xFF222F49,
    0xFF26324A,0xFF243448,0xFF293246,0xFF2A2C41,0xFF3D4357,0xFF39485B,0xFF26364C,0xFF2F374F,
    0xFF28384F,0xFF253346,0xFF585565,0xFF60606D,0xFF2E2F3E,0xFF4A495A,0xFF3D3D4F,0xFF3F4254,
    0xFF3E3F4F,0xFF3F3E4C,0xFF433D51,0xFF46404A,0xFF494450,0xFF4E3E44,0xFF68543B,0xFF745B53,
    0xFF9F8188,0xFFB1938B,0xFF8A6964,0xFF9F807F,0xFFA58580,0xFFAF8687,0xFF805854,0xFF967063,
    0xFF9C766C,0xFF9D7270,0xFF8A593D,0xFFF2C472,0xFFFFD063,0xFFFCC057,0xFFFEC058,0xFFFFC059,
    0xFFFEC057,0xFFFFBF56,0xFFFFBE54,0xFFFFC155,0xFFFFC353,0xFFFDC350,0xFFFCC44F,0xFFFDC54E,
    0xFFFFC84E,0xFFFCCB4B,0xFFFCD653,0xFFFAD553,0xFFFCCF4E,0xFFFFD34E,0xFFFED64F,0xFFF9D94F,
    0xFFFBDC53,0xFFFDE152,0xFFFDE559,0xFFFCE768,0xFFFEEC6E,0xFFFFF17D,0xFFFFF689,0xFFFEF89F,
    0xFFFEF9AF,0xFFFDFAB8,0xFFFCFABF,0xFFFCFBC5,0xFFFDFCC8,0xFFFEFCC8,0xFFFDFBC6,0xFFFDFBC6,
    0xFFFEFBBB,0xFFFFF9B2,0xFFFFF9A6,0xFFFEF89B,0xFFFFF48D,0xFFFEF280,0xFFFEEF75,0xFFFDEC6D,
    0xFFFCE967,0xFFFEE661,0xFFFFE25C,0xFFFFDD58,0xFFFEDA57,0xFFFDD656,0xFFFDD457,0xFFFFD157,
    0xFFFFCE56,0xFFFECC55,0xFFFDC954,0xFFFFC859,0xFFFFC558,0xFFFFC255,0xFFFFBF55,0xFFFFC059,
    0xFFFFBD57,0xFFFFBB55,0xFFFFBB55,0xFFFFBA54,0xFFFDB955,0xFFFEB859,0xFFF9B852,0xFFFFC862,
    0xFFDAA963,0xFF5F422D,0xFF40282F,0xFF442935,0xFF4A313B,0xFF533D3B,0xFF583F41,0xFF513E3F,
    0xFF463538,0xFF5A424C,0xFF523941,0xFF3F383B,0xFF423940,0xFF4A3C47,0xFF393840,0xFF33323A,
    0xFF2F303B,0xFF37353D,0xFF493C43,0xFF574851,0xFF3A3037,0xFF272632,0xFF292D40,0xFF24283D,
    0xFF2E2939,0xFF383746,0xFF212536,0xFF232A3C,0xFF222A3E,0xFF20283B,0xFF1C2437,0xFF20273A,
    0xFF202B3D,0xFF162535,0xFF1D2739,0xFF242B3E,0xFF1F2537,0xFF353B4B,0xFF222838,0xFF262C3C,
    0xFF2E3343,0xFF1D2333,0xFF161C2C,0xFF252A3A,0xFF2F2D3E,0xFF2C2E38,0xFF4C474F,0xFF292F39,
    0xFF040D16,0xFF07111B,0xFF0A151E,0xFF101B25,0xFF07111B,0xFF1E2831,0xFF050F1A,0xFF1F232A,
    0xFF1E2028,0xFF010B1B,0xFF041120,0xFF091222,0xFF0B1222,0xFF222933,0xFF2F3439,0xFF111B28,
    0xFF142431,0xFF273948,0xFF253A50,0xFF243B55,0xFF102842,0xFF1A304A,0xFF21364F,0xFF152C45,
    0xFF0D263D,0xFF041F34,0xFF0B263A,0xFF14293E,0xFF15293F,0xFF162B40,0xFF1D3144,0xFF10263C,
    0xFF132037,0xFF594B53,0xFF584E54,0xFF0D1B30,0xFF071D35,0xFF333C48,0xFF142334,0xFF08192B,
    0xFF233444,0xFF182738,0xFF07182A,0xFF061729,0xFF0B1C2E,0xFF162638,0xFF152437,0xFF091A2F,
    0xFF08182C,0xFF121F2F,0xFF2F3B47,0xFF111C2C,0xFF1A2235,0xFF292F3F,0xFF222636,0xFF232E40,
    0xFF061B2C,0xFF2E3B4A,0xFF959DAB,0xFF75818B,0xFFA1ACB3,0xFF9EA5AE,0xFF8C96A1,0xFF92A0AF,
    0xFF909EAD,0xFF8F9BA9,0xFF84909E,0xFF8A96A5,0xFF96A4B0,0xFF7B8C96,0xFF8893A0,0xFFA0A7B5,
    0xFF99A3AE,0xFFA1A7B3,0xFF9EA2AF,0xFF98A4AF,0xFF43505E,0xFFA2ABBB,0xFF687180,0xFF788393,
    0xFF606E7E,0xFF5D636F,0xFFB7B9C6,0xFF798295,0xFF2A3E54,0xFF2C455F,0xFF112B46,0xFF3C546B,
    0xFF667283,0xFF878D98,0xFF8492A3,0xFF162A3E,0xFF4D6374,0xFF4E657A,0xFF082038,0xFF1C354F,
    0xFF364B61,0xFF2C4051,0xFF263952,0xFF2A3752,0xFF9DA6B0,0xFF787B93,0xFF9BA1A8,0xFF4D5B6A,
    0xFF4D5A6A,0xFF7D838D,0xFF07233E,0xFF1A2F4A,0xFF192E49,0xFF142944,0xFF18304A,0xFF112B44,
    0xFF112B44,0xFF0E2841,0xFF263D54,0xFF243C55,0xFF0C253E,0xFF1B2F43,0xFF5E6B7D,0xFF3A4B61,
    0xFF1A2D45,0xFF17283D,0xFF1A2A3F,0xFF2A354A,0xFF182537,0xFF3F4F60,0xFF233146,0xFF233247,
    0xFF2F3E53,0xFF15273D,0xFF13273E,0xFF25354E,0xFF18263F,0xFF2B354A,0xFF2E394B,0xFF222F44,
    0xFF223147,0xFF23334B,0xFF1C2C45,0xFF273750,0xFF20324A,0xFF0D283D,0xFF2A3F55,0xFF989CAE,
    0xFF757586,0xFF25364F,0xFF3E4D62,0xFF5B6979,0xFF8A939D,0xFF6E7783,0xFF47576B,0xFF10253F,
    0xFF1A334C,0xFF1F3244,0xFF2D3647,0xFF5E697F,0xFF464F60,0xFF657586,0xFF323C47,0xFF4B5D6E,
    0xFF142942,0xFF1F334C,0xFF1E334C,0xFF1F324B,0xFF203049,0xFF21314A,0xFF1F2F48,0xFF21324A,
    0xFF233349,0xFF24334A,0xFF263249,0xFF273046,0xFF242F43,0xFF364256,0xFF374356,0xFF29344A,
    0xFF29354D,0xFF30364B,0xFF5E5766,0xFF8B848B,0xFF32303E,0xFF464659,0xFF3C3B4E,0xFF373D4F,
    0xFF424653,0xFF3E3C4D,0xFF423E53,0xFF45404D,0xFF49414C,0xFF53464F,0xFF493D41,0xFF867575,
    0xFFAF908D,0xFFAB8682,0xFFB79492,0xFF9F7C7B,0xFFB08D8B,0xFF987473,0xFF7A5752,0xFFA17C74,
    0xFF916B63,0xFFA88078,0xFF8A6151,0xFFAD7E5B,0xFFDAA95E,0xFFFFD066,0xFFFDC357,0xFFFCC258,
    0xFFFEC557,0xFFFEC753,0xFFFEC954,0xFFFBC851,0xFFFDCE56,0xFFFACC4F,0xFFFACC4C,0xFFFACC4B,
    0xFFFCCE4D,0xFFFBCE4A,0xFFF7D04A,0xFFF8D44F,0xFFF8D752,0xFFF8D44C,0xFFF8D746,0xFFFBDE4D,
    0xFFFFE155,0xFFFFE153,0xFFFFE55D,0xFFFFE969,0xFFFFEE73,0xFFFFF37D,0xFFFCF78F,0xFFFCF9AB,
    0xFFFCFAC2,0xFFFCFACE,0xFFFDFBD6,0xFFFCFCDE,0xFFFCFCDF,0xFFFCFBDD,0xFFFCFCDB,0xFFFCFDD8,
    0xFFFEFCCD,0xFFFEFAC6,0xFFFEFBB4,0xFFFCF9A4,0xFFFCF697,0xFFFEF483,0xFFFFF077,0xFFFFED6E,
    0xFFFEEB62,0xFFFEE85F,0xFFFFE45D,0xFFFEE058,0xFFFEDC56,0xFFFED854,0xFFFED452,0xFFFED050,
    0xFFFDCD4F,0xFFFECC51,0xFFFDC953,0xFFFDC656,0xFFFEC355,0xFFFFC152,0xFFFFBE4E,0xFFFFBC4D,
    0xFFFEBC50,0xFFFEBB50,0xFFFFBA52,0xFFFEBA4D,0xFFFABB4A,0xFFF9B64E,0xFFFFC566,0xFFB68A4B,
    0xFF543629,0xFF4D3134,0xFF51383E,0xFF543C44,0xFF594145,0xFF5E4646,0xFF553E40,0xFF4D393B,
    0xFF554548,0xFF44363A,0xFF443639,0xFF44373C,0xFF55444D,0xFF493C47,0xFF30313A,0xFF333138,
    0xFF3A343A,0xFF42383E,0xFF4B4048,0xFF312A37,0xFF232232,0xFF292A3B,0xFF352A35,0xFF3B3745,
    0xFF373440,0xFF473941,0xFF2D2C36,0xFF1F2838,0xFF21293F,0xFF1F2B3F,0xFF1B2537,0xFF262C3C,
    0xFF282F3E,0xFF152335,0xFF222A3C,0xFF2A2F40,0xFF2E3042,0xFF283042,0xFF162434,0xFF202739,
    0xFF1F2134,0xFF282E3F,0xFF242B37,0xFF3B3744,0xFF3A3342,0xFF333340,0xFF1A222F,0xFF0F1F2B,
    0xFF050F19,0xFF08121C,0xFF040E18,0xFF0B151F,0xFF0C1620,0xFF000913,0xFF08131E,0xFF23292F,
    0xFF232428,0xFF030D18,0xFF040F1A,0xFF060F1D,0xFF050E1D,0xFF0E151F,0xFF272C33,0xFF0F1926,
    0xFF091721,0xFF12222D,0xFF17283A,0xFF243449,0xFF24364C,0xFF213750,0xFF162D48,0xFF1F344F,
    0xFF0C243E,0xFF07233C,0xFF0E2740,0xFF10263C,0xFF0F243B,0xFF142A40,0xFF0F2438,0xFF11273E,
    0xFF1C2B42,0xFF463E4A,0xFF695D60,0xFF171E2C,0xFF071A31,0xFF273341,0xFF1C2A39,0xFF102031,
    0xFF0B1B2B,0xFF122232,0xFF152638,0xFF061729,0xFF07182A,0xFF0D1E30,0xFF112033,0xFF111F33,
    0xFF0C1A2E,0xFF0C1C2D,0xFF182838,0xFF111F32,0xFF0F1C32,0xFF1F293A,0xFF202536,0xFF20283A,
    0xFF182B3B,0xFF041928,0xFF0C1D2C,0xFF384452,0xFF88929E,0xFFB0B7BF,0xFF9EA6AF,0xFF929EA8,
    0xFF9AA6B2,0xFF98A2B0,0xFF939DAA,0xFF96A0AE,0xFF929EAB,0xFF96A5AF,0xFF99A4B0,0xFF9AA2AE,
    0xFF9EABB9,0xFF586474,0xFF9EA6B7,0xFF5C6A78,0xFF6C7685,0xFFA2A9B8,0xFF5C6473,0xFFA6AFBE,
    0xFF3D4E5D,0xFF919DA9,0xFFA4ADBB,0xFF4E5B6E,0xFF2D4259,0xFF14314C,0xFF18344F,0xFF4B6075,
    0xFF6D7681,0xFFAAAEB6,0xFF2E3A48,0xFF22384D,0xFF435A71,0xFF0D243D,0xFF1C324E,0xFF142944,
    0xFF2E465C,0xFF375066,0xFF0B2340,0xFF364257,0xFFB8BEC3,0xFF6B6E7D,0xFF9BA2A9,0xFF364351,
    0xFF8F98A5,0xFF4E5762,0xFF09243F,0xFF1C314C,0xFF152A45,0xFF192D48,0xFF152C46,0xFF122D46,
    0xFF142D46,0xFF0F2942,0xFF32485F,0xFF1E354D,0xFF071F35,0xFF465667,0xFF7D899A,0xFF03152C,
    0xFF122740,0xFF1A2C41,0xFF16263D,0xFF39445A,0xFF2B394B,0xFF364859,0xFF304056,0xFF18273E,
    0xFF233349,0xFF1B2941,0xFF1A2943,0xFF182841,0xFF192B43,0xFF263247,0xFF2E394B,0xFF223045,
    0xFF25344B,0xFF24334C,0xFF1B2C45,0xFF203049,0xFF25354E,0xFF1D3046,0xFF0F243C,0xFF5D697D,
    0xFF707A8A,0xFF0E2339,0xFF1E2F46,0xFF627187,0xFF314156,0xFF2A3E54,0xFF13273F,0xFF203450,
    0xFF19304A,0xFF213347,0xFF3F4A5B,0xFF5A6477,0xFF505868,0xFF26364B,0xFF46505C,0xFF4A5B6B,
    0xFF142942,0xFF21354E,0xFF1E324B,0xFF1E314A,0xFF213049,0xFF22324B,0xFF23324C,0xFF23334B,
    0xFF28384F,0xFF27364D,0xFF28344C,0xFF29344A,0xFF2C374A,0xFF293448,0xFF3C475B,0xFF2C374B,
    0xFF28354D,0xFF343A50,0xFF3E3948,0xFF78717A,0xFF40404E,0xFF404155,0xFF454456,0xFF34394B,
    0xFF404350,0xFF3D3D4E,0xFF413E53,0xFF43404F,0xFF4A414D,0xFF52454E,0xFF4E434A,0xFF685959,
    0xFFBEA29F,0xFFAC8C8B,0xFFA9898A,0xFF9C7B7C,0xFFA78787,0xFF816161,0xFF92706F,0xFF9E7A77,
    0xFFA17A74,0xFF976F68,0xFF7E5453,0xFF93635D,0xFF9D664A,0xFFC28B4B,0xFFFBC85B,0xFFFBCB4C,
    0xFFFBC851,0xFFF7CA55,0xFFFBDD5C,0xFFF7DC56,0xFFF8E55B,0xFFFDEE64,0xFFFFEE65,0xFFFDEC65,
    0xFFFDEB66,0xFFFADF57,0xFFF6DB54,0xFFFBE665,0xFFFDEB6E,0xFFFAE777,0xFFFAE673,0xFFF6E355,
    0xFFFAEA4B,0xFFFCE85A,0xFFFBEA6A,0xFFFDEF7B,0xFFFFF390,0xFFFEF6A0,0xFFFCF9AF,0xFFFCFCC7,
    0xFFFEFBD9,0xFFFFFBE1,0xFFFEFCE8,0xFFFDFCEE,0xFFFDFBEF,0xFFFDFCEE,0xFFFDFDEC,0xFFFDFDEA,
    0xFFFFFBE4,0xFFFEFADC,0xFFFFFCC9,0xFFFDFBB3,0xFFFBF99C,0xFFFDF786,0xFFFEF575,0xFFFEF16C,
    0xFFFEEC63,0xFFFEE95A,0xFFFFE750,0xFFFDE34D,0xFFFBDE4E,0xFFFCD84C,0xFFFDD44B,0xFFFFD04B,
    0xFFFECB4A,0xFFFEC749,0xFFFDC549,0xFFFCC54C,0xFFFBC44B,0xFFFAC249,0xFFFAC049,0xFFFABE4A,
    0xFFFBBC4A,0xFFFDBA4C,0xFFFEB951,0xFFFFB84B,0xFFFBB63E,0xFFFFCA5F,0xFFBB8C4D,0xFF4E291B,
    0xFF51373F,0xFF583C41,0xFF5B3D3B,0xFF593D3E,0xFF51393D,0xFF4F3A42,0xFF4D3941,0xFF4F3D44,
    0xFF514248,0xFF45383D,0xFF4E3C42,0xFF53434A,0xFF4A3E46,0xFF383039,0xFF35313C,0xFF38323B,
    0xFF3F353D,0xFF534B53,0xFF312D35,0xFF282835,0xFF202535,0xFF2E2C3C,0xFF4C3A3D,0xFF4B434A,
    0xFF322E37,0xFF4F4046,0xFF39333B,0xFF222633,0xFF2C3244,0xFF202B3E,0xFF1B2436,0xFF292F40,
    0xFF262E3F,0xFF172537,0xFF1D2537,0xFF252A3B,0xFF272A3C,0xFF182032,0xFF1A2636,0xFF21293B,
    0xFF323447,0xFF242939,0xFF202634,0xFF32303D,0xFF383946,0xFF161B28,0xFF151D2C,0xFF263140,
    0xFF050E18,0xFF050F18,0xFF050F19,0xFF0A141E,0xFF0C1620,0xFF0A141E,0xFF07111C,0xFF10181F,
    0xFF1F2628,0xFF182126,0xFF050F15,0xFF09141F,0xFF06121D,0xFF07111A,0xFF101720,0xFF111B29,
    0xFF0D1923,0xFF07131B,0xFF0A1624,0xFF0B1522,0xFF1B2939,0xFF11273C,0xFF162E47,0xFF233752,
    0xFF0F2540,0xFF0C2443,0xFF102844,0xFF0C233A,0xFF0F263D,0xFF132A42,0xFF0E253D,0xFF112840,
    0xFF1F3046,0xFF2A2F3E,0xFF635A5E,0xFF3C3E49,0xFF041529,0xFF1E2E3F,0xFF313C4A,0xFF14202F,
    0xFF101E2F,0xFF0D1D2E,0xFF112234,0xFF132436,0xFF091A2C,0xFF0C1E30,0xFF172638,0xFF313B4A,
    0xFF121F31,0xFF152539,0xFF0E1C2F,0xFF091A30,0xFF0A1D35,0xFF112134,0xFF232C3D,0xFF232A3C,
    0xFF142131,0xFF102837,0xFF122839,0xFF0B1B2E,0xFF132032,0xFF49515A,0xFF979FA8,0xFFAFB8C0,
    0xFF87909A,0xFF6E7683,0xFF9BA4B0,0xFF919AA7,0xFF929CA8,0xFF96A1AD,0xFF929FAB,0xFFA3AEBA,
    0xFF576675,0xFF627383,0xFF8695A5,0xFF4D586A,0xFF9FA7B6,0xFF8C93A0,0xFF979EAB,0xFF878F9D,
    0xFF536472,0xFF97A9B7,0xFF596A79,0xFF6D7D8B,0xFF697B8E,0xFF0D2946,0xFF314B67,0xFF505E6F,
    0xFFA5A8B1,0xFFA9AEB6,0xFF7B8694,0xFF263C52,0xFF09233E,0xFF263C58,0xFF3A4E6A,0xFF172943,
    0xFF2F485F,0xFF28455D,0xFF041C37,0xFF8C94A2,0xFFA3A5AC,0xFF777B7F,0xFF96A0A9,0xFF343D4A,
    0xFFAEB3BC,0xFF4B5B6D,0xFF0E2743,0xFF182D48,0xFF172C47,0xFF192E49,0xFF122A44,0xFF142E47,
    0xFF132D46,0xFF0E2841,0xFF2B4056,0xFF182E44,0xFF0F2235,0xFF65707D,0xFF344152,0xFF152941,
    0xFF132942,0xFF162941,0xFF0E1F38,0xFF4B586F,0xFF445468,0xFF384B5E,0xFF3B4B63,0xFF122139,
    0xFF16273F,0xFF233049,0xFF2C3752,0xFF182941,0xFF172D44,0xFF253347,0xFF263042,0xFF1F2C41,
    0xFF25344A,0xFF1D2D46,0xFF203049,0xFF203049,0xFF24334B,0xFF28344C,0xFF1A2C45,0xFF0E2237,
    0xFF687A89,0xFF384B5C,0xFF6B7E95,0xFF344561,0xFF0F2643,0xFF14314D,0xFF1C3450,0xFF1F334D,
    0xFF1D314A,0xFF2D3F56,0xFF344255,0xFF4C5665,0xFF697284,0xFF0B1D35,0xFF646D7A,0xFF3E4D5D,
    0xFF152A43,0xFF1F334C,0xFF1E324B,0xFF1F324B,0xFF213049,0xFF22324B,0xFF24344D,0xFF23334B,
    0xFF25354C,0xFF27364D,0xFF29354D,0xFF2D374D,0xFF343E52,0xFF273246,0xFF333E52,0xFF2E3A4C,
    0xFF28354A,0xFF374056,0xFF303142,0xFF615F6A,0xFF5D6070,0xFF383A4E,0xFF4C495B,0xFF37394A,
    0xFF3D3E50,0xFF404153,0xFF3F4052,0xFF424051,0xFF48414F,0xFF4F434E,0xFF534953,0xFF4A3D43,
    0xFF9A8384,0xFF8A7173,0xFF967A7E,0xFFB29397,0xFF9B7E81,0xFF7B5D60,0xFFA18180,0xFF987573,
    0xFF95706C,0xFF805A53,0xFF8E6760,0xFFA0726F,0xFFA46F67,0xFFAC735F,0xFFD8A763,0xFFFFDF64,
    0xFFFFDF5D,0xFFFED769,0xFFFAD667,0xFFFFE76D,0xFFFFEE6B,0xFFFDEF69,0xFFFAED66,0xFFF9ED65,
    0xFFFFF66E,0xFFFFF262,0xFFFFF569,0xFFFFF776,0xFFFFF87B,0xFFFEF980,0xFFFFFA95,0xFFFBF37F,
    0xFFF7EE66,0xFFFCF381,0xFFFFFA9A,0xFFFFF9AE,0xFFFFFABF,0xFFFFFCCD,0xFFFDFCD9,0xFFFBFCE7,
    0xFFFEFCEF,0xFFFFFAF3,0xFFFFFBF8,0xFFFDFBFC,0xFFFDFBFD,0xFFFDFBFC,0xFFFDFCFB,0xFFFDFCF9,
    0xFFFDFAF9,0xFFFEFAF3,0xFFFFFBE2,0xFFFDFBCE,0xFFFCFABB,0xFFFDF9A9,0xFFFDF896,0xFFFCF389,
    0xFFFDEE82,0xFFFDEB70,0xFFFAE65B,0xFFFAE553,0xFFFAE44F,0xFFF9DF49,0xFFFDDE48,0xFFFBDC4B,
    0xFFF7D749,0xFFF9D347,0xFFFBD247,0xFFFDCB45,0xFFFCCB47,0xFFFCCA49,0xFFFCCB4C,0xFFFDCA50,
    0xFFFBC04A,0xFFFDB849,0xFFFDB946,0xFFFAB738,0xFFFFC054,0xFFC09050,0xFF563523,0xFF583A3F,
    0xFF584044,0xFF573E38,0xFF694944,0xFF664648,0xFF594046,0xFF4D3944,0xFF453540,0xFF463640,
    0xFF44343F,0xFF493842,0xFF5B444D,0xFF54444D,0xFF3D383F,0xFF333038,0xFF403743,0xFF3C3440,
    0xFF39303C,0xFF3C3944,0xFF252833,0xFF2A2E3A,0xFF1E2634,0xFF36333F,0xFF5C4542,0xFF493B3E,
    0xFF26242D,0xFF41363D,0xFF473E48,0xFF2E2E3A,0xFF242837,0xFF1F2639,0xFF1B2435,0xFF22293B,
    0xFF1D273A,0xFF132133,0xFF1F2739,0xFF2B2F40,0xFF262C3D,0xFF20283A,0xFF242C3D,0xFF242C3E,
    0xFF1B2132,0xFF242839,0xFF262A3B,0xFF2D3142,0xFF151F2C,0xFF1F2A36,0xFF2E3546,0xFF1B2033,
    0xFF0B151F,0xFF0D1822,0xFF040E18,0xFF09131D,0xFF030D16,0xFF0B151F,0xFF040E18,0xFF07111C,
    0xFF141D24,0xFF383E42,0xFF0D151D,0xFF07141E,0xFF07151E,0xFF16212A,0xFF0B131E,0xFF0C1423,
    0xFF121C24,0xFF1C2529,0xFF131923,0xFF17212B,0xFF0D1A26,0xFF112131,0xFF203345,0xFF24384B,
    0xFF1E334A,0xFF132A45,0xFF162E49,0xFF162E48,0xFF0E2740,0xFF142D46,0xFF0D263F,0xFF102841,
    0xFF182C42,0xFF132536,0xFF424551,0xFF454C5B,0xFF021329,0xFF112335,0xFF3A414D,0xFF2A323F,
    0xFF132232,0xFF152638,0xFF0E1F32,0xFF0D1E30,0xFF0E1F31,0xFF0A1C2F,0xFF162335,0xFF313540,
    0xFF202B3B,0xFF121F34,0xFF20283B,0xFF0C1A2D,0xFF091C30,0xFF091E2F,0xFF162334,0xFF32384A,
    0xFF242B3A,0xFF142432,0xFF263848,0xFF152739,0xFF15273A,0xFF051322,0xFF1D2A37,0xFF77828D,
    0xFF98A1AB,0xFF9198A4,0xFF9DA5B0,0xFF99A0AB,0xFF9AA2AE,0xFF99A2AF,0xFF9DA8B4,0xFF6F7E89,
    0xFF52616D,0xFFA4B5C3,0xFF445462,0xFF8F95A6,0xFF9EA3B0,0xFF989EAA,0xFFA4A9B5,0xFF7B808D,
    0xFF677180,0xFF495A6D,0xFF304456,0xFF616E79,0xFF8D96A2,0xFF29415A,0xFF495D73,0xFF868C96,
    0xFFB8BBC3,0xFF9FA9B6,0xFF536274,0xFF1E374F,0xFF051F39,0xFF3B526A,0xFF35465E,0xFF34455E,
    0xFF2B465D,0xFF0A243A,0xFF5D697A,0xFFC0C4CF,0xFF757381,0xFF9FA3A3,0xFF566170,0xFF606571,
    0xFFBFBFC4,0xFF294159,0xFF0D2640,0xFF162B46,0xFF192E4A,0xFF132843,0xFF132A44,0xFF132E47,
    0xFF102A43,0xFF153049,0xFF2C4056,0xFF0C1F34,0xFF414F61,0xFF989DA6,0xFF1C293C,0xFF112641,
    0xFF112944,0xFF192E46,0xFF182C45,0xFF1E2C45,0xFF25364B,0xFF12263B,0xFF172742,0xFF1A2B45,
    0xFF162641,0xFF203049,0xFF24324C,0xFF1B2B44,0xFF20324A,0xFF2B374C,0xFF263142,0xFF202D42,
    0xFF26354C,0xFF203049,0xFF21314A,0xFF1F2F49,0xFF24334B,0xFF263349,0xFF22354F,0xFF132A41,
    0xFF2D4154,0xFF607186,0xFF374B63,0xFF122843,0xFF1E3854,0xFF1B3650,0xFF1B324D,0xFF20334E,
    0xFF24354E,0xFF2E4059,0xFF1A2B3F,0xFF828A96,0xFF5D677C,0xFF041733,0xFF656C7A,0xFF586475,
    0xFF142842,0xFF21354E,0xFF20344E,0xFF23364F,0xFF25354E,0xFF24344D,0xFF24344D,0xFF23344C,
    0xFF23344A,0xFF27364D,0xFF29364E,0xFF273147,0xFF2E394C,0xFF263146,0xFF354054,0xFF394354,
    0xFF243245,0xFF2F3B50,0xFF363A4C,0xFF393B49,0xFF43485B,0xFF626478,0xFF4C4958,0xFF3D3B4C,
    0xFF3F3F55,0xFF3D4153,0xFF3B404F,0xFF414052,0xFF494453,0xFF4F4651,0xFF4E4753,0xFF4F4550,
    0xFF5C4A4E,0xFF625156,0xFF6A5358,0xFF91757A,0xFF6A5055,0xFF664B50,0xFF947575,0xFF8D6D6B,
    0xFF957270,0xFF87625C,0xFFAC8578,0xFF91675B,0xFFB8897A,0xFFB9877E,0xFF976651,0xFFD7B166,
    0xFFDEBE64,0xFFC49854,0xFFC59256,0xFFD8AC60,0xFFD8AF58,0xFFF4D664,0xFFF9E25E,0xFFFBE45A,
    0xFFF8E14E,0xFFF3DF4A,0xFFF8E755,0xFFF5E85C,0xFFF6EC61,0xFFF5EE5F,0xFFF9F07A,0xFFFDF591,
    0xFFFFF898,0xFFFFF9A5,0xFFFEF9B7,0xFFFEFACD,0xFFFEFBD9,0xFFFFFCE4,0xFFFEFCF0,0xFFFCFBF5,
    0xFFFEFAF8,0xFFFFFAFA,0xFFFDFBFD,0xFFFCFCFE,0xFFFDFBFF,0xFFFDFCFF,0xFFFCFCFE,0xFFFCFCFB,
    0xFFFBFCFD,0xFFFDFBFC,0xFFFFFCF4,0xFFFFFCE8,0xFFFFFCE0,0xFFFFFBD9,0xFFFFFCC9,0xFFFEF9B9,
    0xFFFFF8AD,0xFFFFF89B,0xFFFEF386,0xFFFEF376,0xFFFDF167,0xFFFCEE59,0xFFFFF150,0xFFF9EF51,
    0xFFFBEF55,0xFFFAE64C,0xFFFDE449,0xFFFDD345,0xFFFBC941,0xFFFCC342,0xFFFDBF43,0xFFFABD41,
    0xFFFAB941,0xFFFEB746,0xFFFAB43B,0xFFFFC750,0xFFC4934F,0xFF52291A,0xFF5D3B3D,0xFF5F4240,
    0xFF5A413D,0xFF533D35,0xFF624A47,0xFF695052,0xFF574145,0xFF4C3A40,0xFF4D3C43,0xFF4C3A42,
    0xFF4E3841,0xFF634C56,0xFF533D49,0xFF42343E,0xFF36323B,0xFF2F2D37,0xFF3E3943,0xFF3E3B47,
    0xFF302E3B,0xFF272736,0xFF242736,0xFF2E313F,0xFF242736,0xFF312F3B,0xFF5D4742,0xFF46393A,
    0xFF1E232E,0xFF302F3A,0xFF403B49,0xFF262736,0xFF212836,0xFF212737,0xFF212839,0xFF202A3C,
    0xFF1A2639,0xFF142133,0xFF212A3B,0xFF2A2E3F,0xFF1F2637,0xFF1B2536,0xFF1E2235,0xFF192234,
    0xFF1F2838,0xFF222435,0xFF24263A,0xFF161F32,0xFF172331,0xFF313D4B,0xFF182133,0xFF141C2F,
    0xFF000811,0xFF030C15,0xFF020B15,0xFF030D17,0xFF030C17,0xFF050F19,0xFF101B24,0xFF07121F,
    0xFF040D1A,0xFF10141C,0xFF0B111C,0xFF04101A,0xFF010F16,0xFF0A1720,0xFF08121D,0xFF07101F,
    0xFF09121A,0xFF2B3034,0xFF1B1D24,0xFF07121D,0xFF0B1823,0xFF0F1B25,0xFF14212B,0xFF0E212D,
    0xFF132737,0xFF1C3147,0xFF172E47,0xFF132E47,0xFF0E2942,0xFF0F2941,0xFF0E2842,0xFF0E2740,
    0xFF162C41,0xFF12283B,0xFF202D40,0xFF243247,0xFF0A1E34,0xFF0A1D31,0xFF343A45,0xFF3C424E,
    0xFF1E2B3B,0xFF142739,0xFF102133,0xFF09192B,0xFF0D1D2F,0xFF0B1C30,0xFF111D30,0xFF2E313B,
    0xFF283343,0xFF141F33,0xFF444756,0xFF0F1929,0xFF0A1A2A,0xFF0A2030,0xFF102032,0xFF1B2033,
    0xFF3A3D4D,0xFF282E3A,0xFF16212E,0xFF0E2130,0xFF0C2435,0xFF14293C,0xFF0E2032,0xFF142432,
    0xFF414C59,0xFF787F8A,0xFFA1A7B2,0xFFAAB0BB,0xFF989EAB,0xFF99A1AD,0xFF69737F,0xFF7C8C96,
    0xFFA6B4BF,0xFF586771,0xFF6A7781,0xFFA9A9B8,0xFF9D9FAC,0xFF9EA2AE,0xFF9A9EA9,0xFF989BA7,
    0xFF9499AB,0xFF445268,0xFF2A3C50,0xFF9CA4AD,0xFF9E9EA4,0xFF3B4D61,0xFF7C8897,0xFFB7B8BE,
    0xFF777E8A,0xFF304154,0xFF31455B,0xFF4F697F,0xFF00192E,0xFF54697C,0xFF314255,0xFF55687F,
    0xFF051F37,0xFF374A5B,0xFFB8BAC0,0xFF9F9DA8,0xFF6C697D,0xFFB0B3B5,0xFF2C374D,0xFFA8ABB6,
    0xFF919095,0xFF0A2540,0xFF122A45,0xFF1D324C,0xFF132740,0xFF3C506B,0xFF263F59,0xFF0E2841,
    0xFF122B45,0xFF1F3A53,0xFF30455A,0xFF0B1C30,0xFF8693A1,0xFF84868D,0xFF283547,0xFF162E48,
    0xFF0E2743,0xFF132841,0xFF142840,0xFF12223B,0xFF112239,0xFF15293F,0xFF172A44,0xFF192B45,
    0xFF172943,0xFF172A43,0xFF172B43,0xFF16273F,0xFF23304B,0xFF323C52,0xFF273245,0xFF263348,
    0xFF233248,0xFF213149,0xFF22314A,0xFF1D2D46,0xFF27374F,0xFF253449,0xFF20344E,0xFF1C314A,
    0xFF203149,0xFF273852,0xFF162A43,0xFF1D364E,0xFF1D354C,0xFF21364C,0xFF1E334B,0xFF233852,
    0xFF253751,0xFF22364F,0xFF1A2D42,0xFF8D959F,0xFF4C586D,0xFF071C39,0xFF5B6271,0xFF606B7B,
    0xFF12273F,0xFF1E324B,0xFF233750,0xFF23354E,0xFF1F2F48,0xFF24344D,0xFF24344D,0xFF25354D,
    0xFF24344B,0xFF26354C,0xFF2F3A52,0xFF293449,0xFF303B4F,0xFF2E394D,0xFF313C50,0xFF3D4758,
    0xFF273547,0xFF2A384D,0xFF333A4D,0xFF353A4B,0xFF2F364A,0xFF3D4053,0xFF585463,0xFF615E6E,
    0xFF39394F,0xFF3C4253,0xFF404655,0xFF404053,0xFF464353,0xFF4F4753,0xFF4E4756,0xFF514857,
    0xFF53454D,0xFF574C54,0xFF58444C,0xFF684F57,0xFF6A5259,0xFF6E555D,0xFF7F6263,0xFF886968,
    0xFF7C5B58,0xFF936F6C,0xFFB08985,0xFFB28980,0xFFA27668,0xFF9B6E60,0xFFA77B6B,0xFFA87D63,
    0xFFA17461,0xFFA97B6D,0xFFA97961,0xFFAF7D59,0xFFAE784A,0xFFC49D40,0xFFFFEF6C,0xFFF3DC49,
    0xFFF6E243,0xFFFBE24B,0xFFF9DF4B,0xFFF8E34E,0xFFF8E753,0xFFFAEA65,0xFFFBF272,0xFFF9F789,
    0xFFFBF9A0,0xFFFDF9AE,0xFFFCFABD,0xFFFAFBCE,0xFFFBFCDB,0xFFFEFCEB,0xFFFFFBF7,0xFFFFFBF6,
    0xFFFFFDF5,0xFFFFFDF8,0xFFFDFCF9,0xFFFCFCFB,0xFFFDFEFF,0xFFFEFEFF,0xFFFCFCFC,0xFFFCFCF9,
    0xFFFCFEF8,0xFFFDFDFC,0xFFFDFAFB,0xFFFEFCF1,0xFFFEFCE8,0xFFFEFAE8,0xFFFDFCE0,0xFFFCFDCA,
    0xFFFDFDB4,0xFFFEFEA6,0xFFFFFD98,0xFFFFFF8F,0xFFFFFC7F,0xFFFBF663,0xFFFAF14D,0xFFFEF454,
    0xFFFDEC50,0xFFFCE547,0xFFFADB3D,0xFFFCD442,0xFFFAC63F,0xFFFBBA3F,0xFFFFB53F,0xFFFEB33D,
    0xFFFDB43C,0xFFFAB43B,0xFFFFC356,0xFFD6A158,0xFF58391E,0xFF5F3E38,0xFF66403E,0xFF5D3B3B,
    0xFF593B3D,0xFF503943,0xFF4C3B40,0xFF483839,0xFF473535,0xFF513E3F,0xFF594547,0xFF503A3E,
    0xFF654A4E,0xFF5A4046,0xFF45353F,0xFF3C303B,0xFF39323E,0xFF3A3641,0xFF36353E,0xFF2E2F3B,
    0xFF252A37,0xFF272A3A,0xFF252536,0xFF373645,0xFF292736,0xFF31303D,0xFF584642,0xFF473C3E,
    0xFF192432,0xFF293041,0xFF29293C,0xFF1E2234,0xFF1F2B3C,0xFF222836,0xFF23293B,0xFF1A2437,
    0xFF152236,0xFF182436,0xFF222A3C,0xFF2A2F40,0xFF1B2333,0xFF171F31,0xFF27283B,0xFF222A3A,
    0xFF232D3A,0xFF202334,0xFF2F3246,0xFF132034,0xFF202C3C,0xFF172132,0xFF111E2F,0xFF19263A,
    0xFF181A1F,0xFF090E14,0xFF020B13,0xFF020B16,0xFF070E1B,0xFF010A15,0xFF08141C,0xFF121D24,
    0xFF040C13,0xFF000A15,0xFF101420,0xFF2D2E38,0xFF0A0E17,0xFF0D1720,0xFF13212B,0xFF071323,
    0xFF0B1423,0xFF101521,0xFF242630,0xFF272B30,0xFF0A141D,0xFF1A232B,0xFF11171D,0xFF081827,
    0xFF0E1A26,0xFF111F2D,0xFF1A2F43,0xFF19344C,0xFF152F45,0xFF112A40,0xFF102A42,0xFF0E263E,
    0xFF11243B,0xFF122438,0xFF2C3747,0xFF1B2838,0xFF0B1E33,0xFF0A2137,0xFF313D4A,0xFF3D3E49,
    0xFF2A313F,0xFF112737,0xFF0D1F31,0xFF0F2032,0xFF0F2032,0xFF122334,0xFF0B1B2B,0xFF132131,
    0xFF253545,0xFF1A2535,0xFF323642,0xFF1F2430,0xFF0E1B2D,0xFF071C2C,0xFF0D202F,0xFF121E30,
    0xFF2C3245,0xFF383A48,0xFF2E323C,0xFF12232E,0xFF062332,0xFF102338,0xFF11273A,0xFF0E2133,
    0xFF09172A,0xFF0A1727,0xFF283240,0xFF5A616C,0xFFA7AEB8,0xFFA6AFB8,0xFF8D969F,0xFFADB6BE,
    0xFF778695,0xFF5E6C7B,0xFFA6ADB8,0xFF9DA4B0,0xFF9BA1AE,0xFF9A9FAC,0xFF999FAC,0xFFA6ACBA,
    0xFF7E8A9C,0xFF1C2939,0xFF959EAA,0xFFAEB0B6,0xFFA4A4AA,0xFF8E96A2,0xFFA6A9B2,0xFFAAABB3,
    0xFF2F4258,0xFF0A2948,0xFF404E61,0xFF6C7789,0xFF37445A,0xFF8691A0,0xFF2A3C4F,0xFF2A4159,
    0xFF1B2F43,0xFF656F7C,0xFFB1B2B8,0xFF7D7A82,0xFF9FA1AD,0xFF7C8593,0xFF404E5F,0xFFB7BCCA,
    0xFF424D5E,0xFF122A45,0xFF041F3B,0xFF5D6D7E,0xFF4C5561,0xFF627589,0xFF163751,0xFF152B42,
    0xFF0D2140,0xFF2A4257,0xFF26384C,0xFF334455,0xFF97A1A8,0xFF5B5E66,0xFF38434C,0xFF1A3042,
    0xFF112741,0xFF17253E,0xFF182339,0xFF13283F,0xFF172941,0xFF232F46,0xFF162740,0xFF192942,
    0xFF172841,0xFF1B2E46,0xFF182C44,0xFF172A42,0xFF182B43,0xFF213148,0xFF262F46,0xFF32394E,
    0xFF233343,0xFF233042,0xFF2A374A,0xFF1E2F44,0xFF203348,0xFF2C3850,0xFF2B374F,0xFF313C55,
    0xFF202E46,0xFF1E334C,0xFF1D334B,0xFF1D334B,0xFF233850,0xFF1F334B,0xFF21354E,0xFF253952,
    0xFF1E334D,0xFF1E334C,0xFF213145,0xFF818B9A,0xFF36455D,0xFF0C1E37,0xFF748294,0xFF4E5C6B,
    0xFF182E45,0xFF2A3F57,0xFF2E3F55,0xFF2A3B51,0xFF283A52,0xFF293952,0xFF283650,0xFF273750,
    0xFF25374D,0xFF29364B,0xFF373E51,0xFF32394C,0xFF2E3649,0xFF353D50,0xFF343C4F,0xFF333D51,
    0xFF2E394D,0xFF2C374B,0xFF2F394D,0xFF363E50,0xFF343B4D,0xFF2F3448,0xFF444455,0xFF77707B,
    0xFF35384A,0xFF3B4257,0xFF484B5D,0xFF434154,0xFF444152,0xFF4E4958,0xFF534A59,0xFF544959,
    0xFF514655,0xFF524756,0xFF5B4C58,0xFF584651,0xFF66535D,0xFF6A555D,0xFF896D71,0xFF9A7B7B,
    0xFF714E4B,0xFFAD8883,0xFF96726C,0xFFB9928A,0xFFB48880,0xFFA7796F,0xFFB08578,0xFFBF8F84,
    0xFFC49086,0xFFBF8D80,0xFFB38471,0xFFC5917A,0xFFCB947B,0xFFB6764D,0xFFDAB04C,0xFFFBEC57,
    0xFFF8EC5B,0xFFFDED63,0xFFFDEB64,0xFFFDED67,0xFFFEF36E,0xFFFEF581,0xFFFBF78A,0xFFFAF993,
    0xFFFCFAA1,0xFFFEFBB2,0xFFFBFDB9,0xFFFBFECC,0xFFFBFDD7,0xFFFCFEDE,0xFFFFFEEA,0xFFFEFCF4,
    0xFFFCFCF6,0xFFFDFDF5,0xFFFEFDF6,0xFFFFFCFA,0xFFFCFEFC,0xFFFCFDFD,0xFFFEFCFE,0xFFFFFBFE,
    0xFFFEFDFB,0xFFFFFCF9,0xFFFEFBFD,0xFFFBFDEE,0xFFFDFEE6,0xFFFFFCD9,0xFFFEFDC2,0xFFFDFAA6,
    0xFFF7F98D,0xFFF5FA85,0xFFFDF481,0xFFECCF64,0xFFEDD362,0xFFFFF66B,0xFFFAE544,0xFFFAE140,
    0xFFF7DA38,0xFFF9D538,0xFFF9CD3B,0xFFFAC536,0xFFFABC3F,0xFFFDB644,0xFFFFB23D,0xFFFDAE41,
    0xFFFDB63E,0xFFFFC54F,0xFFCB9751,0xFF6C4028,0xFF633B37,0xFF6A4543,0xFF5E3E3B,0xFF5A3F42,
    0xFF563E42,0xFF4E383F,0xFF4D3A3D,0xFF4C393B,0xFF554243,0xFF594547,0xFF533C3D,0xFF604B4C,
    0xFF534244,0xFF3D3034,0xFF39313B,0xFF38313C,0xFF3D353F,0xFF3A3540,0xFF2C2A3A,0xFF282A38,
    0xFF252D3B,0xFF282836,0xFF34343B,0xFF403B41,0xFF332F39,0xFF292A34,0xFF52464B,0xFF3E343A,
    0xFF191F32,0xFF1C2639,0xFF1D2536,0xFF1D2637,0xFF1B2536,0xFF1B283A,0xFF192538,0xFF172035,
    0xFF1A2137,0xFF22273D,0xFF222A3D,0xFF1F2738,0xFF161B2C,0xFF2F2E40,0xFF2C2A38,0xFF35313A,
    0xFF30323F,0xFF1C2334,0xFF1A2131,0xFF1E2636,0xFF121F32,0xFF101F33,0xFF102034,0xFF0F1E33,
    0xFF15181D,0xFF2E3339,0xFF0C141C,0xFF111B24,0xFF07141F,0xFF05111D,0xFF000714,0xFF151D26,
    0xFF1D262D,0xFF020D18,0xFF090D17,0xFF2E2E35,0xFF22262D,0xFF0E1720,0xFF131F28,0xFF07111F,
    0xFF050D1C,0xFF090F1C,0xFF151924,0xFF191C25,0xFF0A111D,0xFF1E2430,0xFF282D37,0xFF0B1723,
    0xFF1D242C,0xFF111A24,0xFF0A1A28,0xFF0D2032,0xFF1B3044,0xFF183248,0xFF112C45,0xFF0F2942,
    0xFF082038,0xFF0E243A,0xFF2C3B4C,0xFF354353,0xFF071A2E,0xFF0B2138,0xFF102432,0xFF343B47,
    0xFF2D3343,0xFF1C2C3F,0xFF0E1F32,0xFF0B1C2E,0xFF122335,0xFF0B1C2D,0xFF112231,0xFF081828,
    0xFF0B1C2C,0xFF152232,0xFF2C3240,0xFF373D49,0xFF172334,0xFF0C2032,0xFF0C1F2F,0xFF0E1D2F,
    0xFF121C30,0xFF333947,0xFF2F323C,0xFF262C38,0xFF0C192A,0xFF101F31,0xFF081C2E,0xFF1D2F41,
    0xFF223043,0xFF102134,0xFF101F30,0xFF0B1827,0xFF35404C,0xFF737D86,0xFFB4BEC8,0xFF909AA3,
    0xFF4E5B69,0xFFA9B2BF,0xFFA0A4AE,0xFF9EA6B1,0xFFA1A8B3,0xFF9095A0,0xFF979CA6,0xFFA0A6B2,
    0xFF223442,0xFF7A8693,0xFFB0B4BE,0xFFA6A6B0,0xFF9EA6B3,0xFF697684,0xFFAAB3BF,0xFF7D8998,
    0xFF16304D,0xFF062342,0xFF667182,0xFFB5B7C2,0xFFA2A6B5,0xFF8A909F,0xFF425365,0xFF2A3C4E,
    0xFF7D8897,0xFFA4A9B3,0xFFA1A1A7,0xFF81808A,0xFFBCC0CD,0xFF364252,0xFF8A98A7,0xFF7B8390,
    0xFF435266,0xFF122B46,0xFF1C334C,0xFF8A92A1,0xFFA2A6B3,0xFF606E83,0xFF0B2847,0xFF16283B,
    0xFF506373,0xFF32475E,0xFF1B2C41,0xFF7C8998,0xFF71737C,0xFF625A65,0xFF57555D,0xFF28313E,
    0xFF293A4C,0xFF233345,0xFF31394C,0xFF13283F,0xFF162840,0xFF2C384F,0xFF1D2D46,0xFF1E2E47,
    0xFF182841,0xFF1A2B43,0xFF1C2E45,0xFF1C2E45,0xFF182940,0xFF16293F,0xFF243348,0xFF2A3247,
    0xFF232D3F,0xFF2B3144,0xFF363D51,0xFF2C3A4F,0xFF23334A,0xFF28344C,0xFF2B374F,0xFF344058,
    0xFF202F47,0xFF233851,0xFF253A53,0xFF1F344D,0xFF243851,0xFF1D314A,0xFF263A53,0xFF23364F,
    0xFF1E334D,0xFF1D3149,0xFF2C3C50,0xFF7C899B,0xFF1A2C44,0xFF33465E,0xFF8494A8,0xFF263647,
    0xFF233850,0xFF243851,0xFF2F4056,0xFF26374C,0xFF25374F,0xFF273850,0xFF283550,0xFF26364E,
    0xFF24354A,0xFF2F3B4F,0xFF333B4E,0xFF373E51,0xFF363E51,0xFF384053,0xFF384053,0xFF303A4E,
    0xFF313C50,0xFF2B364A,0xFF2F3A4E,0xFF363F51,0xFF363D4F,0xFF34394D,0xFF38394A,0xFF55505C,
    0xFF3D4254,0xFF383E54,0xFF424457,0xFF434355,0xFF434152,0xFF484554,0xFF544D5C,0xFF554B5B,
    0xFF524958,0xFF514858,0xFF5C4F5E,0xFF5A4A56,0xFF604E58,0xFF5D4852,0xFF947B80,0xFF917476,
    0xFF795856,0xFFAC8984,0xFF9E7D77,0xFF98736D,0xFFBE948D,0xFFA77B74,0xFFAD837A,0xFFBC8D83,
    0xFFB98579,0xFFA67367,0xFF9B695C,0xFFB17A69,0xFFC58B78,0xFFBC7A64,0xFFB7723C,0xFFE5B64B,
    0xFFFEE85D,0xFFFCEB5D,0xFFFEEE65,0xFFFEEE6B,0xFFFEEF71,0xFFFEF07A,0xFFFFF58A,0xFFFFF594,
    0xFFFEF398,0xFFFEF69A,0xFFFFFAA1,0xFFFBFBAC,0xFFFCF8BC,0xFFFEF8C6,0xFFFAFCCC,0xFFF8FFEA,
    0xFFFDFCFB,0xFFFEF9FF,0xFFFEFBFF,0xFFFDFEF8,0xFFFFFCF9,0xFFFFFCFA,0xFFFFFCF7,0xFFFFFCF9,
    0xFFFBFFF5,0xFFFEFFD8,0xFFFFFDDC,0xFFFEFEDA,0xFFFAFDC5,0xFFFAF6A7,0xFFFCF07C,0xFFFCF168,
    0xFFF5F166,0xFFF8ED6A,0xFFEFC958,0xFFD77D34,0xFFD57832,0xFFEAB342,0xFFF8D13A,0xFFF8D636,
    0xFFF6CD2F,0xFFF8BF29,0xFFFDBA33,0xFFF8B535,0xFFF8B238,0xFFFBAE39,0xFFFBAE32,0xFFFDBC40,
    0xFFF4B861,0xFFA16B34,0xFF65341D,0xFF663C2F,0xFF6E4646,0xFF684440,0xFF5E413D,0xFF5A4144,
    0xFF523C3E,0xFF503B40,0xFF4F3B3D,0xFF554143,0xFF574345,0xFF503C3E,0xFF4E3B40,0xFF48393F,
    0xFF3A3037,0xFF3A333B,0xFF35303B,0xFF3F3944,0xFF3D3843,0xFF2F2B38,0xFF2B293A,0xFF2C2D3C,
    0xFF252938,0xFF312F3C,0xFF3F3C43,0xFF43363D,0xFF382E39,0xFF1E222D,0xFF403D45,0xFF26232B,
    0xFF1B2637,0xFF1B2637,0xFF1F2838,0xFF1C2536,0xFF1E2738,0xFF1C2839,0xFF162233,0xFF182033,
    0xFF252B3E,0xFF1F2539,0xFF222739,0xFF161C2C,0xFF30313F,0xFF3C3645,0xFF2D2C3A,0xFF343543,
    0xFF1A202F,0xFF151E2E,0xFF192131,0xFF262E3D,0xFF132033,0xFF132236,0xFF112033,0xFF0F1E32,
    0xFF060C13,0xFF191E26,0xFF0C1118,0xFF111A21,0xFF031018,0xFF08131D,0xFF07101E,0xFF090F1D,
    0xFF121B25,0xFF08131F,0xFF1D2229,0xFF131419,0xFF12161C,0xFF191F27,0xFF010912,0xFF19212C,
    0xFF161D28,0xFF070F1A,0xFF0D1420,0xFF0C111F,0xFF060B19,0xFF111523,0xFF1D2330,0xFF081018,
    0xFF26292E,0xFF22272D,0xFF17202A,0xFF0E1924,0xFF0F2030,0xFF1A3247,0xFF1A344C,0xFF1B344C,
    0xFF0B243D,0xFF0B243E,0xFF1B2F43,0xFF2B3C4F,0xFF0E2137,0xFF0F253C,0xFF041E2F,0xFF1A2B39,
    0xFF30374A,0xFF1C253A,0xFF122335,0xFF17293A,0xFF112234,0xFF102132,0xFF132434,0xFF1B2C3C,
    0xFF071828,0xFF0B1B2C,0xFF1E293A,0xFF373F4D,0xFF212C3D,0xFF07192C,0xFF0C1F32,0xFF0B1B2F,
    0xFF0C1B2E,0xFF152332,0xFF212631,0xFF45424D,0xFF43404F,0xFF1E2535,0xFF1A2A38,0xFF162737,
    0xFF2B384B,0xFF142538,0xFF192A3C,0xFF112235,0xFF1A2939,0xFF15212E,0xFF3A4755,0xFF4F5B69,
    0xFF85909E,0xFFA7AEB9,0xFF8D919A,0xFF8C94A1,0xFF98A1AD,0xFF98A0AB,0xFFA3ABB6,0xFF959EA9,
    0xFF546874,0xFFA7B1B9,0xFFA7A6AF,0xFFACAEBE,0xFF516174,0xFF4E5F71,0xFF637385,0xFF2D4158,
    0xFF092441,0xFF3B4E66,0xFFA7AEBA,0xFFA8A7AC,0xFFA8A8B0,0xFFA7AEBB,0xFF5F6B7C,0xFF6C7581,
    0xFFB2B6C0,0xFFA7A9B1,0xFF8D8F95,0xFFB1B4C1,0xFF7F8695,0xFF4C5768,0xFF8D99A8,0xFF56606E,
    0xFF54677D,0xFF09243E,0xFF3A4A5F,0xFFACACB9,0xFFA4A7B6,0xFF455167,0xFF021535,0xFF5F6A77,
    0xFFA0B0B2,0xFF1E3048,0xFF475465,0xFF878F9A,0xFF514B57,0xFF73646F,0xFF665860,0xFF433F48,
    0xFF35414D,0xFF233442,0xFF454B5B,0xFF1C2F43,0xFF11253D,0xFF1B2A42,0xFF1A2A43,0xFF203049,
    0xFF1B2B44,0xFF1A2A42,0xFF25354A,0xFF223248,0xFF1B2B40,0xFF15293E,0xFF25374C,0xFF283346,
    0xFF404559,0xFF3C3E53,0xFF2E3347,0xFF273349,0xFF25334B,0xFF233249,0xFF27364D,0xFF29384F,
    0xFF293951,0xFF1F3249,0xFF2E4158,0xFF263950,0xFF20334C,0xFF20354E,0xFF253952,0xFF243851,
    0xFF20354D,0xFF1D314A,0xFF33445B,0xFF3F4F64,0xFF192D45,0xFF2F445C,0xFF27394F,0xFF1F2F45,
    0xFF21364E,0xFF1D314A,0xFF2F4157,0xFF233449,0xFF1F324A,0xFF26364F,0xFF2D3B55,0xFF26354C,
    0xFF2B3A4E,0xFF344054,0xFF2B364B,0xFF3D4559,0xFF394154,0xFF363E51,0xFF353D50,0xFF303B4E,
    0xFF343F53,0xFF2B364A,0xFF2F3A4D,0xFF333C4D,0xFF3B4254,0xFF373C4F,0xFF37394B,0xFF454454,
    0xFF43495D,0xFF373D53,0xFF444759,0xFF434556,0xFF444354,0xFF494755,0xFF524D5B,0xFF524B59,
    0xFF534C5A,0xFF4E4756,0xFF584D5B,0xFF594B58,0xFF5D4E58,0xFF5C4A54,0xFF7A646B,0xFF846B6F,
    0xFF947777,0xFF896967,0xFF80625F,0xFF795754,0xFFA9837E,0xFFBD9590,0xFFB38A84,0xFFBB8D87,
    0xFFA37169,0xFF936059,0xFF935E57,0xFF935A4F,0xFF9B5F51,0xFF9D5B50,0xFFCD796A,0xFFCD7A42,
    0xFFE5B944,0xFFFFF35F,0xFFF3EB52,0xFFF4EE5B,0xFFFCF36D,0xFFFAF57B,0xFFF3E677,0xFFF9ED88,
    0xFFFDF89A,0xFFFBF69E,0xFFF6EE94,0xFFF7F89F,0xFFFAFFB2,0xFFF8FECE,0xFFFBFDE1,0xFFFCFCB8,
    0xFFF6EF8D,0xFFFEF9B5,0xFFFFFCE6,0xFFFDFBFC,0xFFFCF9FF,0xFFFDFDFA,0xFFFDFFF1,0xFFFFFFEF,
    0xFFFCF6B4,0xFFF0DF69,0xFFF3D469,0xFFF5D57A,0xFFFDEE8C,0xFFFFF98B,0xFFFEF875,0xFFFFF366,
    0xFFFAE25E,0xFFEDBF4F,0xFFD98636,0xFFE47745,0xFFDD7345,0xFFCF7738,0xFFD48435,0xFFD38F2C,
    0xFFF7C24D,0xFFFFCF44,0xFFFACB30,0xFFFCC634,0xFFFBC52B,0xFFF8C12A,0xFFFFCF48,0xFFD5A346,
    0xFF75421B,0xFF66382A,0xFF6F4441,0xFF734A47,0xFF664142,0xFF5F3F3A,0xFF5F433F,0xFF573E41,
    0xFF563F42,0xFF513C41,0xFF5D494C,0xFF5A4648,0xFF513C3E,0xFF503C3E,0xFF4E4049,0xFF3E343F,
    0xFF37333E,0xFF3A3844,0xFF36323F,0xFF34313D,0xFF312D3A,0xFF2E2B38,0xFF2E2E3B,0xFF292936,
    0xFF2F303D,0xFF312F3B,0xFF37333B,0xFF4A3841,0xFF473844,0xFF222935,0xFF272D38,0xFF1F2630,
    0xFF1D2939,0xFF1E2839,0xFF1D2637,0xFF1E2738,0xFF202A3B,0xFF182434,0xFF1B2435,0xFF21283A,
    0xFF23283B,0xFF232738,0xFF212232,0xFF242533,0xFF423D49,0xFF2E2632,0xFF2F3140,0xFF1A2438,
    0xFF182435,0xFF1C2737,0xFF192434,0xFF202B3B,0xFF131F31,0xFF142233,0xFF142133,0xFF1A2638,
    0xFF0C151E,0xFF030912,0xFF05090F,0xFF23252A,0xFF07090C,0xFF01050B,0xFF09121B,0xFF070F1B,
    0xFF070E1B,0xFF08131E,0xFF2C3036,0xFF1F2225,0xFF101419,0xFF12161C,0xFF1D212A,0xFF10131B,
    0xFF0F151E,0xFF0C151F,0xFF0A141F,0xFF161E2A,0xFF21242D,0xFF080B14,0xFF101824,0xFF161E28,
    0xFF12161B,0xFF131920,0xFF19232D,0xFF172029,0xFF17232F,0xFF11202F,0xFF182A3C,0xFF24374B,
    0xFF21364C,0xFF132B43,0xFF10263C,0xFF13283D,0xFF0A1F34,0xFF0B2036,0xFF051E35,0xFF0E2435,
    0xFF1B2A3B,0xFF1C273D,0xFF0F1F32,0xFF102233,0xFF152638,0xFF172839,0xFF112433,0xFF192C3B,
    0xFF0A1D2B,0xFF0B1E31,0xFF09182C,0xFF1D2534,0xFF273142,0xFF07172C,0xFF0D1F35,0xFF04172B,
    0xFF0A1E32,0xFF091C2D,0xFF212933,0xFF433F45,0xFF4B454C,0xFF474954,0xFF232F3A,0xFF101F2E,
    0xFF142031,0xFF182432,0xFF152334,0xFF132235,0xFF162739,0xFF152636,0xFF102131,0xFF0F2030,
    0xFF516070,0xFF88919E,0xFF9CA5B1,0xFF6A7A8C,0xFF546574,0xFF9DACBB,0xFF728291,0xFF7E8F9F,
    0xFF808F9B,0xFFAAADB1,0xFFB1B0B7,0xFF929BAD,0xFF2C4055,0xFF5D6E7F,0xFF46586C,0xFF344A61,
    0xFF33445A,0xFFABB1BF,0xFFA7A9B2,0xFFA3A6AD,0xFFA4A9B3,0xFF8F97A7,0xFF515667,0xFFABAEB7,
    0xFF9A9DA5,0xFF959AA3,0xFF949CA6,0xFFB5BBCC,0xFF40495A,0xFF8792A3,0xFF434F5D,0xFF84919F,
    0xFF233D54,0xFF031E38,0xFF515E6C,0xFFC0BEC6,0xFF8E95A4,0xFF2C3B51,0xFF11233A,0xFFA9ADB4,
    0xFF808A92,0xFF17273B,0xFF8F969F,0xFF61636D,0xFF514D59,0xFF6A6167,0xFF645860,0xFF5F575E,
    0xFF323843,0xFF223140,0xFF3F434F,0xFF182B3D,0xFF11283E,0xFF192941,0xFF182841,0xFF1C2D45,
    0xFF1E2E47,0xFF1B2B41,0xFF28374B,0xFF1E2D41,0xFF26354A,0xFF243249,0xFF1F3045,0xFF1B2A3C,
    0xFF373D50,0xFF464B5F,0xFF262F42,0xFF1F2D43,0xFF1E2F45,0xFF1F2E45,0xFF223249,0xFF25354C,
    0xFF25354C,0xFF233349,0xFF24354B,0xFF2F3F55,0xFF26384F,0xFF1E324B,0xFF263952,0xFF21354E,
    0xFF1F334C,0xFF233750,0xFF22364F,0xFF1C3048,0xFF243B53,0xFF1C324A,0xFF21344C,0xFF24364F,
    0xFF20354E,0xFF233750,0xFF33445A,0xFF26374C,0xFF22364D,0xFF283851,0xFF2C3B55,0xFF27354B,
    0xFF313E4F,0xFF2E3B4F,0xFF26324A,0xFF394459,0xFF3B4355,0xFF343D4F,0xFF394154,0xFF2C364A,
    0xFF3B465A,0xFF2D384C,0xFF2F3A4D,0xFF313A4B,0xFF3C4355,0xFF404558,0xFF3A3D50,0xFF3A3E51,
    0xFF39425A,0xFF3A4055,0xFF444759,0xFF404455,0xFF454656,0xFF4A4A57,0xFF4C4957,0xFF4A4553,
    0xFF524E5C,0xFF4F4B59,0xFF544B5A,0xFF5A4D5C,0xFF5A4C58,0xFF62525D,0xFF65535C,0xFF6B555B,
    0xFF795E62,0xFF8F7272,0xFF806564,0xFF7C5E5D,0xFF8A6664,0xFF906A68,0xFF986F6D,0xFF8F635F,
    0xFF8C5C57,0xFF95625C,0xFF986159,0xFFA0655A,0xFFA16354,0xFF9F5C52,0xFFB06258,0xFFC27050,
    0xFFCB8744,0xFFEAC755,0xFFFFF26A,0xFFFEF36C,0xFFFBE16C,0xFFE7A74E,0xFFDB8835,0xFFE69443,
    0xFFECA650,0xFFECA444,0xFFE99C34,0xFFF2AE3F,0xFFF7D86E,0xFFFCF7BD,0xFFFEEFC5,0xFFF4D556,
    0xFFF3D617,0xFFF6E438,0xFFF9EF7F,0xFFFEF9CA,0xFFFFFFE3,0xFFFEFECA,0xFFFEFAB4,0xFFFDF4AA,
    0xFFFDDF59,0xFFFBCC23,0xFFF9B725,0xFFF1A72A,0xFFE8AB3A,0xFFF1CC61,0xFFF6D66F,0xFFE5B14E,
    0xFFD98D31,0xFFD98336,0xFFE17D4B,0xFFD7784A,0xFFD2794D,0xFFD47455,0xFFD26D53,0xFFC96C45,
    0xFFC87A3D,0xFFD9A442,0xFFF2CE49,0xFFFED545,0xFFFFDA3A,0xFFFFE052,0xFFD5AC4C,0xFF794522,
    0xFF6B3A2C,0xFF774E3C,0xFF6F4742,0xFF664043,0xFF5E3E3E,0xFF5B3E3E,0xFF573D3D,0xFF52393B,
    0xFF523B3F,0xFF533F44,0xFF564144,0xFF483536,0xFF4A3638,0xFF584446,0xFF42353E,0xFF372D39,
    0xFF383441,0xFF373643,0xFF2E2C3A,0xFF2F2D3B,0xFF2F2C3B,0xFF2D2D3A,0xFF2B2C37,0xFF2B2A36,
    0xFF322E3B,0xFF2D2D38,0xFF2A2D32,0xFF523E47,0xFF493B47,0xFF1F2735,0xFF1F2839,0xFF1E2738,
    0xFF1E2738,0xFF212A3B,0xFF1F2839,0xFF20293A,0xFF1D2737,0xFF1A2433,0xFF1F2636,0xFF24283A,
    0xFF282C3D,0xFF2F3340,0xFF2C2C38,0xFF342E3B,0xFF39323E,0xFF302E3A,0xFF151B2B,0xFF111F32,
    0xFF1A283A,0xFF182535,0xFF132131,0xFF182535,0xFF13202F,0xFF182535,0xFF192636,0xFF1A2637,
    0xFF08121C,0xFF050D15,0xFF03060B,0xFF1B191B,0xFF544948,0xFF242021,0xFF050A0E,0xFF101920,
    0xFF0B1421,0xFF030D18,0xFF0A1014,0xFF292C2C,0xFF212325,0xFF1F2026,0xFF1C1E27,0xFF25282F,
    0xFF1C2129,0xFF0A111B,0xFF131D28,0xFF141C24,0xFF242628,0xFF2D2F32,0xFF07111A,0xFF121D28,
    0xFF1C232B,0xFF0C151E,0xFF081420,0xFF0C1721,0xFF121C26,0xFF19232C,0xFF131E29,0xFF111D2D,
    0xFF213143,0xFF25374B,0xFF162B43,0xFF132941,0xFF0C2138,0xFF13273D,0xFF0C213C,0xFF0C2236,
    0xFF102435,0xFF17283D,0xFF18293B,0xFF07182B,0xFF0F2033,0xFF112335,0xFF041827,0xFF061A29,
    0xFF0A1E2C,0xFF071B2E,0xFF07182D,0xFF131E2D,0xFF283343,0xFF08182D,0xFF0B1D33,0xFF091D31,
    0xFF061C30,0xFF03192B,0xFF1D2833,0xFF444649,0xFF3F3D40,0xFF39383E,0xFF1A222B,0xFF1D2B38,
    0xFF232D3C,0xFF343A45,0xFF1E2937,0xFF111F2F,0xFF102131,0xFF102334,0xFF0F2133,0xFF16293A,
    0xFF061728,0xFF232F3E,0xFF8391A2,0xFF586E85,0xFF263C51,0xFF24394D,0xFF253B4E,0xFF304558,
    0xFF8D94A1,0xFFA5A2A6,0xFFA8A9B0,0xFF526374,0xFF566B7F,0xFF8F9FAE,0xFF5B6C7F,0xFF35475C,
    0xFFA6ACB8,0xFFB1AEB2,0xFFABABB2,0xFF8C949F,0xFF80909F,0xFF6A778A,0xFF8C8D9B,0xFFA4A4AB,
    0xFF9DA1AA,0xFF616B78,0xFF768495,0xFF4D586C,0xFF566173,0xFF647080,0xFF586572,0xFF697988,
    0xFF09273F,0xFF0C283F,0xFF858F9A,0xFFC1C1C6,0xFF677584,0xFF0C2137,0xFF41525E,0xFFC4C2C7,
    0xFF55596D,0xFF586674,0xFFA9ACAD,0xFF49474F,0xFF606069,0xFF505155,0xFF433E47,0xFF605961,
    0xFF313441,0xFF2A3648,0xFF41444F,0xFF162939,0xFF12293F,0xFF172A41,0xFF192941,0xFF1C2C44,
    0xFF1E2E47,0xFF17263D,0xFF1E2D40,0xFF223043,0xFF1B2A3D,0xFF242C44,0xFF1F2B41,0xFF1D2F40,
    0xFF232F40,0xFF2B3548,0xFF2C384B,0xFF223347,0xFF1C3146,0xFF1E3046,0xFF1F3147,0xFF213249,
    0xFF25374D,0xFF243549,0xFF203145,0xFF2D3E51,0xFF2C3E54,0xFF23364F,0xFF243751,0xFF1D324B,
    0xFF22364E,0xFF21364E,0xFF21364F,0xFF213752,0xFF213A51,0xFF21384F,0xFF223750,0xFF273954,
    0xFF223750,0xFF263A52,0xFF324359,0xFF27384E,0xFF22354D,0xFF273850,0xFF2E3C57,0xFF29374D,
    0xFF3A4555,0xFF2F3B4F,0xFF26334C,0xFF323D53,0xFF353D4F,0xFF31394C,0xFF42485C,0xFF2A3447,
    0xFF3D485C,0xFF333D51,0xFF2F3A4E,0xFF313A4B,0xFF394053,0xFF414558,0xFF3E4153,0xFF3C4156,
    0xFF353F57,0xFF3C4257,0xFF3E4052,0xFF3F4555,0xFF434655,0xFF494A57,0xFF575462,0xFF4B4755,
    0xFF4F4B59,0xFF514E5B,0xFF544C5B,0xFF5A4F5E,0xFF5A4E5B,0xFF60505C,0xFF64545E,0xFF634F58,
    0xFF664E53,0xFF80676A,0xFF7B6264,0xFF6F5354,0xFF785656,0xFF785454,0xFF7E5756,0xFF875C5B,
    0xFF8F5F5D,0xFF97645E,0xFF9E675C,0xFFA06557,0xFFA66755,0xFFA76354,0xFFA4624D,0xFFA96549,
    0xFFB15F45,0xFFC2763F,0xFFDAA450,0xFFEDBF65,0xFFD59146,0xFFE18342,0xFFF38545,0xFFF78A42,
    0xFFF48F42,0xFFF58B3D,0xFFFF9038,0xFFFC9835,0xFFF29D3A,0xFFF6B153,0xFFF2BB47,0xFFF7BF1E,
    0xFFFECB19,0xFFFEDB1A,0xFFFBEA2F,0xFFF9F269,0xFFFBF081,0xFFF6E35E,0xFFF9DE46,0xFFFAD53F,
    0xFFFACA30,0xFFFCBD22,0xFFFFB033,0xFFFCA335,0xFFF89C37,0xFFEE963B,0xFFF08B36,0xFFEF7D34,
    0xFFEC7F40,0xFFE78043,0xFFDB7D4A,0xFFD8794F,0xFFDD7753,0xFFD67550,0xFFD2784B,0xFFCB754D,
    0xFFCA7552,0xFFC26D42,0xFFC47037,0xFFDF9F47,0xFFEAB64D,0xFFAC772E,0xFF6E351E,0xFF7A4233,
    0xFF835041,0xFF784C39,0xFF694140,0xFF613F3F,0xFF5D3F3F,0xFF583E44,0xFF543B3F,0xFF5F4547,
    0xFF553F42,0xFF503C41,0xFF503B3D,0xFF564144,0xFF614C4E,0xFF493639,0xFF3B2E37,0xFF3C333D,
    0xFF39333D,0xFF2D2A35,0xFF2E2C39,0xFF33323F,0xFF343241,0xFF2D2D3A,0xFF292B35,0xFF312E3A,
    0xFF453E4A,0xFF2C2E38,0xFF242C30,0xFF584750,0xFF3A313A,0xFF1B2434,0xFF20273C,0xFF1F2539,
    0xFF212537,0xFF1F2738,0xFF1E2738,0xFF1C2535,0xFF182132,0xFF1F2635,0xFF222938,0xFF272A3B,
    0xFF252838,0xFF282B37,0xFF26232F,0xFF392F38,0xFF3F3945,0xFF171B2B,0xFF1A2232,0xFF1B2838,
    0xFF172436,0xFF192538,0xFF142134,0xFF162336,0xFF141F31,0xFF182234,0xFF152030,0xFF131C2C,
    0xFF010E15,0xFF071217,0xFF232929,0xFF252421,0xFF4F4542,0xFF443A3C,0xFF3F3736,0xFF2E2F31,
    0xFF08121C,0xFF111A24,0xFF09131C,0xFF161C20,0xFF262021,0xFF4C4143,0xFF2A282B,0xFF0A1621,
    0xFF11151F,0xFF262229,0xFF22202B,0xFF2F3236,0xFF05090B,0xFF262B2F,0xFF191F25,0xFF020915,
    0xFF0B1521,0xFF171F2B,0xFF131B26,0xFF121C26,0xFF0E1925,0xFF0A1826,0xFF13202D,0xFF111C29,
    0xFF111D2A,0xFF1A2733,0xFF18293C,0xFF13263C,0xFF0C2235,0xFF152D3E,0xFF0F243A,0xFF102439,
    0xFF0E2034,0xFF162739,0xFF1B2B3C,0xFF0A1C2F,0xFF061C32,0xFF0A2037,0xFF07192D,0xFF0A1B2D,
    0xFF1E2B3A,0xFF1F2B3A,0xFF071827,0xFF0B1E2E,0xFF273347,0xFF0D1B2F,0xFF0A1C2D,0xFF0F2032,
    0xFF0E2032,0xFF061B2D,0xFF0B1C2C,0xFF192330,0xFF2F323C,0xFF534E53,0xFF3D3D44,0xFF0A131B,
    0xFF333C43,0xFF45494E,0xFF0E1E2E,0xFF13253B,0xFF102033,0xFF122337,0xFF102137,0xFF0A1B2F,
    0xFF1E2A3B,0xFF101C2C,0xFF0D1F31,0xFF22374B,0xFF42576D,0xFF5D7187,0xFF40566B,0xFF475B6F,
    0xFFA7A9B5,0xFFB5B3BD,0xFFA3A9B8,0xFF465367,0xFF788A99,0xFF3C5564,0xFF748192,0xFFA0A5B2,
    0xFFAAAEB3,0xFFA2A3A5,0xFFACB1B7,0xFF7A8491,0xFF79889A,0xFF657485,0xFFA7ABB4,0xFFA9AAAF,
    0xFF8A929C,0xFF455769,0xFF243F57,0xFF0B203A,0xFF62758B,0xFF2B394C,0xFF6F7B8C,0xFF21384F,
    0xFF152F48,0xFF3A4C60,0xFFA2A6AE,0xFFA4A8B2,0xFF374A61,0xFF13273F,0xFF868D97,0xFFACAFB6,
    0xFF414857,0xFFACACB8,0xFF7E767C,0xFF554B50,0xFF6B6871,0xFF2B3448,0xFF363343,0xFF55525F,
    0xFF2B333E,0xFF2C353F,0xFF434652,0xFF192C3C,0xFF1A2B3F,0xFF152D3C,0xFF172C3C,0xFF1B2D41,
    0xFF1E2E44,0xFF192A3F,0xFF1D2C3E,0xFF252D42,0xFF232E42,0xFF29354A,0xFF273348,0xFF263546,
    0xFF21313F,0xFF1E2E42,0xFF2D384E,0xFF2D384E,0xFF1B2C41,0xFF1F3048,0xFF1F3048,0xFF21334B,
    0xFF23344C,0xFF2C3C53,0xFF23334A,0xFF24344B,0xFF29374F,0xFF29364F,0xFF273950,0xFF20344A,
    0xFF213850,0xFF1F3852,0xFF1E3650,0xFF1F3751,0xFF21374F,0xFF233750,0xFF22364F,0xFF253952,
    0xFF23344D,0xFF293952,0xFF32425B,0xFF25364E,0xFF23364E,0xFF273750,0xFF2B3A54,0xFF2B374E,
    0xFF3C4556,0xFF2E394E,0xFF28334D,0xFF2D374E,0xFF343D51,0xFF2F364D,0xFF43445B,0xFF313B4D,
    0xFF30394C,0xFF384053,0xFF2B3849,0xFF2D3A50,0xFF343D51,0xFF494C5C,0xFF464554,0xFF434257,
    0xFF383F52,0xFF41485B,0xFF45485B,0xFF404255,0xFF464658,0xFF484656,0xFF5A5765,0xFF54505F,
    0xFF4D4958,0xFF524E5D,0xFF524B5A,0xFF594F5D,0xFF5D515E,0xFF60535D,0xFF665764,0xFF614F5A,
    0xFF6A5761,0xFF6A555C,0xFF6D535A,0xFF775B60,0xFF74565A,0xFF816061,0xFF7F5857,0xFF88605D,
    0xFF8B605C,0xFF946560,0xFF99645F,0xFF9D645B,0xFFA5695C,0xFFA76558,0xFFA86454,0xFFAE6552,
    0xFFB56652,0xFFC16D52,0xFFD17B51,0xFFD67B4A,0xFFE48357,0xFFED8B57,0xFFED8850,0xFFF28B4E,
    0xFFF48E4D,0xFFF8934B,0xFFFC9549,0xFFFD9744,0xFFFF9945,0xFFFE993A,0xFFFCA52A,0xFFFEB323,
    0xFFFEC020,0xFFFDC820,0xFFF8C61F,0xFFF7C828,0xFFFAC524,0xFFFBC220,0xFFFDBF1F,0xFFFCBA1D,
    0xFFFEB32B,0xFFFDA92E,0xFFFEA136,0xFFFD9A3A,0xFFFC953C,0xFFF78D3F,0xFFF3823F,0xFFF28147,
    0xFFE97E48,0xFFE67D4B,0xFFE07B4C,0xFFDD7B52,0xFFD5764F,0xFFD3774E,0xFFD1774D,0xFFCD754E,
    0xFFCA7752,0xFFD17E5B,0xFFCF7756,0xFFA96542,0xFF804322,0xFF753A26,0xFF82493D,0xFF895042,
    0xFF854D44,0xFF704641,0xFF5F3F3E,0xFF5D3E3D,0xFF5C3E3F,0xFF573B3F,0xFF604547,0xFF5B4247,
    0xFF4D3B41,0xFF594748,0xFF55413E,0xFF624849,0xFF553D42,0xFF403338,0xFF3C3540,0xFF39333E,
    0xFF342B35,0xFF39323C,0xFF3A353F,0xFF34323E,0xFF2C2D3B,0xFF282C3B,0xFF2C2F3C,0xFF3C323E,
    0xFF44383E,0xFF2E2B33,0xFF24232D,0xFF4C444A,0xFF33323A,0xFF1B2130,0xFF222839,0xFF1F2536,
    0xFF202636,0xFF1F2737,0xFF1D2635,0xFF192232,0xFF212938,0xFF222532,0xFF30323F,0xFF2B2C3A,
    0xFF1B1F2D,0xFF292E3C,0xFF2A2331,0xFF453B43,0xFF262731,0xFF172232,0xFF202A39,0xFF182231,
    0xFF192537,0xFF182439,0xFF131F34,0xFF131F34,0xFF112035,0xFF1C2035,0xFF1E2732,0xFF2B2934,
    0xFF0E1015,0xFF07090D,0xFF0A0C10,0xFF1E1D1F,0xFF15100F,0xFF16131A,0xFF2F2C31,0xFF24282C,
    0xFF040D15,0xFF081119,0xFF101820,0xFF031522,0xFF000714,0xFF453633,0xFF6F5B4E,0xFF1D1B19,
    0xFF161817,0xFF363837,0xFF050E11,0xFF131D25,0xFF061019,0xFF09141D,0xFF030D16,0xFF151C27,
    0xFF1A212B,0xFF0F1520,0xFF1C242E,0xFF0D161F,0xFF101B26,0xFF081623,0xFF0A1623,0xFF17232E,
    0xFF1B2732,0xFF0D1924,0xFF101B29,0xFF0B192A,0xFF0C2132,0xFF152F43,0xFF10263D,0xFF0B2138,
    0xFF12273F,0xFF0B2036,0xFF18283B,0xFF0D1F33,0xFF081E34,0xFF0B2137,0xFF132437,0xFF0A1A2B,
    0xFF111F2E,0xFF212A3B,0xFF192535,0xFF041727,0xFF122438,0xFF0F1F32,0xFF0B1C2D,0xFF091A2C,
    0xFF0E1F30,0xFF0C2134,0xFF0A1C2D,0xFF283241,0xFF313541,0xFF3E3942,0xFF4D4A55,0xFF191B26,
    0xFF343942,0xFF272D34,0xFF0E1B2B,0xFF122134,0xFF122033,0xFF101F32,0xFF142234,0xFF0B192D,
    0xFF11202E,0xFF2A3743,0xFF192534,0xFF121C2F,0xFF1E2D3E,0xFF475668,0xFF5E6E7F,0xFF9CABBC,
    0xFFA6B2C1,0xFF798290,0xFF536274,0xFF283E55,0xFF3A5266,0xFF193447,0xFF778593,0xFF9797A2,
    0xFFABACB3,0xFFA6A8B1,0xFFA5B0BF,0xFF536478,0xFF6F7884,0xFF8E9097,0xFFADB6C2,0xFF8391A0,
    0xFF667889,0xFF2B4258,0xFF132D46,0xFF5F7289,0xFF2A3B52,0xFF2E3F53,0xFF304055,0xFF21374F,
    0xFF193048,0xFF708092,0xFF444C59,0xFF798595,0xFF22364E,0xFF344256,0xFFB7BEC8,0xFF666C76,
    0xFF696D76,0xFFB2ABB1,0xFF5F5961,0xFF635E68,0xFF585866,0xFF162035,0xFF4B4B58,0xFF474550,
    0xFF383943,0xFF46454F,0xFF3B3E49,0xFF182939,0xFF243145,0xFF182D3B,0xFF223443,0xFF1F3041,
    0xFF1B2B40,0xFF1C2E42,0xFF1C2B3D,0xFF2F364C,0xFF293347,0xFF1A2B3E,0xFF223144,0xFF293546,
    0xFF273041,0xFF273548,0xFF242D43,0xFF30394F,0xFF213044,0xFF1E2E45,0xFF1F2F46,0xFF202F47,
    0xFF213149,0xFF27374E,0xFF2B3B52,0xFF23334A,0xFF28374E,0xFF28364E,0xFF28384F,0xFF293B51,
    0xFF233850,0xFF203751,0xFF223852,0xFF233953,0xFF253952,0xFF263A53,0xFF243851,0xFF273B54,
    0xFF283952,0xFF2F3F58,0xFF3A4A63,0xFF273951,0xFF283B53,0xFF2D3D56,0xFF2C3A55,0xFF323E55,
    0xFF323D4F,0xFF374256,0xFF2D374E,0xFF253045,0xFF404C5D,0xFF3C4356,0xFF373D50,0xFF374354,
    0xFF31394D,0xFF394053,0xFF303C4E,0xFF313D53,0xFF343B50,0xFF414555,0xFF4B4A59,0xFF454358,
    0xFF383F51,0xFF3A4153,0xFF55586C,0xFF404155,0xFF48475A,0xFF535061,0xFF524F5D,0xFF565261,
    0xFF4D4958,0xFF524E5D,0xFF524B5A,0xFF584D5B,0xFF5E525F,0xFF5F535D,0xFF695A67,0xFF62525D,
    0xFF62505A,0xFF725D66,0xFF70575E,0xFF73595E,0xFF715459,0xFF846466,0xFF886261,0xFF815958,
    0xFF8B625F,0xFF8F615D,0xFF94625D,0xFF9B655D,0xFFA56B60,0xFFA6665B,0xFFA96457,0xFFAD6553,
    0xFFB26752,0xFFB4654B,0xFFC97652,0xFFDF845C,0xFFE4845B,0xFFE68357,0xFFEB8656,0xFFEE8654,
    0xFFF38B52,0xFFF6914B,0xFFFA954B,0xFFFB9446,0xFFFF9746,0xFFFD9940,0xFFFE9F38,0xFFFEA832,
    0xFFFFAA28,0xFFFBA41D,0xFFFAA71E,0xFFFEAD22,0xFFFCB020,0xFFFCB022,0xFFFEAF25,0xFFFDAB24,
    0xFFFEA62C,0xFFFFA132,0xFFFE9834,0xFFFE943A,0xFFF78E3D,0xFFF0853C,0xFFF08445,0xFFEB8049,
    0xFFE57E49,0xFFE37D4D,0xFFE17D50,0xFFDB7B51,0xFFD57A52,0xFFD07751,0xFFD07854,0xFFCF7956,
    0xFFC57957,0xFFB16C4E,0xFF965037,0xFF81422B,0xFF834936,0xFF865043,0xFF7C493D,0xFF7A4539,
    0xFF75423C,0xFF653E3C,0xFF5E403E,0xFF5D3E3D,0xFF5D3F40,0xFF5C4043,0xFF593E40,0xFF4E373B,
    0xFF4C3B41,0xFF4A3738,0xFF4B3432,0xFF5D4344,0xFF4C363A,0xFF413439,0xFF40353C,0xFF3D3139,
    0xFF43363D,0xFF473C43,0xFF353039,0xFF2E2B37,0xFF2B2A37,0xFF282936,0xFF2D2A33,0xFF362A32,
    0xFF4F4145,0xFF362B31,0xFF382D38,0xFF3C353E,0xFF282B38,0xFF1E2535,0xFF222838,0xFF1F2535,
    0xFF202636,0xFF212838,0xFF1C2433,0xFF1F2736,0xFF29303F,0xFF262735,0xFF343542,0xFF1F212E,
    0xFF2A2D39,0xFF252A35,0xFF32303D,0xFF3A3B45,0xFF1C2430,0xFF1E2A3B,0xFF192535,0xFF162232,
    0xFF1B2536,0xFF161F32,0xFF172032,0xFF131D2F,0xFF1C222F,0xFF322D3B,0xFF292F38,0xFF302E39,
    0xFF3A3235,0xFF241E22,0xFF07040A,0xFF252226,0xFF1A171A,0xFF0B1019,0xFF040B16,0xFF030A12,
    0xFF20292F,0xFF192128,0xFF081016,0xFF131F27,0xFF1B1C21,0xFF190C09,0xFF332821,0xFF705F59,
    0xFF483834,0xFF332D2B,0xFF1D1E1D,0xFF191B1F,0xFF2C2C2F,0xFF282527,0xFF2D2D2F,0xFF0B121B,
    0xFF2C2E33,0xFF0B0F16,0xFF1E262F,0xFF121A23,0xFF121B25,0xFF0C1723,0xFF0C1825,0xFF0F1B27,
    0xFF0A1622,0xFF121E2A,0xFF1F2832,0xFF1C2733,0xFF0D1F30,0xFF0C2237,0xFF1A2F44,0xFF0C2138,
    0xFF102841,0xFF072038,0xFF0E2236,0xFF112438,0xFF05192D,0xFF091C2F,0xFF152536,0xFF102030,
    0xFF071728,0xFF182134,0xFF1E2638,0xFF071A2A,0xFF0A2032,0xFF0C1E30,0xFF0F2031,0xFF0A1B2D,
    0xFF0A1B2D,0xFF071C2F,0xFF0B1D2E,0xFF16202E,0xFF3E424F,0xFF272836,0xFF2C2D3A,0xFF444451,
    0xFF252734,0xFF242B36,0xFF242A37,0xFF3C4252,0xFF0C1628,0xFF152031,0xFF3F4653,0xFF1B2637,
    0xFF051725,0xFF1D2D37,0xFF39414E,0xFF292A3A,0xFF202938,0xFF071322,0xFF202B39,0xFF5D6A79,
    0xFF213649,0xFF1F3242,0xFF556C7E,0xFF1A364C,0xFF405970,0xFF596F84,0xFF77838E,0xFFB0B2B9,
    0xFFADAEB9,0xFFA2A7B4,0xFF495971,0xFF293F57,0xFF989DA6,0xFFBCB8BB,0xFF67788B,0xFF344F69,
    0xFF213B53,0xFF122D45,0xFF2B455C,0xFF425266,0xFF2C3B50,0xFF304157,0xFF2C3F57,0xFF1E3249,
    0xFF596A80,0xFF48576B,0xFF344356,0xFF4D6077,0xFF15283F,0xFF747F8F,0xFF87919E,0xFF2C3541,
    0xFFA0A0A9,0xFF867D82,0xFF5B5863,0xFF5C5E6E,0xFF3A3F50,0xFF2A3042,0xFF5F6069,0xFF35323A,
    0xFF564D57,0xFF635661,0xFF3E4049,0xFF1A2938,0xFF30374B,0xFF253342,0xFF2B3546,0xFF253243,
    0xFF202E42,0xFF18293C,0xFF212F42,0xFF2A3247,0xFF202A3E,0xFF182A3D,0xFF17293C,0xFF263042,
    0xFF33384B,0xFF2C384A,0xFF252D41,0xFF3B4256,0xFF243144,0xFF202F45,0xFF26354B,0xFF243349,
    0xFF24344A,0xFF213148,0xFF25354C,0xFF25354C,0xFF223349,0xFF2B3C53,0xFF2A3951,0xFF293A50,
    0xFF273B52,0xFF21364E,0xFF22364F,0xFF253A52,0xFF263B54,0xFF263952,0xFF253952,0xFF263A53,
    0xFF293C54,0xFF2C3F57,0xFF2B3E56,0xFF283B53,0xFF293C54,0xFF283851,0xFF283751,0xFF2A384E,
    0xFF394657,0xFF384255,0xFF4A5165,0xFF2D374A,0xFF404856,0xFF494E5A,0xFF313A4A,0xFF354152,
    0xFF3C4356,0xFF373C4F,0xFF313B4D,0xFF343D50,0xFF383F52,0xFF383D4F,0xFF434556,0xFF454459,
    0xFF3B4153,0xFF383F51,0xFF46495D,0xFF48495D,0xFF444355,0xFF4E4C5D,0xFF555261,0xFF514D5C,
    0xFF4F4B5A,0xFF524F5E,0xFF575160,0xFF584D5C,0xFF605461,0xFF5C4F5A,0xFF685965,0xFF64535F,
    0xFF66535D,0xFF6D5A62,0xFF715A62,0xFF6F565C,0xFF72575C,0xFF795B5E,0xFF846060,0xFF835C5C,
    0xFF825A59,0xFF916663,0xFF8F605C,0xFF96635B,0xFF9F685D,0xFF9F6459,0xFFA76759,0xFFAB6756,
    0xFFB06855,0xFFB46952,0xFFB5674B,0xFFD27C5C,0xFFDF8460,0xFFE2815D,0xFFE5835A,0xFFE78358,
    0xFFED8855,0xFFF49052,0xFFF7914F,0xFFFA934D,0xFFFB9449,0xFFFB9645,0xFFFF9E48,0xFFFB993F,
    0xFFF99231,0xFFFC952C,0xFFFF9C2B,0xFFFEA129,0xFFFDA029,0xFFFFA02D,0xFFFFA02F,0xFFFE9F30,
    0xFFFD9931,0xFFFF9737,0xFFFF923A,0xFFFC8E3E,0xFFF58842,0xFFF18645,0xFFED8349,0xFFE8814B,
    0xFFE27E4C,0xFFDD7B4D,0xFFE18056,0xFFDB7E54,0xFFD77E57,0xFFCE7A56,0xFFCC7A5A,0xFFD08164,
    0xFF975338,0xFF78402B,0xFF7D4437,0xFF874D40,0xFF834C40,0xFF77463E,0xFF6F403A,0xFF784942,
    0xFF6B423C,0xFF5D3B38,0xFF5F403E,0xFF624241,0xFF614244,0xFF563B3D,0xFF533A3C,0xFF4D393C,
    0xFF49383E,0xFF4C3739,0xFF634847,0xFF503838,0xFF473438,0xFF503F46,0xFF554345,0xFF49383A,
    0xFF4E3F43,0xFF3A2E35,0xFF2C2933,0xFF2E2A35,0xFF2D2833,0xFF37323B,0xFF3D3339,0xFF43383D,
    0xFF4B3D40,0xFF544549,0xFF4B3F49,0xFF292633,0xFF202536,0xFF232A3A,0xFF212737,0xFF212737,
    0xFF212737,0xFF1E2533,0xFF232A38,0xFF29303E,0xFF212735,0xFF262936,0xFF212330,0xFF272936,
    0xFF2A2C38,0xFF171C26,0xFF2C323D,0xFF212936,0xFF1B2332,0xFF191F30,0xFF161D2E,0xFF1D2535,
    0xFF1E2433,0xFF1D202F,0xFF1F2332,0xFF242938,0xFF373136,0xFF47383E,0xFF24252C,0xFF191923,
    0xFF252225,0xFF413D3E,0xFF2D2729,0xFF362E2E,0xFF494344,0xFF0E161F,0xFF010A16,0xFF111722,
    0xFF1B2126,0xFF23292E,0xFF11181F,0xFF131412,0xFF4B4038,0xFF4F4542,0xFF0B1113,0xFF332729,
    0xFF493A3D,0xFF21171C,0xFF574A4B,0xFF221B1A,0xFF3B322F,0xFF5A4A43,0xFF493E39,0xFF091017,
    0xFF393837,0xFF26292B,0xFF050E16,0xFF181D25,0xFF0F1720,0xFF0C1620,0xFF15202B,0xFF111D29,
    0xFF0B1723,0xFF0E1A25,0xFF101B24,0xFF121C26,0xFF162330,0xFF122031,0xFF192637,0xFF19293C,
    0xFF0C2137,0xFF0D253D,0xFF081F36,0xFF13273C,0xFF0E1F32,0xFF223142,0xFF152231,0xFF213041,
    0xFF0D1F32,0xFF132033,0xFF2A3545,0xFF0D2131,0xFF0E2033,0xFF09192C,0xFF0A1B2C,0xFF102133,
    0xFF0C1D2F,0xFF0C2033,0xFF091B2C,0xFF17212F,0xFF141926,0xFF0F1A2A,0xFF0B1423,0xFF404451,
    0xFF2B2E3D,0xFF172130,0xFF42434E,0xFF44414D,0xFF282E3E,0xFF171F2E,0xFF41424B,0xFF202837,
    0xFF051728,0xFF0D1E2E,0xFF1C2635,0xFF313644,0xFF242E3E,0xFF1A2636,0xFF1B2635,0xFF061323,
    0xFF0A2034,0xFF4D5F6F,0xFF687B8C,0xFF293F52,0xFF798797,0xFF414E5E,0xFFADB6BD,0xFF99A2A8,
    0xFF9AA2AF,0xFF7F8895,0xFF0F2237,0xFF64768A,0xFFBBC3CE,0xFF525B69,0xFF0C253E,0xFF17344D,
    0xFF1C374E,0xFF1D3952,0xFF1A354F,0xFF25384F,0xFF314157,0xFF2D3E52,0xFF3E4E63,0xFF293A50,
    0xFF677387,0xFF2A384D,0xFF354760,0xFF172B43,0xFF46586D,0xFF798698,0xFF152335,0xFF636F7E,
    0xFF888C96,0xFF6C6D7A,0xFF3B3D4B,0xFF565A6B,0xFF2A2D3D,0xFF54525C,0xFF534D54,0xFF4B4249,
    0xFF6A5D65,0xFF504049,0xFF43444D,0xFF202C39,0xFF393A50,0xFF3C4253,0xFF373A4B,0xFF242C3E,
    0xFF202D3F,0xFF1B2D3E,0xFF1E2D3F,0xFF252D42,0xFF273145,0xFF1D2D41,0xFF17263A,0xFF2F3A4C,
    0xFF313A4B,0xFF2A3646,0xFF2A3143,0xFF3D4355,0xFF2D394A,0xFF1D2A3F,0xFF2A374C,0xFF273348,
    0xFF233146,0xFF223249,0xFF23334A,0xFF26364D,0xFF213349,0xFF23354B,0xFF2B3B52,0xFF2B3A51,
    0xFF293A51,0xFF25384F,0xFF25374F,0xFF26384F,0xFF263952,0xFF243851,0xFF243851,0xFF283C55,
    0xFF22374F,0xFF22374F,0xFF233850,0xFF23384F,0xFF293B53,0xFF2C3C55,0xFF2F3D57,0xFF2E3D54,
    0xFF364557,0xFF2F394B,0xFF4D5363,0xFF4B5062,0xFF4B4A57,0xFF76717A,0xFF313846,0xFF2E394C,
    0xFF3A3E52,0xFF494C60,0xFF333B4D,0xFF373E50,0xFF383E50,0xFF3A3F52,0xFF393D51,0xFF434257,
    0xFF394052,0xFF3E4657,0xFF414458,0xFF46475B,0xFF474658,0xFF4D4A5B,0xFF4F4C5B,0xFF565261,
    0xFF534F5E,0xFF4D4958,0xFF5A5362,0xFF554B59,0xFF615562,0xFF5F525D,0xFF655662,0xFF675662,
    0xFF695760,0xFF6C5861,0xFF6D5862,0xFF6E575F,0xFF735B60,0xFF77595E,0xFF7D5B5D,0xFF835E5F,
    0xFF855E5E,0xFF88605E,0xFF946965,0xFF91615A,0xFF956357,0xFF9F675B,0xFFA2665A,0xFFA76656,
    0xFFAD6956,0xFFAF6A55,0xFFB66B58,0xFFBC6A52,0xFFD98261,0xFFDF825F,0xFFE1825B,0xFFE7865B,
    0xFFED8A5B,0xFFF08D55,0xFFF48F54,0xFFFB9455,0xFFFB9551,0xFFFD974F,0xFFF88E45,0xFFF48439,
    0xFFF78A39,0xFFF98E37,0xFFFA9334,0xFFFA9630,0xFFFE932F,0xFFFF9433,0xFFFF9535,0xFFFE9638,
    0xFFFC9039,0xFFFD903D,0xFFFA8D3F,0xFFF88942,0xFFF5874B,0xFFEE834A,0xFFE9824D,0xFFE5814E,
    0xFFE18051,0xFFDA7B50,0xFFDE8059,0xFFDC8059,0xFFD47C56,0xFFD38161,0xFFD3876A,0xFFA45E48,
    0xFF7C402C,0xFF844E3E,0xFF814B3F,0xFF824D43,0xFF77463D,0xFF6E4139,0xFF6F453E,0xFF6E4542,
    0xFF5F3E3A,0xFF5D3F3D,0xFF5F403E,0xFF5E3F3E,0xFF533536,0xFF614447,0xFF543D3E,0xFF4A393B,
    0xFF48373D,0xFF533B3F,0xFF5C3E3E,0xFF56403F,0xFF544447,0xFF4A383F,0xFF443031,0xFF503F40,
    0xFF3B2E34,0xFF342B35,0xFF2F2D37,0xFF342F38,0xFF39323A,0xFF4C4249,0xFF4B4147,0xFF352E33,
    0xFF392F36,0xFF473C43,0xFF2B2A34,0xFF1E2534,0xFF1F2734,0xFF202736,0xFF212737,0xFF202636,
    0xFF1F2535,0xFF232936,0xFF242936,0xFF232935,0xFF1E2330,0xFF232532,0xFF272835,0xFF323441,
    0xFF1F222F,0xFF1E2332,0xFF131C29,0xFF181D29,0xFF292A36,0xFF2A2B37,0xFF252532,0xFF2F303C,
    0xFF30303B,0xFF32313C,0xFF2F2E38,0xFF2E2D37,0xFF2A2428,0xFF413339,0xFF19191E,0xFF2E2B35,
    0xFF090D13,0xFF141417,0xFF302B2A,0xFF413533,0xFF2D2325,0xFF0A1219,0xFF09131E,0xFF080C16,
    0xFF15191C,0xFF16191D,0xFF181C20,0xFF1D2224,0xFF201D1A,0xFF514641,0xFF403C36,0xFF040B0B,
    0xFF0B161D,0xFF090F17,0xFF373235,0xFF434248,0xFF09060A,0xFF3B3230,0xFF3F3836,0xFF22282A,
    0xFF37342E,0xFF212221,0xFF0F181E,0xFF1E2127,0xFF1D232B,0xFF161F28,0xFF07111C,0xFF0E1A26,
    0xFF111D29,0xFF0B1724,0xFF0B1A25,0xFF0A1923,0xFF0F1924,0xFF202430,0xFF202631,0xFF1A2532,
    0xFF1B2B3D,0xFF12273D,0xFF0D233B,0xFF0F2439,0xFF0C1E31,0xFF1A2A3A,0xFF111E2D,0xFF233243,
    0xFF182A3F,0xFF061729,0xFF10202F,0xFF112333,0xFF121E32,0xFF1A283C,0xFF112335,0xFF0A1B2D,
    0xFF0B1C2E,0xFF0D2235,0xFF0E2031,0xFF2C3645,0xFF3D4451,0xFF091C2C,0xFF0A1A2A,0xFF131B28,
    0xFF3E4654,0xFF0F192A,0xFF43414A,0xFF3A333B,0xFF272D3B,0xFF171E2B,0xFF444046,0xFF3D424E,
    0xFF0A1B2E,0xFF07182D,0xFF0A1A2C,0xFF142130,0xFF182637,0xFF0B192B,0xFF273547,0xFF243446,
    0xFF0E2034,0xFF0A1727,0xFF1B2838,0xFF6E7C8B,0xFFABAEB6,0xFF90939E,0xFFA1A7AD,0xFF7D8A90,
    0xFF586572,0xFF858F99,0xFF5A6978,0xFF9AA6B3,0xFF445364,0xFF102B46,0xFF203D59,0xFF273C53,
    0xFF273E54,0xFF1A374F,0xFF183651,0xFF273D57,0xFF2B3E54,0xFF374558,0xFF384456,0xFF39485E,
    0xFF363F52,0xFF303D54,0xFF2A3D58,0xFF23344B,0xFF4A596E,0xFF14243C,0xFF1C2F46,0xFF4D5B6C,
    0xFF57606E,0xFF18253A,0xFF595E6E,0xFF575867,0xFF353441,0xFF675D62,0xFF594C51,0xFF615359,
    0xFF5E5055,0xFF584A4F,0xFF45464D,0xFF2B3543,0xFF3D3C50,0xFF2B2E3D,0xFF3E3F50,0xFF2C3244,
    0xFF273243,0xFF182839,0xFF29384A,0xFF252D42,0xFF252F43,0xFF2C374D,0xFF1B273B,0xFF212F40,
    0xFF233242,0xFF242F40,0xFF2A2F41,0xFF333749,0xFF273142,0xFF253044,0xFF2A3649,0xFF293548,
    0xFF233044,0xFF1E2E45,0xFF223249,0xFF28374E,0xFF22344A,0xFF1F3348,0xFF24354B,0xFF2E3B53,
    0xFF2A3A51,0xFF26394E,0xFF24364C,0xFF26394E,0xFF22364F,0xFF233750,0xFF263A52,0xFF293D56,
    0xFF273C54,0xFF263C53,0xFF263B53,0xFF263B52,0xFF293C54,0xFF293A52,0xFF2B3953,0xFF2B3B52,
    0xFF314253,0xFF333F4F,0xFF333A48,0xFF5A5C6E,0xFF534A58,0xFF82767E,0xFF494C5B,0xFF2D3649,
    0xFF32354A,0xFF484B60,0xFF404659,0xFF363B4D,0xFF3B4052,0xFF3A4153,0xFF3C4155,0xFF454458,
    0xFF3D4356,0xFF383F51,0xFF3F4256,0xFF414357,0xFF454457,0xFF494657,0xFF494655,0xFF4B4756,
    0xFF504C5B,0xFF4E4A59,0xFF5A5362,0xFF574D5B,0xFF5C505C,0xFF61545E,0xFF61535F,0xFF695964,
    0xFF67545D,0xFF6B5660,0xFF725D68,0xFF6C565F,0xFF745B63,0xFF74595E,0xFF7E5D60,0xFF846062,
    0xFF845F5F,0xFF865F5D,0xFF8D6461,0xFF946660,0xFF95655B,0xFF9E685D,0xFFA1675B,0xFFA66759,
    0xFFAF6D5B,0xFFAA6854,0xFFB26A5C,0xFFB76854,0xFFC57253,0xFFE08662,0xFFE3865F,0xFFE7895D,
    0xFFE88859,0xFFEB8956,0xFFF5915A,0xFFF99258,0xFFF48F51,0xFFEA8240,0xFFEC7D39,0xFFF6823B,
    0xFFFA8438,0xFFFD8737,0xFFFE8B39,0xFFFC8D36,0xFFFE8C32,0xFFFD8C33,0xFFFB8F36,0xFFFD923A,
    0xFFF98B3D,0xFFF88B41,0xFFF58941,0xFFF48645,0xFFF4844F,0xFFEC814D,0xFFE6814E,0xFFE07F4F,
    0xFFE08053,0xFFDD8056,0xFFD87D57,0xFFDA7F5A,0xFFDC8662,0xFFCB7C5E,0xFF9A5139,0xFF834330,
    0xFF874F3E,0xFF7D4737,0xFF874E3F,0xFF79473C,0xFF714339,0xFF6D4539,0xFF684238,0xFF623D3D,
    0xFF5E433F,0xFF593E3B,0xFF5C3C3B,0xFF593938,0xFF614445,0xFF63484B,0xFF4C3637,0xFF4E3D3F,
    0xFF422E33,0xFF563B3E,0xFF674849,0xFF594343,0xFF463739,0xFF412E35,0xFF513E40,0xFF403236,
    0xFF382F38,0xFF3B3743,0xFF2F2D38,0xFF39343D,0xFF393137,0xFF3C3239,0xFF322B34,0xFF24252D,
    0xFF2D2A34,0xFF2A2732,0xFF1E2734,0xFF1B2937,0xFF1E2830,0xFF202633,0xFF232939,0xFF1D2333,
    0xFF262C3C,0xFF232834,0xFF292D38,0xFF242833,0xFF272A35,0xFF292B39,0xFF323642,0xFF232632,
    0xFF1F202F,0xFF1B2034,0xFF171F2D,0xFF383541,0xFF3F3742,0xFF322D37,0xFF322D36,0xFF3A343D,
    0xFF1F1C23,0xFF241F27,0xFF2F2B32,0xFF2C2A32,0xFF221F26,0xFF3A3039,0xFF2D2E34,0xFF2A272E,
    0xFF0B1320,0xFF090E19,0xFF0B0C14,0xFF1D1E24,0xFF060B14,0xFF050D16,0xFF09111B,0xFF010811,
    0xFF1F2327,0xFF363233,0xFF232224,0xFF353A3D,0xFF2C2E30,0xFF181513,0xFF4C453F,0xFF212224,
    0xFF010A13,0xFF0D1924,0xFF020C17,0xFF28252A,0xFF393637,0xFF1B1817,0xFF292622,0xFF312B26,
    0xFF2A2825,0xFF1C2225,0xFF0B1318,0xFF34292F,0xFF272427,0xFF25312E,0xFF1F1F24,0xFF12171D,
    0xFF171D26,0xFF081627,0xFF0C1825,0xFF0B1925,0xFF0D1C29,0xFF151B23,0xFF252A30,0xFF0E1721,
    0xFF122130,0xFF152738,0xFF16293B,0xFF122638,0xFF12273C,0xFF092036,0xFF061C33,0xFF0C1F34,
    0xFF0D1D2F,0xFF132333,0xFF071828,0xFF192837,0xFF192633,0xFF142132,0xFF1B2B3E,0xFF091A2C,
    0xFF091D2E,0xFF051B2B,0xFF0F2230,0xFF0C1A28,0xFF1F2937,0xFF1E2B38,0xFF0A1B2C,0xFF1A2A39,
    0xFF1C2634,0xFF28303E,0xFF262B34,0xFF525256,0xFF282C33,0xFF282C38,0xFF4D4551,0xFF524A51,
    0xFF292F39,0xFF06182A,0xFF0D2236,0xFF0E2132,0xFF233040,0xFF212E3F,0xFF0A192A,0xFF112132,
    0xFF0A1B2E,0xFF182739,0xFF112132,0xFF0B1827,0xFF727D83,0xFFC9D1D8,0xFFA4A4AB,0xFF82858C,
    0xFF8B919C,0xFFA9B0BB,0xFF949BA6,0xFF3A475B,0xFF162945,0xFF233954,0xFF253A56,0xFF2F3C58,
    0xFF243853,0xFF19344D,0xFF263D57,0xFF324156,0xFF313E53,0xFF39475D,0xFF344358,0xFF334455,
    0xFF29394D,0xFF33425B,0xFF233550,0xFF2E3F5A,0xFF202C46,0xFF1F2D4D,0xFF243453,0xFF213249,
    0xFF172839,0xFF2F3C52,0xFF585F72,0xFF373640,0xFF655B63,0xFF574C54,0xFF595158,0xFF564D54,
    0xFF4D434A,0xFF655A5F,0xFF453F47,0xFF1F293B,0xFF464D5C,0xFF282A34,0xFF343C4D,0xFF303846,
    0xFF454B56,0xFF212938,0xFF1F2C3E,0xFF253143,0xFF232F41,0xFF263045,0xFF1E2F43,0xFF15293C,
    0xFF233045,0xFF283246,0xFF2A2F3F,0xFF373B4B,0xFF263043,0xFF1F2B3D,0xFF2F3B4D,0xFF263244,
    0xFF233244,0xFF1D2F45,0xFF203148,0xFF22334A,0xFF2A3A4F,0xFF233346,0xFF223348,0xFF283A52,
    0xFF27394D,0xFF2A394C,0xFF273649,0xFF203949,0xFF22394D,0xFF24384F,0xFF283952,0xFF293A55,
    0xFF283B53,0xFF263951,0xFF293B53,0xFF283B52,0xFF26394F,0xFF2A3A51,0xFF324158,0xFF2F3D53,
    0xFF2D3C51,0xFF35445A,0xFF2B3B52,0xFF465065,0xFF6A6570,0xFF5A4F55,0xFF585A67,0xFF333A4F,
    0xFF363E55,0xFF383E52,0xFF515161,0xFF2D3749,0xFF3D4557,0xFF434659,0xFF3B3F52,0xFF3F4154,
    0xFF4A4D60,0xFF3B3E51,0xFF3E4254,0xFF3F4454,0xFF464759,0xFF464657,0xFF4D4A5D,0xFF494659,
    0xFF4F4C5E,0xFF4E4B5E,0xFF5C5965,0xFF56525B,0xFF564E59,0xFF615762,0xFF61525D,0xFF675561,
    0xFF695561,0xFF68535F,0xFF725F65,0xFF6C585F,0xFF705962,0xFF745B62,0xFF775A5C,0xFF846465,
    0xFF825D5D,0xFF865F5E,0xFF89605D,0xFF936662,0xFF95635F,0xFF9C655D,0xFFA56A5F,0xFFA5665A,
    0xFFB16D60,0xFFAC6757,0xFFB06855,0xFFB76A53,0xFFBC6C52,0xFFCC755A,0xFFDE8464,0xFFE1835B,
    0xFFE98A5C,0xFFEF8F60,0xFFE68451,0xFFDF7941,0xFFE0763E,0xFFE5783F,0xFFED7C40,0xFFF27D3D,
    0xFFF7813D,0xFFF9843C,0xFFF9863C,0xFFF78438,0xFFF88839,0xFFF9893A,0xFFF78739,0xFFFA8A3C,
    0xFFF6853F,0xFFF68441,0xFFF38543,0xFFF28345,0xFFF2814C,0xFFE97F4C,0xFFE3804E,0xFFE48457,
    0xFFE4845E,0xFFDD805B,0xFFDB835F,0xFFDF8968,0xFFBC6F50,0xFF89482D,0xFF8A4736,0xFF8E4D39,
    0xFF824939,0xFF77453B,0xFF7D4A3F,0xFF734436,0xFF70443A,0xFF6A423A,0xFF6A4540,0xFF60403D,
    0xFF5C3E3A,0xFF5A3B38,0xFF654643,0xFF5F403D,0xFF5A403F,0xFF4D3938,0xFF594241,0xFF583B3A,
    0xFF5E403F,0xFF6A4B49,0xFF614348,0xFF432D32,0xFF39292B,0xFF584348,0xFF483A3D,0xFF3B3036,
    0xFF3B343E,0xFF2E2B36,0xFF302B35,0xFF322F3A,0xFF2B2936,0xFF282732,0xFF23252F,0xFF202836,
    0xFF222936,0xFF222430,0xFF242938,0xFF1E2535,0xFF232530,0xFF2B303E,0xFF1D2537,0xFF1D2435,
    0xFF212839,0xFF222A35,0xFF313644,0xFF1D202D,0xFF32353E,0xFF27263A,0xFF12212B,0xFF1E222A,
    0xFF463844,0xFF26232E,0xFF2F2E38,0xFF3F333F,0xFF1C1F2B,0xFF101626,0xFF282834,0xFF2F2B32,
    0xFF2B272D,0xFF412D33,0xFF433739,0xFF1A1C2A,0xFF312936,0xFF473E46,0xFF25242A,0xFF12181E,
    0xFF09141E,0xFF071018,0xFF01070E,0xFF181F26,0xFF0D141E,0xFF09101A,0xFF151C26,0xFF050E19,
    0xFF071018,0xFF121417,0xFF05070D,0xFF080E16,0xFF0E161B,0xFF14171A,0xFF21201F,0xFF202327,
    0xFF0D121A,0xFF0E151F,0xFF0D1721,0xFF101417,0xFF3B3B3C,0xFF322E2E,0xFF433E3E,0xFF242326,
    0xFF14161C,0xFF141B27,0xFF151E25,0xFF474040,0xFF423C3A,0xFF221E1A,0xFF554745,0xFF403633,
    0xFF342C2D,0xFF151820,0xFF1B1F25,0xFF1A2129,0xFF0A1624,0xFF101B26,0xFF131B23,0xFF1F2932,
    0xFF0C1A27,0xFF0D1E2E,0xFF122232,0xFF182A3B,0xFF162A3D,0xFF0B2136,0xFF0D2239,0xFF0A1D32,
    0xFF0C1D2F,0xFF0F2032,0xFF081B2B,0xFF192938,0xFF2B3946,0xFF122132,0xFF0D1D30,0xFF0B1D2E,
    0xFF091D2E,0xFF091C2C,0xFF142232,0xFF283242,0xFF0C1222,0xFF1B2634,0xFF0A1B2C,0xFF101F30,
    0xFF1D2936,0xFF12212C,0xFF161E28,0xFF3A3940,0xFF423F49,0xFF333A44,0xFF151F25,0xFF524E55,
    0xFF2D2F39,0xFF061828,0xFF091E32,0xFF142637,0xFF0D1C2C,0xFF374353,0xFF19212E,0xFF353C47,
    0xFF1F2E3D,0xFF091A2A,0xFF223242,0xFF142434,0xFF051622,0xFF4A5762,0xFF737A85,0xFF9FA5AF,
    0xFFA2ADB7,0xFF748492,0xFF283E50,0xFF1C314A,0xFF253954,0xFF223650,0xFF263954,0xFF233853,
    0xFF1B354E,0xFF203B53,0xFF2D405A,0xFF2C3D56,0xFF2B3C54,0xFF2C3E56,0xFF2F4058,0xFF304056,
    0xFF293B53,0xFF233851,0xFF1F384D,0xFF243F52,0xFF1C3951,0xFF1B2D3E,0xFF434755,0xFF4D586B,
    0xFF182B40,0xFF494C5A,0xFF353B4A,0xFF4A4D5B,0xFF59525B,0xFF423B45,0xFF544B53,0xFF423C43,
    0xFF4A4753,0xFF45424E,0xFF4E4750,0xFF22293A,0xFF404958,0xFF343843,0xFF2A313E,0xFF3C414C,
    0xFF40414A,0xFF363C49,0xFF152435,0xFF202D3D,0xFF253243,0xFF222E41,0xFF1C2C3F,0xFF18293C,
    0xFF243145,0xFF242F43,0xFF383E4D,0xFF383E4D,0xFF283346,0xFF212E40,0xFF2E3B4C,0xFF222F40,
    0xFF243244,0xFF203045,0xFF203045,0xFF1E2F44,0xFF2D3D51,0xFF253448,0xFF203045,0xFF23354D,
    0xFF28384D,0xFF2E384C,0xFF323C50,0xFF27394B,0xFF25394B,0xFF24374C,0xFF293A53,0xFF2A3B54,
    0xFF293B53,0xFF273951,0xFF2A3C54,0xFF283B53,0xFF293C52,0xFF2D3D54,0xFF36455C,0xFF2F3D54,
    0xFF2E3D52,0xFF36455B,0xFF3A4A60,0xFF303A4F,0xFF686672,0xFF676066,0xFF696672,0xFF484D62,
    0xFF2C344B,0xFF3E4154,0xFF605C68,0xFF343A4A,0xFF373F51,0xFF3E4255,0xFF3F4155,0xFF3A3D50,
    0xFF414457,0xFF46495C,0xFF3D4153,0xFF3F4454,0xFF464859,0xFF464557,0xFF4C4B5D,0xFF4F4B5E,
    0xFF4B485B,0xFF4E4B5E,0xFF54515E,0xFF56525C,0xFF564F5B,0xFF5E5461,0xFF645761,0xFF63535E,
    0xFF6A5864,0xFF695460,0xFF6E5B62,0xFF715C63,0xFF6E5860,0xFF745B62,0xFF755B5E,0xFF806264,
    0xFF836060,0xFF855E5E,0xFF89615F,0xFF906361,0xFF966662,0xFF98635C,0xFFA2695E,0xFFA5675C,
    0xFFAB685D,0xFFAC6859,0xFFAF6958,0xFFB36953,0xFFBF7159,0xFFC47058,0xFFD07A5C,0xFFE18763,
    0xFFE0835C,0xFFD3754E,0xFFCE6D42,0xFFD67143,0xFFDF7645,0xFFE57945,0xFFE87840,0xFFEF7B40,
    0xFFF27F41,0xFFF38140,0xFFF2803C,0xFFF3813B,0xFFF3833B,0xFFF4843C,0xFFF4843C,0xFFF7873F,
    0xFFF38241,0xFFF28243,0xFFEF8244,0xFFEF8246,0xFFEC8049,0xFFE98252,0xFFE6865C,0xFFD67A55,
    0xFFBB6343,0xFFA65232,0xFFAC5C3C,0xFFA5583C,0xFF8B442C,0xFF8C4B33,0xFF94503C,0xFF91513E,
    0xFF7B4436,0xFF77463D,0xFF713F34,0xFF744639,0xFF73483F,0xFF663F39,0xFF623F3B,0xFF60413E,
    0xFF60413E,0xFF5B3C39,0xFF624340,0xFF573835,0xFF583937,0xFF604344,0xFF5E3F3E,0xFF664542,
    0xFF705352,0xFF553C3D,0xFF50363B,0xFF453035,0xFF4C3C3F,0xFF513E42,0xFF3A2C2F,0xFF362C32,
    0xFF2E2831,0xFF2E2C36,0xFF2C2832,0xFF2A2834,0xFF262533,0xFF252532,0xFF232631,0xFF212937,
    0xFF1C222E,0xFF323038,0xFF312F3A,0xFF1A2030,0xFF262B39,0xFF212634,0xFF1B2231,0xFF2A303F,
    0xFF1B2131,0xFF242A35,0xFF242B3B,0xFF182032,0xFF1C2532,0xFF151B2A,0xFF20212C,0xFF484044,
    0xFF4E4044,0xFF2B272E,0xFF3B373F,0xFF30232D,0xFF1A1C27,0xFF1B202E,0xFF272631,0xFF262229,
    0xFF312E34,0xFF4C393D,0xFF473D3E,0xFF131521,0xFF362F39,0xFF363138,0xFF1F1D25,0xFF272731,
    0xFF010B10,0xFF0A1319,0xFF00080D,0xFF0A1219,0xFF0F1620,0xFF0C131D,0xFF0F161F,0xFF050D19,
    0xFF000613,0xFF192329,0xFF111821,0xFF040F1A,0xFF000710,0xFF1A2026,0xFF202326,0xFF01070F,
    0xFF151A20,0xFF1E2026,0xFF071018,0xFF0B151A,0xFF15191E,0xFF1D1B1F,0xFF3D3639,0xFF393234,
    0xFF383134,0xFF271F21,0xFF211E20,0xFF1E211E,0xFF372E2A,0xFF5C4844,0xFF5F453E,0xFF5D4237,
    0xFF533E35,0xFF3A3230,0xFF232122,0xFF404245,0xFF181F28,0xFF121F2C,0xFF101B24,0xFF17212B,
    0xFF14212D,0xFF0E1D2B,0xFF0B1825,0xFF0C1B29,0xFF152736,0xFF0E2031,0xFF0A1B2F,0xFF112234,
    0xFF1B2B3E,0xFF0C1E31,0xFF0A1D2E,0xFF112333,0xFF162534,0xFF101F30,0xFF0C1C2F,0xFF091A2C,
    0xFF0E2132,0xFF0E1E30,0xFF0A1727,0xFF394051,0xFF383C4C,0xFF0E1927,0xFF0A1B2D,0xFF101F2F,
    0xFF1B2936,0xFF051924,0xFF1D2834,0xFF343643,0xFF332F3C,0xFF242D35,0xFF0D2227,0xFF363842,
    0xFF383A45,0xFF172735,0xFF05182A,0xFF0A1A2A,0xFF051525,0xFF202C3B,0xFF31363F,0xFF2B2C32,
    0xFF2F3946,0xFF101C2B,0xFF0E1D2D,0xFF142536,0xFF122537,0xFF041425,0xFF132231,0xFF4F5D6A,
    0xFF364752,0xFF20394B,0xFF163951,0xFF1C3753,0xFF1F324D,0xFF263B56,0xFF283B56,0xFF19364C,
    0xFF1C394E,0xFF253B53,0xFF233650,0xFF273D5A,0xFF223752,0xFF293C55,0xFF2A3A53,0xFF293752,
    0xFF1C2E47,0xFF1A334B,0xFF223648,0xFF3B4B5A,0xFF172D43,0xFF4C4E57,0xFF817778,0xFF3B3F4C,
    0xFF2F3A4E,0xFF69646B,0xFF454855,0xFF343847,0xFF403B45,0xFF524B57,0xFF5C525A,0xFF4E4850,
    0xFF383A48,0xFF2D3040,0xFF5A545C,0xFF2A2E3C,0xFF313A4A,0xFF333B48,0xFF303642,0xFF2E323D,
    0xFF44444D,0xFF343B48,0xFF1A2B3C,0xFF1A2A3A,0xFF1E2F3E,0xFF263446,0xFF1E2A3C,0xFF1F2C3E,
    0xFF1D2A3C,0xFF202E40,0xFF2B3442,0xFF39404E,0xFF233042,0xFF253243,0xFF283546,0xFF293646,
    0xFF233143,0xFF334256,0xFF233246,0xFF263549,0xFF263549,0xFF29384C,0xFF223247,0xFF203249,
    0xFF27374C,0xFF323B4F,0xFF373E54,0xFF2E3B4E,0xFF2E3D50,0xFF29384D,0xFF25374D,0xFF2A3D55,
    0xFF283A52,0xFF283A52,0xFF2A3B54,0xFF273A51,0xFF293C51,0xFF2D3E55,0xFF324158,0xFF2C3B52,
    0xFF2D3C53,0xFF313E51,0xFF3C4659,0xFF353E50,0xFF4E515F,0xFF6F6972,0xFF5A525C,0xFF636373,
    0xFF313549,0xFF454657,0xFF625C66,0xFF474853,0xFF353C4E,0xFF3A3F53,0xFF3F4153,0xFF44475A,
    0xFF3D4053,0xFF47495D,0xFF3F4355,0xFF3E4353,0xFF444658,0xFF4A495B,0xFF4B495A,0xFF504D5E,
    0xFF4C495A,0xFF4F4C5D,0xFF514E5B,0xFF55505D,0xFF564E5D,0xFF594F5E,0xFF6A5E69,0xFF6A5C66,
    0xFF64535E,0xFF695762,0xFF6C595F,0xFF705C63,0xFF6D575F,0xFF725A61,0xFF72595D,0xFF7A5D61,
    0xFF846264,0xFF825E5E,0xFF886261,0xFF8D6361,0xFF946663,0xFF95635C,0xFF9D675D,0xFFA1675D,
    0xFFA4665B,0xFFA8675B,0xFFAC695A,0xFFB06957,0xFFB76C56,0xFFC4775E,0xFFC7765B,0xFFD07A5B,
    0xFFC36B4B,0xFFC46A4B,0xFFCE6F4F,0xFFD5724E,0xFFD9734B,0xFFDC7345,0xFFE17543,0xFFEB7945,
    0xFFEC7B45,0xFFED7E44,0xFFEA7B3F,0xFFEC7D3F,0xFFED7E3F,0xFFF08141,0xFFEE7F3F,0xFFF18243,
    0xFFEC7E44,0xFFEB7F46,0xFFEA7F48,0xFFE67D48,0xFFE98552,0xFFE28258,0xFFBC6242,0xFFA14C30,
    0xFF9D4D31,0xFFA1543A,0xFF964D33,0xFF944F38,0xFF914F3B,0xFF94523D,0xFF904D39,0xFF864A39,
    0xFF774439,0xFF74443B,0xFF703D31,0xFF7E5045,0xFF6A4139,0xFF603B36,0xFF5D3B39,0xFF5C3D3A,
    0xFF5C3D3A,0xFF61423F,0xFF563632,0xFF61403C,0xFF6F4C4A,0xFF633C3E,0xFF613D3A,0xFF654741,
    0xFF543C3C,0xFF4B393E,0xFF4A333A,0xFF4B383B,0xFF493B3E,0xFF3E2C30,0xFF3A2C2F,0xFF40353B,
    0xFF342E37,0xFF312F39,0xFF2E2C35,0xFF292833,0xFF252733,0xFF242632,0xFF262A35,0xFF202633,
    0xFF20222C,0xFF413A3D,0xFF2F2930,0xFF242937,0xFF202736,0xFF1E222F,0xFF2E303C,0xFF252834,
    0xFF292B37,0xFF222531,0xFF172030,0xFF192536,0xFF16202D,0xFF262B34,0xFF51444E,0xFF514144,
    0xFF3C3232,0xFF332D34,0xFF2B262D,0xFF3C2E38,0xFF2F2D35,0xFF24232D,0xFF2E2A32,0xFF383139,
    0xFF2C2930,0xFF44363D,0xFF2B2629,0xFF202029,0xFF42393D,0xFF1C1A1F,0xFF242430,0xFF2C2934,
    0xFF1F2226,0xFF1B1F24,0xFF12181F,0xFF0E161E,0xFF0A111B,0xFF0A111B,0xFF040B15,0xFF0A111E,
    0xFF0C1420,0xFF091619,0xFF1E242C,0xFF0D1521,0xFF09131B,0xFF11161A,0xFF27292A,0xFF030B14,
    0xFF191C21,0xFF3B3839,0xFF171D24,0xFF0B141D,0xFF050C13,0xFF06090F,0xFF111015,0xFF140E0C,
    0xFF443A37,0xFF5A4B42,0xFF443834,0xFF0E1518,0xFF2D2524,0xFF533938,0xFF5C423A,0xFF58382D,
    0xFF6D564D,0xFF4B423F,0xFF1C1B1E,0xFF211F21,0xFF262629,0xFF111922,0xFF0E1925,0xFF121E2A,
    0xFF121E2A,0xFF111D28,0xFF17212B,0xFF121E29,0xFF101E2B,0xFF182736,0xFF1A2737,0xFF122334,
    0xFF0E1F32,0xFF0F2438,0xFF0F2538,0xFF071B2B,0xFF0D1E2E,0xFF0E1D2F,0xFF0D1D30,0xFF0B1D2E,
    0xFF112536,0xFF0C1E2F,0xFF091828,0xFF111A2A,0xFF202736,0xFF24303D,0xFF132435,0xFF101F30,
    0xFF293643,0xFF1B2C3A,0xFF061323,0xFF141D2F,0xFF29303D,0xFF333841,0xFF353B46,0xFF0D1220,
    0xFF303742,0xFF14222E,0xFF071829,0xFF0B1A29,0xFF192737,0xFF162232,0xFF3B434F,0xFF232A34,
    0xFF222833,0xFF111A28,0xFF192839,0xFF0C1D30,0xFF0F2034,0xFF132536,0xFF142635,0xFF071927,
    0xFF0A1C2C,0xFF22394D,0xFF26435A,0xFF1D3550,0xFF2A3D58,0xFF2C405B,0xFF263A55,0xFF1D354B,
    0xFF32465D,0xFF27374F,0xFF2A3F56,0xFF213854,0xFF253853,0xFF27364D,0xFF303C51,0xFF26374F,
    0xFF2E3D53,0xFF334357,0xFF394456,0xFF484959,0xFF44404D,0xFF807580,0xFF57555F,0xFF252531,
    0xFF655E69,0xFF5E5A61,0xFF2D313F,0xFF43434E,0xFF60565D,0xFF5C525B,0xFF564D54,0xFF534C54,
    0xFF4C4955,0xFF3E3B47,0xFF5C555D,0xFF2E2E3A,0xFF1B2434,0xFF202C3D,0xFF313A4A,0xFF28303E,
    0xFF414552,0xFF2D3745,0xFF223343,0xFF172837,0xFF182939,0xFF20303F,0xFF2C3546,0xFF30384A,
    0xFF233141,0xFF1B2B3C,0xFF202A38,0xFF394350,0xFF203041,0xFF253243,0xFF243141,0xFF263344,
    0xFF293647,0xFF2B384A,0xFF233043,0xFF303E50,0xFF293749,0xFF27364A,0xFF25354B,0xFF20324A,
    0xFF203548,0xFF29384A,0xFF2F384D,0xFF2E3B4E,0xFF323D4F,0xFF2F3C4E,0xFF27394D,0xFF273C52,
    0xFF293C53,0xFF293B53,0xFF32435B,0xFF273A51,0xFF2B3E53,0xFF304158,0xFF334259,0xFF2D3D55,
    0xFF2F3F56,0xFF374255,0xFF3B4151,0xFF343F4E,0xFF3C4453,0xFF6B6670,0xFF73656D,0xFF776B73,
    0xFF54505D,0xFF383A4A,0xFF5A5765,0xFF605C62,0xFF343A4B,0xFF41485D,0xFF424152,0xFF434658,
    0xFF404255,0xFF3F4155,0xFF424658,0xFF424757,0xFF424455,0xFF48485A,0xFF535161,0xFF4E4C5A,
    0xFF4D4B5A,0xFF4D4B5A,0xFF4F4C5B,0xFF544F5F,0xFF574E5F,0xFF564C5C,0xFF615661,0xFF675B64,
    0xFF60515C,0xFF685762,0xFF6A575D,0xFF715D63,0xFF6D565E,0xFF715961,0xFF71595E,0xFF775B60,
    0xFF816165,0xFF826062,0xFF856161,0xFF895F60,0xFF906262,0xFF94655F,0xFF99675E,0xFFA06A60,
    0xFFA0665B,0xFFA5695E,0xFFA7685B,0xFFAD6959,0xFFB16A57,0xFFBD745C,0xFFC1755C,0xFFB7654C,
    0xFFBE6950,0xFFC46C52,0xFFC96D50,0xFFD17150,0xFFD3704C,0xFFD67048,0xFFDE7449,0xFFE47648,
    0xFFE67748,0xFFE47646,0xFFE47643,0xFFE67943,0xFFE87A43,0xFFEC7D46,0xFFE97A44,0xFFEC7D47,
    0xFFE77C48,0xFFE67B4A,0xFFE47C4B,0xFFE57F51,0xFFD2734B,0xFFAB522F,0xFFA04E32,0xFFA6563C,
    0xFFA7583E,0xFFA2573F,0xFF9B543C,0xFF93523B,0xFF92503D,0xFF8D4A3A,0xFF844839,0xFF7A4536,
    0xFF714037,0xFF6E3F37,0xFF7D4A3D,0xFF75483E,0xFF674039,0xFF623F3B,0xFF5E3D3C,0xFF5A3A37,
    0xFF583936,0xFF553734,0xFF593935,0xFF704C46,0xFF62403D,0xFF5C3B39,0xFF654946,0xFF4B3330,
    0xFF4D393A,0xFF433234,0xFF452F34,0xFF473639,0xFF392D2F,0xFF3C2C2F,0xFF423538,0xFF483D43,
    0xFF342D37,0xFF2C2A35,0xFF2C2C34,0xFF282A34,0xFF242935,0xFF252935,0xFF242834,0xFF1C222E,
    0xFF2E2C33,0xFF433B3E,0xFF322E36,0xFF323541,0xFF242531,0xFF373741,0xFF2F2E38,0xFF22212B,
    0xFF2F2D37,0xFF21232F,0xFF1B2533,0xFF121B26,0xFF312D34,0xFF494146,0xFF342E34,0xFF1B171D,
    0xFF322931,0xFF2C262B,0xFF2D262B,0xFF57474F,0xFF302B30,0xFF20191F,0xFF3B343A,0xFF322B31,
    0xFF27262A,0xFF362D35,0xFF1E1E22,0xFF29272C,0xFF503E3E,0xFF28242B,0xFF151928,0xFF1D1E28,
    0xFF2A272A,0xFF1A181D,0xFF14161D,0xFF060A13,0xFF010711,0xFF0B121C,0xFF0D141D,0xFF0A0F1B,
    0xFF141B24,0xFF061213,0xFF181B21,0xFF151922,0xFF0D161C,0xFF1E2224,0xFF393939,0xFF061019,
    0xFF080A10,0xFF2B2827,0xFF171C23,0xFF141A25,0xFF181D26,0xFF11171B,0xFF192023,0xFF10191F,
    0xFF0D1214,0xFF3B3833,0xFF393232,0xFF09121A,0xFF2F2B2F,0xFF513B3D,0xFF533E38,0xFF7C5B55,
    0xFF4B3630,0xFF221E1F,0xFF1D222A,0xFF171719,0xFF3F3836,0xFF2F3135,0xFF0B1924,0xFF0D1A26,
    0xFF18232E,0xFF141E28,0xFF111923,0xFF131D27,0xFF111D29,0xFF0E1A27,0xFF1E2936,0xFF192636,
    0xFF0E1E30,0xFF061A2D,0xFF0C2237,0xFF0E2234,0xFF091C2C,0xFF102032,0xFF1B2A3D,0xFF0E1F31,
    0xFF081B2C,0xFF0A202F,0xFF081C2A,0xFF152331,0xFF202A37,0xFF101B29,0xFF0D1D2F,0xFF0A192A,
    0xFF14202D,0xFF1D2939,0xFF1C2A3A,0xFF102032,0xFF0A1C28,0xFF272A34,0xFF4E4254,0xFF2A2E3E,
    0xFF1C2832,0xFF242F3B,0xFF081828,0xFF192633,0xFF152231,0xFF212E3F,0xFF101E2F,0xFF162333,
    0xFF30353F,0xFF3D434E,0xFF111E2E,0xFF112235,0xFF152336,0xFF132232,0xFF10212F,0xFF172736,
    0xFF0F1E30,0xFF0A1A2D,0xFF1F3045,0xFF354760,0xFF2E425D,0xFF293C57,0xFF233751,0xFF314259,
    0xFF39435C,0xFF313D56,0xFF273E54,0xFF213751,0xFF24344C,0xFF374153,0xFF454E5F,0xFF293B4F,
    0xFF2B3B4D,0xFF474D5C,0xFF404655,0xFF343843,0xFF72686A,0xFF4F4E5C,0xFF17273C,0xFF52515A,
    0xFF756264,0xFF333640,0xFF2C333E,0xFF5D565C,0xFF5D4E52,0xFF64555A,0xFF524A51,0xFF4B4349,
    0xFF564D53,0xFF50464D,0xFF4A424A,0xFF524E57,0xFF202838,0xFF17283C,0xFF1D2C3F,0xFF1D2A3B,
    0xFF293243,0xFF1B2838,0xFF152838,0xFF182A3A,0xFF162838,0xFF1C2C3B,0xFF31394A,0xFF313648,
    0xFF2C3948,0xFF203040,0xFF1B2735,0xFF313D4B,0xFF202F40,0xFF2D394A,0xFF253142,0xFF222F40,
    0xFF283546,0xFF242F41,0xFF222E40,0xFF273344,0xFF2B384A,0xFF28364A,0xFF233348,0xFF203249,
    0xFF1E3648,0xFF1F3444,0xFF2B384B,0xFF29384B,0xFF373F52,0xFF313B4E,0xFF2A3B4E,0xFF24384C,
    0xFF283B52,0xFF2B3D55,0xFF2E4058,0xFF2E4158,0xFF2A3D52,0xFF2E3E54,0xFF314157,0xFF2F3E55,
    0xFF314157,0xFF313C4F,0xFF555967,0xFF525B69,0xFF2F3A4A,0xFF545260,0xFF83727A,0xFF816C6E,
    0xFF7B7078,0xFF3A3B4B,0xFF434758,0xFF6B656B,0xFF3B4050,0xFF3F465B,0xFF414153,0xFF3F4154,
    0xFF404356,0xFF3C3F52,0xFF414557,0xFF494D5E,0xFF414355,0xFF474758,0xFF4C4A5A,0xFF555360,
    0xFF575562,0xFF4E4C59,0xFF4E4B59,0xFF534E5D,0xFF595162,0xFF5C5162,0xFF594F59,0xFF5F535D,
    0xFF61545E,0xFF62515C,0xFF68555C,0xFF715D64,0xFF725C63,0xFF705860,0xFF715A60,0xFF755A5F,
    0xFF7A5B60,0xFF826163,0xFF815E5F,0xFF885F60,0xFF8C6060,0xFF92655F,0xFF976760,0xFF98645B,
    0xFF9E655C,0xFFA2675E,0xFFA5675C,0xFFAC6A5B,0xFFB06C5B,0xFFB36C57,0xFFB26852,0xFFB96A55,
    0xFFBC6A54,0xFFC06B50,0xFFC76D50,0xFFCB6D4D,0xFFCD6C4A,0xFFD26D4A,0xFFDB724C,0xFFDD7148,
    0xFFE07349,0xFFDE7247,0xFFDF7346,0xFFE17546,0xFFE27444,0xFFE67847,0xFFE57745,0xFFE87A49,
    0xFFE3794A,0xFFE2794B,0xFFE27B4F,0xFFDE7B53,0xFFAB5032,0xFFA34E31,0xFFA6573C,0xFFA3553B,
    0xFFA25339,0xFF9B5038,0xFF944D35,0xFF945139,0xFF8C4934,0xFF854538,0xFF79463C,0xFF7B4B40,
    0xFF704139,0xFF7A4B44,0xFF7A473B,0xFF683D34,0xFF653F39,0xFF5B3A37,0xFF593B39,0xFF583A37,
    0xFF5C3C3A,0xFF573834,0xFF704F4A,0xFF67433C,0xFF553730,0xFF5C423C,0xFF44312E,0xFF4A3839,
    0xFF493435,0xFF483433,0xFF533C40,0xFF3F2D30,0xFF44383A,0xFF4D3E41,0xFF483C3F,0xFF32282E,
    0xFF2D2730,0xFF292731,0xFF272830,0xFF252832,0xFF212631,0xFF232834,0xFF212632,0xFF1C1F2A,
    0xFF453E43,0xFF423A3E,0xFF23232D,0xFF23232F,0xFF322E35,0xFF3D3840,0xFF26242C,0xFF38363F,
    0xFF2A2831,0xFF272A39,0xFF121B27,0xFF313136,0xFF534040,0xFF4A3639,0xFF161C1F,0xFF0C1621,
    0xFF2C2332,0xFF382D32,0xFF322B31,0xFF31232A,0xFF352D30,0xFF3B3133,0xFF40363A,0xFF3C3438,
    0xFF1C1B1F,0xFF302A32,0xFF2E3136,0xFF1B191D,0xFF57403F,0xFF312A32,0xFF141D2C,0xFF161C26,
    0xFF0A1016,0xFF0B1015,0xFF191D20,0xFF0C1013,0xFF040C11,0xFF09121A,0xFF182027,0xFF070F17,
    0xFF050F19,0xFF08121B,0xFF09131D,0xFF0A131D,0xFF020C15,0xFF030C14,0xFF0B141C,0xFF020B17,
    0xFF030C19,0xFF060E1B,0xFF09121F,0xFF060D18,0xFF26262B,0xFF473F39,0xFF4B4039,0xFF1B1D25,
    0xFF091418,0xFF182020,0xFF1B1A18,0xFF1F2324,0xFF15181D,0xFF282223,0xFF4A3832,0xFF5C413C,
    0xFF5E4B4C,0xFF0F1116,0xFF0B0E1B,0xFF262A2A,0xFF65514D,0xFF383433,0xFF05151A,0xFF151C27,
    0xFF02141B,0xFF111C28,0xFF121A2B,0xFF0B1524,0xFF192531,0xFF131E27,0xFF131C24,0xFF1F2831,
    0xFF232D34,0xFF121F2C,0xFF142638,0xFF0E2132,0xFF061A2A,0xFF0D2232,0xFF0A1D2D,0xFF112032,
    0xFF0E1A2D,0xFF0E2232,0xFF071E2B,0xFF182835,0xFF3B3E50,0xFF1C2033,0xFF182234,0xFF0E1E31,
    0xFF0B1D2F,0xFF0F1E2E,0xFF152535,0xFF1D2D3D,0xFF091928,0xFF1A2633,0xFF232833,0xFF414349,
    0xFF2D353E,0xFF1D2935,0xFF15212C,0xFF242F3A,0xFF132431,0xFF0C1D2C,0xFF192938,0xFF0A1727,
    0xFF292E3B,0xFF5D5A60,0xFF31343D,0xFF162539,0xFF0A1B2E,0xFF111D2C,0xFF0C1B2C,0xFF112031,
    0xFF394350,0xFF1B2838,0xFF0D1C2E,0xFF1E2E44,0xFF33435B,0xFF35455D,0xFF2F3F57,0xFF344057,
    0xFF35425A,0xFF293D56,0xFF18344D,0xFF1E3D55,0xFF29374C,0xFF4B4F62,0xFF364354,0xFF22364D,
    0xFF122942,0xFF3F4858,0xFF4D494B,0xFF5A555A,0xFF47505F,0xFF17293B,0xFF4B4B55,0xFF675E61,
    0xFF575057,0xFF2A3139,0xFF58575A,0xFF585157,0xFF4D454D,0xFF5E4D52,0xFF534B51,0xFF4A4045,
    0xFF4F464B,0xFF47454E,0xFF3A3842,0xFF68595E,0xFF44424A,0xFF1E2F40,0xFF202D42,0xFF1E283A,
    0xFF282D3D,0xFF232F41,0xFF112339,0xFF1F3043,0xFF19283C,0xFF20293D,0xFF272D3F,0xFF343A48,
    0xFF363C46,0xFF323846,0xFF182639,0xFF212E40,0xFF393E49,0xFF353C4B,0xFF2C3546,0xFF263042,
    0xFF2A3548,0xFF263344,0xFF243142,0xFF263344,0xFF303B4D,0xFF2B3447,0xFF2A3749,0xFF203142,
    0xFF233547,0xFF233546,0xFF233447,0xFF28394B,0xFF2C384B,0xFF343F53,0xFF333F52,0xFF303D50,
    0xFF24374F,0xFF2A3E56,0xFF2B3E56,0xFF293C52,0xFF2D3D50,0xFF2B3A4E,0xFF2E3D51,0xFF303E50,
    0xFF304055,0xFF2A3D55,0xFF4B4C5B,0xFF6A6772,0xFF3D4759,0xFF3A4456,0xFF796C74,0xFF6D5C61,
    0xFF76696E,0xFF6B646D,0xFF323648,0xFF575765,0xFF565460,0xFF353849,0xFF3A4257,0xFF3E4356,
    0xFF3F4457,0xFF3F4457,0xFF3D4153,0xFF404153,0xFF434456,0xFF46485A,0xFF52515E,0xFF4B4953,
    0xFF4F4D5B,0xFF514E60,0xFF4E4C5B,0xFF504E5C,0xFF554F5F,0xFF5C5364,0xFF5A4F5F,0xFF5F5260,
    0xFF635461,0xFF63525E,0xFF675660,0xFF6F5B64,0xFF745E66,0xFF6E575E,0xFF715961,0xFF755B61,
    0xFF775B5F,0xFF7E5E62,0xFF815E60,0xFF825D5D,0xFF876060,0xFF8E615F,0xFF94635F,0xFF93605C,
    0xFF9A655F,0xFF9D645C,0xFF9F645A,0xFFA86A5F,0xFFAA6A5D,0xFFA96554,0xFFB26A59,0xFFB56856,
    0xFFB96955,0xFFBF6B54,0xFFC36B53,0xFFC46950,0xFFC8694B,0xFFD0704C,0xFFD26F4C,0xFFD6724A,
    0xFFD57048,0xFFD56E46,0xFFD97047,0xFFDD7246,0xFFDE7347,0xFFE27749,0xFFDF7345,0xFFE57749,
    0xFFE17649,0xFFDC764A,0xFFE17F57,0xFFC66845,0xFFA04C32,0xFFA4523A,0xFFA2523B,0xFF9B513B,
    0xFF97543E,0xFF8E4936,0xFF985141,0xFF8F4C3C,0xFF814535,0xFF80483E,0xFF74433C,0xFF724239,
    0xFF6D3F36,0xFF734741,0xFF6B4039,0xFF673E38,0xFF593736,0xFF573A38,0xFF573A36,0xFF513735,
    0xFF5F3B3A,0xFF67433E,0xFF644741,0xFF4D2F2C,0xFF66463F,0xFF563C3B,0xFF3C2F2C,0xFF483934,
    0xFF533636,0xFF634545,0xFF56393B,0xFF5A3F43,0xFF483739,0xFF3A2F31,0xFF383138,0xFF2A272F,
    0xFF292832,0xFF262733,0xFF262632,0xFF252531,0xFF272733,0xFF242936,0xFF1D222D,0xFF31272C,
    0xFF5B474C,0xFF3F343E,0xFF201F2A,0xFF383139,0xFF382E35,0xFF352D34,0xFF2A252F,0xFF2F2D3A,
    0xFF282938,0xFF131D30,0xFF242128,0xFF51413F,0xFF413233,0xFF3D2D34,0xFF282937,0xFF181C28,
    0xFF3E3032,0xFF533E3F,0xFF1E2028,0xFF28252A,0xFF4A3E3D,0xFF312626,0xFF463738,0xFF332426,
    0xFF34292F,0xFF2B282F,0xFF21262D,0xFF0D111B,0xFF413636,0xFF282329,0xFF2D2F3E,0xFF22212F,
    0xFF061017,0xFF081016,0xFF2E3236,0xFF2A3034,0xFF08121A,0xFF08121B,0xFF08121A,0xFF020B14,
    0xFF050E19,0xFF050E19,0xFF060F1A,0xFF07111A,0xFF131D26,0xFF08121B,0xFF000A13,0xFF09131C,
    0xFF040D16,0xFF020B15,0xFF050F18,0xFF020D1B,0xFF0A111B,0xFF212122,0xFF3A3533,0xFF1F1C1F,
    0xFF090E10,0xFF171F23,0xFF2B2B2C,0xFF4B423F,0xFF221E20,0xFF32282B,0xFF3E3833,0xFF2A271F,
    0xFF332C28,0xFF393631,0xFF332A26,0xFF1C1C19,0xFF2D2020,0xFF52433E,0xFF231E1E,0xFF3D383E,
    0xFF16272C,0xFF081620,0xFF141D28,0xFF0C1420,0xFF101723,0xFF232934,0xFF172129,0xFF18212A,
    0xFF1F2830,0xFF1E2734,0xFF162133,0xFF132131,0xFF0E1E2E,0xFF0F1F2D,0xFF0C1A27,0xFF343F4D,
    0xFF212A3A,0xFF061928,0xFF061D2A,0xFF071624,0xFF1F2334,0xFF282F41,0xFF162132,0xFF09192C,
    0xFF081A2D,0xFF142434,0xFF061626,0xFF162636,0xFF0E1E2E,0xFF2C3A49,0xFF19232E,0xFF151B23,
    0xFF282F37,0xFF252E39,0xFF1B2734,0xFF122231,0xFF122533,0xFF091B29,0xFF1E2C3C,0xFF1C2939,
    0xFF0F1D2C,0xFF2E3239,0xFF373A41,0xFF111F2E,0xFF0C1C2F,0xFF121D2B,0xFF182738,0xFF0C1B2D,
    0xFF1F2B38,0xFF212E3E,0xFF132333,0xFF0A1A2E,0xFF112237,0xFF223348,0xFF334459,0xFF455268,
    0xFF314056,0xFF1F334A,0xFF233C53,0xFF213649,0xFF424B5C,0xFF3B4458,0xFF22354D,0xFF1A2C43,
    0xFF2C3544,0xFF525661,0xFF434952,0xFF424756,0xFF15253C,0xFF1E2F40,0xFF575157,0xFF62575A,
    0xFF493E48,0xFF47444F,0xFF605C67,0xFF393745,0xFF404251,0xFF46444F,0xFF383A47,0xFF4F4C55,
    0xFF564E54,0xFF3C3A44,0xFF2C2E3C,0xFF63585E,0xFF524E54,0xFF2B3643,0xFF293346,0xFF262D3F,
    0xFF2C3241,0xFF3A4352,0xFF172334,0xFF273243,0xFF333E4F,0xFF1B283B,0xFF1C2739,0xFF323746,
    0xFF3D3D4A,0xFF2F3441,0xFF253347,0xFF182537,0xFF4C4D58,0xFF323747,0xFF2B3243,0xFF212B3D,
    0xFF2F3B4D,0xFF2A3748,0xFF243041,0xFF243142,0xFF2C3749,0xFF2E384A,0xFF2A3849,0xFF273746,
    0xFF253647,0xFF213345,0xFF233446,0xFF253748,0xFF2A384B,0xFF2A374A,0xFF384558,0xFF313F53,
    0xFF2B3C53,0xFF27384F,0xFF2B3D54,0xFF293A50,0xFF303F52,0xFF324154,0xFF314053,0xFF303E50,
    0xFF2E3E53,0xFF2D3F58,0xFF414555,0xFF58535E,0xFF393E4C,0xFF3B4251,0xFF7A6C74,0xFF77666B,
    0xFF6E5F63,0xFF807379,0xFF4D4855,0xFF363A4D,0xFF616270,0xFF424554,0xFF3B4255,0xFF3B4053,
    0xFF3E4356,0xFF3D4356,0xFF45495B,0xFF414254,0xFF3F4052,0xFF404254,0xFF5C5967,0xFF5C5662,
    0xFF464553,0xFF4A4C5B,0xFF504F5D,0xFF4E4B5A,0xFF534E5E,0xFF585061,0xFF5A5060,0xFF5C4F5E,
    0xFF60525F,0xFF64545F,0xFF665661,0xFF675660,0xFF6B575E,0xFF6E5960,0xFF6F5861,0xFF735A60,
    0xFF7B6165,0xFF7B5C61,0xFF805E61,0xFF825F5F,0xFF855F5F,0xFF8E6362,0xFF8F615E,0xFF93625E,
    0xFF94615D,0xFF9B645D,0xFF9E645C,0xFF9F635A,0xFFA06458,0xFFA9685A,0xFFAA6656,0xFFAB6252,
    0xFFB76A58,0xFFB96954,0xFFB8644E,0xFFBE664F,0xFFC4684D,0xFFCA6D4C,0xFFCB6D4A,0xFFD0704C,
    0xFFCF6D49,0xFFD06D48,0xFFD36E46,0xFFD66F46,0xFFDA7249,0xFFDB744A,0xFFDB734A,0xFFDD744B,
    0xFFDC774D,0xFFDF7E56,0xFFCB6E4A,0xFFA44C2C,0xFFA05037,0xFF9E4F39,0xFF9A4D38,0xFF964F39,
    0xFF8A4A36,0xFF91503E,0xFF9B5949,0xFF824335,0xFF7E4638,0xFF764237,0xFF703F38,0xFF703D36,
    0xFF774840,0xFF694139,0xFF613D35,0xFF673F3A,0xFF5C3C3C,0xFF543939,0xFF533633,0xFF5A3C37,
    0xFF684544,0xFF60413F,0xFF4F3332,0xFF5A3B39,0xFF5E403C,0xFF4A3534,0xFF453534,0xFF4E3938,
    0xFF5F4646,0xFF513B39,0xFF463034,0xFF4C373E,0xFF372B31,0xFF2D262C,0xFF312D34,0xFF2D2B33,
    0xFF292832,0xFF262733,0xFF272733,0xFF262733,0xFF23232F,0xFF242530,0xFF2A262F,0xFF46393D,
    0xFF534444,0xFF2E242A,0xFF38333B,0xFF40363D,0xFF453A3F,0xFF39333A,0xFF32303B,0xFF2B2A36,
    0xFF191B29,0xFF1C1B25,0xFF504242,0xFF503F3C,0xFF403538,0xFF33292C,0xFF302D38,0xFF231D26,
    0xFF574344,0xFF4C393A,0xFF1F1F26,0xFF272428,0xFF352828,0xFF3F3433,0xFF42383A,0xFF43393F,
    0xFF382D35,0xFF272228,0xFF242326,0xFF241F22,0xFF4A3B3A,0xFF30272A,0xFF1A1923,0xFF21232D,
    0xFF050E17,0xFF030C14,0xFF0D1318,0xFF141B20,0xFF07111B,0xFF060B12,0xFF040C16,0xFF030D18,
    0xFF060D16,0xFF070F17,0xFF070F17,0xFF020B13,0xFF121C25,0xFF141E27,0xFF0B151E,0xFF141D22,
    0xFF1F282B,0xFF131B1F,0xFF070F14,0xFF000D1B,0xFF06111E,0xFF010A13,0xFF171D24,0xFF242225,
    0xFF2E2A2A,0xFF0F141A,0xFF12151B,0xFF524542,0xFF392D2E,0xFF312325,0xFF464244,0xFF1E2123,
    0xFF2D2423,0xFF644B41,0xFF5F4332,0xFF544A44,0xFF1E1A1D,0xFF5D4C46,0xFF614C47,0xFF3E2F2F,
    0xFF1A2728,0xFF132127,0xFF0D1114,0xFF2D3137,0xFF20222E,0xFF141926,0xFF0E1A23,0xFF141F28,
    0xFF152029,0xFF151E2B,0xFF171E31,0xFF172031,0xFF1A2636,0xFF2B3543,0xFF202935,0xFF1B2531,
    0xFF2B3541,0xFF081929,0xFF0B1F2E,0xFF0E1E2C,0xFF101727,0xFF192535,0xFF0D1C2C,0xFF112235,
    0xFF0D1E31,0xFF0C1D2C,0xFF112232,0xFF0B1C2C,0xFF051525,0xFF132332,0xFF152230,0xFF101C28,
    0xFF303841,0xFF1F2730,0xFF122130,0xFF091D30,0xFF0A1D2C,0xFF142533,0xFF0F1E2D,0xFF192637,
    0xFF011425,0xFF0C1923,0xFF3C454D,0xFF24313C,0xFF0C1B2C,0xFF232D39,0xFF142130,0xFF0C1B2D,
    0xFF121F2F,0xFF132130,0xFF172334,0xFF182739,0xFF112337,0xFF0C1D30,0xFF132437,0xFF26384A,
    0xFF2A3B4E,0xFF2A3B4E,0xFF2B3C4E,0xFF39414F,0xFF4A505E,0xFF222F43,0xFF1A304C,0xFF29374B,
    0xFF5D5B61,0xFF3E4049,0xFF2A3B4E,0xFF1B2C44,0xFF10243E,0xFF23323F,0xFF534B50,0xFF605457,
    0xFF54434F,0xFF5D515E,0xFF423F52,0xFF2B2D40,0xFF2E3546,0xFF303B4B,0xFF263042,0xFF3C3E49,
    0xFF524C51,0xFF46424B,0xFF2F3344,0xFF53515B,0xFF424047,0xFF3A3E48,0xFF2D3344,0xFF2E3545,
    0xFF272E3E,0xFF404653,0xFF303541,0xFF1D2432,0xFF343D4C,0xFF1C2D3F,0xFF19293C,0xFF23293A,
    0xFF403D4D,0xFF2E3441,0xFF2A3A4D,0xFF202C3E,0xFF464651,0xFF333847,0xFF2E3546,0xFF252F41,
    0xFF273346,0xFF293647,0xFF222F40,0xFF222F40,0xFF253143,0xFF2A3748,0xFF293748,0xFF273345,
    0xFF2A394B,0xFF223345,0xFF233446,0xFF253648,0xFF29384B,0xFF2A394C,0xFF2A394C,0xFF303F52,
    0xFF2C3D52,0xFF2B3C51,0xFF29394F,0xFF2E3E53,0xFF334255,0xFF364558,0xFF303F52,0xFF2F3E50,
    0xFF304155,0xFF2F4057,0xFF333B4F,0xFF5A5865,0xFF5F606B,0xFF444753,0xFF6B6069,0xFF716168,
    0xFF72646A,0xFF7E7075,0xFF776B71,0xFF303344,0xFF4F505E,0xFF4D4F5D,0xFF3D4356,0xFF3D4255,
    0xFF424759,0xFF3D4255,0xFF414557,0xFF414254,0xFF454658,0xFF454758,0xFF514D5D,0xFF5F5867,
    0xFF4F4D5C,0xFF454853,0xFF51515E,0xFF54515F,0xFF504B5B,0xFF574F60,0xFF5A5261,0xFF5B515E,
    0xFF5F525F,0xFF60525D,0xFF645460,0xFF685863,0xFF695660,0xFF6B5760,0xFF6F5964,0xFF6F5861,
    0xFF765D62,0xFF7A5D63,0xFF7C5C60,0xFF826062,0xFF856061,0xFF8A6161,0xFF8B605F,0xFF8D5F5C,
    0xFF91625D,0xFF976360,0xFF98625E,0xFF985F59,0xFF9F655C,0xFFA16659,0xFFA26255,0xFFA96556,
    0xFFAE6757,0xFFAF6350,0xFFB36450,0xFFB96651,0xFFC06951,0xFFC26A4D,0xFFC66D4E,0xFFC66B4B,
    0xFFC86C4B,0xFFCA6C4A,0xFFCD6C49,0xFFD16F49,0xFFD47049,0xFFD5714B,0xFFD2724E,0xFFD77855,
    0xFFD47854,0xFFB35B3A,0xFF9C472A,0xFF9E4D34,0xFF9C503A,0xFF964C37,0xFF934C38,0xFF8C4735,
    0xFF8E4D3B,0xFF925442,0xFF7E4232,0xFF7E4739,0xFF754236,0xFF724137,0xFF6F3F37,0xFF77453F,
    0xFF74453F,0xFF623B35,0xFF623F39,0xFF663F3C,0xFF58393A,0xFF523839,0xFF543734,0xFF694842,
    0xFF5E403D,0xFF482F30,0xFF5A3F41,0xFF664544,0xFF4B3131,0xFF503E3E,0xFF4B3738,0xFF4D373A,
    0xFF3F2E2F,0xFF392C2C,0xFF372A30,0xFF372B35,0xFF322A34,0xFF2E2B35,0xFF2E2A31,0xFF292730,
    0xFF282832,0xFF242531,0xFF2A2A37,0xFF282834,0xFF22222E,0xFF282530,0xFF42383E,0xFF40373B,
    0xFF32292A,0xFF3D3537,0xFF3C353A,0xFF352D33,0xFF3A3338,0xFF323039,0xFF2A2B37,0xFF21222D,
    0xFF1F1E29,0xFF4A3C3B,0xFF634F49,0xFF453634,0xFF271F23,0xFF3E3839,0xFF201B21,0xFF2D2329,
    0xFF4E3C3E,0xFF423535,0xFF2D262C,0xFF282126,0xFF493E3F,0xFF3A3233,0xFF29282B,0xFF252129,
    0xFF2F262F,0xFF393236,0xFF302B29,0xFF4C403D,0xFF473638,0xFF31262A,0xFF1F1E23,0xFF22282E,
    0xFF020E17,0xFF040F18,0xFF0B131A,0xFF0E161D,0xFF121922,0xFF130F12,0xFF1C1E25,0xFF09121D,
    0xFF0D131A,0xFF0A1118,0xFF040911,0xFF020A12,0xFF040E18,0xFF07111A,0xFF050F17,0xFF050D13,
    0xFF1B2127,0xFF1B2228,0xFF171D23,0xFF131720,0xFF070D16,0xFF050E16,0xFF020D15,0xFF0A1116,
    0xFF413737,0xFF332E33,0xFF010711,0xFF15171B,0xFF312929,0xFF413636,0xFF1E161F,0xFF111220,
    0xFF1E1B22,0xFF6D514A,0xFF6F4E3D,0xFF684B44,0xFF353532,0xFF121515,0xFF4C3E3B,0xFF413132,
    0xFF040B0D,0xFF212427,0xFF514743,0xFF393637,0xFF23252E,0xFF161F2C,0xFF11202A,0xFF0D1B26,
    0xFF0C1B25,0xFF0F1A27,0xFF1E2535,0xFF192332,0xFF192735,0xFF131F2E,0xFF1E2737,0xFF101D2B,
    0xFF11212F,0xFF112132,0xFF0E202F,0xFF223341,0xFF222C3B,0xFF10202F,0xFF0C1E2D,0xFF0B1C2F,
    0xFF112235,0xFF091C2B,0xFF0F2131,0xFF0B1E2D,0xFF0E2030,0xFF0A1B2B,0xFF0C1E2E,0xFF0D1F2F,
    0xFF1C2937,0xFF17222F,0xFF0F1F2E,0xFF091C2E,0xFF081B2A,0xFF081A28,0xFF0F1E2E,0xFF1F2B3B,
    0xFF222F3E,0xFF0D1927,0xFF121D29,0xFF26313F,0xFF081524,0xFF2B343E,0xFF182330,0xFF0B1B2C,
    0xFF142434,0xFF162434,0xFF1A2533,0xFF162433,0xFF0C1E30,0xFF0E1F30,0xFF0E1F30,0xFF0A1F30,
    0xFF1B2F3E,0xFF3B4958,0xFF47515F,0xFF4C4E5D,0xFF444C58,0xFF314253,0xFF192D44,0xFF495260,
    0xFF373D4A,0xFF263040,0xFF26384B,0xFF20304A,0xFF142841,0xFF35414C,0xFF655A5F,0xFF57494E,
    0xFF60505B,0xFF4C4450,0xFF343645,0xFF3A3A48,0xFF393944,0xFF353A4A,0xFF3B3F4E,0xFF47434B,
    0xFF544D52,0xFF545159,0xFF3B3A48,0xFF3B3F4A,0xFF383C47,0xFF363744,0xFF3E404D,0xFF313543,
    0xFF242B3C,0xFF303542,0xFF41444F,0xFF1C2433,0xFF1C293A,0xFF1F2F45,0xFF152339,0xFF2D3547,
    0xFF2D3040,0xFF2C3743,0xFF1B2C3F,0xFF232D40,0xFF4B4754,0xFF313645,0xFF252C3E,0xFF242E40,
    0xFF273245,0xFF202D3E,0xFF233141,0xFF253243,0xFF202F3F,0xFF213141,0xFF293647,0xFF2E384A,
    0xFF273547,0xFF243547,0xFF233446,0xFF243547,0xFF253648,0xFF27384A,0xFF27384A,0xFF293A4C,
    0xFF2E3D51,0xFF2A3A4E,0xFF2B3A4F,0xFF324156,0xFF354457,0xFF2D3C4F,0xFF314053,0xFF304053,
    0xFF2F4055,0xFF334158,0xFF313D55,0xFF404456,0xFF5B5E6A,0xFF525763,0xFF494555,0xFF6A616C,
    0xFF4C4550,0xFF776D75,0xFF857476,0xFF686168,0xFF554E56,0xFF5A5965,0xFF3A4053,0xFF3E4356,
    0xFF414659,0xFF3F4457,0xFF44475A,0xFF424254,0xFF494A5C,0xFF494A5C,0xFF454456,0xFF535261,
    0xFF585663,0xFF4B4854,0xFF4A4855,0xFF575563,0xFF534E5D,0xFF544D5D,0xFF57505F,0xFF57505D,
    0xFF5E545F,0xFF5E515C,0xFF605260,0xFF655662,0xFF685762,0xFF695660,0xFF6C5863,0xFF6F5963,
    0xFF705860,0xFF7A5F65,0xFF7B5C61,0xFF7C5C60,0xFF815F61,0xFF835E5E,0xFF8D6565,0xFF89605D,
    0xFF8F635F,0xFF91605E,0xFF915E5C,0xFF96615D,0xFF97605B,0xFF976156,0xFF9D6358,0xFFA36457,
    0xFFA66455,0xFFA96452,0xFFAF6653,0xFFB56754,0xFFBA6953,0xFFBC6A50,0xFFBF6B50,0xFFC0694D,
    0xFFC16A4D,0xFFC26A4B,0xFFC66B4B,0xFFCB6E4D,0xFFCC6C48,0xFFCE6F4E,0xFFCD7456,0xFFC06A4F,
    0xFFA34F32,0xFF97472C,0xFF9C5039,0xFF984F3A,0xFF924C38,0xFF914D3A,0xFF8C4A39,0xFF8B4939,
    0xFF8F4F3E,0xFF7C4130,0xFF804A3A,0xFF764539,0xFF6C3D34,0xFF6C3D33,0xFF794A40,0xFF744942,
    0xFF5E362F,0xFF68413C,0xFF6B4342,0xFF603A38,0xFF543739,0xFF4E3639,0xFF553938,0xFF5A3C3B,
    0xFF48302E,0xFF4E3535,0xFF624645,0xFF523937,0xFF503B3E,0xFF473133,0xFF52393D,0xFF402E33,
    0xFF3D3235,0xFF423639,0xFF382C31,0xFF362D34,0xFF302831,0xFF332E37,0xFF2F2A32,0xFF29272F,
    0xFF272631,0xFF242632,0xFF2B2C38,0xFF242430,0xFF20212D,0xFF2B2A33,0xFF322F34,0xFF1D1D26,
    0xFF2B272E,0xFF484348,0xFF302E33,0xFF26262E,0xFF24252E,0xFF1C212D,0xFF191D29,0xFF242630,
    0xFF302F38,0xFF41302D,0xFF52403C,0xFF291D1E,0xFF393238,0xFF312E33,0xFF1B171D,0xFF403A41,
    0xFF2C272A,0xFF2C2424,0xFF3B2E33,0xFF3D3137,0xFF3B353B,0xFF16181E,0xFF11191C,0xFF1B171E,
    0xFF43373E,0xFF2C2527,0xFF383433,0xFF3A3232,0xFF232026,0xFF3B393F,0xFF1F2025,0xFF0F1721,
    0xFF030F19,0xFF06111A,0xFF070F17,0xFF060E16,0xFF111117,0xFF3B302E,0xFF332D30,0xFF090D15,
    0xFF0C1218,0xFF161B21,0xFF0F1319,0xFF0D131B,0xFF0B141C,0xFF040E16,0xFF0A141D,0xFF060D17,
    0xFF111520,0xFF060A15,0xFF171A24,0xFF363235,0xFF242124,0xFF1A1C1F,0xFF0C1419,0xFF000B13,
    0xFF2C2122,0xFF413538,0xFF070E19,0xFF010F1B,0xFF121315,0xFF3D3735,0xFF1A181F,0xFF000918,
    0xFF011118,0xFF25211A,0xFF6D5449,0xFF764E47,0xFF1C1A12,0xFF00141D,0xFF16171B,0xFF483F42,
    0xFF343738,0xFF251C1E,0xFF5E4943,0xFF281F1E,0xFF151C23,0xFF091721,0xFF0C1924,0xFF081520,
    0xFF081722,0xFF0B1725,0xFF0F1927,0xFF0C1A26,0xFF0A1925,0xFF0F1B2B,0xFF141F32,0xFF0D1D2E,
    0xFF0D2030,0xFF101F30,0xFF071928,0xFF0A1C29,0xFF182633,0xFF0B1F2D,0xFF0C1E2E,0xFF0B1C2F,
    0xFF0D1E31,0xFF091E2C,0xFF071B2A,0xFF051A29,0xFF0F2331,0xFF0A1B2C,0xFF021425,0xFF04182A,
    0xFF0A1D2D,0xFF061727,0xFF0B1C2B,0xFF101F2E,0xFF172837,0xFF0D1E2C,0xFF0D1D2C,0xFF0F1B2A,
    0xFF383D4A,0xFF283140,0xFF071223,0xFF172334,0xFF131F2E,0xFF222A36,0xFF38424E,0xFF071628,
    0xFF0B1B2D,0xFF243141,0xFF222B38,0xFF0C1A28,0xFF122435,0xFF0E1F2F,0xFF0E2030,0xFF0A202F,
    0xFF081C2A,0xFF1C2A36,0xFF3C424E,0xFF494B5D,0xFF464F5C,0xFF243341,0xFF3A4557,0xFF424753,
    0xFF182B42,0xFF2B3E57,0xFF253545,0xFF2D3B4F,0xFF1B2D43,0xFF3D4753,0xFF504449,0xFF605055,
    0xFF5C515A,0xFF3D4049,0xFF343A44,0xFF504A51,0xFF54494F,0xFF4B4450,0xFF49444B,0xFF574D51,
    0xFF4E454A,0xFF443F47,0xFF4B4550,0xFF1C2531,0xFF36414F,0xFF292A39,0xFF464651,0xFF2D303C,
    0xFF293141,0xFF212736,0xFF383E4A,0xFF2E394A,0xFF142539,0xFF25334B,0xFF1D283E,0xFF222D3F,
    0xFF293341,0xFF202D38,0xFF1C2E41,0xFF222A3E,0xFF514D59,0xFF2D3241,0xFF2D3445,0xFF374253,
    0xFF1D293C,0xFF222F40,0xFF243042,0xFF212D3E,0xFF273646,0xFF1E2F3F,0xFF273344,0xFF343D4F,
    0xFF283548,0xFF27384A,0xFF243547,0xFF243547,0xFF243647,0xFF243648,0xFF26384A,0xFF283A4C,
    0xFF2E3D4F,0xFF303E51,0xFF2C3B4E,0xFF2B3A4D,0xFF2F3E51,0xFF2F3E51,0xFF354356,0xFF304054,
    0xFF314256,0xFF334055,0xFF324059,0xFF333C52,0xFF4A505F,0xFF434B59,0xFF3A3E52,0xFF5E5D6C,
    0xFF545361,0xFF4D4651,0xFF847173,0xFF84706F,0xFF816F70,0xFF5D5863,0xFF373F53,0xFF464C5F,
    0xFF3D4254,0xFF3C4154,0xFF45485B,0xFF47485A,0xFF444557,0xFF464759,0xFF424556,0xFF3E4352,
    0xFF555360,0xFF605664,0xFF4E4A57,0xFF4B4957,0xFF575261,0xFF554D5E,0xFF56505E,0xFF57505D,
    0xFF5E545F,0xFF615660,0xFF5E515F,0xFF60525F,0xFF655460,0xFF685761,0xFF695662,0xFF6E5964,
    0xFF6D5760,0xFF72585F,0xFF7B5E63,0xFF795A5E,0xFF7E5D5F,0xFF805D5E,0xFF866160,0xFF875F5D,
    0xFF885F5B,0xFF8B5D5C,0xFF8E5D5C,0xFF915F5B,0xFF94605C,0xFF946258,0xFF9B655A,0xFF9E6258,
    0xFFA06155,0xFFA66454,0xFFAB6454,0xFFB16655,0xFFB46653,0xFFB86952,0xFFB7664E,0xFFBA674D,
    0xFFBB674C,0xFFBC664C,0xFFC36B4F,0xFFC76D4E,0xFFCD7150,0xFFD07658,0xFFB66249,0xFF94432C,
    0xFF9B4D34,0xFFA0543E,0xFF944C3A,0xFF8E4A39,0xFF8D4A37,0xFF874635,0xFF854636,0xFF955646,
    0xFF844636,0xFF874E3F,0xFF7F4C3C,0xFF6C3E33,0xFF693E37,0xFF693D35,0xFF6F4137,0xFF603D34,
    0xFF5D3A34,0xFF69403D,0xFF6C4041,0xFF5F3A38,0xFF503436,0xFF4D3336,0xFF513536,0xFF4F353A,
    0xFF463231,0xFF5B3F3D,0xFF573A37,0xFF40302D,0xFF402F33,0xFF51353A,0xFF51363C,0xFF34282E,
    0xFF352D31,0xFF382A30,0xFF413338,0xFF372D31,0xFF31282F,0xFF30282F,0xFF2A262D,0xFF29272F,
    0xFF272530,0xFF252632,0xFF2B2B37,0xFF22222E,0xFF252531,0xFF2C2D36,0xFF20262C,0xFF19212F,
    0xFF232330,0xFF312E38,0xFF232630,0xFF1F242F,0xFF18202D,0xFF171F2D,0xFF1E2430,0xFF21242D,
    0xFF1C1B21,0xFF433434,0xFF4A3D3F,0xFF383034,0xFF3D353B,0xFF19161F,0xFF2A2931,0xFF20232A,
    0xFF191D21,0xFF3A3534,0xFF4D3F43,0xFF31252C,0xFF1A1A25,0xFF05111C,0xFF1C272A,0xFF352D31,
    0xFF463539,0xFF231C20,0xFF27272B,0xFF1C1C24,0xFF0A1621,0xFF0E141A,0xFF1B1C24,0xFF111625,
    0xFF09101A,0xFF050C15,0xFF070E18,0xFF101720,0xFF0C0D12,0xFF2C2B2E,0xFF232122,0xFF141518,
    0xFF091017,0xFF212931,0xFF28292B,0xFF0D0D0D,0xFF1A1A1B,0xFF101116,0xFF050F19,0xFF060E1A,
    0xFF080D19,0xFF010613,0xFF060C17,0xFF101217,0xFF272526,0xFF322B27,0xFF3D3633,0xFF111116,
    0xFF19171B,0xFF332F34,0xFF16161C,0xFF141B24,0xFF131B23,0xFF1A1A1C,0xFF312F30,0xFF0D1219,
    0xFF13191E,0xFF333333,0xFF3F312C,0xFF493732,0xFF2F2929,0xFF0E141B,0xFF070D13,0xFF272729,
    0xFF444342,0xFF2E2726,0xFF422D28,0xFF362D2D,0xFF151D26,0xFF151D1E,0xFF131B21,0xFF101521,
    0xFF0B1C2A,0xFF10192C,0xFF0F1925,0xFF132126,0xFF131B26,0xFF161C2B,0xFF1A2330,0xFF101D29,
    0xFF0F1E2A,0xFF142431,0xFF132330,0xFF13232F,0xFF101F2D,0xFF061829,0xFF081B2B,0xFF0A1C2C,
    0xFF0E2131,0xFF0E2031,0xFF0D2030,0xFF091C2C,0xFF031625,0xFF142433,0xFF1D2838,0xFF091A29,
    0xFF0B1E2D,0xFF0B1C2C,0xFF0B1C2B,0xFF051626,0xFF192635,0xFF1B2838,0xFF0A1C2A,0xFF0A1C2A,
    0xFF172431,0xFF1B2735,0xFF0F1C2A,0xFF0C1927,0xFF0F1C2C,0xFF111D2C,0xFF333F4E,0xFF102030,
    0xFF051827,0xFF1E2B39,0xFF333A45,0xFF0C1B29,0xFF0A1D2F,0xFF0F1C2D,0xFF0D1E2B,0xFF0D1F2C,
    0xFF142537,0xFF122234,0xFF0C1A25,0xFF28354A,0xFF394357,0xFF3D4251,0xFF4C4E5B,0xFF2D3545,
    0xFF364357,0xFF26364C,0xFF203448,0xFF1A2F40,0xFF333E4E,0xFF42424F,0xFF514950,0xFF665357,
    0xFF524D52,0xFF3A4450,0xFF2D3240,0xFF5A4C54,0xFF564C4D,0xFF534950,0xFF4C4448,0xFF4E454A,
    0xFF514850,0xFF473E46,0xFF54535A,0xFF222C3C,0xFF383847,0xFF46414A,0xFF31373F,0xFF41434A,
    0xFF1F2936,0xFF1B2739,0xFF212739,0xFF363D4F,0xFF152534,0xFF1B2B3B,0xFF283545,0xFF1B2534,
    0xFF2F3844,0xFF222C3C,0xFF263347,0xFF1D2435,0xFF4E4E59,0xFF2B3340,0xFF2C313D,0xFF38424F,
    0xFF1C2A3C,0xFF2C384B,0xFF252E41,0xFF303645,0xFF363B4C,0xFF243042,0xFF1E2F3F,0xFF273445,
    0xFF273446,0xFF243545,0xFF293949,0xFF243445,0xFF233449,0xFF25374D,0xFF25374D,0xFF2B3C52,
    0xFF333B4E,0xFF353E50,0xFF313E4F,0xFF2E3E4F,0xFF2E3A50,0xFF313D53,0xFF364258,0xFF333F54,
    0xFF364356,0xFF344053,0xFF334054,0xFF333E51,0xFF464B58,0xFF525460,0xFF363E51,0xFF454757,
    0xFF68636E,0xFF685B63,0xFF78656A,0xFF7B686C,0xFF8C716F,0xFF74656E,0xFF353C54,0xFF444B5B,
    0xFF454A5A,0xFF3D3F51,0xFF424355,0xFF494A5C,0xFF47485A,0xFF494A5D,0xFF4C4D5E,0xFF444755,
    0xFF444753,0xFF5B5763,0xFF4E4C58,0xFF4E4E5B,0xFF504B5B,0xFF595064,0xFF585261,0xFF57505C,
    0xFF5D535E,0xFF625660,0xFF5F525D,0xFF61525D,0xFF63525D,0xFF685561,0xFF6A5661,0xFF6C5760,
    0xFF705861,0xFF70575E,0xFF755A60,0xFF7A5D61,0xFF7A5C5F,0xFF7E5D5F,0xFF815D5F,0xFF825C5C,
    0xFF845C5B,0xFF865D5B,0xFF8A5D5B,0xFF8D5E5A,0xFF90605A,0xFF94625B,0xFF986259,0xFF9B5F56,
    0xFF9E6055,0xFFA36356,0xFFA86356,0xFFAC6355,0xFFB26757,0xFFB06551,0xFFB36550,0xFFB5664F,
    0xFFB56650,0xFFB86851,0xFFC06C54,0xFFC67055,0xFFB7634B,0xFFA4533D,0xFF944330,0xFF974635,
    0xFF9B513D,0xFF944C39,0xFF8D4737,0xFF8D4A3A,0xFF874634,0xFF864836,0xFF905641,0xFF804432,
    0xFF83463A,0xFF80483C,0xFF744034,0xFF6C3E35,0xFF653C36,0xFF663E39,0xFF603A37,0xFF5E3B38,
    0xFF603D39,0xFF623C38,0xFF68413C,0xFF53342E,0xFF563834,0xFF5C3C3B,0xFF59393A,0xFF4B3236,
    0xFF4D3539,0xFF533A3D,0xFF473134,0xFF3B2C30,0xFF4A393A,0xFF453231,0xFF402C2F,0xFF403238,
    0xFF332A2F,0xFF372B34,0xFF342832,0xFF312830,0xFF2D282F,0xFF29262D,0xFF282630,0xFF2D2733,
    0xFF2A2430,0xFF292833,0xFF282834,0xFF20202C,0xFF32323E,0xFF2F2F3A,0xFF1B1E28,0xFF1E2330,
    0xFF1A2130,0xFF172132,0xFF1D2435,0xFF191B26,0xFF1E202D,0xFF222631,0xFF141A25,0xFF131923,
    0xFF373535,0xFF43393F,0xFF242026,0xFF3B383D,0xFF332A30,0xFF1B181F,0xFF1E2634,0xFF151B27,
    0xFF393233,0xFF403634,0xFF2B2B34,0xFF181A25,0xFF111620,0xFF142029,0xFF292A2E,0xFF3C3232,
    0xFF4B4243,0xFF17171F,0xFF0C1321,0xFF0E1525,0xFF071426,0xFF2C272A,0xFF2A262C,0xFF272830,
    0xFF070E18,0xFF0B121C,0xFF09101A,0xFF0A111B,0xFF091119,0xFF050B12,0xFF080C11,0xFF33353A,
    0xFF090E15,0xFF040D16,0xFF27282C,0xFF1E1E20,0xFF1E1E20,0xFF2F3033,0xFF030C17,0xFF0C1420,
    0xFF0F1420,0xFF0E1421,0xFF050B17,0xFF091018,0xFF1B1F25,0xFF282829,0xFF373435,0xFF36353A,
    0xFF16161C,0xFF232329,0xFF2D2B2F,0xFF222327,0xFF0A111A,0xFF12171F,0xFF2A2728,0xFF353335,
    0xFF11171E,0xFF1D2229,0xFF292322,0xFF3C3230,0xFF3E3433,0xFF332A29,0xFF2E2828,0xFF1E1C1E,
    0xFF111418,0xFF212125,0xFF5C463D,0xFF3D312E,0xFF0B131D,0xFF292E30,0xFF323034,0xFF383740,
    0xFF04141C,0xFF0E1727,0xFF0C1724,0xFF0B1B23,0xFF141F2D,0xFF0E1A27,0xFF091621,0xFF14202C,
    0xFF151F2B,0xFF182331,0xFF17212F,0xFF131D2C,0xFF172230,0xFF112232,0xFF0F202F,0xFF0D1E2D,
    0xFF0E1F2E,0xFF091A29,0xFF0E1F2F,0xFF0A1B2B,0xFF071928,0xFF0F1F2E,0xFF242F40,0xFF0F1F2E,
    0xFF0F2130,0xFF0C1D2D,0xFF0C1D2D,0xFF0E1F2F,0xFF101D2D,0xFF182635,0xFF0F202E,0xFF091B29,
    0xFF1A2634,0xFF151F2D,0xFF2C3544,0xFF162130,0xFF0E1B2B,0xFF0F1D2D,0xFF0B1929,0xFF0C1C2C,
    0xFF0B1E2B,0xFF0C1A27,0xFF202835,0xFF253340,0xFF081624,0xFF373E4C,0xFF1F2933,0xFF061724,
    0xFF0D1F31,0xFF142539,0xFF102231,0xFF081A2D,0xFF172537,0xFF414B58,0xFF424955,0xFF424958,
    0xFF3D4655,0xFF263142,0xFF252E3F,0xFF474854,0xFF47454E,0xFF534B52,0xFF5B5459,0xFF57464C,
    0xFF48444A,0xFF26313D,0xFF404250,0xFF5C4E57,0xFF4D464A,0xFF494047,0xFF564951,0xFF584E55,
    0xFF4E4951,0xFF444048,0xFF524D51,0xFF434550,0xFF3D3841,0xFF5D5459,0xFF2B2B34,0xFF494952,
    0xFF252C3B,0xFF1D2839,0xFF283042,0xFF292F42,0xFF253443,0xFF152433,0xFF2D3A4A,0xFF283240,
    0xFF242D39,0xFF232B3C,0xFF253043,0xFF242A3A,0xFF3E3E48,0xFF3B3C49,0xFF383742,0xFF353644,
    0xFF20293C,0xFF2B3649,0xFF252E40,0xFF323949,0xFF363B4D,0xFF263143,0xFF1C2E3D,0xFF283647,
    0xFF283546,0xFF243343,0xFF263546,0xFF2A3A4A,0xFF233347,0xFF25354A,0xFF26364B,0xFF28374C,
    0xFF343B4E,0xFF323A4D,0xFF313D4E,0xFF2F3D4E,0xFF333F54,0xFF2E3B4F,0xFF333F54,0xFF323F53,
    0xFF344154,0xFF364356,0xFF334052,0xFF313F53,0xFF363F51,0xFF5D616D,0xFF3C404F,0xFF404554,
    0xFF464653,0xFF746C77,0xFF70646E,0xFF564D58,0xFF725E60,0xFF807075,0xFF454658,0xFF383F4F,
    0xFF494E5E,0xFF404253,0xFF474759,0xFF424355,0xFF454658,0xFF4B4C5F,0xFF515162,0xFF4E515F,
    0xFF444854,0xFF53515C,0xFF55525D,0xFF4F4C59,0xFF514B5B,0xFF51485A,0xFF585261,0xFF56505C,
    0xFF5B505B,0xFF61555F,0xFF5F535D,0xFF60535D,0xFF62525D,0xFF665460,0xFF68555F,0xFF69545D,
    0xFF6E575F,0xFF715961,0xFF6F565C,0xFF765A5F,0xFF785A5E,0xFF7A5A5D,0xFF7C5A5D,0xFF805B5C,
    0xFF835C5B,0xFF855C5C,0xFF875D5B,0xFF8A5D59,0xFF8F605B,0xFF916059,0xFF925D56,0xFF985F56,
    0xFF9C6055,0xFFA16257,0xFFA46256,0xFFA96355,0xFFAC6455,0xFFAA6251,0xFFAF6451,0xFFB16450,
    0xFFB46650,0xFFBB6C55,0xFFB96B55,0xFFA0533E,0xFF8E442E,0xFF8C432E,0xFF934937,0xFF944A3A,
    0xFF8E4734,0xFF8D4837,0xFF894636,0xFF874636,0xFF854836,0xFF8A4E3C,0xFF7E4532,0xFF7B4131,
    0xFF7B4136,0xFF794339,0xFF734238,0xFF683B33,0xFF663C37,0xFF623A36,0xFF5F3937,0xFF603C39,
    0xFF5D3B37,0xFF623F3B,0xFF5C3A36,0xFF583531,0xFF644441,0xFF644744,0xFF513838,0xFF443032,
    0xFF473335,0xFF443032,0xFF3F2B2E,0xFF483539,0xFF453233,0xFF4F3D3B,0xFF4B383A,0xFF3E3136,
    0xFF30292E,0xFF332931,0xFF332932,0xFF2F272F,0xFF2B272E,0xFF28252C,0xFF272630,0xFF2B2430,
    0xFF2E2733,0xFF282732,0xFF23232F,0xFF22222E,0xFF252532,0xFF1E1F2A,0xFF1F222B,0xFF1F222E,
    0xFF181E2B,0xFF1B2230,0xFF1A1B26,0xFF302B32,0xFF413D46,0xFF161A24,0xFF171F2A,0xFF272C35,
    0xFF3A373A,0xFF1E1A23,0xFF14151C,0xFF292629,0xFF403539,0xFF2E2C33,0xFF131B28,0xFF141721,
    0xFF473E3F,0xFF2F2628,0xFF1E1B21,0xFF221D21,0xFF353237,0xFF24262D,0xFF221D24,0xFF32272C,
    0xFF2C282C,0xFF0B131C,0xFF0B1826,0xFF111D2C,0xFF0A121F,0xFF3D3435,0xFF23242D,0xFF101622,
    0xFF040B15,0xFF080F19,0xFF0B121C,0xFF050D17,0xFF030D18,0xFF08111B,0xFF050D16,0xFF191C23,
    0xFF0E1017,0xFF000511,0xFF0A0D15,0xFF1F232A,0xFF181B20,0xFF13161B,0xFF050D17,0xFF030A16,
    0xFF0D131F,0xFF0F1521,0xFF0A0F1B,0xFF0D1721,0xFF08111B,0xFF040911,0xFF0E1219,0xFF1E2228,
    0xFF1B1F24,0xFF14181F,0xFF1C1C1F,0xFF363335,0xFF050D15,0xFF0F1822,0xFF1D1919,0xFF302B2B,
    0xFF0D151E,0xFF06111D,0xFF232429,0xFF2B292B,0xFF1E1716,0xFF4C3B33,0xFF594841,0xFF302C2E,
    0xFF050D19,0xFF121923,0xFF57463C,0xFF4E403A,0xFF121823,0xFF0E1319,0xFF231B20,0xFF443F45,
    0xFF071415,0xFF0D151E,0xFF0E1925,0xFF061824,0xFF071425,0xFF081825,0xFF0B1A25,0xFF161F2C,
    0xFF121926,0xFF151B2B,0xFF141B2B,0xFF181F2F,0xFF141C2C,0xFF101F2E,0xFF132332,0xFF142433,
    0xFF162635,0xFF122231,0xFF112130,0xFF0C1C2B,0xFF0C1C2B,0xFF0D1D2C,0xFF0E1E2D,0xFF10202F,
    0xFF0D1D2D,0xFF0B1C2D,0xFF071828,0xFF0C1D2D,0xFF0B1B2A,0xFF091928,0xFF0A1A29,0xFF101F2E,
    0xFF151F2E,0xFF1C2534,0xFF222B3A,0xFF273240,0xFF0D1E2D,0xFF142433,0xFF0D1D2C,0xFF0F202E,
    0xFF172835,0xFF091624,0xFF131E2D,0xFF323F4B,0xFF101924,0xFF333641,0xFF343B42,0xFF0C1C27,
    0xFF071525,0xFF0D1B2C,0xFF102536,0xFF0F2433,0xFF0C1E2D,0xFF0B1C2A,0xFF273440,0xFF404755,
    0xFF333A47,0xFF303846,0xFF43424F,0xFF65575E,0xFF55494E,0xFF5B4E51,0xFF4F494E,0xFF4E424C,
    0xFF4B4950,0xFF2A343F,0xFF42414C,0xFF574B55,0xFF3A3940,0xFF443F47,0xFF574852,0xFF514850,
    0xFF403E47,0xFF3C3C44,0xFF4A3F42,0xFF585258,0xFF554E52,0xFF594E51,0xFF433D48,0xFF2C2C39,
    0xFF404757,0xFF182433,0xFF2C3748,0xFF21283A,0xFF212D3D,0xFF172535,0xFF222F3F,0xFF3C4654,
    0xFF28303C,0xFF262D3D,0xFF20293B,0xFF3A3F4E,0xFF3A3841,0xFF4C4755,0xFF4C4551,0xFF433F4D,
    0xFF303347,0xFF222E3F,0xFF232E3E,0xFF212C3D,0xFF323A4D,0xFF2A3547,0xFF1F3141,0xFF243243,
    0xFF2B3748,0xFF2D3A4B,0xFF263344,0xFF293647,0xFF273549,0xFF253448,0xFF27364A,0xFF28364A,
    0xFF343E51,0xFF353F51,0xFF313B4D,0xFF323B4E,0xFF323B4F,0xFF333D50,0xFF333D50,0xFF333F52,
    0xFF334053,0xFF354255,0xFF333F52,0xFF2F3F55,0xFF2F3D53,0xFF485060,0xFF5B5D68,0xFF383E4C,
    0xFF4B505F,0xFF464553,0xFF5B5867,0xFF545465,0xFF544950,0xFF7C6D71,0xFF534E59,0xFF343B4B,
    0xFF424757,0xFF444557,0xFF454658,0xFF464759,0xFF47485A,0xFF444557,0xFF484859,0xFF484B59,
    0xFF4A4D59,0xFF55535E,0xFF5F5963,0xFF554E5A,0xFF585260,0xFF534C5C,0xFF524C5A,0xFF5B5460,
    0xFF5A505B,0xFF60545E,0xFF5E535C,0xFF5F535D,0xFF60515C,0xFF64545F,0xFF675660,0xFF67545D,
    0xFF6C565E,0xFF6D575F,0xFF6F5860,0xFF71575C,0xFF75595D,0xFF795A5F,0xFF7B5A5E,0xFF7D5B5D,
    0xFF805A5B,0xFF825A5B,0xFF845C5C,0xFF8A5F5D,0xFF8A5D59,0xFF8A5D57,0xFF8F5E57,0xFF945E57,
    0xFF996057,0xFF9C6156,0xFF9E6054,0xFFA76457,0xFFA56152,0xFFA86555,0xFFAD6856,0xFFB06957,
    0xFFB76C57,0xFFAD624D,0xFF8C4634,0xFF844232,0xFF894935,0xFF8A4934,0xFF8B4A39,0xFF884637,
    0xFF884533,0xFF864533,0xFF844535,0xFF854839,0xFF7F4437,0xFF784032,0xFF7B4536,0xFF784336,
    0xFF764239,0xFF6F3F37,0xFF673C35,0xFF6C413A,0xFF633933,0xFF603935,0xFF613B39,0xFF5C3935,
    0xFF593934,0xFF563735,0xFF523534,0xFF5E3B39,0xFF583937,0xFF493330,0xFF433130,0xFF473434,
    0xFF473433,0xFF3E2B2B,0xFF4E393A,0xFF513A3D,0xFF412C2F,0xFF4A3839,0xFF423235,0xFF3C3135,
    0xFF2D282D,0xFF372D35,0xFF332832,0xFF2E262E,0xFF2B262D,0xFF28252C,0xFF292832,0xFF2E2734,
    0xFF322B37,0xFF22212C,0xFF22222E,0xFF22222E,0xFF201F2B,0xFF20212C,0xFF252732,0xFF1E212B,
    0xFF1B1F29,0xFF27262F,0xFF423A40,0xFF504548,0xFF2C252B,0xFF121721,0xFF212732,0xFF23222A,
    0xFF2C252B,0xFF1F1E29,0xFF1A1F27,0xFF333236,0xFF3E363A,0xFF22222C,0xFF10141F,0xFF27242A,
    0xFF3B3335,0xFF252126,0xFF2D2627,0xFF483C39,0xFF413737,0xFF201C22,0xFF332C33,0xFF392E36,
    0xFF17171E,0xFF0A1822,0xFF051625,0xFF061522,0xFF1A1C24,0xFF3C3435,0xFF0C1422,0xFF051022,
    0xFF050B15,0xFF080E18,0xFF040B15,0xFF060E18,0xFF050F1A,0xFF000913,0xFF01070F,0xFF11141A,
    0xFF1B1B23,0xFF000310,0xFF101520,0xFF020913,0xFF080F16,0xFF181B21,0xFF070E18,0xFF09101C,
    0xFF101521,0xFF0A111D,0xFF101723,0xFF0D151F,0xFF0E161F,0xFF070F19,0xFF0E1720,0xFF030A11,
    0xFF10171D,0xFF131B21,0xFF04090D,0xFF2B2B2F,0xFF0A1019,0xFF181D25,0xFF353031,0xFF1B1A1B,
    0xFF07111C,0xFF03101C,0xFF1A1E26,0xFF121720,0xFF12131A,0xFF41302A,0xFF48342B,0xFF161319,
    0xFF0C1626,0xFF070F1D,0xFF272425,0xFF372F2D,0xFF1B212D,0xFF1B2129,0xFF222228,0xFF242027,
    0xFF192124,0xFF2A2B2E,0xFF171C22,0xFF0C1925,0xFF091523,0xFF0B1723,0xFF06131F,0xFF0B1723,
    0xFF0E1925,0xFF0F1927,0xFF0A1423,0xFF101A29,0xFF172230,0xFF101E2B,0xFF091825,0xFF0A1825,
    0xFF11202D,0xFF12212E,0xFF162432,0xFF172633,0xFF162332,0xFF112130,0xFF051927,0xFF101F2E,
    0xFF122131,0xFF112333,0xFF091A2A,0xFF0D1E2E,0xFF091C2A,0xFF0B1C2B,0xFF071625,0xFF111E2E,
    0xFF061522,0xFF101F2C,0xFF172633,0xFF0C1B28,0xFF071826,0xFF081A28,0xFF0D1F2D,0xFF10202C,
    0xFF26333E,0xFF1C2A37,0xFF0D1A2A,0xFF0C1B28,0xFF19232E,0xFF222630,0xFF293138,0xFF303B42,
    0xFF31363F,0xFF1A202C,0xFF021626,0xFF1A2D3C,0xFF1A2B39,0xFF0D1F2D,0xFF0E1F2E,0xFF142032,
    0xFF1E2838,0xFF3F4756,0xFF575965,0xFF5C565C,0xFF595359,0xFF5F565D,0xFF46444D,0xFF534955,
    0xFF515057,0xFF29323E,0xFF47434C,0xFF4C414D,0xFF323642,0xFF494550,0xFF4F444D,0xFF47414A,
    0xFF42404B,0xFF3B3944,0xFF54494F,0xFF554C51,0xFF504A4E,0xFF514A4E,0xFF4A434D,0xFF1F2434,
    0xFF2D3946,0xFF23333F,0xFF1D2A3A,0xFF262C3E,0xFF232C3D,0xFF1F2C3D,0xFF152232,0xFF2C3643,
    0xFF313945,0xFF343A48,0xFF242B3D,0xFF424552,0xFF413C44,0xFF393440,0xFF524A54,0xFF423D4A,
    0xFF333547,0xFF2A3442,0xFF1E2B3A,0xFF1C2B3C,0xFF2A3447,0xFF252F41,0xFF213343,0xFF202E3F,
    0xFF2E394B,0xFF2D384A,0xFF253143,0xFF2A3647,0xFF2E3B4D,0xFF283548,0xFF283548,0xFF2D3B4D,
    0xFF293849,0xFF303B4D,0xFF384053,0xFF363C4F,0xFF363E50,0xFF353D4F,0xFF373F51,0xFF333D4F,
    0xFF324053,0xFF323F52,0xFF323F51,0xFF323E51,0xFF324055,0xFF303D51,0xFF4F5463,0xFF4A4E5A,
    0xFF454A57,0xFF555663,0xFF3A3A49,0xFF4E5264,0xFF605B65,0xFF5E5359,0xFF635D66,0xFF353C4C,
    0xFF3A4050,0xFF4F5062,0xFF454658,0xFF444557,0xFF494A5C,0xFF454658,0xFF444455,0xFF444655,
    0xFF444854,0xFF524F5B,0xFF605560,0xFF675C67,0xFF57505E,0xFF57515F,0xFF524C5B,0xFF554E5A,
    0xFF5D525D,0xFF5C515B,0xFF595159,0xFF5E545D,0xFF5F525C,0xFF60525C,0xFF655660,0xFF66555D,
    0xFF69565C,0xFF6B565E,0xFF6D5761,0xFF6F575E,0xFF72585E,0xFF75585E,0xFF78595E,0xFF79595C,
    0xFF7D5B5B,0xFF805A5C,0xFF865E5F,0xFF865D5D,0xFF875C59,0xFF875E58,0xFF8B5E58,0xFF905E57,
    0xFF956057,0xFF966055,0xFF9D6256,0xFFA16155,0xFFA56559,0xFFA16355,0xFF975748,0xFF914F3E,
    0xFF904D3C,0xFF824030,0xFF804131,0xFF844637,0xFF824432,0xFF854635,0xFF844537,0xFF824235,
    0xFF864635,0xFF854735,0xFF824637,0xFF804539,0xFF743C31,0xFF754034,0xFF7C4A3C,0xFF703F34,
    0xFF6E3F38,0xFF673C36,0xFF623D37,0xFF653C36,0xFF643A34,0xFF653E3A,0xFF5D3734,0xFF5E3C37,
    0xFF543631,0xFF4F3635,0xFF4B3536,0xFF503633,0xFF4B3330,0xFF483333,0xFF4C3939,0xFF4B3433,
    0xFF47302F,0xFF513B3A,0xFF533B3A,0xFF563A3C,0xFF442D2F,0xFF39272A,0xFF423237,0xFF352C2F,
    0xFF2C292C,0xFF312A31,0xFF30262F,0xFF2C252D,0xFF29242B,0xFF2E2B32,0xFF2B2A34,0xFF332C39,
    0xFF2E2834,0xFF22212C,0xFF22222E,0xFF21212D,0xFF23232F,0xFF282935,0xFF272A36,0xFF21222B,
    0xFF1E1E25,0xFF322E34,0xFF3C3234,0xFF322729,0xFF262128,0xFF171C26,0xFF19191D,0xFF372A2C,
    0xFF473639,0xFF2A262D,0xFF242930,0xFF191F26,0xFF151621,0xFF0F131F,0xFF21212A,0xFF383033,
    0xFF241C1E,0xFF232128,0xFF3E3536,0xFF403636,0xFF211E23,0xFF15171F,0xFF312D32,0xFF473B40,
    0xFF2C2D35,0xFF051322,0xFF041424,0xFF07121F,0xFF262831,0xFF3D383C,0xFF081323,0xFF091425,
    0xFF010711,0xFF101721,0xFF111822,0xFF000711,0xFF040C15,0xFF10161D,0xFF05080E,0xFF1C1A1F,
    0xFF16141A,0xFF000411,0xFF0F1623,0xFF09111D,0xFF050D16,0xFF181C23,0xFF08101A,0xFF09111C,
    0xFF09101B,0xFF0A101C,0xFF040914,0xFF070B13,0xFF090F16,0xFF161C24,0xFF161D25,0xFF131C23,
    0xFF0F171F,0xFF060F16,0xFF090F16,0xFF121820,0xFF0A131B,0xFF0F1014,0xFF282525,0xFF222529,
    0xFF050E17,0xFF050F18,0xFF0F131C,0xFF0C1723,0xFF060F1B,0xFF383030,0xFF5D4A43,0xFF1E1C22,
    0xFF101827,0xFF0F1726,0xFF06101A,0xFF1F1E20,0xFF131722,0xFF0D161E,0xFF1B242C,0xFF171720,
    0xFF0B1118,0xFF3B3739,0xFF292929,0xFF0B131D,0xFF151E27,0xFF171E29,0xFF161E2A,0xFF05101B,
    0xFF05141E,0xFF091926,0xFF0D1C2A,0xFF0A1926,0xFF071723,0xFF0C1927,0xFF0F1C2A,0xFF0F1C29,
    0xFF0B1825,0xFF0C1825,0xFF0F1B28,0xFF0C1824,0xFF0E1928,0xFF12202F,0xFF102430,0xFF0E1D2B,
    0xFF0D1B2B,0xFF0C1D2D,0xFF0F202F,0xFF0C1D2C,0xFF091C2A,0xFF102230,0xFF0C1A2A,0xFF0E1B2B,
    0xFF0F212E,0xFF0A1D29,0xFF192C39,0xFF0B1E2B,0xFF0D202E,0xFF0A1C2B,0xFF0A1C2B,0xFF0D1D29,
    0xFF111E28,0xFF1C2937,0xFF0F1D2D,0xFF0E1F2E,0xFF15212F,0xFF2D3642,0xFF24303A,0xFF1A2228,
    0xFF413E41,0xFF505057,0xFF142432,0xFF0B1928,0xFF1B2838,0xFF1E2D3C,0xFF0E1D2F,0xFF091B30,
    0xFF09182B,0xFF101B2C,0xFF192330,0xFF212B33,0xFF2A303B,0xFF484856,0xFF373A48,0xFF5D5764,
    0xFF393A42,0xFF28303B,0xFF534D54,0xFF4E444F,0xFF323744,0xFF43414D,0xFF413E47,0xFF44434C,
    0xFF494552,0xFF47414E,0xFF564C54,0xFF4D454B,0xFF434147,0xFF434147,0xFF4F4B53,0xFF1B2635,
    0xFF1B2D39,0xFF162934,0xFF1B293A,0xFF262C3E,0xFF242B3C,0xFF283343,0xFF121F2F,0xFF242F3D,
    0xFF212A36,0xFF363C4A,0xFF232A3A,0xFF2E303D,0xFF57525A,0xFF433F4A,0xFF4F4B53,0xFF393641,
    0xFF383B4A,0xFF2B3643,0xFF1E2B3B,0xFF1D2F40,0xFF253144,0xFF2E384A,0xFF233444,0xFF202F3F,
    0xFF293345,0xFF2C3648,0xFF2C3648,0xFF2A3346,0xFF2E394B,0xFF323E4F,0xFF263244,0xFF293546,
    0xFF2A3A4A,0xFF2C3749,0xFF343C4F,0xFF373E51,0xFF363D4F,0xFF373E50,0xFF353C4E,0xFF353D50,
    0xFF303D50,0xFF333F53,0xFF323F53,0xFF353E4F,0xFF323C50,0xFF314058,0xFF303A4E,0xFF565B65,
    0xFF454650,0xFF545460,0xFF50505C,0xFF3B3E4D,0xFF605F6A,0xFF5A555C,0xFF5E5B65,0xFF474D5D,
    0xFF373C4C,0xFF47485A,0xFF4E4F61,0xFF3D3D4F,0xFF454658,0xFF434456,0xFF464758,0xFF464A57,
    0xFF4B4E5A,0xFF4A4854,0xFF584E5A,0xFF695E67,0xFF5B525D,0xFF4F4A57,0xFF575260,0xFF544D5A,
    0xFF594F5B,0xFF5C515B,0xFF5A525B,0xFF5B515A,0xFF5E535C,0xFF5E525C,0xFF61535D,0xFF63535C,
    0xFF67555C,0xFF6A565F,0xFF6A5560,0xFF6E575F,0xFF70575E,0xFF72565D,0xFF75575D,0xFF78595D,
    0xFF7B595C,0xFF7F5A5D,0xFF825B5C,0xFF82595A,0xFF845B5A,0xFF855C58,0xFF895D57,0xFF8E5D57,
    0xFF926058,0xFF956156,0xFF9B6257,0xFFA4665B,0xFF905448,0xFF7E4538,0xFF7D4133,0xFF7D3E2E,
    0xFF793E31,0xFF7D4439,0xFF7E4234,0xFF804131,0xFF844534,0xFF824335,0xFF804035,0xFF814136,
    0xFF864838,0xFF814636,0xFF7A4133,0xFF753D31,0xFF753F35,0xFF7B483E,0xFF724135,0xFF6A3B32,
    0xFF6A3D37,0xFF633B35,0xFF5E3C37,0xFF5E3630,0xFF6C423C,0xFF5F3834,0xFF5D3835,0xFF5D3B37,
    0xFF50332F,0xFF4C3535,0xFF483537,0xFF473431,0xFF483331,0xFF4A3537,0xFF472F31,0xFF492C2B,
    0xFF543837,0xFF583C3C,0xFF492D2C,0xFF4A2C2D,0xFF533A3C,0xFF4A383C,0xFF35272C,0xFF2F272B,
    0xFF2B292C,0xFF2F2A30,0xFF30262F,0xFF2D252D,0xFF363138,0xFF2A282F,0xFF25242D,0xFF28222E,
    0xFF29232E,0xFF25252F,0xFF23232F,0xFF21212D,0xFF22232E,0xFF232531,0xFF1C1F2B,0xFF1D1D26,
    0xFF2C292F,0xFF2D282C,0xFF2D2326,0xFF393135,0xFF1E1D25,0xFF1E2027,0xFF37302F,0xFF594441,
    0xFF584141,0xFF2E262A,0xFF1A1E23,0xFF101A24,0xFF172130,0xFF131724,0xFF29252B,0xFF4F4444,
    0xFF3A3235,0xFF181921,0xFF2E282B,0xFF221E23,0xFF0E151E,0xFF111A24,0xFF212126,0xFF3F3535,
    0xFF1A1922,0xFF081426,0xFF0A1425,0xFF121827,0xFF1A1F2A,0xFF1A1A24,0xFF091425,0xFF0E1522,
    0xFF030913,0xFF070E17,0xFF10161C,0xFF060C12,0xFF000510,0xFF0F121D,0xFF090C13,0xFF272223,
    0xFF261B1B,0xFF0B0E16,0xFF0D131C,0xFF050A14,0xFF0A0E1B,0xFF121622,0xFF090D19,0xFF081119,
    0xFF030D17,0xFF0D131C,0xFF151317,0xFF000208,0xFF040B13,0xFF16191E,0xFF2A292B,0xFF11181F,
    0xFF171A20,0xFF1D191C,0xFF27252B,0xFF060D19,0xFF0D131E,0xFF0B111C,0xFF1B1D23,0xFF191A1F,
    0xFF13181E,0xFF0C1219,0xFF10131D,0xFF050C13,0xFF0A1318,0xFF11141D,0xFF5E4743,0xFF4C3A31,
    0xFF1C191C,0xFF0C1425,0xFF171D24,0xFF3F3A36,0xFF2A2928,0xFF091018,0xFF1A1D29,0xFF21232F,
    0xFF171A26,0xFF2E2F34,0xFF383A3A,0xFF141C22,0xFF08131A,0xFF1A2229,0xFF383538,0xFF232021,
    0xFF09151F,0xFF071824,0xFF0A1A24,0xFF091923,0xFF0D1D28,0xFF091928,0xFF0A1827,0xFF0E1C29,
    0xFF16202C,0xFF1D232E,0xFF121924,0xFF161D28,0xFF242935,0xFF19202B,0xFF111C26,0xFF132129,
    0xFF14222D,0xFF101E2A,0xFF101E2A,0xFF111F2B,0xFF0F1F2E,0xFF0D1D2D,0xFF0E1E2E,0xFF0C1B2B,
    0xFF0D1F2F,0xFF031626,0xFF051828,0xFF0A1B2C,0xFF102032,0xFF09192A,0xFF09182A,0xFF112131,
    0xFF0D1D2B,0xFF091827,0xFF0A1A29,0xFF122130,0xFF1E2B3B,0xFF1C2939,0xFF101E2D,0xFF18242E,
    0xFF1E2026,0xFF38383E,0xFF2C3341,0xFF0B1728,0xFF0D1B2C,0xFF0F1E2E,0xFF0D1D2D,0xFF091D2D,
    0xFF0B1E2D,0xFF0B1C2A,0xFF0B1C2A,0xFF0A1A29,0xFF081727,0xFF101F2F,0xFF2B3343,0xFF444E5A,
    0xFF202D37,0xFF44414E,0xFF56494E,0xFF554B4F,0xFF4B4851,0xFF464653,0xFF303745,0xFF42444E,
    0xFF413E47,0xFF3D3844,0xFF5A4D53,0xFF463E46,0xFF3F3E4A,0xFF3B3A47,0xFF3D3E48,0xFF28343F,
    0xFF132330,0xFF182A3C,0xFF192B3D,0xFF253040,0xFF29303C,0xFF262C3B,0xFF1F293E,0xFF202E3F,
    0xFF1A2531,0xFF1E2738,0xFF2C3345,0xFF222735,0xFF3D3D48,0xFF59525C,0xFF37383F,0xFF464750,
    0xFF3E3D4B,0xFF222A3C,0xFF293446,0xFF203040,0xFF213040,0xFF2A3748,0xFF283546,0xFF1F2C3D,
    0xFF253243,0xFF2C3849,0xFF2A3648,0xFF2F3C4D,0xFF232F40,0xFF374354,0xFF2D394B,0xFF253243,
    0xFF283546,0xFF2A3748,0xFF2E3A4B,0xFF354052,0xFF393E52,0xFF383D51,0xFF34394D,0xFF373C50,
    0xFF343B50,0xFF343B50,0xFF394054,0xFF333D52,0xFF2F3B51,0xFF333F56,0xFF303D53,0xFF37404E,
    0xFF505561,0xFF424351,0xFF585766,0xFF444757,0xFF464857,0xFF545461,0xFF5B5A66,0xFF4B4D5C,
    0xFF3E4051,0xFF383C4F,0xFF4B4E60,0xFF4C4D5B,0xFF3F4052,0xFF424459,0xFF434658,0xFF464857,
    0xFF4D4C5C,0xFF4D4A5A,0xFF4D4C5F,0xFF645964,0xFF68575E,0xFF58515E,0xFF555260,0xFF554F5D,
    0xFF5C5463,0xFF584D5C,0xFF5E525F,0xFF5E5260,0xFF5B4F5E,0xFF5F535F,0xFF5F525C,0xFF62545E,
    0xFF64535F,0xFF68555E,0xFF6A565D,0xFF6B555D,0xFF6E555E,0xFF70555E,0xFF71565E,0xFF75575E,
    0xFF77585E,0xFF79575D,0xFF7D595D,0xFF80595C,0xFF835B5B,0xFF895C5A,0xFF8A5B57,0xFF8E5D57,
    0xFF915F58,0xFF97645C,0xFF915B51,0xFF874E44,0xFF7A4336,0xFF794434,0xFF784032,0xFF7C4234,
    0xFF7C4438,0xFF7A4337,0xFF7B4134,0xFF834738,0xFF824436,0xFF814336,0xFF7F4134,0xFF85473A,
    0xFF814237,0xFF7A3F34,0xFF744134,0xFF703F34,0xFF79453B,0xFF703F35,0xFF6B3C33,0xFF6B3E38,
    0xFF663B36,0xFF623B34,0xFF5E3A32,0xFF663E37,0xFF653C37,0xFF593632,0xFF553532,0xFF533537,
    0xFF4E3336,0xFF4C3436,0xFF493436,0xFF473133,0xFF493335,0xFF412C2E,0xFF472E30,0xFF5A3938,
    0xFF583A3A,0xFF492F30,0xFF452E2E,0xFF583C3D,0xFF5A3D3F,0xFF41302D,0xFF2E2526,0xFF2D252C,
    0xFF2E282F,0xFF2E2831,0xFF30252F,0xFF392E38,0xFF322A32,0xFF29242B,0xFF28262D,0xFF232229,
    0xFF222127,0xFF232229,0xFF231F2D,0xFF201F2B,0xFF23292F,0xFF1A1F27,0xFF1E1B29,0xFF2E2D30,
    0xFF2C262A,0xFF403636,0xFF332F31,0xFF181B26,0xFF272728,0xFF48403D,0xFF302423,0xFF413534,
    0xFF413536,0xFF20212A,0xFF1C1E27,0xFF191F26,0xFF101C27,0xFF221D28,0xFF4A3B3B,0xFF352A2B,
    0xFF151822,0xFF0F1826,0xFF151A23,0xFF1C1B20,0xFF1C1E24,0xFF0C141C,0xFF10141C,0xFF191A22,
    0xFF1A1D27,0xFF0D1321,0xFF0F1622,0xFF171C28,0xFF081220,0xFF081120,0xFF0C1422,0xFF111926,
    0xFF030A17,0xFF060C15,0xFF1C2023,0xFF292B2D,0xFF00030D,0xFF0A0E16,0xFF05070D,0xFF201D21,
    0xFF2F2A2E,0xFF060911,0xFF1D1F23,0xFF05070F,0xFF080C19,0xFF0A0E1A,0xFF060A17,0xFF030A11,
    0xFF050F18,0xFF070E16,0xFF333135,0xFF13151A,0xFF040D15,0xFF0E121A,0xFF17171B,0xFF010911,
    0xFF16161A,0xFF3B2F2D,0xFF392E2E,0xFF15161E,0xFF1D1E25,0xFF15161D,0xFF1E2027,0xFF13181E,
    0xFF0F161E,0xFF0E1620,0xFF1B2028,0xFF272A2E,0xFF10161A,0xFF0B131D,0xFF1A1615,0xFF654E49,
    0xFF433637,0xFF07141F,0xFF0E1723,0xFF272325,0xFF484546,0xFF151720,0xFF121420,0xFF151722,
    0xFF1B1D2A,0xFF171A21,0xFF0D1115,0xFF192128,0xFF091620,0xFF0A151E,0xFF252527,0xFF454344,
    0xFF1C252F,0xFF0D1825,0xFF0E1824,0xFF0C1622,0xFF07121E,0xFF0B1926,0xFF091724,0xFF061421,
    0xFF0D1925,0xFF171E29,0xFF1B222E,0xFF1D2430,0xFF242A36,0xFF202732,0xFF0D1722,0xFF111D27,
    0xFF16232E,0xFF13212C,0xFF1A2833,0xFF13202B,0xFF0C1B29,0xFF0D1D2B,0xFF0F1E2D,0xFF0F1F2D,
    0xFF0F1F2F,0xFF091A2A,0xFF0C1D2D,0xFF061727,0xFF0B1B2B,0xFF0F1F2F,0xFF081828,0xFF0E1E2E,
    0xFF0D1D2C,0xFF0D1D2C,0xFF0D1E2D,0xFF0D1B2B,0xFF0E1B2B,0xFF101D2D,0xFF081525,0xFF1C2431,
    0xFF393C45,0xFF151921,0xFF212A35,0xFF212B38,0xFF0A1524,0xFF0C1B2B,0xFF1A2A3A,0xFF0D1E2C,
    0xFF0E202E,0xFF0C1E2C,0xFF0B1D2B,0xFF0F1F2F,0xFF0F1F2F,0xFF0E1E2E,0xFF0E1A2C,0xFF091929,
    0xFF112330,0xFF3D4151,0xFF564F57,0xFF5A545A,0xFF494852,0xFF272937,0xFF232A38,0xFF33343D,
    0xFF4A454E,0xFF46424D,0xFF4F484E,0xFF403C44,0xFF363644,0xFF373745,0xFF43414D,0xFF323B48,
    0xFF172333,0xFF1A293C,0xFF15283A,0xFF172535,0xFF2D3643,0xFF2D3444,0xFF1C273C,0xFF1B2A3C,
    0xFF2E3845,0xFF1D2637,0xFF202939,0xFF323847,0xFF2C2F3D,0xFF42404B,0xFF383A43,0xFF40404A,
    0xFF3B3A46,0xFF303545,0xFF252E3E,0xFF212F40,0xFF202F3F,0xFF202D3E,0xFF2A3748,0xFF243142,
    0xFF202E3F,0xFF2C394A,0xFF273445,0xFF2E3B4C,0xFF293647,0xFF273445,0xFF2E3B4C,0xFF283546,
    0xFF283546,0xFF2A3748,0xFF2B3849,0xFF2E3A4B,0xFF383F52,0xFF394053,0xFF383E52,0xFF343C4F,
    0xFF333D4F,0xFF303A4D,0xFF303B4D,0xFF344053,0xFF344155,0xFF323E52,0xFF334054,0xFF313D4E,
    0xFF364050,0xFF3B4153,0xFF3D4255,0xFF474C5E,0xFF3D4050,0xFF414350,0xFF4F4F5C,0xFF535564,
    0xFF3E4151,0xFF3B4254,0xFF3A4051,0xFF595A69,0xFF48495B,0xFF3E3F53,0xFF434557,0xFF474958,
    0xFF494858,0xFF514E5F,0xFF444457,0xFF5A515C,0xFF695B62,0xFF5B5360,0xFF4F4B5A,0xFF534E5C,
    0xFF574F5E,0xFF5C5162,0xFF594D5B,0xFF5E5260,0xFF5E5260,0xFF5B4F5C,0xFF5E525B,0xFF62535E,
    0xFF64525E,0xFF64525B,0xFF67555A,0xFF6A545C,0xFF6C555D,0xFF6D545D,0xFF6F555E,0xFF72555B,
    0xFF73555A,0xFF77575C,0xFF7A585C,0xFF7D585B,0xFF81595A,0xFF855A58,0xFF895C58,0xFF90615B,
    0xFF92625B,0xFF84524C,0xFF6E3B33,0xFF703B30,0xFF774236,0xFF713F31,0xFF774135,0xFF7A4237,
    0xFF753F34,0xFF753F33,0xFF783F33,0xFF7A4133,0xFF7C4033,0xFF7F4336,0xFF7C4032,0xFF7E4235,
    0xFF7C4035,0xFF723A2F,0xFF6C3A2F,0xFF714137,0xFF703F35,0xFF693830,0xFF71423C,0xFF6A3D37,
    0xFF643933,0xFF5F3731,0xFF603C33,0xFF68413B,0xFF5A332F,0xFF593835,0xFF563835,0xFF513437,
    0xFF4C3135,0xFF4A3234,0xFF453032,0xFF493335,0xFF493130,0xFF4D312E,0xFF5F413D,0xFF60403E,
    0xFF503434,0xFF4A3436,0xFF483537,0xFF463136,0xFF3C272C,0xFF34292A,0xFF3F3234,0xFF423136,
    0xFF362C30,0xFF2B272B,0xFF322A32,0xFF30262F,0xFF29232A,0xFF2A252C,0xFF242228,0xFF27262C,
    0xFF2A282E,0xFF2E2D34,0xFF22232F,0xFF23242E,0xFF212228,0xFF1E1A20,0xFF41373C,0xFF3F3938,
    0xFF252426,0xFF242327,0xFF1E1E27,0xFF191624,0xFF30282B,0xFF3A2C28,0xFF3C302E,0xFF342E30,
    0xFF1F1E24,0xFF151B26,0xFF1B1C25,0xFF36343D,0xFF161825,0xFF20202D,0xFF3F373C,0xFF1D1B21,
    0xFF0E1724,0xFF0E1926,0xFF131924,0xFF27282E,0xFF2D3137,0xFF121C24,0xFF131722,0xFF1F222D,
    0xFF1C212D,0xFF0A101B,0xFF171D29,0xFF0E141F,0xFF0C1721,0xFF0A1721,0xFF0D1923,0xFF08141E,
    0xFF040A17,0xFF0C1119,0xFF171719,0xFF252627,0xFF020711,0xFF0D1214,0xFF1C1E22,0xFF090911,
    0xFF0F111B,0xFF0B101A,0xFF1F1F20,0xFF18191E,0xFF020712,0xFF11151F,0xFF0A0E18,0xFF0D1117,
    0xFF060E16,0xFF060D17,0xFF222329,0xFF24262C,0xFF0B141D,0xFF0F161F,0xFF12161D,0xFF081119,
    0xFF211F22,0xFF4A3934,0xFF3A2B26,0xFF18171B,0xFF333135,0xFF232024,0xFF131418,0xFF171D24,
    0xFF0D151E,0xFF030D18,0xFF11151B,0xFF3E3D3F,0xFF1B1D21,0xFF0A1520,0xFF021115,0xFF342023,
    0xFF4C393C,0xFF051319,0xFF0E1827,0xFF13151D,0xFF242329,0xFF1B1C26,0xFF1D1F2B,0xFF131521,
    0xFF0F101D,0xFF232730,0xFF171A1F,0xFF14181D,0xFF0D1926,0xFF0B1622,0xFF1C2026,0xFF1C1F24,
    0xFF10171F,0xFF121A27,0xFF0C1421,0xFF121A27,0xFF202835,0xFF141E27,0xFF0C1722,0xFF061421,
    0xFF0B1826,0xFF0C1521,0xFF0B1421,0xFF131C28,0xFF0C1622,0xFF0F1B27,0xFF0F1B27,0xFF0D1825,
    0xFF0D1A26,0xFF0B1A25,0xFF091722,0xFF0E1C27,0xFF12202C,0xFF111F2C,0xFF0F1C29,0xFF101E2B,
    0xFF101F2E,0xFF112130,0xFF152534,0xFF10202F,0xFF061625,0xFF081827,0xFF0B1B2A,0xFF071726,
    0xFF0A1A29,0xFF0B1A29,0xFF091928,0xFF0E1C2C,0xFF111D2D,0xFF0B1828,0xFF1A2737,0xFF242A3A,
    0xFF272C3A,0xFF232D36,0xFF1A232B,0xFF252A32,0xFF1D2530,0xFF0A1624,0xFF152333,0xFF232E3A,
    0xFF0D1A27,0xFF0F1F2E,0xFF0E1F2E,0xFF0F1F2F,0xFF0D1D2D,0xFF0E1E2D,0xFF0D1D30,0xFF0A1D31,
    0xFF071C2D,0xFF0C1A2B,0xFF313542,0xFF40424D,0xFF2E333F,0xFF363E4C,0xFF323845,0xFF45444C,
    0xFF4C454C,0xFF4B4751,0xFF383842,0xFF333541,0xFF353948,0xFF333443,0xFF3D3C49,0xFF222C3A,
    0xFF1B2839,0xFF17263A,0xFF16273A,0xFF192839,0xFF1B2837,0xFF303B4B,0xFF162437,0xFF162335,
    0xFF303745,0xFF2F3745,0xFF192131,0xFF1B2333,0xFF2D3544,0xFF343644,0xFF3D3E4A,0xFF383741,
    0xFF46454D,0xFF3E3E48,0xFF2D323F,0xFF202D3C,0xFF202E3E,0xFF202D3E,0xFF233142,0xFF283546,
    0xFF253243,0xFF222F40,0xFF293647,0xFF2A3748,0xFF2A3748,0xFF243142,0xFF2B3849,0xFF2B3849,
    0xFF293647,0xFF293647,0xFF293747,0xFF2A3547,0xFF333A4D,0xFF343B4E,0xFF353C4F,0xFF374052,
    0xFF313D4D,0xFF323F4F,0xFF2E3C4B,0xFF2E394B,0xFF394356,0xFF3A4357,0xFF374154,0xFF323D51,
    0xFF303D50,0xFF333F53,0xFF313C50,0xFF3F4659,0xFF494E60,0xFF484B5A,0xFF3B3D4B,0xFF4C4F5D,
    0xFF454B5B,0xFF3A4354,0xFF363E50,0xFF3E4253,0xFF57586A,0xFF454456,0xFF434354,0xFF444655,
    0xFF494757,0xFF4C495A,0xFF4B4959,0xFF4C4651,0xFF60565E,0xFF57505B,0xFF4F4C59,0xFF4E4957,
    0xFF564D5C,0xFF5D5262,0xFF5E5260,0xFF584C5A,0xFF5D515F,0xFF5E525F,0xFF5C505A,0xFF5F515B,
    0xFF63515D,0xFF64535D,0xFF63535B,0xFF67535B,0xFF6A555E,0xFF6B555D,0xFF6D555C,0xFF70555B,
    0xFF73565B,0xFF75565A,0xFF78575A,0xFF7B585A,0xFF805B5B,0xFF896160,0xFF8C6260,0xFF825651,
    0xFF6F423C,0xFF683A34,0xFF6C3C34,0xFF724136,0xFF6F3D33,0xFF6E3E33,0xFF713F35,0xFF703C32,
    0xFF713D34,0xFF723D33,0xFF723A2F,0xFF753C2F,0xFF81473B,0xFF7A4035,0xFF794135,0xFF7A4136,
    0xFF723D30,0xFF6C3A2F,0xFF6D3C34,0xFF6B3B33,0xFF67362E,0xFF6E4039,0xFF693D37,0xFF633732,
    0xFF613731,0xFF643C36,0xFF623E35,0xFF5B342F,0xFF653F3D,0xFF593937,0xFF533735,0xFF4D3033,
    0xFF4A2F33,0xFF483032,0xFF452F31,0xFF483131,0xFF4F3432,0xFF5E3F3A,0xFF5F3E38,0xFF533736,
    0xFF4B3435,0xFF4A3738,0xFF36262A,0xFF32242D,0xFF32272F,0xFF363036,0xFF3E2C32,0xFF50383B,
    0xFF392D2F,0xFF2C292A,0xFF2E282F,0xFF2B242C,0xFF2A262D,0xFF27242B,0xFF2A282F,0xFF25242A,
    0xFF2D2B31,0xFF27272D,0xFF1D242B,0xFF1E2026,0xFF262027,0xFF473B3F,0xFF564741,0xFF362B26,
    0xFF232426,0xFF171F29,0xFF1A1A27,0xFF2E222C,0xFF37272B,0xFF443634,0xFF453B3B,0xFF212027,
    0xFF151B28,0xFF0F1622,0xFF1F1F28,0xFF342D38,0xFF1D1A2A,0xFF131728,0xFF1C1E2A,0xFF121823,
    0xFF101C2B,0xFF0D1623,0xFF0E1621,0xFF141923,0xFF101720,0xFF101A23,0xFF171F29,0xFF151925,
    0xFF0C111D,0xFF1D232F,0xFF191F2B,0xFF1A202C,0xFF141D23,0xFF0F1B21,0xFF0B1820,0xFF0B1A22,
    0xFF14141A,0xFF121217,0xFF030608,0xFF0E1217,0xFF111720,0xFF151B17,0xFF1F2121,0xFF14141D,
    0xFF030511,0xFF090F1B,0xFF181A1E,0xFF16181D,0xFF030710,0xFF0F141C,0xFF151A22,0xFF202326,
    0xFF081016,0xFF0C141F,0xFF13151E,0xFF101217,0xFF020913,0xFF07121D,0xFF0D151D,0xFF0C131B,
    0xFF201F23,0xFF443835,0xFF352927,0xFF0D0C11,0xFF252428,0xFF2A292D,0xFF17161A,0xFF1A1C1F,
    0xFF181B21,0xFF151B22,0xFF0E1012,0xFF1A1413,0xFF211F24,0xFF030F1A,0xFF06151F,0xFF160F13,
    0xFF22181C,0xFF0B161D,0xFF141920,0xFF12161E,0xFF0C131B,0xFF101520,0xFF191B27,0xFF1B1D29,
    0xFF161825,0xFF191B24,0xFF373436,0xFF282324,0xFF111722,0xFF0D1826,0xFF0E1620,0xFF1E242C,
    0xFF22272D,0xFF0E1823,0xFF091421,0xFF0A1420,0xFF141E29,0xFF2D3339,0xFF101821,0xFF03111E,
    0xFF0D1B2A,0xFF101A28,0xFF0A1523,0xFF0D1725,0xFF081523,0xFF0C1C29,0xFF0E1C29,0xFF0C1625,
    0xFF0A1623,0xFF081722,0xFF0E1C27,0xFF0E1C27,0xFF111E29,0xFF14202C,0xFF0E1B26,0xFF15212E,
    0xFF0D1C29,0xFF0C1B28,0xFF0E1C29,0xFF11202D,0xFF122230,0xFF132330,0xFF10202D,0xFF0B1B29,
    0xFF081827,0xFF0A1A29,0xFF0E1D2D,0xFF0D1B2B,0xFF121F2F,0xFF101D2D,0xFF0D1A2A,0xFF0F1A29,
    0xFF0F1B2B,0xFF1C2633,0xFF282B31,0xFF39363A,0xFF3E4148,0xFF0D1724,0xFF0A1625,0xFF2E333C,
    0xFF262E3A,0xFF0C1929,0xFF0E1D2E,0xFF0C1C2C,0xFF0E1E2E,0xFF0B1B2B,0xFF0D1D2F,0xFF0D1F32,
    0xFF0E2131,0xFF0C1F2D,0xFF091725,0xFF0E1A28,0xFF212D3C,0xFF343F4E,0xFF343A46,0xFF433F46,
    0xFF4B4349,0xFF48454E,0xFF313947,0xFF353C4C,0xFF283040,0xFF383D4B,0xFF333744,0xFF152633,
    0xFF0F2435,0xFF132538,0xFF152738,0xFF152638,0xFF122436,0xFF182737,0xFF1B2A3C,0xFF1C273A,
    0xFF242836,0xFF323844,0xFF2B3542,0xFF172232,0xFF1A2838,0xFF293342,0xFF4C4C5B,0xFF363440,
    0xFF49484D,0xFF585258,0xFF393B45,0xFF293443,0xFF253444,0xFF1B2839,0xFF212E3F,0xFF243142,
    0xFF273445,0xFF243142,0xFF212E3F,0xFF2E3B4C,0xFF2B3849,0xFF243142,0xFF273445,0xFF2A3748,
    0xFF283546,0xFF293647,0xFF293647,0xFF2B3849,0xFF2B3447,0xFF333B4E,0xFF323B4E,0xFF343D4E,
    0xFF363E4E,0xFF353D4D,0xFF394150,0xFF333B4C,0xFF2E3648,0xFF373F51,0xFF363E4F,0xFF353C50,
    0xFF333C50,0xFF313E50,0xFF313F51,0xFF333B4E,0xFF3B4154,0xFF464B5C,0xFF464958,0xFF373C49,
    0xFF3C4353,0xFF394454,0xFF374154,0xFF393E51,0xFF404254,0xFF524F60,0xFF484756,0xFF424453,
    0xFF484757,0xFF474455,0xFF514F5D,0xFF514E5A,0xFF55505A,0xFF5C555D,0xFF54505D,0xFF504B5A,
    0xFF534B5A,0xFF5A4F5F,0xFF5B4F5D,0xFF5D515F,0xFF574B59,0xFF5B4F5C,0xFF5D515A,0xFF5D4F59,
    0xFF63505C,0xFF62515C,0xFF62535C,0xFF64535D,0xFF68535E,0xFF6A555D,0xFF6B555C,0xFF6E565B,
    0xFF71565A,0xFF73555A,0xFF75565A,0xFF7D5C5D,0xFF7D5A5A,0xFF755150,0xFF6F4947,0xFF613935,
    0xFF633A34,0xFF673C36,0xFF6C4039,0xFF6B3D34,0xFF6A3C33,0xFF683C34,0xFF693B33,0xFF6D3C35,
    0xFF6D3B35,0xFF6D3A33,0xFF713B31,0xFF7C4439,0xFF7A4438,0xFF743F33,0xFF723D31,0xFF754134,
    0xFF693A2D,0xFF6B3D33,0xFF6C3D36,0xFF673832,0xFF683831,0xFF663933,0xFF613732,0xFF623834,
    0xFF653A34,0xFF673F38,0xFF563129,0xFF603A36,0xFF5D3A39,0xFF513331,0xFF4C3131,0xFF4D3135,
    0xFF4B3033,0xFF473032,0xFF452F31,0xFF503633,0xFF523837,0xFF4C3332,0xFF4C3332,0xFF473030,
    0xFF483436,0xFF362627,0xFF35292D,0xFF332832,0xFF2E282F,0xFF2F262F,0xFF39282F,0xFF3E2E31,
    0xFF31272C,0xFF29252A,0xFF2A242B,0xFF2A242B,0xFF28262D,0xFF29282E,0xFF27262C,0xFF242328,
    0xFF25242A,0xFF26262C,0xFF20242A,0xFF252429,0xFF3A3239,0xFF3D3235,0xFF352622,0xFF372623,
    0xFF302D30,0xFF0E1821,0xFF2C282E,0xFF563F40,0xFF4C3A3F,0xFF363035,0xFF1F1D23,0xFF151723,
    0xFF131A29,0xFF171E2B,0xFF25252E,0xFF24222A,0xFF171926,0xFF101625,0xFF101825,0xFF0C1723,
    0xFF14202B,0xFF121A27,0xFF0D1622,0xFF19212D,0xFF0F1925,0xFF08141F,0xFF111A26,0xFF101624,
    0xFF151A27,0xFF121824,0xFF0A101C,0xFF0C121E,0xFF24262A,0xFF35383B,0xFF0A1119,0xFF0D1821,
    0xFF2C2425,0xFF18171A,0xFF12171C,0xFF0B131C,0xFF080F17,0xFF212722,0xFF1E2221,0xFF0C0B13,
    0xFF11111A,0xFF010712,0xFF050C12,0xFF101519,0xFF090D13,0xFF070C12,0xFF080D14,0xFF1D2023,
    0xFF0D1419,0xFF07101B,0xFF090D17,0xFF111318,0xFF081019,0xFF040F1B,0xFF040D17,0xFF00060E,
    0xFF14161C,0xFF2B272C,0xFF272428,0xFF17191F,0xFF0E1016,0xFF181A21,0xFF1E1D1F,0xFF3E3939,
    0xFF232124,0xFF16171B,0xFF2F2E2D,0xFF2F2724,0xFF1B171C,0xFF08141F,0xFF0A121C,0xFF292C2D,
    0xFF181D1F,0xFF090E18,0xFF232221,0xFF282E32,0xFF121D25,0xFF09121C,0xFF141622,0xFF171925,
    0xFF1A1D29,0xFF171720,0xFF352D2C,0xFF443935,0xFF15161D,0xFF08131F,0xFF07121D,0xFF0C151E,
    0xFF1B1F25,0xFF101C25,0xFF06151F,0xFF061620,0xFF03111B,0xFF11151A,0xFF252B33,0xFF091623,
    0xFF041221,0xFF071421,0xFF061220,0xFF0B1725,0xFF051320,0xFF011320,0xFF0A1926,0xFF0C1625,
    0xFF17232F,0xFF0E1C27,0xFF12202B,0xFF101D28,0xFF0F1924,0xFF101A26,0xFF09141F,0xFF0C1622,
    0xFF0B1825,0xFF111E2B,0xFF14212F,0xFF0F1D2A,0xFF081824,0xFF0E1E2B,0xFF11222E,0xFF172735,
    0xFF0E1E2E,0xFF0E1E2D,0xFF091928,0xFF0B1928,0xFF091626,0xFF142131,0xFF0E1B2B,0xFF091A28,
    0xFF081A2B,0xFF121D2C,0xFF2F2D35,0xFF322E31,0xFF2A2A30,0xFF212A36,0xFF0D1725,0xFF1F2129,
    0xFF343A45,0xFF1B2736,0xFF0B1A2B,0xFF101F2F,0xFF0C1B2B,0xFF0E1F2E,0xFF0B1B2B,0xFF0C1B2C,
    0xFF0C1B2A,0xFF10222D,0xFF112332,0xFF0B1C2E,0xFF0A1A2A,0xFF182737,0xFF2E343F,0xFF49454D,
    0xFF473C42,0xFF3D3842,0xFF1D293A,0xFF273243,0xFF283241,0xFF222C3A,0xFF232F3C,0xFF0C2330,
    0xFF0F2A39,0xFF132739,0xFF172739,0xFF142539,0xFF182A3F,0xFF142537,0xFF112234,0xFF1F2B3E,
    0xFF2E3040,0xFF2A303B,0xFF2D3642,0xFF202D3D,0xFF122334,0xFF152435,0xFF353747,0xFF4A4853,
    0xFF343136,0xFF51484B,0xFF484850,0xFF2E3845,0xFF233141,0xFF1F2C3D,0xFF1E2B3D,0xFF222F41,
    0xFF253142,0xFF263344,0xFF243142,0xFF243142,0xFF2A3748,0xFF283546,0xFF273445,0xFF293647,
    0xFF2C394A,0xFF273445,0xFF283546,0xFF2A3748,0xFF2D394A,0xFF2B3748,0xFF313D4F,0xFF363E4F,
    0xFF3D3E4F,0xFF404152,0xFF3B3C4D,0xFF464B5C,0xFF3A4153,0xFF2C3345,0xFF343C4D,0xFF363B4E,
    0xFF373D50,0xFF364051,0xFF323E4E,0xFF333C50,0xFF343B4E,0xFF373D4F,0xFF404555,0xFF3D4451,
    0xFF363E4D,0xFF374252,0xFF364153,0xFF3A4154,0xFF3A3C4E,0xFF4C4958,0xFF565563,0xFF474958,
    0xFF4D4C5C,0xFF4F4C5C,0xFF4B4856,0xFF52515D,0xFF514E5A,0xFF5C565E,0xFF58535F,0xFF524D5B,
    0xFF514958,0xFF584D5D,0xFF594D5B,0xFF5B4F5D,0xFF5F5361,0xFF584C59,0xFF5C505B,0xFF5E505B,
    0xFF614F5B,0xFF60515B,0xFF60525B,0xFF63525D,0xFF65525D,0xFF67535B,0xFF6A555B,0xFF6B5459,
    0xFF6E5559,0xFF75595C,0xFF76585A,0xFF6F5050,0xFF61403E,0xFF5A3837,0xFF5E3B39,0xFF613B37,
    0xFF623B36,0xFF653D37,0xFF653C35,0xFF663B32,0xFF653A32,0xFF643B34,0xFF673B35,0xFF6B3B36,
    0xFF683832,0xFF6B3A32,0xFF78433A,0xFF733E33,0xFF754237,0xFF6C3A2F,0xFF6F3C32,0xFF724035,
    0xFF63372C,0xFF673C32,0xFF673932,0xFF64342F,0xFF6B3D37,0xFF673B35,0xFF633936,0xFF623834,
    0xFF663C36,0xFF5C342D,0xFF5E3830,0xFF613D39,0xFF52302F,0xFF4F3131,0xFF4C3334,0xFF4D3134,
    0xFF492E30,0xFF462E30,0xFF4D3738,0xFF563935,0xFF472D2C,0xFF412F34,0xFF3A2A30,0xFF483234,
    0xFF432F31,0xFF392B2D,0xFF3C3034,0xFF33282F,0xFF2F292E,0xFF35272F,0xFF33252D,0xFF2D252C,
    0xFF2B242C,0xFF29232D,0xFF27232B,0xFF262229,0xFF242329,0xFF222227,0xFF242329,0xFF232128,
    0xFF28262D,0xFF2A282F,0xFF25232A,0xFF2D2B30,0xFF282327,0xFF2B2528,0xFF332628,0xFF5A4648,
    0xFF332C31,0xFF12171C,0xFF302724,0xFF664C47,0xFF35252B,0xFF11111C,0xFF191C27,0xFF151A26,
    0xFF161D29,0xFF181C29,0xFF14161F,0xFF131921,0xFF0D1923,0xFF121723,0xFF0F1824,0xFF101A25,
    0xFF0F1923,0xFF161F2A,0xFF111B27,0xFF101A29,0xFF0B1724,0xFF0A1622,0xFF0A1420,0xFF0D1522,
    0xFF131926,0xFF0B111C,0xFF0E1420,0xFF0B111E,0xFF3A363A,0xFF2D2A2D,0xFF14161E,0xFF1E2430,
    0xFF1F171F,0xFF1A181D,0xFF151920,0xFF09101D,0xFF00050F,0xFF070F15,0xFF0D171A,0xFF192020,
    0xFF242428,0xFF0D101C,0xFF0C131A,0xFF0B1114,0xFF171C21,0xFF161B20,0xFF030613,0xFF0E1421,
    0xFF08111B,0xFF040B17,0xFF0A121D,0xFF030F15,0xFF09151C,0xFF07101A,0xFF121923,0xFF080D18,
    0xFF191D27,0xFF161A25,0xFF12151D,0xFF2F3033,0xFF161819,0xFF1C1D24,0xFF272026,0xFF342A2A,
    0xFF2C2B2F,0xFF050C14,0xFF232222,0xFF383434,0xFF1A1C21,0xFF1C242D,0xFF12181E,0xFF232425,
    0xFF2C2E2F,0xFF0C1218,0xFF0D141A,0xFF13191F,0xFF1B2024,0xFF15191E,0xFF181D26,0xFF0D121B,
    0xFF171D25,0xFF22252F,0xFF1D1D22,0xFF363637,0xFF2E2C32,0xFF171C24,0xFF0F1821,0xFF0C1620,
    0xFF091520,0xFF1A2129,0xFF161A1F,0xFF1A232C,0xFF04121F,0xFF0E151D,0xFF161C26,0xFF1A222F,
    0xFF07111E,0xFF0F1B27,0xFF030F1C,0xFF04101C,0xFF0A1723,0xFF081523,0xFF061220,0xFF071321,
    0xFF0B1721,0xFF061621,0xFF061524,0xFF121823,0xFF1A1F2C,0xFF1A212E,0xFF111725,0xFF101725,
    0xFF0B1825,0xFF0D1B28,0xFF0C1927,0xFF0C1A26,0xFF0B1B24,0xFF081923,0xFF081B25,0xFF0A1B28,
    0xFF12222F,0xFF11212E,0xFF11212E,0xFF0D1B2A,0xFF0D1A2A,0xFF0C1929,0xFF142131,0xFF0E1D2B,
    0xFF0E1D2A,0xFF0E1C29,0xFF15212D,0xFF121A25,0xFF1D2430,0xFF18202C,0xFF19222E,0xFF1A222B,
    0xFF181E2A,0xFF212E3C,0xFF0F1F2F,0xFF0F192C,0xFF132030,0xFF0C1D2B,0xFF101E2E,0xFF121F2F,
    0xFF101D2D,0xFF0E1C2B,0xFF0F1E2F,0xFF102032,0xFF0D1C2E,0xFF0F1E30,0xFF212A3D,0xFF363748,
    0xFF433A47,0xFF4A3F4C,0xFF202B3B,0xFF122031,0xFF1A293C,0xFF122235,0xFF162739,0xFF102234,
    0xFF132537,0xFF152638,0xFF152639,0xFF112235,0xFF162739,0xFF13253B,0xFF12233A,0xFF142134,
    0xFF2C3546,0xFF2E3342,0xFF3A3645,0xFF252A39,0xFF112639,0xFF13263C,0xFF20293A,0xFF40414C,
    0xFF46454B,0xFF454047,0xFF524954,0xFF413E49,0xFF353945,0xFF283344,0xFF1D2D42,0xFF202D41,
    0xFF253142,0xFF263344,0xFF253243,0xFF253243,0xFF2D3A4B,0xFF2E3B4C,0xFF293647,0xFF283546,
    0xFF283546,0xFF273445,0xFF263344,0xFF2B3849,0xFF2E3B4C,0xFF293647,0xFF2B394A,0xFF303B48,
    0xFF474955,0xFF484452,0xFF41404E,0xFF40434F,0xFF515562,0xFF3B404F,0xFF2D3545,0xFF333C4D,
    0xFF353D4E,0xFF394253,0xFF394253,0xFF353D4F,0xFF333C4D,0xFF353E4F,0xFF373F50,0xFF3C4254,
    0xFF393E51,0xFF383E50,0xFF393F51,0xFF3C4154,0xFF3D4154,0xFF3C4053,0xFF4B4D5C,0xFF4A4956,
    0xFF4D4C59,0xFF52515F,0xFF484754,0xFF4C4A57,0xFF4F4B59,0xFF58515E,0xFF5A545F,0xFF544E5A,
    0xFF514A59,0xFF524B5B,0xFF554F5B,0xFF554C59,0xFF5C515E,0xFF5F5260,0xFF5A4C58,0xFF5E505D,
    0xFF5E505D,0xFF5D4F5A,0xFF5F5158,0xFF625258,0xFF645256,0xFF675358,0xFF695459,0xFF6D5659,
    0xFF72585C,0xFF674A49,0xFF5B3E3C,0xFF563937,0xFF593C39,0xFF5D3B37,0xFF613B38,0xFF623A38,
    0xFF633B38,0xFF613B35,0xFF603934,0xFF613934,0xFF613933,0xFF633933,0xFF643931,0xFF673930,
    0xFF6C3B30,0xFF713E33,0xFF734136,0xFF6C3A2F,0xFF724139,0xFF683730,0xFF6E3D36,0xFF683730,
    0xFF64362F,0xFF6B3D36,0xFF673832,0xFF693A33,0xFF683933,0xFF673A35,0xFF633633,0xFF5F3835,
    0xFF603B36,0xFF643C34,0xFF5F3A34,0xFF533230,0xFF4C2E2C,0xFF513535,0xFF4B3133,0xFF4A2E2B,
    0xFF50332F,0xFF523736,0xFF4B3332,0xFF4A3133,0xFF4A3336,0xFF3D2C2E,0xFF402E30,0xFF4A3132,
    0xFF422E2F,0xFF3A2C2D,0xFF34292D,0xFF31262C,0xFF362C31,0xFF32262C,0xFF2F272E,0xFF28222C,
    0xFF29232D,0xFF2A242E,0xFF25242E,0xFF23242B,0xFF242226,0xFF2E2A2C,0xFF29242E,0xFF282430,
    0xFF27222D,0xFF251F2B,0xFF24202D,0xFF1B1C26,0xFF202329,0xFF252026,0xFF433236,0xFF513E3E,
    0xFF3B3237,0xFF2F262B,0xFF4A393B,0xFF362A30,0xFF241F2A,0xFF312E34,0xFF212025,0xFF11151F,
    0xFF121B27,0xFF151B29,0xFF141A27,0xFF121D28,0xFF0E1A26,0xFF0F1925,0xFF0E1824,0xFF0B1521,
    0xFF0E1824,0xFF0D1924,0xFF0A1622,0xFF081420,0xFF0C1723,0xFF0F1925,0xFF111B27,0xFF151E2B,
    0xFF0F1721,0xFF262C36,0xFF141A27,0xFF0B1121,0xFF1F222D,0xFF131620,0xFF11151F,0xFF21242F,
    0xFF151118,0xFF1F1F21,0xFF080D11,0xFF010812,0xFF030814,0xFF080F1A,0xFF050D15,0xFF0C1116,
    0xFF121219,0xFF060815,0xFF070C16,0xFF040913,0xFF0A0E17,0xFF161A21,0xFF040715,0xFF020716,
    0xFF09101D,0xFF040A18,0xFF040C19,0xFF010B17,0xFF040F18,0xFF040D13,0xFF080E13,0xFF0A0E17,
    0xFF050913,0xFF040813,0xFF13171F,0xFF121316,0xFF151616,0xFF0E0F16,0xFF19151D,0xFF1A161A,
    0xFF0D1018,0xFF030D17,0xFF060C13,0xFF21252B,0xFF12171D,0xFF090F16,0xFF121821,0xFF121318,
    0xFF28292E,0xFF151B24,0xFF131C24,0xFF192026,0xFF1D2124,0xFF191F23,0xFF0B141B,0xFF131C23,
    0xFF0E181E,0xFF0F151F,0xFF0E131B,0xFF0E1318,0xFF171B25,0xFF20252F,0xFF151D25,0xFF08131D,
    0xFF071320,0xFF151D2A,0xFF171922,0xFF24252C,0xFF141822,0xFF30313B,0xFF0D121D,0xFF091420,
    0xFF06141F,0xFF091521,0xFF0E1A26,0xFF05111D,0xFF091521,0xFF0A1624,0xFF091523,0xFF04101E,
    0xFF04111D,0xFF011421,0xFF021323,0xFF0C1624,0xFF111825,0xFF131A27,0xFF131A28,0xFF171F2C,
    0xFF0D1A27,0xFF081623,0xFF091724,0xFF091724,0xFF0D1924,0xFF0D1A25,0xFF081520,0xFF091723,
    0xFF0B1C29,0xFF0C1B28,0xFF0E1D2A,0xFF0D1B2A,0xFF111E2E,0xFF0D1A2B,0xFF0B1829,0xFF0D1B29,
    0xFF101E2B,0xFF0E1C29,0xFF0A1825,0xFF101A27,0xFF222B38,0xFF1F2835,0xFF202A36,0xFF151F29,
    0xFF121926,0xFF0B1724,0xFF0E202D,0xFF0B1E2B,0xFF0D1D2C,0xFF0D1C2C,0xFF0F1D2C,0xFF101D2D,
    0xFF0F1C2C,0xFF0D1A2A,0xFF0C1B2B,0xFF0C1C2B,0xFF112030,0xFF0C1C2B,0xFF132132,0xFF2B3343,
    0xFF3C3D4A,0xFF383643,0xFF293545,0xFF172737,0xFF122437,0xFF122337,0xFF122335,0xFF122335,
    0xFF142537,0xFF132436,0xFF18293B,0xFF142537,0xFF152638,0xFF15273C,0xFF122338,0xFF142336,
    0xFF192637,0xFF2A3340,0xFF403F4A,0xFF403F4C,0xFF232E3F,0xFF16273B,0xFF212D3E,0xFF383D49,
    0xFF3D3E48,0xFF413F49,0xFF453E4A,0xFF4E4A55,0xFF3B3D49,0xFF212C3C,0xFF1E2E44,0xFF202F42,
    0xFF232F41,0xFF263344,0xFF243142,0xFF253243,0xFF2E3B4C,0xFF313E4F,0xFF253243,0xFF263344,
    0xFF283546,0xFF283546,0xFF293647,0xFF293647,0xFF2D3A4B,0xFF2A3748,0xFF2B3749,0xFF293747,
    0xFF384150,0xFF4B4A58,0xFF4D4B56,0xFF3F3D49,0xFF41404F,0xFF565767,0xFF3D4051,0xFF2E3647,
    0xFF313B4C,0xFF343D4E,0xFF3A4254,0xFF3C4456,0xFF353D4E,0xFF353D4E,0xFF3A4153,0xFF3B4053,
    0xFF3A3F52,0xFF3A3F52,0xFF3A3F52,0xFF3B4053,0xFF3B4053,0xFF3B4054,0xFF404252,0xFF474654,
    0xFF434351,0xFF51505E,0xFF4F4E5B,0xFF4D4A58,0xFF4D4856,0xFF57505F,0xFF5A535E,0xFF524C57,
    0xFF524B5A,0xFF544D5D,0xFF524D59,0xFF554E5A,0xFF554A58,0xFF5D505E,0xFF5D505A,0xFF5A4D58,
    0xFF5D4F5B,0xFF5D4F5A,0xFF5F505A,0xFF625059,0xFF665259,0xFF695459,0xFF695357,0xFF6A5256,
    0xFF5C4243,0xFF533332,0xFF573635,0xFF5B3A39,0xFF5C3B3A,0xFF5E3C38,0xFF5E3936,0xFF603836,
    0xFF5F3735,0xFF603934,0xFF613A35,0xFF613B36,0xFF5E3631,0xFF5F352F,0xFF643931,0xFF693B31,
    0xFF69382E,0xFF744238,0xFF6D3B31,0xFF68372D,0xFF67362E,0xFF693731,0xFF6D3C35,0xFF673730,
    0xFF6B3C36,0xFF663731,0xFF683933,0xFF6A3B35,0xFF63352E,0xFF61352F,0xFF5E342F,0xFF5D3734,
    0xFF593530,0xFF633A32,0xFF5B3631,0xFF512E2B,0xFF573530,0xFF50312D,0xFF4C2E2C,0xFF553835,
    0xFF593D39,0xFF482E2D,0xFF452E2F,0xFF473436,0xFF3E2A2C,0xFF402B2D,0xFF4A3436,0xFF513B3C,
    0xFF473335,0xFF362829,0xFF31262A,0xFF32272D,0xFF31262C,0xFF30252B,0xFF2E252D,0xFF2B242D,
    0xFF2B242D,0xFF2C252D,0xFF29272F,0xFF242229,0xFF312D31,0xFF312B2E,0xFF24232A,0xFF27262F,
    0xFF212029,0xFF23212B,0xFF211E2B,0xFF20222B,0xFF2C2D34,0xFF292027,0xFF524042,0xFF3B2A29,
    0xFF33292C,0xFF423A3F,0xFF2B2427,0xFF1E1C22,0xFF24252F,0xFF2B2B31,0xFF1E1E23,0xFF1A1E27,
    0xFF1A232E,0xFF161D2B,0xFF131A28,0xFF0D1824,0xFF0E1A26,0xFF111C28,0xFF0F1925,0xFF0D1723,
    0xFF0E1925,0xFF0B1824,0xFF111D29,0xFF0B1723,0xFF0C1723,0xFF19232F,0xFF0F1925,0xFF0A1520,
    0xFF0E1623,0xFF242A36,0xFF0A111B,0xFF0F161F,0xFF0D141A,0xFF0F151C,0xFF141B21,0xFF171D23,
    0xFF0F1015,0xFF1C201E,0xFF1F2523,0xFF11181C,0xFF0B1119,0xFF090E17,0xFF080D17,0xFF0F121B,
    0xFF181820,0xFF090B15,0xFF030813,0xFF020614,0xFF030712,0xFF0C1018,0xFF0D101E,0xFF020613,
    0xFF0F131F,0xFF0D121D,0xFF070C17,0xFF010917,0xFF020B15,0xFF101719,0xFF181E1E,0xFF070B12,
    0xFF0F131B,0xFF0E131A,0xFF0C1017,0xFF121719,0xFF1E2222,0xFF0E1218,0xFF0B0E16,0xFF14171E,
    0xFF060E17,0xFF030E17,0xFF040F19,0xFF111924,0xFF10151E,0xFF0C1118,0xFF0D141F,0xFF0B0E15,
    0xFF171B22,0xFF0C141E,0xFF0D161D,0xFF181F24,0xFF202427,0xFF1D2327,0xFF0B161C,0xFF0F1A20,
    0xFF101B21,0xFF111822,0xFF161A24,0xFF0A1218,0xFF050E1B,0xFF0F1722,0xFF1A222A,0xFF0A141E,
    0xFF030F1B,0xFF030E20,0xFF181B27,0xFF322E34,0xFF17121A,0xFF2C2733,0xFF161925,0xFF04121C,
    0xFF04151F,0xFF07131F,0xFF0E1A26,0xFF0D1924,0xFF071320,0xFF071321,0xFF0D1927,0xFF0E1A28,
    0xFF0B1827,0xFF00101E,0xFF051322,0xFF061424,0xFF091320,0xFF101825,0xFF1C2531,0xFF08121E,
    0xFF071522,0xFF081623,0xFF081623,0xFF0A1725,0xFF0E1827,0xFF1A222F,0xFF222733,0xFF0E1622,
    0xFF081724,0xFF0C1A27,0xFF0C1A27,0xFF0C1928,0xFF0D1A2A,0xFF111E2D,0xFF0E1B2B,0xFF0B1826,
    0xFF0F1D2A,0xFF0C1A27,0xFF0E1B29,0xFF101A29,0xFF15202E,0xFF182231,0xFF101C2A,0xFF0F1D27,
    0xFF333B48,0xFF1B2531,0xFF071821,0xFF061A23,0xFF0C1F2B,0xFF0D1D2C,0xFF0D1B2B,0xFF0E1B2B,
    0xFF0D1A2A,0xFF0E1B2B,0xFF0E1B2B,0xFF0D1A2A,0xFF0D1A2A,0xFF111E2E,0xFF0E1E2D,0xFF122130,
    0xFF202B38,0xFF2D3843,0xFF2A3847,0xFF122332,0xFF122637,0xFF122538,0xFF132436,0xFF132436,
    0xFF142537,0xFF142537,0xFF142537,0xFF122335,0xFF162638,0xFF152639,0xFF16273A,0xFF122336,
    0xFF122336,0xFF182533,0xFF30353F,0xFF3D3E48,0xFF2E3041,0xFF222C3F,0xFF182636,0xFF263240,
    0xFF313745,0xFF3C404C,0xFF3C3946,0xFF42404A,0xFF3F424C,0xFF212C3D,0xFF1D2E43,0xFF1E2D40,
    0xFF212D3F,0xFF243243,0xFF253343,0xFF212E3F,0xFF233041,0xFF2B3849,0xFF293647,0xFF253243,
    0xFF263344,0xFF293647,0xFF2C394A,0xFF273445,0xFF263344,0xFF283546,0xFF2A3647,0xFF28374A,
    0xFF253448,0xFF383F4E,0xFF4E4D58,0xFF55505D,0xFF403C4B,0xFF413F50,0xFF535365,0xFF3A4052,
    0xFF2F3849,0xFF333C4D,0xFF343D4E,0xFF3B4153,0xFF414659,0xFF383F51,0xFF363C4E,0xFF3B4053,
    0xFF3B4053,0xFF3A3F52,0xFF3F4457,0xFF3A3F52,0xFF3A3F52,0xFF3A3F52,0xFF3D4051,0xFF414352,
    0xFF424453,0xFF3E4150,0xFF4E4D5B,0xFF565361,0xFF514D5B,0xFF4B4452,0xFF5B5660,0xFF55505B,
    0xFF4E4857,0xFF534C5B,0xFF544E5A,0xFF554D59,0xFF574C5A,0xFF574B57,0xFF5D5059,0xFF5E515A,
    0xFF5C5058,0xFF60515C,0xFF63515E,0xFF66525E,0xFF654F58,0xFF5D474C,0xFF563F42,0xFF503638,
    0xFF543838,0xFF644241,0xFF5E3A3A,0xFF5A3636,0xFF613E3D,0xFF5D3C37,0xFF5C3A35,0xFF5E3835,
    0xFF5B3431,0xFF5E3631,0xFF5C3530,0xFF5B3530,0xFF5D3630,0xFF633933,0xFF673B33,0xFF62352B,
    0xFF65362C,0xFF693931,0xFF66362D,0xFF64352C,0xFF6A3932,0xFF683730,0xFF683730,0xFF6A3932,
    0xFF673832,0xFF653630,0xFF673832,0xFF653730,0xFF60342D,0xFF5F352F,0xFF5E3631,0xFF58332F,
    0xFF58332F,0xFF5D342C,0xFF59342F,0xFF593630,0xFF5F3A31,0xFF5A3833,0xFF5A3B37,0xFF533633,
    0xFF472D2B,0xFF442B2C,0xFF442F30,0xFF382829,0xFF443234,0xFF4D3538,0xFF4C3237,0xFF3B292A,
    0xFF382729,0xFF38292D,0xFF36292E,0xFF31262C,0xFF2F242A,0xFF31262B,0xFF2C2229,0xFF2D252D,
    0xFF2C242C,0xFF2A222A,0xFF271F25,0xFF362F35,0xFF362E33,0xFF292327,0xFF2A2A30,0xFF202128,
    0xFF212229,0xFF202027,0xFF221F29,0xFF22222A,0xFF201C23,0xFF34282E,0xFF423232,0xFF281D1F,
    0xFF393235,0xFF27262A,0xFF1A1E24,0xFF181D24,0xFF141C25,0xFF151A22,0xFF1E212A,0xFF191F29,
    0xFF111925,0xFF141A27,0xFF0F1623,0xFF0D1824,0xFF0E1A26,0xFF0D1723,0xFF0E1823,0xFF0D1723,
    0xFF0E1925,0xFF0E1A26,0xFF0D1925,0xFF0C1925,0xFF0D1824,0xFF1A2430,0xFF0F1925,0xFF0B1521,
    0xFF0D1523,0xFF101523,0xFF0F161E,0xFF171F22,0xFF1A2225,0xFF20282C,0xFF1F272B,0xFF1A2226,
    0xFF0E1416,0xFF131A14,0xFF141A13,0xFF1C221F,0xFF1B2020,0xFF202426,0xFF15181D,0xFF15171D,
    0xFF18191C,0xFF202425,0xFF0E1319,0xFF000310,0xFF050A12,0xFF060B0E,0xFF191D23,0xFF171B21,
    0xFF181B1F,0xFF1A1D22,0xFF0F1217,0xFF01070F,0xFF040C12,0xFF12171B,0xFF25292B,0xFF12171D,
    0xFF151B20,0xFF171C21,0xFF0D1218,0xFF191F21,0xFF1C2321,0xFF151B20,0xFF141921,0xFF171B21,
    0xFF0F171C,0xFF0F181D,0xFF191F24,0xFF1A1D24,0xFF1A1F25,0xFF181E25,0xFF071018,0xFF0F1418,
    0xFF101518,0xFF040E15,0xFF020B12,0xFF080E14,0xFF13171A,0xFF13181C,0xFF0F181F,0xFF0A131A,
    0xFF09121A,0xFF1D2129,0xFF27262C,0xFF23282E,0xFF0C1623,0xFF09101C,0xFF0E161E,0xFF06101B,
    0xFF030F1B,0xFF051222,0xFF111521,0xFF302F34,0xFF2A2930,0xFF0D0D17,0xFF0F141F,0xFF040F1A,
    0xFF0A1824,0xFF04101C,0xFF06121E,0xFF091521,0xFF091521,0xFF04101F,0xFF061220,0xFF0F1B29,
    0xFF0F1928,0xFF1D2430,0xFF0A131B,0xFF04131F,0xFF06121E,0xFF05101C,0xFF141F2B,0xFF0F1925,
    0xFF02101D,0xFF0D1B28,0xFF101E2A,0xFF091725,0xFF081526,0xFF0C1523,0xFF272B35,0xFF1F2631,
    0xFF071522,0xFF0B1725,0xFF131F2D,0xFF0C1928,0xFF091626,0xFF0C1929,0xFF0C1829,0xFF14212F,
    0xFF0F1D2A,0xFF0D1B27,0xFF0D1B28,0xFF0F1D2B,0xFF0D1A2A,0xFF0C1928,0xFF0A1927,0xFF0A1A27,
    0xFF18202E,0xFF202833,0xFF17222A,0xFF19232B,0xFF0C1924,0xFF0C1D2C,0xFF0C1C2C,0xFF111E2D,
    0xFF0B1828,0xFF0C1929,0xFF142130,0xFF0E1A28,0xFF0F1C2A,0xFF0D1927,0xFF111E2E,0xFF0A1828,
    0xFF0C1E2C,0xFF152736,0xFF213341,0xFF102332,0xFF102436,0xFF0F2436,0xFF122334,0xFF152638,
    0xFF152537,0xFF152638,0xFF122335,0xFF132436,0xFF142537,0xFF142535,0xFF142536,0xFF122639,
    0xFF0F2539,0xFF142539,0xFF162430,0xFF26303B,0xFF343A4A,0xFF242A3C,0xFF152736,0xFF17293A,
    0xFF202A3E,0xFF2B3544,0xFF464754,0xFF33323B,0xFF3B3F48,0xFF273343,0xFF1C2D43,0xFF202E42,
    0xFF232F40,0xFF212E3E,0xFF243142,0xFF243142,0xFF243142,0xFF222F40,0xFF273445,0xFF2A3748,
    0xFF253243,0xFF253243,0xFF283546,0xFF2A3748,0xFF293647,0xFF293646,0xFF2E3B4B,0xFF273548,
    0xFF26354A,0xFF263445,0xFF343849,0xFF474654,0xFF514F5D,0xFF3E3F4F,0xFF3B3E4F,0xFF404859,
    0xFF353E4F,0xFF313A4B,0xFF323A4C,0xFF363A4D,0xFF3B3F52,0xFF3F4457,0xFF3C4053,0xFF3A3F52,
    0xFF3A3F52,0xFF3A3F52,0xFF3A3F52,0xFF3C4154,0xFF3A3E51,0xFF3A3F52,0xFF3D4153,0xFF3F4253,
    0xFF414555,0xFF3D4152,0xFF434250,0xFF514D5A,0xFF585361,0xFF4F4756,0xFF4D4751,0xFF534E59,
    0xFF514A59,0xFF514A5A,0xFF534D59,0xFF564E5B,0xFF5B505F,0xFF5E525D,0xFF5D4F56,0xFF584B52,
    0xFF584B53,0xFF594A51,0xFF5A474E,0xFF554046,0xFF4E383D,0xFF4F3639,0xFF51383A,0xFF5C4040,
    0xFF5F4240,0xFF5E3E3C,0xFF5F3E3C,0xFF5C3B39,0xFF563634,0xFF53342F,0xFF54352F,0xFF583531,
    0xFF5A3531,0xFF5C3530,0xFF5C3530,0xFF5F3833,0xFF643C36,0xFF643933,0xFF61352D,0xFF6A3C32,
    0xFF673830,0xFF683933,0xFF653630,0xFF653731,0xFF683730,0xFF693831,0xFF67362E,0xFF6B3A33,
    0xFF663731,0xFF673832,0xFF663731,0xFF63342E,0xFF5E342C,0xFF5F3730,0xFF5F3832,0xFF56322E,
    0xFF56312D,0xFF5E362D,0xFF5C3731,0xFF593734,0xFF5E3C36,0xFF583835,0xFF4A2C2A,0xFF432927,
    0xFF452D2C,0xFF452F31,0xFF3E2A2C,0xFF463234,0xFF4E3A3C,0xFF432E30,0xFF3C2729,0xFF362829,
    0xFF392B2E,0xFF37272E,0xFF35272F,0xFF2F252B,0xFF34292F,0xFF2F242A,0xFF30262C,0xFF31272D,
    0xFF2B2126,0xFF2F262B,0xFF3B2E31,0xFF392D2F,0xFF352A2F,0xFF342B32,0xFF211D24,0xFF221E25,
    0xFF262329,0xFF2A262D,0xFF212027,0xFF1D1D22,0xFF2D262D,0xFF52444A,0xFF352C30,0xFF21222A,
    0xFF1E1F26,0xFF1A1E25,0xFF19212C,0xFF161E27,0xFF161F28,0xFF161D27,0xFF141B26,0xFF111823,
    0xFF151B27,0xFF161B29,0xFF0F1624,0xFF0F1A26,0xFF0D1925,0xFF0D1723,0xFF0F1825,0xFF121C28,
    0xFF101A27,0xFF0E1A26,0xFF0F1B27,0xFF0D1926,0xFF0A1622,0xFF09131F,0xFF09131F,0xFF0C1723,
    0xFF0E1621,0xFF171D25,0xFF1D242C,0xFF1E242B,0xFF1A222B,0xFF141D26,0xFF0E1720,0xFF0E1820,
    0xFF030A0A,0xFF040D05,0xFF060D03,0xFF0F160E,0xFF111610,0xFF212621,0xFF191E1E,0xFF0D1012,
    0xFF161916,0xFF212820,0xFF141C1C,0xFF0C1219,0xFF181D20,0xFF191F1B,0xFF0E1411,0xFF161B17,
    0xFF1A1F1A,0xFF1C201C,0xFF232724,0xFF151D1D,0xFF0E1417,0xFF1A1D22,0xFF12151A,0xFF151A1E,
    0xFF161B1E,0xFF0E1317,0xFF0E1418,0xFF0E1617,0xFF131C1A,0xFF161E22,0xFF171A21,0xFF15181C,
    0xFF151A1C,0xFF151A1B,0xFF292725,0xFF23201F,0xFF0C0E12,0xFF0B1319,0xFF071316,0xFF1B2221,
    0xFF182120,0xFF111C1F,0xFF141D23,0xFF151C21,0xFF1A1E21,0xFF1B1E22,0xFF1B2026,0xFF13171E,
    0xFF12171F,0xFF19191E,0xFF211D1E,0xFF191B1C,0xFF191E28,0xFF111822,0xFF151D25,0xFF131D27,
    0xFF0F1C26,0xFF081520,0xFF0E161D,0xFF0E1418,0xFF172027,0xFF1B222B,0xFF2A313B,0xFF1C242F,
    0xFF0B141F,0xFF091520,0xFF05111D,0xFF04111D,0xFF0C1825,0xFF0A1623,0xFF0E1A27,0xFF071220,
    0xFF030B18,0xFF252830,0xFF292C30,0xFF051119,0xFF0C1A25,0xFF020D19,0xFF08141F,0xFF0F1C28,
    0xFF061422,0xFF0C1A28,0xFF101E2B,0xFF041221,0xFF041525,0xFF0A1724,0xFF0E151D,0xFF1F252E,
    0xFF161F2D,0xFF060F1E,0xFF0A1423,0xFF0B1726,0xFF071424,0xFF091524,0xFF071423,0xFF081523,
    0xFF0C1A28,0xFF142230,0xFF0D1C2A,0xFF081626,0xFF071425,0xFF0B1829,0xFF0B1929,0xFF081927,
    0xFF0F1825,0xFF0C151F,0xFF2C333B,0xFF3A3942,0xFF18212D,0xFF061726,0xFF09192A,0xFF0C1929,
    0xFF192636,0xFF0D1A29,0xFF16202F,0xFF192231,0xFF0D1826,0xFF15202E,0xFF141C2D,0xFF0F1A2A,
    0xFF081828,0xFF061B29,0xFF122432,0xFF102534,0xFF0C2334,0xFF0E2436,0xFF122336,0xFF0F2134,
    0xFF132437,0xFF122436,0xFF132538,0xFF112336,0xFF132538,0xFF172839,0xFF132535,0xFF13273B,
    0xFF0C243A,0xFF12233C,0xFF132537,0xFF0E212F,0xFF202E3F,0xFF424758,0xFF182C3B,0xFF0F2438,
    0xFF1B2940,0xFF192838,0xFF343947,0xFF3F404A,0xFF41454F,0xFF2C3748,0xFF1C2D43,0xFF1E2E42,
    0xFF212E40,0xFF223041,0xFF1F2D3E,0xFF223041,0xFF273546,0xFF253344,0xFF233041,0xFF283647,
    0xFF283546,0xFF253243,0xFF273446,0xFF273546,0xFF2E3B4C,0xFF283546,0xFF2F3C4E,0xFF303B4D,
    0xFF283546,0xFF253849,0xFF283449,0xFF303546,0xFF414653,0xFF484E5E,0xFF323C4B,0xFF313A4C,
    0xFF374052,0xFF343E50,0xFF333C4E,0xFF363A4D,0xFF363A4E,0xFF3A3E52,0xFF3B4053,0xFF3A4053,
    0xFF383E50,0xFF393F52,0xFF383E51,0xFF3C4155,0xFF3A3F53,0xFF393F52,0xFF383E4F,0xFF3D4453,
    0xFF3F4555,0xFF3F4555,0xFF414250,0xFF464553,0xFF524F5D,0xFF524D5C,0xFF504A56,0xFF4E4955,
    0xFF524C5B,0xFF575161,0xFF494450,0xFF3F3744,0xFF463C4A,0xFF4D414D,0xFF43373E,0xFF42353C,
    0xFF43373E,0xFF45363A,0xFF503C3E,0xFF4B3638,0xFF4F3738,0xFF553C3F,0xFF52393B,0xFF533837,
    0xFF523534,0xFF553939,0xFF513635,0xFF4E3130,0xFF4F3331,0xFF533531,0xFF563632,0xFF573532,
    0xFF5E3A36,0xFF5F3A34,0xFF5B352F,0xFF5C362F,0xFF5B342F,0xFF59302B,0xFF673C35,0xFF6B3D34,
    0xFF62352E,0xFF673B35,0xFF653933,0xFF653832,0xFF663630,0xFF683730,0xFF6B3933,0xFF683730,
    0xFF64362F,0xFF673832,0xFF663833,0xFF61342E,0xFF60382F,0xFF5C342D,0xFF57312B,0xFF54322D,
    0xFF5C3732,0xFF643C33,0xFF5D3833,0xFF543533,0xFF4D2F2D,0xFF462A2A,0xFF462C2E,0xFF493131,
    0xFF483031,0xFF422E30,0xFF432F32,0xFF462E32,0xFF3C272A,0xFF372527,0xFF382A2B,0xFF372D2F,
    0xFF362A2E,0xFF33242C,0xFF32252E,0xFF35292E,0xFF32262C,0xFF2E242A,0xFF34292F,0xFF30262B,
    0xFF2E2329,0xFF30252B,0xFF39292C,0xFF3F2F30,0xFF362A2E,0xFF271D25,0xFF312830,0xFF2E242C,
    0xFF2D232B,0xFF383038,0xFF212027,0xFF1F1F24,0xFF2E262C,0xFF2D2026,0xFF22202A,0xFF19202E,
    0xFF151C28,0xFF171D29,0xFF131A29,0xFF141A27,0xFF141925,0xFF101723,0xFF111B25,0xFF141C26,
    0xFF141B25,0xFF171F2B,0xFF111A26,0xFF101B26,0xFF111D28,0xFF141F29,0xFF16202B,0xFF111B26,
    0xFF101B26,0xFF0C1924,0xFF0A1721,0xFF0A1621,0xFF0C1722,0xFF0C1520,0xFF141D28,0xFF1A232F,
    0xFF1C252A,0xFF1B2325,0xFF131B22,0xFF0D151E,0xFF07111E,0xFF050F1E,0xFF050F1D,0xFF07111F,
    0xFF090E08,0xFF040803,0xFF010402,0xFF0D110F,0xFF090C08,0xFF0B0F0C,0xFF060A07,0xFF030704,
    0xFF070D08,0xFF040B07,0xFF09120E,0xFF070E0C,0xFF181D19,0xFF0F1510,0xFF000501,0xFF050B08,
    0xFF040B08,0xFF09100D,0xFF131A17,0xFF18201E,0xFF070E0E,0xFF070D0F,0xFF080E13,0xFF040911,
    0xFF020810,0xFF040A11,0xFF0A1018,0xFF060C13,0xFF060C13,0xFF0B1119,0xFF1D2229,0xFF0D1217,
    0xFF070D14,0xFF070F18,0xFF14191B,0xFF111515,0xFF060E11,0xFF0B1418,0xFF151D20,0xFF1D2426,
    0xFF171E21,0xFF12191C,0xFF131B1B,0xFF1B2120,0xFF191C19,0xFF151815,0xFF121718,0xFF141B1F,
    0xFF0F1A20,0xFF0E191E,0xFF141C1F,0xFF11181B,0xFF181F22,0xFF161B1F,0xFF161B20,0xFF182124,
    0xFF162023,0xFF182127,0xFF0F181E,0xFF0A141C,0xFF06131D,0xFF06141E,0xFF161F27,0xFF262A2E,
    0xFF181B1E,0xFF101720,0xFF101A24,0xFF071421,0xFF0B1724,0xFF0A131E,0xFF111B26,0xFF141D28,
    0xFF01101A,0xFF06111D,0xFF30313D,0xFF1C212B,0xFF0A1220,0xFF242732,0xFF0A1018,0xFF091825,
    0xFF081826,0xFF041020,0xFF0F1929,0xFF101829,0xFF030E1D,0xFF1B2834,0xFF0E1822,0xFF32313A,
    0xFF39363D,0xFF131826,0xFF041225,0xFF06162B,0xFF0A1727,0xFF0A1420,0xFF0E1C2B,0xFF0C1A2A,
    0xFF081626,0xFF0A192A,0xFF0F1E31,0xFF0B192C,0xFF081426,0xFF101A2C,0xFF192332,0xFF0C1925,
    0xFF0B1825,0xFF091827,0xFF0A1925,0xFF0B1720,0xFF091825,0xFF09192A,0xFF0A192D,0xFF061427,
    0xFF0D1829,0xFF1C2535,0xFF272B38,0xFF191F2B,0xFF0B1826,0xFF0F1F2F,0xFF151C2D,0xFF141C2B,
    0xFF12222C,0xFF0B1D26,0xFF0B1C2D,0xFF0D2032,0xFF0F2535,0xFF0F2536,0xFF112338,0xFF112338,
    0xFF112338,0xFF102337,0xFF132739,0xFF102437,0xFF102437,0xFF122436,0xFF142537,0xFF142638,
    0xFF132537,0xFF132136,0xFF152337,0xFF162538,0xFF122033,0xFF1D2C3E,0xFF263749,0xFF132537,
    0xFF152638,0xFF152938,0xFF182436,0xFF282E41,0xFF373B4D,0xFF383F50,0xFF212D40,0xFF1B2D41,
    0xFF1E2F41,0xFF233142,0xFF223243,0xFF202F40,0xFF253444,0xFF253546,0xFF233243,0xFF233243,
    0xFF2B3849,0xFF2C384A,0xFF253143,0xFF253143,0xFF2A3649,0xFF293549,0xFF2B374B,0xFF333F51,
    0xFF2B3747,0xFF2B3848,0xFF2B3748,0xFF2D3949,0xFF2D3949,0xFF354150,0xFF334050,0xFF323D50,
    0xFF343D51,0xFF343E51,0xFF343D51,0xFF353C51,0xFF363D51,0xFF373E52,0xFF373E52,0xFF373F50,
    0xFF373F50,0xFF383F51,0xFF394051,0xFF3B3F52,0xFF3A4053,0xFF3A4054,0xFF3A4251,0xFF3D444F,
    0xFF404551,0xFF404450,0xFF3E4353,0xFF404454,0xFF454755,0xFF4C4D5A,0xFF4F4E5C,0xFF55525F,
    0xFF494551,0xFF403944,0xFF3B2F36,0xFF3F333A,0xFF40333B,0xFF3E3339,0xFF43373A,0xFF4A3D40,
    0xFF4C3D42,0xFF503B3E,0xFF573E3F,0xFF543B3D,0xFF4F3636,0xFF4B3536,0xFF4D3738,0xFF4E3536,
    0xFF4E3435,0xFF4B3136,0xFF4C3136,0xFF503436,0xFF513334,0xFF583834,0xFF583732,0xFF54302D,
    0xFF5E3835,0xFF593630,0xFF58322B,0xFF5E372E,0xFF5E352E,0xFF603632,0xFF663A33,0xFF65362F,
    0xFF62352A,0xFF673A2D,0xFF68382E,0xFF69372F,0xFF683730,0xFF68362F,0xFF6C372F,0xFF6D382D,
    0xFF683829,0xFF68392D,0xFF62342C,0xFF62352D,0xFF663A30,0xFF61372F,0xFF5C342E,0xFF5D3630,
    0xFF5D362F,0xFF5B362F,0xFF55322E,0xFF4F302E,0xFF4C2E2E,0xFF513637,0xFF4D3437,0xFF4A3033,
    0xFF442B2D,0xFF432D2E,0xFF412D2D,0xFF3C2729,0xFF3D292D,0xFF3B2C30,0xFF3B2C32,0xFF34252A,
    0xFF33262B,0xFF30252A,0xFF382C30,0xFF3D2D2F,0xFF35282C,0xFF32272D,0xFF31272B,0xFF2C2225,
    0xFF36292D,0xFF443338,0xFF453237,0xFF403335,0xFF282122,0xFF352B2D,0xFF362D33,0xFF241E25,
    0xFF26222B,0xFF25232D,0xFF1C1C24,0xFF2C2B34,0xFF2A2930,0xFF1B1A23,0xFF1C1D2A,0xFF181B28,
    0xFF171926,0xFF181C28,0xFF161D29,0xFF141B27,0xFF131925,0xFF121A25,0xFF141D27,0xFF131D26,
    0xFF121B25,0xFF0D1922,0xFF101C25,0xFF0E1A23,0xFF0E1A23,0xFF172028,0xFF0F1820,0xFF0F1921,
    0xFF0D171F,0xFF08141B,0xFF0B171E,0xFF101D24,0xFF141D26,0xFF222733,0xFF212631,0xFF161A26,
    0xFF0E1821,0xFF07151B,0xFF07141C,0xFF05131B,0xFF051220,0xFF071322,0xFF051120,0xFF04111F,
    0xFF1E211A,0xFF11130E,0xFF0A0C0A,0xFF0E0F0D,0xFF1F2118,0xFF1F1D16,0xFF2B241D,0xFF150F0C,
    0xFF0F0D0F,0xFF1E1817,0xFF281F1A,0xFF151210,0xFF0C1010,0xFF121514,0xFF0D100F,0xFF050908,
    0xFF050B0A,0xFF030909,0xFF020807,0xFF0B1110,0xFF050A0C,0xFF03080C,0xFF04080E,0xFF030711,
    0xFF00020C,0xFF00050F,0xFF020610,0xFF00010B,0xFF00020C,0xFF00010B,0xFF0E1119,0xFF0C0E16,
    0xFF00010B,0xFF000510,0xFF01060E,0xFF0E141A,0xFF0C151D,0xFF09121B,0xFF04090C,0xFF101415,
    0xFF121617,0xFF040809,0xFF030609,0xFF07080A,0xFF11100D,0xFF121414,0xFF000812,0xFF030E18,
    0xFF010F1B,0xFF000D18,0xFF020D18,0xFF08141E,0xFF05111B,0xFF0E151C,0xFF0E1318,0xFF030C0F,
    0xFF081317,0xFF0B101A,0xFF060B18,0xFF0A1120,0xFF050C1D,0xFF05101B,0xFF050C14,0xFF121318,
    0xFF3B3A3F,0xFF202128,0xFF10131C,0xFF090E18,0xFF090F1B,0xFF0D131F,0xFF090F1A,0xFF151B27,
    0xFF151724,0xFF060D17,0xFF111920,0xFF383039,0xFF0A0E18,0xFF23282E,0xFF222229,0xFF070C17,
    0xFF09141E,0xFF101A25,0xFF0C131F,0xFF0C111E,0xFF0A1322,0xFF081522,0xFF0E1622,0xFF12151E,
    0xFF181C21,0xFF192027,0xFF06121A,0xFF05111F,0xFF0A1222,0xFF040C1C,0xFF031329,0xFF0B1A2C,
    0xFF0A1523,0xFF0C1420,0xFF0F151F,0xFF081324,0xFF061223,0xFF0C1524,0xFF0D1422,0xFF111B29,
    0xFF0A1626,0xFF061526,0xFF0B192A,0xFF0B1826,0xFF061222,0xFF071226,0xFF081326,0xFF091627,
    0xFF051224,0xFF041226,0xFF212735,0xFF212631,0xFF08131F,0xFF061421,0xFF0C1B2B,0xFF162433,
    0xFF16242F,0xFF101B28,0xFF161E32,0xFF0D152A,0xFF0F1B2F,0xFF101E30,0xFF101E2E,0xFF122030,
    0xFF101D2E,0xFF101F2E,0xFF132230,0xFF132230,0xFF132230,0xFF122232,0xFF112132,0xFF112131,
    0xFF122232,0xFF142032,0xFF192537,0xFF152133,0xFF182436,0xFF101F30,0xFF132132,0xFF162436,
    0xFF162535,0xFF142431,0xFF192635,0xFF1C2335,0xFF1B1F30,0xFF1E2534,0xFF222C3C,0xFF1D2C3D,
    0xFF1E2D3C,0xFF212D3C,0xFF212E3D,0xFF212D3C,0xFF243140,0xFF243140,0xFF1E2B3A,0xFF212D3C,
    0xFF242F3E,0xFF283342,0xFF293443,0xFF253040,0xFF232D40,0xFF262F42,0xFF293346,0xFF2C3648,
    0xFF2B3645,0xFF2B3544,0xFF2B3645,0xFF2E3646,0xFF2E3445,0xFF2F3546,0xFF303747,0xFF343949,
    0xFF353A4A,0xFF383D4D,0xFF353A4B,0xFF373A4B,0xFF373A4A,0xFF363949,0xFF3A3D4E,0xFF3C3F4C,
    0xFF3A3D4A,0xFF393D4A,0xFF3E404D,0xFF3D3D4B,0xFF3F3F4D,0xFF3E3F4C,0xFF3E404E,0xFF414150,
    0xFF454353,0xFF484454,0xFF4C4853,0xFF4B464C,0xFF4A4449,0xFF483F43,0xFF534A4C,0xFF524648,
    0xFF3C302E,0xFF3C2D2C,0xFF4F3A3A,0xFF4C3737,0xFF4B3636,0xFF503D3A,0xFF503D37,0xFF4C3732,
    0xFF513935,0xFF4E3730,0xFF4A352C,0xFF4A362D,0xFF4A362D,0xFF51382F,0xFF52362D,0xFF54362D,
    0xFF55342D,0xFF54342F,0xFF57352F,0xFF57332B,0xFF5B382D,0xFF543829,0xFF553829,0xFF59392B,
    0xFF59342A,0xFF5D312E,0xFF62342F,0xFF62322C,0xFF69392F,0xFF703F31,0xFF673424,0xFF6C3726,
    0xFF6D3826,0xFF6F3926,0xFF713927,0xFF733928,0xFF6F3928,0xFF723C2B,0xFF723A26,0xFF7A402B,
    0xFF793D2C,0xFF723928,0xFF6F3826,0xFF713D2C,0xFF683A2C,0xFF63372B,0xFF62372D,0xFF5E352C,
    0xFF5D362C,0xFF59342B,0xFF54322A,0xFF57352E,0xFF58362F,0xFF563631,0xFF4D2F2C,0xFF4C2D2A,
    0xFF4F322F,0xFF4B302C,0xFF49302B,0xFF472F2C,0xFF483230,0xFF412D2C,0xFF392627,0xFF3F2C2B,
    0xFF3F2D2C,0xFF372725,0xFF3D2E2D,0xFF3A2A2A,0xFF36282A,0xFF35292D,0xFF322728,0xFF3E302E,
    0xFF4C3A3A,0xFF422E30,0xFF3A262A,0xFF34282A,0xFF302928,0xFF322728,0xFF2D2224,0xFF372E30,
    0xFF2A2327,0xFF272126,0xFF272327,0xFF2B272B,0xFF211E21,0xFF262226,0xFF222024,0xFF242125,
    0xFF221F23,0xFF1E1D22,0xFF1B1D23,0xFF1C1D24,0xFF1A1B21,0xFF1B1D29,0xFF161827,0xFF151726,
    0xFF171928,0xFF1B1C28,0xFF161723,0xFF171825,0xFF191A27,0xFF1A1D29,0xFF121521,0xFF151824,
    0xFF171A26,0xFF151A26,0xFF151A26,0xFF171C28,0xFF121925,0xFF111A27,0xFF0A1220,0xFF08111F,
    0xFF0A1220,0xFF0C1221,0xFF0C1321,0xFF0A1120,0xFF0A121A,0xFF091117,0xFF0B1319,0xFF10191F,
    0xFF342A1A,0xFF352B1D,0xFF3A2F23,0xFF1C140A,0xFF131509,0xFF231F14,0xFF362820,0xFF352A23,
    0xFF221F16,0xFF3F3628,0xFF3B2B18,0xFF3C2F22,0xFF231B14,0xFF342B23,0xFF30261F,0xFF322B23,
    0xFF2A231B,0xFF251D16,0xFF1D150F,0xFF251D15,0xFF272019,0xFF302824,0xFF302826,0xFF3B3333,
    0xFF382F2F,0xFF292020,0xFF261D1D,0xFF382F2F,0xFF362D2D,0xFF251C1C,0xFF231816,0xFF2A1E1C,
    0xFF1C1313,0xFF1F1718,0xFF1D1516,0xFF1F191A,0xFF1F1C1E,0xFF0B090D,0xFF050708,0xFF060909,
    0xFF0F1212,0xFF121516,0xFF030509,0xFF050509,0xFF060607,0xFF201A18,0xFF332520,0xFF372A24,
    0xFF32251F,0xFF2F211A,0xFF302019,0xFF2B1E18,0xFF261A15,0xFF0D0E12,0xFF0C151C,0xFF040E13,
    0xFF020F13,0xFF1D2324,0xFF151B1C,0xFF161E22,0xFF0A1319,0xFF070F1A,0xFF0D131E,0xFF0E131B,
    0xFF13151C,0xFF201F26,0xFF36353D,0xFF333239,0xFF13141E,0xFF0C121E,0xFF181C29,0xFF0C121F,
    0xFF2F2635,0xFF24262E,0xFF061416,0xFF453941,0xFF282A2F,0xFF020B0F,0xFF2D2E34,0xFF313037,
    0xFF0D151B,0xFF131B22,0xFF34383F,0xFF20232D,0xFF07101F,0xFF04121E,0xFF141D28,0xFF32323D,
    0xFF27242C,0xFF373339,0xFF423C42,0xFF352D31,0xFF342C2F,0xFF3B363C,0xFF151A28,0xFF0B1726,
    0xFF15202A,0xFF313339,0xFF2D2C2E,0xFF091320,0xFF0B1623,0xFF1C2430,0xFF1B222D,0xFF101826,
    0xFF1B2535,0xFF041122,0xFF051123,0xFF0E1929,0xFF1D2536,0xFF151B2D,0xFF151B2A,0xFF1E2733,
    0xFF0C1A29,0xFF021326,0xFF080F1D,0xFF2A2D36,0xFF393E48,0xFF101922,0xFF031622,0xFF071926,
    0xFF161F2B,0xFF282E3C,0xFF2A3646,0xFF233140,0xFF192A38,0xFF162938,0xFF15293C,0xFF15283B,
    0xFF14283C,0xFF16293C,0xFF142839,0xFF152839,0xFF16293A,0xFF162B3F,0xFF142A3F,0xFF13293E,
    0xFF13293E,0xFF14283E,0xFF16293F,0xFF15283F,0xFF172B41,0xFF182B41,0xFF182C42,0xFF162A40,
    0xFF172B40,0xFF192D3F,0xFF192B3E,0xFF1E2E41,0xFF1D2B3F,0xFF19293D,0xFF1B2D40,0xFF1A2E40,
    0xFF1B2E41,0xFF1F3043,0xFF1D2F42,0xFF1D2F42,0xFF1D2F42,0xFF203144,0xFF1B2D40,0xFF1D2F42,
    0xFF203144,0xFF1E2E41,0xFF253649,0xFF29394D,0xFF213249,0xFF23334A,0xFF22334A,0xFF233449,
    0xFF243549,0xFF223348,0xFF223448,0xFF243247,0xFF2B344B,0xFF2A354B,0xFF2C374E,0xFF2D394C,
    0xFF2E3A4C,0xFF2E3A4C,0xFF2E3A4B,0xFF2F394B,0xFF303A4D,0xFF2E384A,0xFF30394C,0xFF323D4C,
    0xFF333D4D,0xFF2F3A49,0xFF333D4D,0xFF394051,0xFF3A404E,0xFF404451,0xFF424550,0xFF434750,
    0xFF40424C,0xFF373741,0xFF37343B,0xFF353136,0xFF312A2D,0xFF302829,0xFF352D2C,0xFF2F2824,
    0xFF312722,0xFF352924,0xFF382727,0xFF342323,0xFF332122,0xFF372726,0xFF352620,0xFF34221E,
    0xFF392522,0xFF38231F,0xFF3C2622,0xFF3E2724,0xFF3C2622,0xFF422C24,0xFF412B20,0xFF442C22,
    0xFF452A22,0xFF452B22,0xFF492E24,0xFF4D2F24,0xFF4F3124,0xFF503326,0xFF523326,0xFF543126,
    0xFF573329,0xFF583329,0xFF5A3327,0xFF5D3326,0xFF603628,0xFF5F3424,0xFF613423,0xFF653623,
    0xFF663623,0xFF6A3926,0xFF6E3B26,0xFF713C26,0xFF773D2A,0xFF7B3E2B,0xFF7B3D28,0xFF7C3D27,
    0xFF773E2B,0xFF743E2B,0xFF733F2B,0xFF6B3824,0xFF653420,0xFF633522,0xFF633625,0xFF5A2F1E,
    0xFF572F1F,0xFF552F21,0xFF553023,0xFF532E20,0xFF512B1E,0xFF4D291E,0xFF4C2A20,0xFF512F26,
    0xFF4D2B23,0xFF492921,0xFF46291F,0xFF472A20,0xFF44291F,0xFF402720,0xFF3F2822,0xFF402823,
    0xFF3F2923,0xFF3C2A22,0xFF3A2822,0xFF372522,0xFF3A2B29,0xFF342727,0xFF342423,0xFF3B2822,
    0xFF3A2621,0xFF392620,0xFF372524,0xFF302424,0xFF26201C,0xFF271D1B,0xFF372925,0xFF392B29,
    0xFF332827,0xFF362C2B,0xFF2D2423,0xFF2A2120,0xFF2C2222,0xFF28201E,0xFF282420,0xFF2B2622,
    0xFF2A2421,0xFF282421,0xFF282524,0xFF2B2726,0xFF262222,0xFF232122,0xFF272627,0xFF282728,
    0xFF272627,0xFF282321,0xFF2D2926,0xFF312C2A,0xFF35302E,0xFF222222,0xFF232323,0xFF282828,
    0xFF292929,0xFF252626,0xFF272827,0xFF272828,0xFF222223,0xFF212123,0xFF212123,0xFF232425,
    0xFF222425,0xFF292B2C,0xFF212325,0xFF222426,0xFF232624,0xFF1A1D1B,0xFF1D201E,0xFF232623,
    0xFF3B3426,0xFF322A1E,0xFF352D24,0xFF353029,0xFF2A2F28,0xFF2E2F29,0xFF2E2B27,0xFF302F29,
    0xFF34372D,0xFF333326,0xFF3A3827,0xFF423D31,0xFF363029,0xFF352F27,0xFF3D372F,0xFF464037,
    0xFF464036,0xFF484239,0xFF474138,0xFF453F35,0xFF453F36,0xFF48423C,0xFF433C38,0xFF433C38,
    0xFF453E3B,0xFF49423E,0xFF463F3B,0xFF423B37,0xFF47413D,0xFF4B4340,0xFF473E39,0xFF4A403A,
    0xFF463F3B,0xFF443F3C,0xFF423B38,0xFF423D39,0xFF211D1C,0xFF020000,0xFF000104,0xFF000003,
    0xFF080D10,0xFF0C1215,0xFF050B0F,0xFF12171A,0xFF0A0D10,0xFF292521,0xFF513C2D,0xFF5D4737,
    0xFF69513F,0xFF694D3A,0xFF6B4F3C,0xFF654F3F,0xFF5C493A,0xFF212122,0xFF0C1820,0xFF0D1A20,
    0xFF041217,0xFF131D18,0xFF18241D,0xFF0B1914,0xFF0E1D1B,0xFF07141C,0xFF09151E,0xFF0C1820,
    0xFF06121B,0xFF010A14,0xFF060D15,0xFF22262D,0xFF282F36,0xFF0A151F,0xFF0C1720,0xFF0D1922,
    0xFF0A0C18,0xFF282E38,0xFF111C22,0xFF272930,0xFF2F3439,0xFF0D1921,0xFF0B131D,0xFF292F34,
    0xFF242F35,0xFF030C13,0xFF151C23,0xFF282E38,0xFF0B1323,0xFF05121E,0xFF050E1A,0xFF22222C,
    0xFF343038,0xFF251E26,0xFF2D252D,0xFF433B3E,0xFF49403C,0xFF4B4240,0xFF29282B,0xFF08111A,
    0xFF0F1921,0xFF181D23,0xFF2F3337,0xFF1E2731,0xFF101923,0xFF21272F,0xFF292F36,0xFF161F26,
    0xFF1B242D,0xFF141F2B,0xFF091622,0xFF09131F,0xFF222934,0xFF2C2D37,0xFF252830,0xFF2A3138,
    0xFF252D36,0xFF18212B,0xFF222630,0xFF1D1F28,0xFF313339,0xFF26292E,0xFF121F27,0xFF131F28,
    0xFF1F232B,0xFF292B33,0xFF3C474E,0xFF47555A,0xFF36474A,0xFF3D4F56,0xFF364856,0xFF324452,
    0xFF314250,0xFF354452,0xFF33404D,0xFF2F3D4A,0xFF2E3C49,0xFF2D3C48,0xFF2E3D49,0xFF33424E,
    0xFF33424E,0xFF33414D,0xFF34424F,0xFF313F4C,0xFF34414E,0xFF36414F,0xFF394452,0xFF3A4553,
    0xFF394451,0xFF3B4652,0xFF3A4651,0xFF38434F,0xFF3B4653,0xFF3C4754,0xFF3C4752,0xFF3A464E,
    0xFF3B454F,0xFF3C4552,0xFF3D4652,0xFF3F4754,0xFF414956,0xFF434C58,0xFF414A56,0xFF404A56,
    0xFF3E4955,0xFF3E4954,0xFF3C4753,0xFF3C4753,0xFF3D4855,0xFF3F4A58,0xFF3F4A57,0xFF3E4956,
    0xFF404B58,0xFF3F4A57,0xFF3E4956,0xFF3F4756,0xFF444A59,0xFF3E4554,0xFF3E4453,0xFF3A424F,
    0xFF39424F,0xFF39424E,0xFF3A4350,0xFF3D4351,0xFF414755,0xFF414755,0xFF3F4552,0xFF3E4450,
    0xFF404652,0xFF404653,0xFF3F4652,0xFF3F4451,0xFF40424B,0xFF232128,0xFF1F1D1C,0xFF1A1A13,
    0xFF1D1915,0xFF1C1712,0xFF1C1615,0xFF1C1515,0xFF201614,0xFF241915,0xFF1F1613,0xFF231916,
    0xFF251914,0xFF261812,0xFF271614,0xFF271614,0xFF281716,0xFF281714,0xFF261710,0xFF2B1913,
    0xFF2D1914,0xFF2E1612,0xFF321613,0xFF341915,0xFF321613,0xFF2D1610,0xFF2C170F,0xFF311912,
    0xFF361C16,0xFF391F18,0xFF31170D,0xFF391D12,0xFF391A0E,0xFF3B180B,0xFF3F1B0E,0xFF451D12,
    0xFF441D0F,0xFF3F1C08,0xFF47220D,0xFF49230B,0xFF49210B,0xFF4B210E,0xFF4F230E,0xFF53250E,
    0xFF5B2B13,0xFF5D2A10,0xFF5F2B0C,0xFF642F0B,0xFF703212,0xFF7A3716,0xFF7C3714,0xFF793410,
    0xFF682E09,0xFF642B0B,0xFF5F280E,0xFF5C280F,0xFF5C280F,0xFF58270F,0xFF582811,0xFF532610,
    0xFF4E2612,0xFF4E2714,0xFF4B2614,0xFF492513,0xFF482514,0xFF3D1C0E,0xFF3F2013,0xFF402017,
    0xFF3E1E15,0xFF3D2117,0xFF40241A,0xFF392012,0xFF371F12,0xFF382317,0xFF342017,0xFF331D18,
    0xFF2F1B15,0xFF322019,0xFF322018,0xFF37231D,0xFF2F1E19,0xFF2B1C19,0xFF301F1C,0xFF2E1B16,
    0xFF2D1D18,0xFF2A1C16,0xFF291816,0xFF241815,0xFF211A16,0xFF2A201D,0xFF2B1C17,0xFF291C17,
    0xFF251B18,0xFF271D1B,0xFF241C18,0xFF211916,0xFF201714,0xFF1A1310,0xFF1A1513,0xFF1B1513,
    0xFF1D1815,0xFF211C19,0xFF231D19,0xFF201A16,0xFF25201C,0xFF1F1C15,0xFF1E1E14,0xFF1E1D14,
    0xFF1B1A11,0xFF222018,0xFF1F1D15,0xFF1D1B12,0xFF1A1910,0xFF1A1D15,0xFF181C14,0xFF181B13,
    0xFF161911,0xFF161610,0xFF171811,0xFF1B1C15,0xFF1E1C17,0xFF201B17,0xFF211C19,0xFF211C19,
    0xFF1C1B16,0xFF10130D,0xFF13150F,0xFF1B1D17,0xFF1D1F1D,0xFF242626,0xFF151716,0xFF0B0D0C,
    0xFF2A3A3E,0xFF2B3B41,0xFF2C3C44,0xFF2C3B42,0xFF2F383B,0xFF2F393C,0xFF2E3A3C,0xFF2C383D,
    0xFF2C373F,0xFF29363E,0xFF28353E,0xFF25353C,0xFF25363B,0xFF26373D,0xFF25373D,0xFF253539,
    0xFF263638,0xFF28383B,0xFF29383B,0xFF29393C,0xFF28393D,0xFF28383F,0xFF2A3942,0xFF2A3A41,
    0xFF2A3A41,0xFF2C3C43,0xFF2E3E45,0xFF2F3F46,0xFF303F46,0xFF324249,0xFF36434A,0xFF364349,
    0xFF36454C,0xFF34464E,0xFF39454C,0xFF374449,0xFF38464D,0xFF3B4B53,0xFF3E4A51,0xFF3F4A51,
    0xFF424D54,0xFF424E55,0xFF465458,0xFF485457,0xFF4A5355,0xFF4D5658,0xFF4C565A,0xFF51585A,
    0xFF565A59,0xFF5A5A58,0xFF585A58,0xFF51585A,0xFF505C61,0xFF505C64,0xFF4F5A63,0xFF4F5E65,
    0xFF516269,0xFF4E5D63,0xFF505F66,0xFF4D5F67,0xFF4C5E67,0xFF4F6269,0xFF50636B,0xFF4C6068,
    0xFF4D636D,0xFF506470,0xFF52636C,0xFF4E5C63,0xFF505F66,0xFF55666F,0xFF54656D,0xFF52626A,
    0xFF4F606B,0xFF56616D,0xFF58626C,0xFF4E6167,0xFF566067,0xFF556370,0xFF50626E,0xFF516066,
    0xFF55656C,0xFF56646D,0xFF535F68,0xFF545D68,0xFF5A6371,0xFF55636E,0xFF59616D,0xFF595F67,
    0xFF566266,0xFF576369,0xFF55646A,0xFF54626A,0xFF576167,0xFF595F63,0xFF576167,0xFF596369,
    0xFF5A6369,0xFF566068,0xFF57616A,0xFF5B646E,0xFF5D656E,0xFF5D6369,0xFF606569,0xFF62696B,
    0xFF5C6568,0xFF5D676C,0xFF5A676D,0xFF586269,0xFF5A5E64,0xFF616063,0xFF5F5F64,0xFF5D6266,
    0xFF646568,0xFF656464,0xFF64636A,0xFF62626A,0xFF5E5D61,0xFF636262,0xFF64666B,0xFF64656B,
    0xFF656568,0xFF625F61,0xFF676163,0xFF6B6769,0xFF666466,0xFF666464,0xFF66625F,0xFF64615D,
    0xFF625E5B,0xFF645E5B,0xFF6A615E,0xFF6B625E,0xFF6A615D,0xFF6B6059,0xFF6C5F57,0xFF6B5F57,
    0xFF6B5F57,0xFF6E6058,0xFF70625A,0xFF706259,0xFF70615A,0xFF726059,0xFF73615A,0xFF73615A,
    0xFF715E58,0xFF746159,0xFF736259,0xFF716158,0xFF706159,0xFF706059,0xFF706056,0xFF726153,
    0xFF715F54,0xFF725F58,0xFF715E56,0xFF6E5B54,0xFF705D55,0xFF715D56,0xFF6F5C54,0xFF6F5C54,
    0xFF6F5D55,0xFF705F56,0xFF6F5E55,0xFF6D5C54,0xFF6D5D55,0xFF6D5D55,0xFF6D5D55,0xFF6C5C54,
    0xFF6D5D56,0xFF6C5C54,0xFF6C5C54,0xFF6D5D56,0xFF6C5D55,0xFF6A5B53,0xFF685951,0xFF685A54,
    0xFF685A54,0xFF685954,0xFF695A54,0xFF6A5A55,0xFF6A5955,0xFF6A5A55,0xFF6D5C57,0xFF6D5B54,
    0xFF6C5B53,0xFF6D5C54,0xFF6D5C54,0xFF6F5D55,0xFF755D51,0xFF715445,0xFF755848,0xFF775A4B,
    0xFF795A4B,0xFF7C5C4D,0xFF7A5C4B,0xFF775A46,0xFF7A5A46,0xFF7C5B45,0xFF765746,0xFF785847,
    0xFF7A5844,0xFF795642,0xFF7D5845,0xFF7B5744,0xFF7A5542,0xFF795540,0xFF78533C,0xFF78533B,
    0xFF7B523C,0xFF79523B,0xFF76533B,0xFF755139,0xFF724F36,0xFF724C36,0xFF734C36,0xFF744A35,
    0xFF764A35,0xFF784D36,0xFF764A31,0xFF784A30,0xFF7B4D30,0xFF7A4F2C,0xFF794D2A,0xFF7C4D2B,
    0xFF7F4E2D,0xFF7C472C,0xFF804A2B,0xFF854D2D,0xFF854C28,0xFF844C22,0xFF895024,0xFF8B5022,
    0xFF935522,0xFF9A5B24,0xFFA46428,0xFFAB6C2B,0xFFB37530,0xFFC28444,0xFFCB8E4F,0xFFC4843F,
    0xFFB67332,0xFFAA662C,0xFF9C5727,0xFF86441D,0xFF713C19,0xFF683514,0xFF653314,0xFF5D2E11,
    0xFF562B10,0xFF522810,0xFF4F2812,0xFF4C2611,0xFF482510,0xFF452411,0xFF432413,0xFF3F1D10,
    0xFF3D1D11,0xFF391C0E,0xFF381C0E,0xFF3C2212,0xFF382010,0xFF351F10,0xFF331E12,0xFF301C15,
    0xFF2D1912,0xFF26150D,0xFF27160D,0xFF2D1A12,0xFF211009,0xFF1C0E09,0xFF20110E,0xFF221311,
    0xFF1E1311,0xFF170F0C,0xFF1C100D,0xFF1A0F0C,0xFF140F0B,0xFF1E1612,0xFF1C1310,0xFF17100E,
    0xFF100A0A,0xFF0D0909,0xFF0A0707,0xFF0F0C0C,0xFF0E0C0C,0xFF0F0D0F,0xFF0C0B10,0xFF0F0F13,
    0xFF0F0F14,0xFF0E0D0F,0xFF161614,0xFF0F0F0F,0xFF0C0C0C,0xFF0E1013,0xFF0F1016,0xFF0E1115,
    0xFF0C0F14,0xFF0E0F19,0xFF0D0E19,0xFF0D0E18,0xFF0E0F19,0xFF0A0E13,0xFF0B0F14,0xFF0F1419,
    0xFF0D1015,0xFF0B0B12,0xFF101117,0xFF111117,0xFF080C11,0xFF091117,0xFF060D13,0xFF030A10,
    0xFF090E15,0xFF080D14,0xFF080C14,0xFF070B12,0xFF0B0F15,0xFF0E1319,0xFF0B1016,0xFF0A0E14,
    0xFF486571,0xFF47636F,0xFF476370,0xFF486370,0xFF49616D,0xFF4A636F,0xFF4A636F,0xFF4A6371,
    0xFF496273,0xFF4A6274,0xFF496374,0xFF4B6574,0xFF4A6572,0xFF4B6672,0xFF4C6674,0xFF4E6873,
    0xFF4F6773,0xFF506874,0xFF506975,0xFF506876,0xFF526978,0xFF536B7A,0xFF536B7A,0xFF536A79,
    0xFF536A79,0xFF536A7A,0xFF556C7B,0xFF566B79,0xFF566C7A,0xFF596E7C,0xFF596E7C,0xFF5A6F7E,
    0xFF5B707F,0xFF5A707E,0xFF5C707B,0xFF5E727B,0xFF5E727C,0xFF5F737D,0xFF627580,0xFF627480,
    0xFF627480,0xFF627580,0xFF63737F,0xFF62717E,0xFF64747F,0xFF63737F,0xFF607280,0xFF617380,
    0xFF627380,0xFF647682,0xFF637681,0xFF637783,0xFF637783,0xFF657983,0xFF677A83,0xFF667982,
    0xFF667882,0xFF677985,0xFF677986,0xFF667A86,0xFF677A86,0xFF677B86,0xFF677B86,0xFF677A85,
    0xFF677A86,0xFF687B87,0xFF687B87,0xFF697B86,0xFF687B86,0xFF677A85,0xFF677A85,0xFF677A85,
    0xFF687A86,0xFF687885,0xFF697885,0xFF697A86,0xFF687982,0xFF687883,0xFF6A7B86,0xFF6A7C85,
    0xFF6C7C84,0xFF6F7D86,0xFF727D87,0xFF757E88,0xFF757E88,0xFF767F88,0xFF77808A,0xFF78818A,
    0xFF768188,0xFF757F88,0xFF747F87,0xFF747F88,0xFF737D87,0xFF737C85,0xFF727C85,0xFF737C84,
    0xFF747D84,0xFF747D84,0xFF747D84,0xFF767A83,0xFF787B84,0xFF787B84,0xFF797C84,0xFF7B7C83,
    0xFF7C7D84,0xFF7C7D84,0xFF7B7E84,0xFF7C8185,0xFF7F8286,0xFF818085,0xFF828285,0xFF828383,
    0xFF818282,0xFF818281,0xFF848484,0xFF888484,0xFF8A8582,0xFF8A8380,0xFF8D8484,0xFF8D8485,
    0xFF8C8384,0xFF8F8584,0xFF8F8481,0xFF8E817E,0xFF918280,0xFF93827F,0xFF95847E,0xFF98857E,
    0xFF9B857E,0xFF9E877F,0xFFA18981,0xFFA58A80,0xFFA78B7F,0xFFA98A7E,0xFFAC8B80,0xFFAE8E82,
    0xFFB09084,0xFFB09082,0xFFB39082,0xFFB48F82,0xFFB68F82,0xFFBA9181,0xFFBB9383,0xFFBD9484,
    0xFFBC9484,0xFFBB9582,0xFFBC9683,0xFFBC9783,0xFFB99681,0xFFB89681,0xFFB99681,0xFFB7957F,
    0xFFB99583,0xFFB89484,0xFFB89484,0xFFB89484,0xFFBA9483,0xFFBB9483,0xFFBB9584,0xFFBA9382,
    0xFFBB9482,0xFFBD9583,0xFFBC9482,0xFFBC9482,0xFFB99582,0xFFB99582,0xFFB99582,0xFFB79381,
    0xFFB69381,0xFFB69380,0xFFB4917F,0xFFB4927F,0xFFB2917E,0xFFB59481,0xFFB59481,0xFFB89383,
    0xFFBA9483,0xFFBD9583,0xFFC09783,0xFFBF9987,0xFFC09986,0xFFC39A86,0xFFC79D86,0xFFC79E84,
    0xFFC89F85,0xFFC89F86,0xFFCBA085,0xFFCFA081,0xFFD2A180,0xFFD9A482,0xFFDCA684,0xFFDFA986,
    0xFFE0A987,0xFFE2AB89,0xFFE5AD89,0xFFE6AD88,0xFFE6AE89,0xFFE7AE89,0xFFE7AD88,0xFFEBB089,
    0xFFEAB087,0xFFEBB186,0xFFEDB18B,0xFFEEB28A,0xFFEEB388,0xFFEFB387,0xFFF2B487,0xFFF2B485,
    0xFFF2B383,0xFFF4B686,0xFFF4B786,0xFFF4B884,0xFFF5B883,0xFFF5B784,0xFFF7B784,0xFFF9B981,
    0xFFF7B87C,0xFFF8B87E,0xFFF8B77D,0xFFF8B87A,0xFFF6B777,0xFFF6B576,0xFFF5B473,0xFFF5B471,
    0xFFF5B571,0xFFF5B674,0xFFF4B36B,0xFFF7B366,0xFFF7B560,0xFFF3B455,0xFFF7B955,0xFFF8BC52,
    0xFFF8BF4A,0xFFFAC24F,0xFFFBCC4C,0xFFFBD852,0xFFFFE360,0xFFFFF3A9,0xFFFFFCD2,0xFFFFF6A9,
    0xFFFFE977,0xFFFDDC5B,0xFFF9C84C,0xFFEEB547,0xFFE8B246,0xFFE7AF4B,0xFFE3A84F,0xFFE1A452,
    0xFFDEA052,0xFFDA9D57,0xFFD89E5E,0xFFD79B60,0xFFD89C65,0xFFD69C69,0xFFD39A69,0xFFD19769,
    0xFFD1986A,0xFFCC9568,0xFFC79267,0xFFC79569,0xFFC59368,0xFFC39069,0xFFBE8C65,0xFFB88D64,
    0xFFB58A62,0xFFB38862,0xFFAE8561,0xFFAB8462,0xFFA68161,0xFFA07E5F,0xFF9F7B5F,0xFFA07B60,
    0xFF9D7961,0xFF9B7760,0xFF94725C,0xFF8D6D58,0xFF876B57,0xFF846956,0xFF7E6353,0xFF7A6152,
    0xFF755E4F,0xFF715C4C,0xFF685244,0xFF6C584B,0xFF675448,0xFF625045,0xFF5D4E42,0xFF5C4C42,
    0xFF55453D,0xFF53423C,0xFF55443F,0xFF483935,0xFF433533,0xFF423836,0xFF38312F,0xFF342E2E,
    0xFF2E2A2B,0xFF332C2B,0xFF342B2A,0xFF2F2826,0xFF322B2A,0xFF282222,0xFF292323,0xFF292323,
    0xFF241E1F,0xFF1F1A1B,0xFF231E1F,0xFF262122,0xFF1C1A1A,0xFF1E201E,0xFF161717,0xFF161719,
    0xFF1F2224,0xFF171B1C,0xFF171B1C,0xFF141819,0xFF0F1417,0xFF0A0F13,0xFF070D11,0xFF080D11,
    0xFF4B6572,0xFF496470,0xFF496470,0xFF4B6672,0xFF4B6371,0xFF4D6573,0xFF4D6573,0xFF4C6473,
    0xFF4C6474,0xFF4C6474,0xFF4D6575,0xFF4E6574,0xFF4E6573,0xFF4E6573,0xFF4F6674,0xFF4F6673,
    0xFF4E6471,0xFF4F6673,0xFF4F6672,0xFF4F6673,0xFF526876,0xFF516876,0xFF526875,0xFF526876,
    0xFF526876,0xFF526977,0xFF536876,0xFF556875,0xFF566876,0xFF576977,0xFF576977,0xFF576977,
    0xFF586B79,0xFF586B79,0xFF5A6C77,0xFF5C6D77,0xFF5B6D77,0xFF5C6E78,0xFF5E707B,0xFF5E707B,
    0xFF5F717D,0xFF5F717D,0xFF5F6F7C,0xFF60707D,0xFF61717E,0xFF62717E,0xFF62727E,0xFF61717D,
    0xFF61707D,0xFF62727E,0xFF62737F,0xFF61737F,0xFF62737F,0xFF62737E,0xFF61737D,0xFF62747E,
    0xFF63757F,0xFF62747F,0xFF627480,0xFF637580,0xFF657682,0xFF647581,0xFF647681,0xFF657682,
    0xFF657682,0xFF647682,0xFF647682,0xFF657682,0xFF657783,0xFF647682,0xFF647581,0xFF657783,
    0xFF667682,0xFF657582,0xFF667683,0xFF677683,0xFF687882,0xFF687882,0xFF687983,0xFF687882,
    0xFF6A7780,0xFF6B7881,0xFF6D7781,0xFF6F7782,0xFF707880,0xFF717981,0xFF717981,0xFF717881,
    0xFF717981,0xFF717981,0xFF717881,0xFF717880,0xFF70777F,0xFF6F777F,0xFF707780,0xFF70777F,
    0xFF70777E,0xFF70787E,0xFF70787E,0xFF72757D,0xFF74777F,0xFF74777F,0xFF75787F,0xFF77787E,
    0xFF77787E,0xFF77777D,0xFF76787D,0xFF75797C,0xFF787A7D,0xFF7A797E,0xFF7C7B7D,0xFF7C7C7C,
    0xFF7C7B7B,0xFF7A7A7A,0xFF7D7B79,0xFF817A78,0xFF817876,0xFF817874,0xFF837875,0xFF837775,
    0xFF827776,0xFF837875,0xFF857973,0xFF857671,0xFF877571,0xFF897672,0xFF8B7772,0xFF8C7771,
    0xFF8E756E,0xFF90766E,0xFF92776D,0xFF94786D,0xFF96776B,0xFF987669,0xFF997769,0xFF9A786A,
    0xFF9C7A6B,0xFF9D7A6B,0xFFA07A6B,0xFFA1796B,0xFFA37A6C,0xFFA67B6B,0xFFA87D6C,0xFFA97E6D,
    0xFFA87E6C,0xFFA67D69,0xFFA67D69,0xFFA67D69,0xFFA57E69,0xFFA47E68,0xFFA37D68,0xFFA07A65,
    0xFFA17A68,0xFF9F7868,0xFF9E7766,0xFF9E7766,0xFF9F7665,0xFF9F7664,0xFFA07765,0xFF9E7563,
    0xFF9F7462,0xFFA17663,0xFFA07562,0xFFA07563,0xFFA07763,0xFF9F7663,0xFF9E7562,0xFF9B7360,
    0xFF997360,0xFF997360,0xFF997360,0xFF9A7361,0xFF9A7461,0xFF997461,0xFF9A7562,0xFF967561,
    0xFF977761,0xFF98765D,0xFF9A765D,0xFFA07762,0xFFA37661,0xFFA67760,0xFFA77961,0xFFA17A64,
    0xFFA17A64,0xFFA17B65,0xFFA57D66,0xFFA87E65,0xFFAA7F65,0xFFAD7F63,0xFFAE7F62,0xFFB08163,
    0xFFB18263,0xFFB28365,0xFFB48465,0xFFB58464,0xFFB78566,0xFFB78566,0xFFB88564,0xFFBA8564,
    0xFFBB8762,0xFFBC8862,0xFFBD8765,0xFFC08A66,0xFFC08A64,0xFFC18B63,0xFFC28B62,0xFFC38C60,
    0xFFC38D60,0xFFC98D61,0xFFCE8C62,0xFFCE8D60,0xFFCE8D5D,0xFFCF8D5F,0xFFD28F5F,0xFFD3925C,
    0xFFD59359,0xFFDA945C,0xFFDC955C,0xFFDD965B,0xFFDD975A,0xFFDE9856,0xFFE09A57,0xFFE29C56,
    0xFFE29C51,0xFFE5A14B,0xFFE7A247,0xFFEBA443,0xFFEFA63E,0xFFF1A739,0xFFEFA934,0xFFEFAC32,
    0xFFF1B22C,0xFFF5B92D,0xFFF4C51F,0xFFF2D124,0xFFEFDA48,0xFFF4EE97,0xFFF9F9C0,0xFFF6F195,
    0xFFF2E84D,0xFFEDD526,0xFFF1C317,0xFFF8B924,0xFFF3AF31,0xFFF1A934,0xFFF1A43A,0xFFF0A03E,
    0xFFF0A045,0xFFEFA04D,0xFFED9E55,0xFFEAA15B,0xFFE6A45E,0xFFE6A464,0xFFE5A568,0xFFE7A56A,
    0xFFE7A66C,0xFFE6A76F,0xFFE5A871,0xFFE4A873,0xFFE6AA76,0xFFE7AA79,0xFFE6A978,0xFFE8AB72,
    0xFFEAAB75,0xFFEBAC78,0xFFEDAC77,0xFFEFAA74,0xFFEFAD79,0xFFEEAD7A,0xFFEAAA78,0xFFE9AB7A,
    0xFFE9AB7D,0xFFE8A97D,0xFFE8AA7D,0xFFEAAD7F,0xFFE8AD81,0xFFE4AB80,0xFFE4AB84,0xFFE1AB83,
    0xFFDEAA82,0xFFDFAC83,0xFFDEAA83,0xFFDBA882,0xFFD8A885,0xFFD8AA87,0xFFD8A985,0xFFD5A684,
    0xFFD5A586,0xFFD6A787,0xFFD4A686,0xFFD1A687,0xFFD0A789,0xFFCFA587,0xFFCCA385,0xFFC8A286,
    0xFFC5A186,0xFFBEA285,0xFFBAA083,0xFFB69C7F,0xFFB69B7F,0xFFB29984,0xFFB09782,0xFFAE9580,
    0xFFAB937E,0xFFA7907D,0xFFA48E7A,0xFFA58E7A,0xFFA48F7C,0xFF9C8978,0xFF998677,0xFF9B867A,
    0xFF928173,0xFF8D7E6F,0xFF8D7D6E,0xFF897A6B,0xFF84776C,0xFF83756C,0xFF7D7066,0xFF7B6D64,
    0xFF566E7C,0xFF556D7B,0xFF556D7B,0xFF556C7A,0xFF566C7A,0xFF576E7C,0xFF586E7C,0xFF576D7C,
    0xFF576D7C,0xFF576D7C,0xFF576D7C,0xFF576E7C,0xFF586E7C,0xFF586E7C,0xFF576D7B,0xFF5A6F7D,
    0xFF5A6E7B,0xFF5A6E7C,0xFF5B6F7D,0xFF5A6E7C,0xFF5B6F7D,0xFF5A6E7C,0xFF5A6E7B,0xFF5B707D,
    0xFF5C707E,0xFF5C707E,0xFF5D717D,0xFF5E707C,0xFF5D6F7B,0xFF5E717C,0xFF60727E,0xFF61737F,
    0xFF60727E,0xFF5F717D,0xFF61737D,0xFF61727C,0xFF62737D,0xFF62737D,0xFF63747E,0xFF63747E,
    0xFF657680,0xFF667781,0xFF687681,0xFF6A7883,0xFF687680,0xFF697782,0xFF6A7883,0xFF687681,
    0xFF697782,0xFF687781,0xFF667781,0xFF667781,0xFF667781,0xFF667780,0xFF657680,0xFF667781,
    0xFF667781,0xFF64757F,0xFF64757F,0xFF63747E,0xFF64757F,0xFF65767F,0xFF64757F,0xFF64757F,
    0xFF63747E,0xFF63747E,0xFF63747E,0xFF63747E,0xFF63747E,0xFF62737D,0xFF62737D,0xFF62737D,
    0xFF63727D,0xFF64727D,0xFF64727D,0xFF65737E,0xFF64727B,0xFF64727A,0xFF64737B,0xFF65737B,
    0xFF66737A,0xFF69747C,0xFF6B747C,0xFF6D747D,0xFF6F757C,0xFF70767D,0xFF72787F,0xFF72787F,
    0xFF72777E,0xFF70767D,0xFF71777E,0xFF70767D,0xFF6F757C,0xFF6E737B,0xFF6E737B,0xFF6F757A,
    0xFF70767B,0xFF70767B,0xFF70767B,0xFF72757B,0xFF74767C,0xFF74777D,0xFF73757B,0xFF77787D,
    0xFF77787C,0xFF76777B,0xFF75777A,0xFF76787A,0xFF79797C,0xFF7C797D,0xFF7E7A7B,0xFF807B7B,
    0xFF817C7C,0xFF817C7B,0xFF857E7D,0xFF887F7C,0xFF8A7E7B,0xFF8D807B,0xFF8E7F7B,0xFF8F7F7C,
    0xFF91817D,0xFF91817D,0xFF91817A,0xFF928079,0xFF95807A,0xFF96807A,0xFF98807B,0xFF99807A,
    0xFF9B8077,0xFF9E8177,0xFFA08276,0xFFA38476,0xFFA68474,0xFFA98473,0xFFAB8575,0xFFAB8575,
    0xFFAD8776,0xFFB08977,0xFFB38978,0xFFB58A7A,0xFFB88B7B,0xFFBB8D79,0xFFBC8F7A,0xFFBD8F7A,
    0xFFBE917C,0xFFBF937D,0xFFBD927D,0xFFBE927D,0xFFBD937D,0xFFBD937D,0xFFBD937E,0xFFBC927C,
    0xFFBD937F,0xFFBC9280,0xFFBC927F,0xFFBC927F,0xFFBB907B,0xFFBC907B,0xFFBC917B,0xFFBC907B,
    0xFFBE917A,0xFFBF917A,0xFFBE907A,0xFFBE907A,0xFFBE907A,0xFFBF917B,0xFFBD8E78,0xFFB98D77,
    0xFFB88E79,0xFFB78D77,0xFFB48B75,0xFFB58B75,0xFFB58B76,0xFFB58C76,0xFFB58C76,0xFFB78C77,
    0xFFB98D77,0xFFBB8C74,0xFFBE8E75,0xFFBE8F77,0xFFBF8F76,0xFFC49176,0xFFC38F73,0xFFC59174,
    0xFFC69275,0xFFC59174,0xFFC89477,0xFFC89477,0xFFCA9575,0xFFCC9573,0xFFCF9773,0xFFD19973,
    0xFFD19973,0xFFD29A74,0xFFD39972,0xFFD39972,0xFFD39972,0xFFD49971,0xFFD59870,0xFFD4976E,
    0xFFD4986C,0xFFD6996C,0xFFD9996E,0xFFD8996B,0xFFD8996A,0xFFD99A69,0xFFDA9A68,0xFFDB9B66,
    0xFFD99A63,0xFFDD9D64,0xFFDF9B63,0xFFDE9A60,0xFFDE9C5E,0xFFE09C5E,0xFFE29D5E,0xFFE29E5A,
    0xFFE3A057,0xFFE79F56,0xFFE9A055,0xFFE89F51,0xFFE9A150,0xFFE9A249,0xFFEAA448,0xFFEAA446,
    0xFFEBA643,0xFFEDA73E,0xFFECA838,0xFFF0AE37,0xFFF1B235,0xFFF2B633,0xFFF2BC33,0xFFF2C136,
    0xFFF2C733,0xFFF5CB36,0xFFF6D438,0xFFF5E05B,0xFFF7EB92,0xFFFAF4C6,0xFFFBF7DB,0xFFFCF6C5,
    0xFFF7F1AB,0xFFF2E272,0xFFF2CF40,0xFFF5C12F,0xFFF2BA28,0xFFF0B127,0xFFEEA927,0xFFECA52C,
    0xFFEBA233,0xFFE99F38,0xFFE79B3F,0xFFE49A43,0xFFE09A47,0xFFDD984A,0xFFDA964B,0xFFDA944C,
    0xFFD9934D,0xFFD5914D,0xFFD28F4D,0xFFD18F4F,0xFFD18F51,0xFFCE8B4F,0xFFCC8952,0xFFC78457,
    0xFFC78459,0xFFC6825A,0xFFC3825A,0xFFBC825A,0xFFB78058,0xFFB68059,0xFFB07D57,0xFFAB7B56,
    0xFFAA7A57,0xFFA97858,0xFFA87653,0xFFA67550,0xFFA47553,0xFFA07251,0xFF9E6F50,0xFF9C6F4F,
    0xFF956B4B,0xFF936B4A,0xFF906647,0xFF8E6649,0xFF896449,0xFF8A664B,0xFF886448,0xFF866248,
    0xFF856049,0xFF846047,0xFF806043,0xFF7E5F45,0xFF7B5E46,0xFF7E5E46,0xFF7E5D46,0xFF785A43,
    0xFF755945,0xFF79574A,0xFF775447,0xFF755246,0xFF725042,0xFF705238,0xFF705237,0xFF6F5136,
    0xFF6E5136,0xFF6C5137,0xFF6A4F36,0xFF694E34,0xFF674D35,0xFF664C38,0xFF664B3A,0xFF664B3C,
    0xFF624A3B,0xFF60493A,0xFF5E4837,0xFF5E4737,0xFF5C493B,0xFF5C4A3C,0xFF5C493C,0xFF5F4C3F,
    0xFF546A78,0xFF546A78,0xFF536A78,0xFF546A78,0xFF576A79,0xFF566978,0xFF566978,0xFF556977,
    0xFF566A78,0xFF576B79,0xFF576A78,0xFF576A78,0xFF586B7A,0xFF5A6D7C,0xFF586C7B,0xFF5B6D7C,
    0xFF5A6C7A,0xFF5A6C7B,0xFF5B6D7B,0xFF5C6E7B,0xFF5C6E7A,0xFF5C6E7B,0xFF5E707C,0xFF5F717D,
    0xFF5F717D,0xFF5E707D,0xFF60727E,0xFF61727C,0xFF61727C,0xFF62737D,0xFF62737E,0xFF62737D,
    0xFF62747E,0xFF63747F,0xFF677681,0xFF66757F,0xFF697782,0xFF697782,0xFF687780,0xFF6A7882,
    0xFF687780,0xFF6B7982,0xFF6B7982,0xFF6D7A84,0xFF6D7A83,0xFF6D7A84,0xFF6E7B84,0xFF6D7A84,
    0xFF6E7B85,0xFF6C7A83,0xFF6B7A83,0xFF6C7A84,0xFF6B7A83,0xFF697882,0xFF697882,0xFF6A7883,
    0xFF697782,0xFF687780,0xFF687780,0xFF697781,0xFF697781,0xFF697781,0xFF697881,0xFF6A7882,
    0xFF687780,0xFF687780,0xFF68767F,0xFF687680,0xFF687680,0xFF67767F,0xFF66747D,0xFF687680,
    0xFF68767F,0xFF69767F,0xFF68757F,0xFF68767F,0xFF68767E,0xFF69767D,0xFF6A777F,0xFF6B787F,
    0xFF6B777C,0xFF6E787E,0xFF70777F,0xFF73787F,0xFF74777E,0xFF75787E,0xFF76797F,0xFF73767C,
    0xFF73767D,0xFF75787E,0xFF73777D,0xFF72767C,0xFF72757B,0xFF72757B,0xFF72757C,0xFF727579,
    0xFF73767A,0xFF73767A,0xFF72767A,0xFF74777C,0xFF74787C,0xFF73777B,0xFF75787C,0xFF797A7C,
    0xFF797A7C,0xFF78797B,0xFF78797A,0xFF7A7A7A,0xFF7D7B7C,0xFF7F7B7D,0xFF827C7C,0xFF877E7D,
    0xFF887F7E,0xFF877F7D,0xFF8C817F,0xFF8F8280,0xFF90807C,0xFF918079,0xFF93807A,0xFF94807A,
    0xFF927E79,0xFF927E78,0xFF938075,0xFF947F75,0xFF957C73,0xFF967C74,0xFF997E79,0xFF9B7E77,
    0xFF9D7D74,0xFFA08074,0xFFA28272,0xFFA58371,0xFFA88471,0xFFAC8472,0xFFAE8473,0xFFAE8573,
    0xFFB08775,0xFFB18773,0xFFB38773,0xFFB68773,0xFFB88875,0xFFBA8971,0xFFBB8A73,0xFFBD8C74,
    0xFFBE8D76,0xFFBC8E77,0xFFBC8D77,0xFFBE8F79,0xFFBB8E77,0xFFBA8E77,0xFFBA8D76,0xFFBB8E77,
    0xFFBA8D76,0xFFBA8D76,0xFFB98D76,0xFFBA8D77,0xFFBB8D75,0xFFBC8E76,0xFFBB8D74,0xFFBA8C74,
    0xFFBF8E75,0xFFBE8D73,0xFFBE8D73,0xFFBF8D74,0xFFBF8D74,0xFFBF8C74,0xFFBF8C73,0xFFBC8C73,
    0xFFBA8E74,0xFFB98D73,0xFFB98D73,0xFFB98C73,0xFFBB8D74,0xFFBC8E75,0xFFBB8E76,0xFFC08B76,
    0xFFC38975,0xFFC78D75,0xFFC98D74,0xFFC69175,0xFFC79173,0xFFCB9374,0xFFCE9473,0xFFD3926D,
    0xFFD5956F,0xFFD5946F,0xFFD89671,0xFFDC9970,0xFFDD986E,0xFFE29B70,0xFFE59D6E,0xFFE89F6E,
    0xFFE89F6E,0xFFE9A070,0xFFECA270,0xFFECA16F,0xFFEDA270,0xFFEFA472,0xFFF2A672,0xFFF1A46F,
    0xFFF2A66D,0xFFF3A76D,0xFFF5A76E,0xFFF8AA6F,0xFFF8AA6C,0xFFF8AB6B,0xFFFAAB6B,0xFFFBAD6A,
    0xFFFDAF6A,0xFFFDB068,0xFFFEB267,0xFFFDB265,0xFFFEB464,0xFFFEB362,0xFFFFB460,0xFFFFB55C,
    0xFFFFB557,0xFFFFB653,0xFFFFB751,0xFFFFB851,0xFFFFB84C,0xFFFFBB48,0xFFFFBB45,0xFFFFBC44,
    0xFFFFBE45,0xFFFFBD44,0xFFFFC13F,0xFFFEC43A,0xFFFFCB3B,0xFFFDD13C,0xFFFDD941,0xFFFBDF45,
    0xFFF9E249,0xFFFFEB55,0xFFFCEF64,0xFFFDF5A2,0xFFFFF9DD,0xFFFFF9F8,0xFFFEF8FF,0xFFFFFAF6,
    0xFFFDFEE4,0xFFFEFAA1,0xFFFAEC54,0xFFFDE33A,0xFFFCD837,0xFFFBD036,0xFFFECA37,0xFFFFC63A,
    0xFFFDBF3D,0xFFFFBE46,0xFFFFBD4F,0xFFFFB751,0xFFFFB755,0xFFFFB85A,0xFFFFB85D,0xFFFFB661,
    0xFFFFB563,0xFFFFB867,0xFFFFB96A,0xFFFFB86D,0xFFFFB66D,0xFFFFB570,0xFFFFB671,0xFFFCBA6E,
    0xFFFEBC71,0xFFFAB86F,0xFFFEB774,0xFFFFB177,0xFFFEB47A,0xFFFDB37C,0xFFFBB37C,0xFFF9B47D,
    0xFFF9B37F,0xFFF7B17F,0xFFF6B17D,0xFFF5B27E,0xFFF4B280,0xFFF4B383,0xFFF5B282,0xFFF4B281,
    0xFFF3B483,0xFFF2B483,0xFFF2B384,0xFFF1B485,0xFFEEB386,0xFFEBB286,0xFFECB286,0xFFE9B085,
    0xFFE7AC85,0xFFE4AC82,0xFFE1AD82,0xFFDFAC83,0xFFDAAA82,0xFFDAA67F,0xFFD8A57F,0xFFD4A37E,
    0xFFCF9F7C,0xFFC8A482,0xFFC4A380,0xFFC09F7C,0xFFBE9C7B,0xFFBA9881,0xFFB99781,0xFFB7957E,
    0xFFB5957E,0xFFB0957E,0xFFAE937C,0xFFAE937C,0xFFAC917B,0xFFAB8F7C,0xFFAC907F,0xFFAC8F82,
    0xFFA78E7F,0xFFA48E7E,0xFFA38C7C,0xFFA08979,0xFF9B8578,0xFF9A8578,0xFF988377,0xFF988377,
    0xFF5A707E,0xFF5A707E,0xFF5C7280,0xFF5B717F,0xFF5C6F7E,0xFF5C6F7E,0xFF5D707F,0xFF5D707E,
    0xFF5D707E,0xFF5B6E7C,0xFF5C6F7D,0xFF5D707E,0xFF5D707F,0xFF5D707E,0xFF5C6F7E,0xFF5D6F7D,
    0xFF5E707E,0xFF5F717E,0xFF5E707D,0xFF5F717D,0xFF60727D,0xFF60727D,0xFF5F717D,0xFF61737F,
    0xFF61737E,0xFF62737F,0xFF63747F,0xFF63737C,0xFF64747D,0xFF63747D,0xFF63747D,0xFF65757E,
    0xFF677780,0xFF66777F,0xFF677580,0xFF6A7782,0xFF6A7782,0xFF697681,0xFF6A7780,0xFF6C7981,
    0xFF6C7982,0xFF6C7981,0xFF6D7982,0xFF6D7982,0xFF6D7982,0xFF6D7982,0xFF6E7A82,0xFF6D7982,
    0xFF6E7982,0xFF6D7982,0xFF6B7880,0xFF6C7982,0xFF6B7981,0xFF6B7882,0xFF6B7883,0xFF6B7783,
    0xFF6C7884,0xFF6B7881,0xFF6B7880,0xFF6B7880,0xFF6B7880,0xFF6C7981,0xFF6C7981,0xFF6B7880,
    0xFF6B7880,0xFF6B7880,0xFF6B7880,0xFF69767E,0xFF6A777F,0xFF6A777F,0xFF6A7780,0xFF6B7880,
    0xFF6A767F,0xFF6B7780,0xFF6B777F,0xFF6B767F,0xFF6C787E,0xFF6C787D,0xFF6B777D,0xFF6C787E,
    0xFF6E777C,0xFF70777D,0xFF72787E,0xFF74797F,0xFF76797E,0xFF777A80,0xFF777A7F,0xFF76797E,
    0xFF76797E,0xFF76797E,0xFF76797E,0xFF75787D,0xFF73767B,0xFF74777C,0xFF75787D,0xFF74787C,
    0xFF73777A,0xFF727679,0xFF727679,0xFF727679,0xFF727679,0xFF717579,0xFF75787B,0xFF767779,
    0xFF767779,0xFF757678,0xFF767678,0xFF797879,0xFF7C797A,0xFF7E7A7B,0xFF817979,0xFF847A78,
    0xFF867C7A,0xFF877D7B,0xFF8A7D7C,0xFF8E7F7C,0xFF907F7A,0xFF93817A,0xFF958179,0xFF948077,
    0xFF958179,0xFF958179,0xFF968175,0xFF988175,0xFF9A8076,0xFF9C8078,0xFF9D807A,0xFFA08279,
    0xFFA28178,0xFFA58377,0xFFA98574,0xFFAD8674,0xFFB08875,0xFFB28773,0xFFB28772,0xFFB28772,
    0xFFB58974,0xFFB68973,0xFFB98A75,0xFFBB8A75,0xFFBD8B77,0xFFC28E77,0xFFC38F78,0xFFC49078,
    0xFFC4917A,0xFFC4927B,0xFFC2917A,0xFFC19079,0xFFBF8F78,0xFFBF9079,0xFFBD8D76,0xFFBF8F78,
    0xFFBD8E76,0xFFBE8E77,0xFFBD8E76,0xFFBC8D75,0xFFBE8D73,0xFFBD8B71,0xFFBF8E73,0xFFBD8C72,
    0xFFBF8B72,0xFFBE8A70,0xFFC08C73,0xFFBF8B72,0xFFC18B71,0xFFC28C73,0xFFC28B71,0xFFBF8B71,
    0xFFB98A72,0xFFBA8B72,0xFFBA8B72,0xFFB7876E,0xFFB8886F,0xFFB7876E,0xFFB8886F,0xFFBA8B72,
    0xFFBA8A71,0xFFBD8B6F,0xFFC18D6F,0xFFC58F70,0xFFC68E6F,0xFFCA8F6F,0xFFCD9270,0xFFCB9171,
    0xFFCB9170,0xFFCD9473,0xFFD09471,0xFFD6946E,0xFFD8956E,0xFFDC976F,0xFFE0996C,0xFFE49C6D,
    0xFFE29A6B,0xFFE39C6C,0xFFE59C6C,0xFFE69C6B,0xFFE79D6C,0xFFE99F6E,0xFFE99E6C,0xFFEBA06C,
    0xFFEBA06A,0xFFECA168,0xFFEFA268,0xFFF0A367,0xFFF0A364,0xFFF0A463,0xFFF1A462,0xFFF3A562,
    0xFFF5A861,0xFFF6A55E,0xFFFBA75E,0xFFFBA75D,0xFFFCA85B,0xFFFCA858,0xFFFDA956,0xFFFDA951,
    0xFFFEAB4E,0xFFFCAE49,0xFFFCAF46,0xFFFCB045,0xFFFDB143,0xFFFDB440,0xFFFCB53E,0xFFFCB53E,
    0xFFFDB83D,0xFFFABA38,0xFFF9BE33,0xFFF9C330,0xFFFCCB32,0xFFFBD134,0xFFFBD93B,0xFFFADE40,
    0xFFFAE64C,0xFFFAE952,0xFFF8EE56,0xFFFAF48F,0xFFFDFAE0,0xFFFDFCF8,0xFFFCFBF9,0xFFFEFBF3,
    0xFFFEFBD0,0xFFFEF690,0xFFFAE950,0xFFF7DC35,0xFFF9D436,0xFFF8CB34,0xFFF7C12F,0xFFFBBD32,
    0xFFFDB836,0xFFFBB139,0xFFFEAE41,0xFFFCAC41,0xFFFCAC42,0xFFF9AA44,0xFFF9AC49,0xFFFCAA4E,
    0xFFFCAA51,0xFFF9A951,0xFFF5A651,0xFFF8A959,0xFFF6A759,0xFFF7A85C,0xFFF6A65D,0xFFFAA663,
    0xFFF9A563,0xFFF9A567,0xFFF8A666,0xFFF6A965,0xFFF4A966,0xFFF3A969,0xFFF3A869,0xFFF4A86B,
    0xFFF4A86E,0xFFF3A870,0xFFF1A871,0xFFF0A973,0xFFEEA975,0xFFEEAA79,0xFFEFA877,0xFFF0AA78,
    0xFFEFAC79,0xFFEEAC79,0xFFEEAB79,0xFFECAC7C,0xFFEBAD7F,0xFFEAAE81,0xFFEAB083,0xFFE8AE84,
    0xFFE9AE87,0xFFE8B089,0xFFE6B18A,0xFFE3B08B,0xFFE3B18E,0xFFE4B28E,0xFFE2B18E,0xFFDFB08F,
    0xFFDDB08F,0xFFDDB090,0xFFE0B293,0xFFE0B292,0xFFE1B394,0xFFDCB097,0xFFDDB198,0xFFDEB198,
    0xFFDAB097,0xFFD7B398,0xFFD9B399,0xFFD8B399,0xFFD8B398,0xFFD7B297,0xFFD8B29A,0xFFD8B29C,
    0xFFD6B29C,0xFFD3B29B,0xFFD3B19B,0xFFD1AF99,0xFFD1B09C,0xFFD1B09D,0xFFD2B19E,0xFFD0B09D,
    0xFF586E7B,0xFF586E7C,0xFF586F7C,0xFF576D7B,0xFF586E7C,0xFF586E7C,0xFF586E7B,0xFF586E7B,
    0xFF586E7B,0xFF576D7B,0xFF586F7C,0xFF5A6E7A,0xFF5A6C77,0xFF5C6E79,0xFF5D6F7A,0xFF5C6E7A,
    0xFF5D6E79,0xFF5E6F7A,0xFF5E6F7A,0xFF5F707B,0xFF5F707B,0xFF5F707B,0xFF60717C,0xFF5F6F79,
    0xFF61717A,0xFF63727C,0xFF64737E,0xFF61707D,0xFF62717E,0xFF63727F,0xFF64737E,0xFF63727C,
    0xFF64737C,0xFF66757E,0xFF66757F,0xFF67757F,0xFF66757E,0xFF687680,0xFF68777F,0xFF67777E,
    0xFF68787F,0xFF6B7A82,0xFF6A7881,0xFF687780,0xFF687780,0xFF6A7882,0xFF697780,0xFF697781,
    0xFF6A7982,0xFF697881,0xFF697881,0xFF687780,0xFF687780,0xFF687681,0xFF6A7783,0xFF697682,
    0xFF697783,0xFF69777E,0xFF69777E,0xFF69787F,0xFF6B7980,0xFF6A777E,0xFF6B777E,0xFF6B787F,
    0xFF6B787F,0xFF6A767E,0xFF6A767D,0xFF6B777E,0xFF6A767F,0xFF6A7680,0xFF6A7580,0xFF6B7781,
    0xFF697780,0xFF67767F,0xFF687780,0xFF697881,0xFF6A7780,0xFF69767E,0xFF6A777F,0xFF6D7981,
    0xFF6F777F,0xFF6F767E,0xFF717880,0xFF737A81,0xFF767980,0xFF75797F,0xFF767980,0xFF787B81,
    0xFF7A797F,0xFF78787D,0xFF79797E,0xFF77797D,0xFF75797D,0xFF75787D,0xFF75787D,0xFF737A7D,
    0xFF74797D,0xFF75787D,0xFF797A7F,0xFF797A7E,0xFF78797D,0xFF7A7C7F,0xFF7C7D80,0xFF7D7D80,
    0xFF7D7C80,0xFF7C7C80,0xFF7E7E80,0xFF7F7D80,0xFF817F81,0xFF807F81,0xFF857F7F,0xFF8A7F7D,
    0xFF89807E,0xFF8A807E,0xFF8E8380,0xFF938580,0xFF94847E,0xFF96847D,0xFF96857B,0xFF958479,
    0xFF938177,0xFF938177,0xFF97827A,0xFF988079,0xFF9C817B,0xFF9D817A,0xFF9B8076,0xFF9E8178,
    0xFF9F7F78,0xFFA48177,0xFFA88174,0xFFAB8274,0xFFB08474,0xFFAD8473,0xFFAD8573,0xFFB48875,
    0xFFB28670,0xFFB68773,0xFFB88875,0xFFB78875,0xFFBA8976,0xFFBD8A74,0xFFBD8A74,0xFFBE8C75,
    0xFFC18E77,0xFFBF8D75,0xFFBF8E76,0xFFBE8F76,0xFFBB8D76,0xFFBB8C76,0xFFBA8B76,0xFFBB8C77,
    0xFFBA8B76,0xFFB98A75,0xFFBA8B76,0xFFB98A75,0xFFBA8B70,0xFFBA896E,0xFFBA8A6F,0xFFBA8A6F,
    0xFFBA8770,0xFFBF8B74,0xFFBC8872,0xFFBD8871,0xFFC0896F,0xFFC18B71,0xFFBF896E,0xFFBC886F,
    0xFFB98973,0xFFBA8873,0xFFB78671,0xFFB78772,0xFFB58771,0xFFB3856E,0xFFB78973,0xFFB68871,
    0xFFB98A71,0xFFBB896F,0xFFC08C70,0xFFC28C6F,0xFFC68E71,0xFFC88F6F,0xFFC88D6D,0xFFC89171,
    0xFFC79170,0xFFCA9474,0xFFD19675,0xFFD5926E,0xFFD7956F,0xFFDA986F,0xFFDC976E,0xFFE0986E,
    0xFFE39A6D,0xFFE59A6C,0xFFE59C6C,0xFFE59D6C,0xFFE79F6E,0xFFE59D6C,0xFFE79E6A,0xFFE79E69,
    0xFFE9A06A,0xFFEAA06A,0xFFECA268,0xFFEDA065,0xFFF2A366,0xFFF1A364,0xFFEFA360,0xFFF1A460,
    0xFFF3A45E,0xFFF5A55F,0xFFF7A75E,0xFFF7A55B,0xFFFAA65A,0xFFF7A657,0xFFF8A856,0xFFFCAB54,
    0xFFFCAA4F,0xFFFBAD4B,0xFFFAAE49,0xFFFBB048,0xFFFCB247,0xFFFAB23F,0xFFFDB640,0xFFFDB73F,
    0xFFFFBB3F,0xFFFDBE39,0xFFFBC036,0xFFFDC535,0xFFFACA31,0xFFFAD334,0xFFFAD73A,0xFFFDDE44,
    0xFFF7E443,0xFFF8EB65,0xFFF8F16B,0xFFFBF498,0xFFFCFBE9,0xFFFBFAFD,0xFFFEF9FF,0xFFFDF9FB,
    0xFFFAFCD7,0xFFFCF493,0xFFFBE661,0xFFFADF43,0xFFFCD83A,0xFFF6CA30,0xFFFAC42D,0xFFFDBF2F,
    0xFFFEBA36,0xFFFBB235,0xFFFEB13D,0xFFFDAF42,0xFFFCAD44,0xFFFBAB46,0xFFFCAC4C,0xFFFBAA4F,
    0xFFFAA850,0xFFF9A751,0xFFFAA854,0xFFFBA657,0xFFFAA659,0xFFF7A55A,0xFFF5A35B,0xFFF5A062,
    0xFFF39F63,0xFFF09E64,0xFFED9D65,0xFFE69C66,0xFFE29B65,0xFFDE9763,0xFFD89460,0xFFD1915F,
    0xFFC68B5D,0xFFBD885C,0xFFB9825D,0xFFB7805F,0xFFB37E5F,0xFFAE7B5D,0xFFA9775B,0xFFA27358,
    0xFF9F7258,0xFF9C7057,0xFF996E57,0xFF916B55,0xFF896855,0xFF876855,0xFF886650,0xFF846553,
    0xFF806556,0xFF806555,0xFF806252,0xFF7E6454,0xFF7C6455,0xFF7D6357,0xFF7A6156,0xFF776155,
    0xFF766155,0xFF786054,0xFF796054,0xFF7C6357,0xFF7C6458,0xFF756152,0xFF776355,0xFF796657,
    0xFF776355,0xFF796356,0xFF7B6558,0xFF7C6558,0xFF7C675A,0xFF7C6A5D,0xFF7D6B5F,0xFF7D6B5E,
    0xFF7F6D62,0xFF806E65,0xFF816F66,0xFF816E65,0xFF847168,0xFF86736A,0xFF85736A,0xFF87746C,
    0xFF57717F,0xFF577180,0xFF577180,0xFF56707F,0xFF57717F,0xFF57707F,0xFF57707F,0xFF56707E,
    0xFF57707F,0xFF57707F,0xFF56707F,0xFF58707E,0xFF596F7D,0xFF59707D,0xFF5A717E,0xFF5B707E,
    0xFF5B707E,0xFF5B717F,0xFF5D7280,0xFF5C7180,0xFF5B707E,0xFF5B707E,0xFF5D717F,0xFF5E717E,
    0xFF5E727E,0xFF5E717D,0xFF5F7280,0xFF5F7181,0xFF607382,0xFF607282,0xFF607381,0xFF627582,
    0xFF627582,0xFF627683,0xFF617481,0xFF627582,0xFF617582,0xFF647784,0xFF637782,0xFF667A84,
    0xFF647883,0xFF657883,0xFF657985,0xFF637784,0xFF637683,0xFF647784,0xFF647884,0xFF637783,
    0xFF647785,0xFF657886,0xFF647884,0xFF647784,0xFF637683,0xFF627583,0xFF637786,0xFF627584,
    0xFF627584,0xFF627682,0xFF637783,0xFF637782,0xFF647883,0xFF647682,0xFF657782,0xFF647682,
    0xFF647782,0xFF647682,0xFF657782,0xFF637481,0xFF637580,0xFF61737D,0xFF657781,0xFF647680,
    0xFF637580,0xFF657781,0xFF667882,0xFF657781,0xFF66757E,0xFF67757F,0xFF697780,0xFF6A7881,
    0xFF6B767E,0xFF6E7880,0xFF6E7880,0xFF6E7981,0xFF71787F,0xFF727A81,0xFF727980,0xFF727880,
    0xFF73777D,0xFF73777D,0xFF72767C,0xFF72777D,0xFF6F777C,0xFF70777C,0xFF70787D,0xFF6F777C,
    0xFF73787E,0xFF76797F,0xFF77777E,0xFF767779,0xFF767879,0xFF78797B,0xFF77787A,0xFF78787A,
    0xFF78787A,0xFF78787A,0xFF7B7A7C,0xFF7B797A,0xFF7C7A7B,0xFF7E7C7E,0xFF817C7B,0xFF847C79,
    0xFF867E7B,0xFF857D7A,0xFF8A7E7B,0xFF8F7F7B,0xFF907E78,0xFF917D76,0xFF948179,0xFF928078,
    0xFF907D75,0xFF938078,0xFF957F75,0xFF967E75,0xFF997E76,0xFF9B7D75,0xFF9C7F74,0xFF9C7D73,
    0xFFA17F76,0xFF9F7F73,0xFFA18272,0xFFA48371,0xFFA5826E,0xFFA78474,0xFFA58074,0xFFAB8374,
    0xFFAE8473,0xFFB0866F,0xFFB48970,0xFFB48A71,0xFFB78C73,0xFFBA8D71,0xFFBD8F73,0xFFBB8E71,
    0xFFBA8D72,0xFFBA8A78,0xFFBB8E7B,0xFFB78D78,0xFFB58B78,0xFFB68A7A,0xFFB58979,0xFFB58979,
    0xFFB58978,0xFFB28776,0xFFB38877,0xFFB58979,0xFFB48974,0xFFB58973,0xFFB48874,0xFFB38771,
    0xFFB5876C,0xFFB7896D,0xFFB7896E,0xFFB6886C,0xFFBB8D6D,0xFFB98B6B,0xFFBA8C6B,0xFFB6896B,
    0xFFB58B70,0xFFB3886D,0xFFB3886E,0xFFB7876F,0xFFB6836B,0xFFB6836B,0xFFB8856D,0xFFB8846C,
    0xFFBC876E,0xFFBF876C,0xFFC1886B,0xFFC38A6D,0xFFC68A6C,0xFFCB8D6D,0xFFCE8F6D,0xFFCE8F6B,
    0xFFCF906B,0xFFD0916D,0xFFD2906B,0xFFD58F67,0xFFD79268,0xFFDA9569,0xFFDA9769,0xFFDB9869,
    0xFFDE9868,0xFFE19A67,0xFFE09B67,0xFFDF9B66,0xFFDF9C67,0xFFE39F6A,0xFFE19B63,0xFFE39C64,
    0xFFE49D65,0xFFE59E67,0xFFE59C6A,0xFFE99F6A,0xFFEB9D68,0xFFEEA168,0xFFEAA061,0xFFEDA161,
    0xFFEFA15F,0xFFF0A25F,0xFFF0A25D,0xFFF3A45E,0xFFF6A45D,0xFFF3A256,0xFFF8A555,0xFFFAA652,
    0xFFFBA64E,0xFFFCA948,0xFFFBA944,0xFFFBAA43,0xFFFDAD43,0xFFFBB03D,0xFFFCB23C,0xFFFBB23B,
    0xFFFCB73B,0xFFFABC38,0xFFF9BE35,0xFFF9C232,0xFFFAC434,0xFFFCCA3A,0xFFFCD342,0xFFFBDB4A,
    0xFFFBE14F,0xFFFCE867,0xFFF6F072,0xFFF9F7B5,0xFFFEFAEA,0xFFFFF9F5,0xFFFFF8FA,0xFFFEF7F7,
    0xFFFCF9EA,0xFFFCF896,0xFFF6EF5E,0xFFEFE443,0xFFF3D639,0xFFF4CC39,0xFFF6C138,0xFFF7B835,
    0xFFFCB334,0xFFFBAF38,0xFFF9A93B,0xFFFAA840,0xFFFAA845,0xFFFCA849,0xFFFAA54B,0xFFFBA44A,
    0xFFFCA34B,0xFFFDA54F,0xFFFAA14E,0xFFFCA051,0xFFFBA052,0xFFF7A053,0xFFF7A056,0xFFF49C58,
    0xFFF49D5B,0xFFF09C5A,0xFFEC995D,0xFFE59261,0xFFDF8E5E,0xFFDA8B5D,0xFFD28559,0xFFC98158,
    0xFFBE7853,0xFFB67452,0xFFA87052,0xFF9D6A4F,0xFF96644A,0xFF8F5E46,0xFF885D49,0xFF815846,
    0xFF785241,0xFF714D3E,0xFF69483A,0xFF604436,0xFF5A4337,0xFF594235,0xFF593A2C,0xFF53392E,
    0xFF4B352D,0xFF4A3830,0xFF48372F,0xFF43352D,0xFF40342E,0xFF423431,0xFF3F322F,0xFF3B312D,
    0xFF372F2B,0xFF2C2D30,0xFF262A2F,0xFF23262B,0xFF22262B,0xFF1E242A,0xFF1C2328,0xFF1B2227,
    0xFF1B2227,0xFF1A2227,0xFF1A2227,0xFF182025,0xFF182227,0xFF152127,0xFF131F25,0xFF142026,
    0xFF131F26,0xFF131F27,0xFF131F26,0xFF121E25,0xFF111D24,0xFF131F26,0xFF111D24,0xFF101C23,
    0xFF43606E,0xFF44606E,0xFF44616F,0xFF44606E,0xFF44606E,0xFF44606E,0xFF45616F,0xFF466270,
    0xFF466270,0xFF44606E,0xFF466271,0xFF466271,0xFF446170,0xFF456170,0xFF435F6D,0xFF45616F,
    0xFF466170,0xFF466270,0xFF45606F,0xFF476170,0xFF496473,0xFF496473,0xFF476271,0xFF4B6472,
    0xFF4A6371,0xFF4A6270,0xFF4A6371,0xFF4B6371,0xFF4C6572,0xFF4C6472,0xFF4E6775,0xFF4E6775,
    0xFF4C6573,0xFF4E6674,0xFF4E6674,0xFF4E6774,0xFF4C6573,0xFF4F6876,0xFF4F6975,0xFF506975,
    0xFF506975,0xFF526B78,0xFF536B79,0xFF546D7B,0xFF566F7C,0xFF566F7C,0xFF556E7C,0xFF597280,
    0xFF566E7C,0xFF58707E,0xFF58717F,0xFF5A7381,0xFF57707E,0xFF577180,0xFF597382,0xFF597483,
    0xFF587381,0xFF597481,0xFF57727F,0xFF57727F,0xFF5C7683,0xFF5A7381,0xFF5A7280,0xFF597280,
    0xFF5B7381,0xFF5C7582,0xFF5C7582,0xFF5A7381,0xFF5C7580,0xFF5D7780,0xFF5A747D,0xFF5D7780,
    0xFF5E747F,0xFF5F737E,0xFF607480,0xFF5E737E,0xFF5F727B,0xFF61737D,0xFF61737C,0xFF63757E,
    0xFF61717B,0xFF667680,0xFF64747E,0xFF667680,0xFF68777F,0xFF68777F,0xFF697780,0xFF6B7881,
    0xFF6D7980,0xFF6C787F,0xFF68747B,0xFF68757C,0xFF67767C,0xFF647379,0xFF66757B,0xFF66737A,
    0xFF69727A,0xFF6B727B,0xFF6C717A,0xFF6C7376,0xFF6D7376,0xFF6C7275,0xFF70777A,0xFF717579,
    0xFF707478,0xFF6F7377,0xFF717477,0xFF757878,0xFF757879,0xFF747779,0xFF787979,0xFF7A7977,
    0xFF7B7A79,0xFF797977,0xFF817A79,0xFF887D7C,0xFF877A77,0xFF8A7B77,0xFF897B77,0xFF887B76,
    0xFF877A75,0xFF867973,0xFF88796F,0xFF8A7A70,0xFF8C7870,0xFF8E7871,0xFF8E7871,0xFF907771,
    0xFF917671,0xFF967973,0xFF967A70,0xFF9C7E72,0xFF9E7D70,0xFF9E7C6F,0xFFA07A6C,0xFFA27C6B,
    0xFFA87F6E,0xFFAE8472,0xFFAB806E,0xFFAD8371,0xFFAE8370,0xFFB0826D,0xFFB68772,0xFFB58771,
    0xFFB78874,0xFFB78876,0xFFB68976,0xFFAE8470,0xFFB18774,0xFFAF8472,0xFFB28775,0xFFB18775,
    0xFFB08674,0xFFB18674,0xFFAD8371,0xFFB08674,0xFFB08672,0xFFAE846E,0xFFB38974,0xFFB08671,
    0xFFB18371,0xFFB08370,0xFFB38572,0xFFB18471,0xFFB28671,0xFFB38772,0xFFB28670,0xFFB18471,
    0xFFAA7F6D,0xFFAD8271,0xFFAA7F6D,0xFFA77D6B,0xFFAC8270,0xFFA77C6A,0xFFA97E6C,0xFFAD816E,
    0xFFAF826E,0xFFB2826D,0xFFB5836C,0xFFB6866F,0xFFB7866E,0xFFBC886F,0xFFC08A6F,0xFFC1896C,
    0xFFC38B6E,0xFFC1896C,0xFFC48C6E,0xFFCA906F,0xFFCA906D,0xFFCC936D,0xFFCD916C,0xFFD39370,
    0xFFD79470,0xFFD7936C,0xFFD8946C,0xFFD8956D,0xFFD8966E,0xFFD9966F,0xFFDA946B,0xFFDB956B,
    0xFFDA946A,0xFFDC966C,0xFFDD966B,0xFFE0976A,0xFFE29769,0xFFE59969,0xFFE99F67,0xFFE79C63,
    0xFFEC9D62,0xFFEA9D60,0xFFEA9C5E,0xFFEE9E5F,0xFFEF9D5D,0xFFF49F5A,0xFFF8A057,0xFFF9A054,
    0xFFFDA252,0xFFFFA64C,0xFFFFA74A,0xFFFFA748,0xFFFFAB48,0xFFFFAD44,0xFFFFB145,0xFFFFB244,
    0xFFFFB544,0xFFFEB73E,0xFFFFBC3F,0xFFFFBF3C,0xFFFFC73F,0xFFFFD444,0xFFFFDC49,0xFFFDE34D,
    0xFFFFE44C,0xFFFFE84A,0xFFFFF85F,0xFFFFFCA0,0xFFFFFFE6,0xFFFDFFF6,0xFFFBFFF8,0xFFF8FFF8,
    0xFFFFFFDB,0xFFFFF67C,0xFFFFE54B,0xFFFFD739,0xFFFFCF32,0xFFFFC537,0xFFFFB83A,0xFFFFB640,
    0xFFFFB33F,0xFFFFAD41,0xFFFFAB46,0xFFFFAC4D,0xFFFEA54E,0xFFFEA552,0xFFFFA456,0xFFF9A55B,
    0xFFF9A761,0xFFF5A45F,0xFFF4A25F,0xFFF7A463,0xFFF4A364,0xFFEFA062,0xFFEEA164,0xFFEA9D63,
    0xFFE99E65,0xFFE79F68,0xFFE59E65,0xFFE39E5E,0xFFE09D60,0xFFD8985D,0xFFD7905B,0xFFD98C5E,
    0xFFD48B5E,0xFFCF875B,0xFFCA8761,0xFFC48462,0xFFBF8160,0xFFB87C5C,0xFFA77357,0xFFA57459,
    0xFF9B6B52,0xFF9D6F58,0xFF916A54,0xFF89654E,0xFF89664E,0xFF836552,0xFF725D57,0xFF665550,
    0xFF584B4A,0xFF504848,0xFF4A4849,0xFF434244,0xFF3C3D41,0xFF3B3C42,0xFF37383E,0xFF34373C,
    0xFF32383C,0xFF2A353C,0xFF25313A,0xFF243038,0xFF253139,0xFF1C2B35,0xFF1B2A33,0xFF1A2933,
    0xFF1A2B34,0xFF192D35,0xFF182B34,0xFF172B33,0xFF152A33,0xFF142933,0xFF112730,0xFF122731,
    0xFF122731,0xFF122832,0xFF0F252F,0xFF10252F,0xFF0E242E,0xFF10252F,0xFF0E232D,0xFF0C212B,
    0xFF142E39,0xFF122C37,0xFF112B36,0xFF112C37,0xFF102A35,0xFF112C36,0xFF122D38,0xFF132E39,
    0xFF132E38,0xFF132E38,0xFF142F3A,0xFF112D38,0xFF0F2C37,0xFF122F3A,0xFF112D39,0xFF132D3A,
    0xFF132D39,0xFF122C39,0xFF122C39,0xFF142F3B,0xFF152F3C,0xFF152F3C,0xFF152F3C,0xFF162E39,
    0xFF18303B,0xFF172F3B,0xFF162F39,0xFF19323B,0xFF18303A,0xFF162F38,0xFF19313C,0xFF18313C,
    0xFF172F3A,0xFF142D38,0xFF19313C,0xFF1A323D,0xFF18303B,0xFF18303B,0xFF1C343D,0xFF19323B,
    0xFF1B343D,0xFF1A333C,0xFF19313C,0xFF1B333F,0xFF1E3742,0xFF1D3540,0xFF1A333E,0xFF1C343F,
    0xFF1C343F,0xFF1B333E,0xFF1D3541,0xFF1F3842,0xFF1A333D,0xFF19343F,0xFF1A3642,0xFF193541,
    0xFF1B3742,0xFF1B3742,0xFF15313D,0xFF16323E,0xFF1B3642,0xFF1F3946,0xFF1D3643,0xFF1E3744,
    0xFF1D3744,0xFF1B3441,0xFF1C3642,0xFF213A47,0xFF1E3945,0xFF203B45,0xFF1E3944,0xFF203B45,
    0xFF1E3742,0xFF1F3843,0xFF213A45,0xFF203945,0xFF233B45,0xFF253B46,0xFF213742,0xFF233A45,
    0xFF213744,0xFF243947,0xFF223845,0xFF253A47,0xFF283D47,0xFF263B45,0xFF293E49,0xFF2A3F48,
    0xFF2B3E45,0xFF2E4149,0xFF2C3F46,0xFF2B3F46,0xFF2C4148,0xFF2C4248,0xFF2C4149,0xFF2D4349,
    0xFF2C4047,0xFF35464E,0xFF36464E,0xFF36464D,0xFF394951,0xFF36464D,0xFF36454C,0xFF3D4B53,
    0xFF39474E,0xFF39474E,0xFF404D54,0xFF434E55,0xFF424E54,0xFF414D54,0xFF475258,0xFF4A5459,
    0xFF465055,0xFF454F54,0xFF4F575C,0xFF545A5D,0xFF545759,0xFF555758,0xFF565759,0xFF57585B,
    0xFF57585A,0xFF545557,0xFF585A59,0xFF575757,0xFF5B5859,0xFF5A5759,0xFF595B5C,0xFF575658,
    0xFF595659,0xFF5D5759,0xFF64595C,0xFF6B5E5F,0xFF6B5D5C,0xFF6C5E5B,0xFF6E5F5A,0xFF74635D,
    0xFF76635B,0xFF796461,0xFF796362,0xFF7A6563,0xFF7B6563,0xFF7E645F,0xFF7D645E,0xFF7E6560,
    0xFF836963,0xFF836A60,0xFF816A5F,0xFF816C61,0xFF816C62,0xFF806B62,0xFF806B62,0xFF7C675E,
    0xFF7E6960,0xFF7D685F,0xFF7F6A60,0xFF7E6960,0xFF7E6B61,0xFF7E6B61,0xFF78665B,0xFF7B685E,
    0xFF7A6461,0xFF7C6563,0xFF7C6665,0xFF7E6966,0xFF7A6662,0xFF776360,0xFF796562,0xFF7D6866,
    0xFF786464,0xFF776362,0xFF766161,0xFF746462,0xFF746865,0xFF726562,0xFF736663,0xFF716360,
    0xFF766661,0xFF77645E,0xFF78645C,0xFF7A6963,0xFF78675F,0xFF7C675F,0xFF7F6A60,0xFF816A62,
    0xFF7B645D,0xFF7C655D,0xFF826A62,0xFF856B61,0xFF82695D,0xFF846C5D,0xFF86685C,0xFF8E6B62,
    0xFF8C675C,0xFF936D60,0xFF966D60,0xFF966D5F,0xFF976E60,0xFF976E61,0xFF976C5E,0xFF966B5D,
    0xFF976C5E,0xFF9D7263,0xFF9B6F58,0xFF9E7159,0xFFA3745B,0xFF9E6E53,0xFFA77659,0xFFA87556,
    0xFFAA7555,0xFFAA7553,0xFFAD7955,0xFFAF7954,0xFFAF7751,0xFFB47952,0xFFB87B51,0xFFB97A4C,
    0xFFBD7C4C,0xFFC57F4A,0xFFC47D45,0xFFC88248,0xFFC68043,0xFFC67F40,0xFFCB8543,0xFFC67F3B,
    0xFFCC8640,0xFFCE8940,0xFFD0893D,0xFFD38B3A,0xFFD98D38,0xFFE09338,0xFFE0993A,0xFFE19C3A,
    0xFFDBA437,0xFFE2B837,0xFFE3BC3C,0xFFECC95E,0xFFEFDAA8,0xFFF7E9C8,0xFFF9F0CF,0xFFFDF5D8,
    0xFFF7E5A3,0xFFE8C357,0xFFDDA236,0xFFDB992D,0xFFDB972E,0xFFCF8829,0xFFC97E2C,0xFFC57C30,
    0xFFC47E36,0xFFBB7736,0xFFB16E34,0xFFAA6931,0xFFA96933,0xFFA66535,0xFFA15E33,0xFF925D37,
    0xFF875634,0xFF8A5838,0xFF865436,0xFF855537,0xFF7F5134,0xFF7B4F33,0xFF794F34,0xFF764E32,
    0xFF704B30,0xFF68452B,0xFF674430,0xFF623E31,0xFF5F3C31,0xFF5C3A31,0xFF533B31,0xFF4A3B2F,
    0xFF4B3A2F,0xFF48382C,0xFF443029,0xFF45322E,0xFF41302C,0xFF3F302E,0xFF372E2D,0xFF332C2C,
    0xFF2F2B2C,0xFF2F2D30,0xFF29292F,0xFF292A2E,0xFF292B2D,0xFF2C2C2B,0xFF312B2A,0xFF2A272A,
    0xFF24252B,0xFF21252B,0xFF1F252A,0xFF1C242C,0xFF19242D,0xFF19242E,0xFF18232D,0xFF16232D,
    0xFF14232C,0xFF19252B,0xFF182227,0xFF182328,0xFF192429,0xFF142229,0xFF14232A,0xFF14232A,
    0xFF14232A,0xFF14242B,0xFF13232A,0xFF14242B,0xFF122229,0xFF12222C,0xFF12222A,0xFF13222B,
    0xFF14242B,0xFF14242B,0xFF112128,0xFF14242B,0xFF14242B,0xFF14242A,0xFF122228,0xFF102127,
    0xFF0B2229,0xFF051C23,0xFF061D24,0xFF071E24,0xFF051C23,0xFF082026,0xFF071E24,0xFF061E24,
    0xFF061D23,0xFF071F25,0xFF092026,0xFF031C22,0xFF051F27,0xFF051F27,0xFF062028,0xFF071F27,
    0xFF071E26,0xFF071E27,0xFF092028,0xFF092029,0xFF071E27,0xFF092029,0xFF0C222A,0xFF0B1F27,
    0xFF0B2027,0xFF0C2129,0xFF0E232A,0xFF0C2226,0xFF12272B,0xFF11272A,0xFF10252B,0xFF10252D,
    0xFF0C2129,0xFF0B2028,0xFF0E232A,0xFF10252C,0xFF0C2128,0xFF0D222A,0xFF0E2329,0xFF13282E,
    0xFF12272C,0xFF091F25,0xFF0C2129,0xFF0E232A,0xFF0E232A,0xFF0F242B,0xFF0D2229,0xFF0E232B,
    0xFF10252C,0xFF0F232B,0xFF0E232A,0xFF0F242B,0xFF0E222A,0xFF0A232B,0xFF08242C,0xFF0A242D,
    0xFF09232C,0xFF06212A,0xFF06212A,0xFF07212B,0xFF08232D,0xFF0B212D,0xFF0A212D,0xFF071E29,
    0xFF071F2A,0xFF061D29,0xFF071F2A,0xFF09202B,0xFF0A202D,0xFF091F2D,0xFF09202D,0xFF061D2B,
    0xFF041E2A,0xFF041F2C,0xFF06202D,0xFF06212D,0xFF07212B,0xFF071F29,0xFF07202A,0xFF07202A,
    0xFF08212E,0xFF061F2C,0xFF07202D,0xFF08212E,0xFF06202A,0xFF06202A,0xFF06202B,0xFF061F2A,
    0xFF09222B,0xFF08212A,0xFF09212B,0xFF09232B,0xFF07212A,0xFF07222A,0xFF09242D,0xFF08242C,
    0xFF08242C,0xFF0C282F,0xFF102731,0xFF102833,0xFF102835,0xFF102834,0xFF0F2834,0xFF132936,
    0xFF142A37,0xFF122936,0xFF152A37,0xFF182C38,0xFF182C38,0xFF182B37,0xFF1C2F3A,0xFF22343F,
    0xFF1D303A,0xFF1B2F39,0xFF223740,0xFF283B42,0xFF27383E,0xFF2C3C41,0xFF2B3B43,0xFF2A3A43,
    0xFF2A3A43,0xFF293941,0xFF273941,0xFF25353E,0xFF2A3640,0xFF22333C,0xFF1B333C,0xFF1A2F3A,
    0xFF1B2D39,0xFF1A2F39,0xFF193139,0xFF1B3138,0xFF1D3136,0xFF1D313E,0xFF1B3040,0xFF213340,
    0xFF243441,0xFF25343E,0xFF25343D,0xFF25353D,0xFF29373F,0xFF2E3A40,0xFF303B41,0xFF2E3A3F,
    0xFF2E3941,0xFF2C3642,0xFF2A3641,0xFF26363F,0xFF263540,0xFF253440,0xFF273642,0xFF263541,
    0xFF273642,0xFF273642,0xFF283642,0xFF273642,0xFF273843,0xFF283A45,0xFF273944,0xFF273843,
    0xFF273741,0xFF293942,0xFF2A3A43,0xFF2B3C44,0xFF2B3E46,0xFF2B3D46,0xFF2C3E47,0xFF2C3E47,
    0xFF2D3F49,0xFF2D3E49,0xFF2D3F49,0xFF2E3E49,0xFF33404C,0xFF34414D,0xFF323F4B,0xFF34404B,
    0xFF35414A,0xFF3A444C,0xFF3A434A,0xFF3A454D,0xFF3C454D,0xFF40474D,0xFF3D444A,0xFF38414B,
    0xFF37404B,0xFF37414B,0xFF3A404C,0xFF3E404B,0xFF3F434C,0xFF3F4149,0xFF3C444B,0xFF3B454D,
    0xFF3E464C,0xFF41474B,0xFF44484B,0xFF494B4F,0xFF4A4C50,0xFF474A4E,0xFF4A4B50,0xFF49494E,
    0xFF4B4B50,0xFF4C4C51,0xFF4D4C53,0xFF4F4C52,0xFF524C51,0xFF534D51,0xFF544C52,0xFF554A4F,
    0xFF594C4F,0xFF5B4E50,0xFF5A4E4F,0xFF5C4D4C,0xFF5F4F4C,0xFF604F4E,0xFF63504E,0xFF644F49,
    0xFF654F47,0xFF6A4D46,0xFF6E5047,0xFF6E5145,0xFF6F5043,0xFF724D41,0xFF744E40,0xFF724D3C,
    0xFF754D3A,0xFF7D4C3C,0xFF7E4B38,0xFF814A33,0xFF824A33,0xFF844B34,0xFF85492E,0xFF85482A,
    0xFF874A2F,0xFF8B4C29,0xFF96512A,0xFFA65B25,0xFFA96128,0xFFB36F39,0xFFBE804A,0xFFB47948,
    0xFF935927,0xFF894F1D,0xFF7D4526,0xFF70421F,0xFF6E3F20,0xFF673C23,0xFF633D29,0xFF5F3A27,
    0xFF5F3924,0xFF5A3729,0xFF54332C,0xFF4D332A,0xFF4A3429,0xFF49332C,0xFF48312F,0xFF45332F,
    0xFF42312E,0xFF423030,0xFF402F2F,0xFF3F2F2E,0xFF403231,0xFF3C3031,0xFF393031,0xFF332D2C,
    0xFF312E2E,0xFF2F2E30,0xFF2F2E30,0xFF2F2D30,0xFF2C2C30,0xFF2B2D33,0xFF2E2E35,0xFF302E34,
    0xFF312E33,0xFF332F33,0xFF333133,0xFF353437,0xFF313337,0xFF2F3137,0xFF2D3235,0xFF2B3235,
    0xFF283136,0xFF253036,0xFF242D38,0xFF262D36,0xFF2A3035,0xFF2E3235,0xFF303437,0xFF252F33,
    0xFF1D2B34,0xFF202C34,0xFF242E35,0xFF1F2B34,0xFF1B2933,0xFF1D2B37,0xFF1B2936,0xFF172733,
    0xFF162833,0xFF182A34,0xFF152631,0xFF162732,0xFF162833,0xFF0F2531,0xFF102531,0xFF102531,
    0xFF112531,0xFF132532,0xFF112431,0xFF132532,0xFF112231,0xFF112332,0xFF102230,0xFF112231,
    0xFF122431,0xFF122430,0xFF10232E,0xFF132531,0xFF132531,0xFF132530,0xFF11232E,0xFF0F212D,
    0xFF10232E,0xFF071E28,0xFF091F29,0xFF0B1F2A,0xFF051F26,0xFF0B232A,0xFF0C212A,0xFF0B2028,
    0xFF0B2027,0xFF0D2129,0xFF10252B,0xFF081E27,0xFF0B212B,0xFF0B202A,0xFF0B212C,0xFF0E222B,
    0xFF0E2229,0xFF0D2128,0xFF0E2229,0xFF0C222F,0xFF0C212C,0xFF11232E,0xFF13252E,0xFF0C222C,
    0xFF0E222D,0xFF12242F,0xFF142630,0xFF14272D,0xFF172A30,0xFF15282E,0xFF14272E,0xFF162832,
    0xFF11242F,0xFF0C222F,0xFF15262F,0xFF172830,0xFF11232D,0xFF122530,0xFF13272E,0xFF1C2C32,
    0xFF192A33,0xFF0C232F,0xFF0F272E,0xFF122830,0xFF162831,0xFF162932,0xFF132732,0xFF152933,
    0xFF142833,0xFF142730,0xFF152730,0xFF142933,0xFF112633,0xFF0C2631,0xFF0D2632,0xFF122834,
    0xFF0D2833,0xFF0A2631,0xFF0B2531,0xFF0E2632,0xFF0F2632,0xFF0F2734,0xFF0C2633,0xFF092531,
    0xFF092631,0xFF07242F,0xFF08242F,0xFF0D2631,0xFF0F2633,0xFF0F2833,0xFF0C2833,0xFF082530,
    0xFF0A2530,0xFF0E2531,0xFF0D2531,0xFF0D2632,0xFF0C2833,0xFF0A2731,0xFF0B2732,0xFF0B2732,
    0xFF0E2632,0xFF0E2632,0xFF0F2733,0xFF0F2834,0xFF092531,0xFF0B2733,0xFF0B2733,0xFF0B2732,
    0xFF0C2833,0xFF0C2833,0xFF0C2833,0xFF0C2834,0xFF0C2834,0xFF0C2834,0xFF0C2834,0xFF0D2936,
    0xFF0E2935,0xFF132C37,0xFF172D38,0xFF192E39,0xFF192F3B,0xFF172F3C,0xFF152F3D,0xFF182F3D,
    0xFF172E3C,0xFF162D3C,0xFF19303E,0xFF1D3541,0xFF1A323E,0xFF1A333F,0xFF213642,0xFF273946,
    0xFF203543,0xFF1D3444,0xFF2B3C47,0xFF334049,0xFF303E47,0xFF34414A,0xFF353F4B,0xFF333D4A,
    0xFF303E49,0xFF2C3C47,0xFF293D48,0xFF263A45,0xFF283B47,0xFF243843,0xFF203641,0xFF1C323F,
    0xFF193240,0xFF183140,0xFF19323F,0xFF19323F,0xFF1B3341,0xFF193541,0xFF193440,0xFF1F3644,
    0xFF213545,0xFF1F3444,0xFF1A3440,0xFF1F3641,0xFF293A46,0xFF2A3C48,0xFF2C3E4A,0xFF293A46,
    0xFF293B48,0xFF273A49,0xFF223645,0xFF213946,0xFF213947,0xFF1F3746,0xFF203746,0xFF1E3544,
    0xFF203847,0xFF213948,0xFF213947,0xFF213948,0xFF223A48,0xFF243B4A,0xFF233A49,0xFF233A49,
    0xFF263D4A,0xFF263D4B,0xFF263D4B,0xFF283F4D,0xFF294050,0xFF294050,0xFF293F50,0xFF29404F,
    0xFF2A414F,0xFF2A414F,0xFF2A414F,0xFF2C414F,0xFF304251,0xFF334553,0xFF314452,0xFF334554,
    0xFF364755,0xFF3A4856,0xFF3E4B57,0xFF3D4A56,0xFF424B53,0xFF454E57,0xFF3B4855,0xFF364756,
    0xFF354554,0xFF344554,0xFF364655,0xFF3A4755,0xFF3B4957,0xFF3B4956,0xFF3C4A58,0xFF3C4A58,
    0xFF3F4A56,0xFF434C57,0xFF474D58,0xFF4D515D,0xFF4E525D,0xFF4A4F5A,0xFF4A515C,0xFF494F5A,
    0xFF4D505C,0xFF50535E,0xFF4D515B,0xFF51515D,0xFF54525E,0xFF54515C,0xFF545359,0xFF57535A,
    0xFF59525A,0xFF5A535B,0xFF59555A,0xFF5D5559,0xFF5F5658,0xFF62575A,0xFF63575A,0xFF655658,
    0xFF685857,0xFF6A5759,0xFF6D5759,0xFF6E5756,0xFF715857,0xFF725755,0xFF735754,0xFF735651,
    0xFF74564F,0xFF72534F,0xFF74534D,0xFF76534A,0xFF765249,0xFF765148,0xFF775148,0xFF775148,
    0xFF774F45,0xFF784C3F,0xFF7F4D40,0xFF834D3C,0xFF814B35,0xFF884F35,0xFF965636,0xFF9D5837,
    0xFF814A38,0xFF714435,0xFF6E453D,0xFF6E463F,0xFF69463A,0xFF67473D,0xFF64463E,0xFF5F443D,
    0xFF61433D,0xFF61413A,0xFF5A3F3E,0xFF54403D,0xFF52423B,0xFF4E3F3C,0xFF4B3E3D,0xFF493C3D,
    0xFF473A3B,0xFF483A3B,0xFF47393A,0xFF4D3B3C,0xFF4C3D3E,0xFF473C3B,0xFF433A3A,0xFF3A3737,
    0xFF383738,0xFF353639,0xFF333538,0xFF323336,0xFF323336,0xFF303135,0xFF313034,0xFF2F2D32,
    0xFF2D2E32,0xFF2D3033,0xFF2E3033,0xFF303235,0xFF2D3133,0xFF2E3134,0xFF2C3135,0xFF2A2F34,
    0xFF292F33,0xFF292F32,0xFF252C30,0xFF242D33,0xFF2E3033,0xFF373535,0xFF323738,0xFF273034,
    0xFF1D2B32,0xFF1F2C34,0xFF222C35,0xFF1E2B34,0xFF1A2834,0xFF1E2933,0xFF192932,0xFF122730,
    0xFF162834,0xFF192935,0xFF152732,0xFF172833,0xFF172834,0xFF102430,0xFF102531,0xFF102531,
    0xFF102531,0xFF112531,0xFF102430,0xFF132733,0xFF102430,0xFF102430,0xFF0F232F,0xFF112531,
    0xFF132532,0xFF0F242F,0xFF0C242E,0xFF122531,0xFF152533,0xFF142532,0xFF112430,0xFF0E232E,
    0xFF0F222E,0xFF061E28,0xFF09202A,0xFF0B1F2A,0xFF041F26,0xFF0A232A,0xFF0D222B,0xFF0C202A,
    0xFF0C202A,0xFF0D222C,0xFF10232D,0xFF081E27,0xFF09212B,0xFF09202A,0xFF09212B,0xFF0C212B,
    0xFF0D212B,0xFF0D212A,0xFF0D222C,0xFF0B222F,0xFF0A202C,0xFF0F232D,0xFF11252E,0xFF0B222C,
    0xFF0D222D,0xFF122531,0xFF132630,0xFF13262D,0xFF172A31,0xFF14272F,0xFF14272E,0xFF162932,
    0xFF0F2430,0xFF0A222F,0xFF142730,0xFF182931,0xFF10232D,0xFF102530,0xFF13272F,0xFF1E2C33,
    0xFF1A2B34,0xFF0A222F,0xFF0E282F,0xFF122931,0xFF162832,0xFF162833,0xFF122631,0xFF142833,
    0xFF122732,0xFF142731,0xFF152832,0xFF132834,0xFF0F2633,0xFF0B2633,0xFF0E2632,0xFF112734,
    0xFF0C2732,0xFF092530,0xFF092530,0xFF0E2632,0xFF102633,0xFF0E2634,0xFF0B2532,0xFF072430,
    0xFF072530,0xFF072630,0xFF08242F,0xFF0C2631,0xFF0E2632,0xFF0D2632,0xFF0B2732,0xFF07252F,
    0xFF08242F,0xFF0B2530,0xFF0B2531,0xFF0C2732,0xFF0B2732,0xFF092530,0xFF0A2631,0xFF0A2631,
    0xFF0E2632,0xFF0E2632,0xFF0F2733,0xFF0F2834,0xFF0A2632,0xFF0A2632,0xFF0A2632,0xFF0A2632,
    0xFF0C2833,0xFF0C2833,0xFF0C2833,0xFF0C2835,0xFF0C2834,0xFF0B2733,0xFF0C2834,0xFF0D2936,
    0xFF0E2935,0xFF152D38,0xFF192F3A,0xFF1B2F3A,0xFF1B303C,0xFF172F3C,0xFF162F3D,0xFF1A313F,
    0xFF19303E,0xFF182E3D,0xFF1B323F,0xFF203743,0xFF1D3340,0xFF1E3541,0xFF253944,0xFF2B3D49,
    0xFF243846,0xFF203646,0xFF2F3E49,0xFF37434B,0xFF333F48,0xFF36434C,0xFF38414D,0xFF37404C,
    0xFF34404C,0xFF303E49,0xFF2C3D49,0xFF293B47,0xFF2C3D49,0xFF273A45,0xFF243843,0xFF1E3440,
    0xFF1A3341,0xFF1A3241,0xFF1C3240,0xFF1C3240,0xFF1D3342,0xFF1C3541,0xFF1B343F,0xFF213743,
    0xFF253745,0xFF223545,0xFF1D3642,0xFF223944,0xFF2D3B48,0xFF2D3D4A,0xFF2F3F4C,0xFF2C3B48,
    0xFF2C3C49,0xFF2A3B49,0xFF253845,0xFF233A46,0xFF233A47,0xFF223946,0xFF223846,0xFF203745,
    0xFF233A47,0xFF243B48,0xFF243B48,0xFF243B48,0xFF253A48,0xFF273C4A,0xFF263B49,0xFF263B49,
    0xFF273D4B,0xFF283E4C,0xFF273D4B,0xFF293F4D,0xFF2A3F50,0xFF2B3F50,0xFF2A3F50,0xFF2A4050,
    0xFF2B414F,0xFF2B414F,0xFF2D4351,0xFF2F4250,0xFF344553,0xFF354755,0xFF334553,0xFF374756,
    0xFF3A4957,0xFF404C58,0xFF434F59,0xFF414C58,0xFF464E56,0xFF4A525A,0xFF3D4A57,0xFF364656,
    0xFF354554,0xFF344454,0xFF374654,0xFF3A4855,0xFF3C4A57,0xFF3A4955,0xFF3C4957,0xFF3D4957,
    0xFF414955,0xFF454B57,0xFF4A4D58,0xFF4F505C,0xFF4F505C,0xFF4B4D59,0xFF4B505B,0xFF4A4F5A,
    0xFF4F4F5C,0xFF50515C,0xFF4E5059,0xFF52505B,0xFF54515C,0xFF55505A,0xFF545255,0xFF575257,
    0xFF5B5159,0xFF5C535A,0xFF5C5559,0xFF605558,0xFF625556,0xFF655758,0xFF665759,0xFF675656,
    0xFF6B5756,0xFF6C5657,0xFF6F5757,0xFF715754,0xFF745753,0xFF755854,0xFF765752,0xFF77564F,
    0xFF78564E,0xFF77554E,0xFF78554C,0xFF7A554A,0xFF7B5348,0xFF7D5246,0xFF7C5246,0xFF7C5246,
    0xFF7C5246,0xFF7F5246,0xFF835244,0xFF865144,0xFF855241,0xFF8B5440,0xFF92553A,0xFF98563A,
    0xFF824C3C,0xFF764A3C,0xFF744B40,0xFF73483F,0xFF6E493C,0xFF6B483C,0xFF68463C,0xFF63443C,
    0xFF65443D,0xFF654339,0xFF5E403B,0xFF55403B,0xFF54413A,0xFF513E39,0xFF4C3C39,0xFF493B3A,
    0xFF483A39,0xFF493A3A,0xFF473838,0xFF4D3B3B,0xFF503F3F,0xFF4C3C3C,0xFF473C3A,0xFF3D3836,
    0xFF393536,0xFF363537,0xFF353438,0xFF343238,0xFF333237,0xFF333136,0xFF313136,0xFF2C2F34,
    0xFF2B2F34,0xFF2A3235,0xFF272E34,0xFF292F35,0xFF272E33,0xFF272D33,0xFF252E35,0xFF242D34,
    0xFF252D34,0xFF252D33,0xFF222C30,0xFF212D35,0xFF2B3036,0xFF373637,0xFF35393A,0xFF2A3135,
    0xFF202C33,0xFF222D35,0xFF252E36,0xFF202C36,0xFF1C2A34,0xFF202B34,0xFF1A2932,0xFF122730,
    0xFF162834,0xFF192934,0xFF162731,0xFF172832,0xFF172833,0xFF11242F,0xFF112530,0xFF112530,
    0xFF112530,0xFF112530,0xFF10242F,0xFF132732,0xFF10242F,0xFF10242F,0xFF0F232E,0xFF112530,
    0xFF132531,0xFF0F242F,0xFF0C242E,0xFF122531,0xFF162633,0xFF132430,0xFF10232E,0xFF0F242E,
    0xFF0F232F,0xFF051F28,0xFF08212B,0xFF0B212B,0xFF041E25,0xFF0A242B,0xFF0E222B,0xFF0D212B,
    0xFF0A212C,0xFF0B222C,0xFF0E242F,0xFF061F29,0xFF08222B,0xFF09212B,0xFF08222C,0xFF0A222C,
    0xFF0A202B,0xFF0B222C,0xFF0D242F,0xFF09232F,0xFF09212C,0xFF0F242D,0xFF11262E,0xFF09232C,
    0xFF0B232E,0xFF112631,0xFF142832,0xFF12272F,0xFF152A33,0xFF11262F,0xFF132830,0xFF162B34,
    0xFF0E2530,0xFF09222F,0xFF132931,0xFF182B33,0xFF0E242D,0xFF0F2530,0xFF142830,0xFF1F2E35,
    0xFF1A2B34,0xFF0A222E,0xFF0F282F,0xFF142A32,0xFF172A34,0xFF162933,0xFF102731,0xFF112832,
    0xFF0F2631,0xFF122831,0xFF142932,0xFF112934,0xFF0E2633,0xFF0C2833,0xFF102834,0xFF112834,
    0xFF0C2732,0xFF082630,0xFF082530,0xFF0D2833,0xFF102835,0xFF0F2634,0xFF0B2532,0xFF082530,
    0xFF082530,0xFF082630,0xFF092630,0xFF0D2732,0xFF0F2632,0xFF0E2733,0xFF0B2732,0xFF082630,
    0xFF082530,0xFF0A2531,0xFF0B2732,0xFF0C2732,0xFF0B2732,0xFF092530,0xFF0B2631,0xFF0B2631,
    0xFF0E2632,0xFF0F2733,0xFF102834,0xFF102935,0xFF0B2733,0xFF0B2632,0xFF0A2632,0xFF0A2632,
    0xFF0C2833,0xFF0D2833,0xFF0E2A34,0xFF0E2A35,0xFF0D2935,0xFF0D2935,0xFF0E2A36,0xFF0D2936,
    0xFF0F2A36,0xFF162F3A,0xFF1B313C,0xFF1E323D,0xFF1D323E,0xFF18303D,0xFF16303E,0xFF1B3240,
    0xFF1A313F,0xFF19313F,0xFF1D3342,0xFF243946,0xFF223644,0xFF223745,0xFF2A3C47,0xFF30414B,
    0xFF283A47,0xFF243847,0xFF31414B,0xFF38454E,0xFF34414A,0xFF38454E,0xFF3B4450,0xFF39434F,
    0xFF37444F,0xFF32414C,0xFF2F3F4C,0xFF2C3C49,0xFF2F3E4B,0xFF293A47,0xFF263A45,0xFF1F3542,
    0xFF1B3441,0xFF1A3341,0xFF1C3341,0xFF1D3442,0xFF1E3543,0xFF1C3642,0xFF1B3540,0xFF223845,
    0xFF253746,0xFF223646,0xFF1D3643,0xFF233A45,0xFF2E3D4A,0xFF2F3F4C,0xFF30404D,0xFF2C3C48,
    0xFF2C3D4A,0xFF2A3C4A,0xFF253846,0xFF233B47,0xFF243C48,0xFF223947,0xFF223947,0xFF213846,
    0xFF233A48,0xFF243B49,0xFF243B49,0xFF243B49,0xFF253B49,0xFF273D4B,0xFF273D4B,0xFF273D4B,
    0xFF283E4C,0xFF293F4D,0xFF283E4C,0xFF293F4E,0xFF2A4050,0xFF293F4F,0xFF2A4050,0xFF2A4050,
    0xFF2B414F,0xFF2B414F,0xFF2D4351,0xFF304452,0xFF354755,0xFF364856,0xFF334553,0xFF3A4A58,
    0xFF3F4B58,0xFF444F59,0xFF48525B,0xFF434F5B,0xFF4A515A,0xFF4A525B,0xFF3C4956,0xFF364655,
    0xFF354553,0xFF354554,0xFF384656,0xFF3B4956,0xFF3D4A57,0xFF3B4955,0xFF3D4A57,0xFF3D4A57,
    0xFF414A57,0xFF464D58,0xFF4B4E59,0xFF51525E,0xFF4F515D,0xFF4B4D59,0xFF4A505B,0xFF4A4E5A,
    0xFF4F505C,0xFF50505C,0xFF4E4F59,0xFF52505B,0xFF54515C,0xFF55515A,0xFF555257,0xFF575259,
    0xFF5B525A,0xFF5D535B,0xFF5E545A,0xFF605559,0xFF635658,0xFF675759,0xFF68585B,0xFF6A5757,
    0xFF6C5757,0xFF6E5756,0xFF715756,0xFF745956,0xFF785B57,0xFF7B5B57,0xFF7D5B56,0xFF7E5952,
    0xFF7F5951,0xFF7F584F,0xFF80584D,0xFF82574B,0xFF845649,0xFF845447,0xFF845547,0xFF845547,
    0xFF845448,0xFF865449,0xFF8C5448,0xFF905447,0xFF8E5442,0xFF945A43,0xFFA16247,0xFFA56348,
    0xFF874F3D,0xFF7A4C3C,0xFF764C3F,0xFF74483F,0xFF714A3E,0xFF6F493F,0xFF6B483E,0xFF66463E,
    0xFF6A4840,0xFF6A463C,0xFF62443E,0xFF58403C,0xFF57443C,0xFF533F3B,0xFF4F3E3B,0xFF4B3D3C,
    0xFF493B3B,0xFF4A3C3C,0xFF483A3A,0xFF4B3D3C,0xFF4F3F3F,0xFF4F3F3F,0xFF4B3E3D,0xFF413A39,
    0xFF3B3637,0xFF393538,0xFF353438,0xFF343338,0xFF343338,0xFF333136,0xFF303136,0xFF2C3035,
    0xFF2A3134,0xFF293234,0xFF262F34,0xFF283037,0xFF262E35,0xFF252D33,0xFF252E36,0xFF232C35,
    0xFF222B33,0xFF222B33,0xFF202C32,0xFF1F2C35,0xFF293036,0xFF373738,0xFF393A3B,0xFF2D3136,
    0xFF222C33,0xFF252E35,0xFF282F36,0xFF242E36,0xFF1D2A33,0xFF222D36,0xFF1A2A33,0xFF132631,
    0xFF162934,0xFF182934,0xFF162731,0xFF182933,0xFF162832,0xFF10232F,0xFF122631,0xFF112631,
    0xFF112530,0xFF102430,0xFF102430,0xFF132732,0xFF10242F,0xFF10242F,0xFF0F232E,0xFF10242F,
    0xFF132531,0xFF0E232E,0xFF0C242E,0xFF122531,0xFF172734,0xFF132430,0xFF0E212D,0xFF0F242F,
    0xFF0E232E,0xFF042028,0xFF07222B,0xFF0B212B,0xFF041E25,0xFF0B242B,0xFF0E222B,0xFF0D232D,
    0xFF08212D,0xFF08212C,0xFF0C2531,0xFF06202A,0xFF08232C,0xFF08242C,0xFF08232C,0xFF0A232E,
    0xFF07202B,0xFF09222D,0xFF0D2632,0xFF07232F,0xFF08222D,0xFF0F262F,0xFF10282F,0xFF07232C,
    0xFF0B252E,0xFF102631,0xFF132934,0xFF112832,0xFF132A34,0xFF0E2530,0xFF112830,0xFF152C34,
    0xFF0D2630,0xFF07232F,0xFF132A31,0xFF182C33,0xFF0D252D,0xFF0E2731,0xFF152931,0xFF1F2E34,
    0xFF1A2A33,0xFF0B222F,0xFF0E272F,0xFF142B33,0xFF182A34,0xFF152933,0xFF0F2832,0xFF0F2832,
    0xFF0D2630,0xFF112931,0xFF122931,0xFF0F2933,0xFF0C2833,0xFF0C2833,0xFF102834,0xFF122835,
    0xFF0C2732,0xFF072630,0xFF072630,0xFF0D2933,0xFF0F2A35,0xFF0E2634,0xFF0B2532,0xFF082631,
    0xFF082631,0xFF082630,0xFF092630,0xFF0D2732,0xFF0F2633,0xFF0F2834,0xFF0B2732,0xFF092731,
    0xFF092631,0xFF0A2631,0xFF0B2732,0xFF0B2732,0xFF0B2732,0xFF092530,0xFF0B2732,0xFF0B2732,
    0xFF0D2632,0xFF102834,0xFF122935,0xFF102935,0xFF0B2733,0xFF0B2733,0xFF0B2733,0xFF0A2632,
    0xFF0B2732,0xFF0D2934,0xFF0F2B36,0xFF0F2B36,0xFF0C2834,0xFF0E2A36,0xFF0F2B37,0xFF0E2A37,
    0xFF112C38,0xFF19313C,0xFF1D333E,0xFF223641,0xFF213642,0xFF18303D,0xFF18313F,0xFF1C3341,
    0xFF1B323F,0xFF1A313F,0xFF213644,0xFF2A3C4A,0xFF283A48,0xFF273A48,0xFF2E3E49,0xFF35444C,
    0xFF2B3D47,0xFF283B48,0xFF33424C,0xFF3A464F,0xFF35424B,0xFF3A4750,0xFF3D4652,0xFF3A4450,
    0xFF384551,0xFF33414C,0xFF32404D,0xFF2F3D4A,0xFF31404D,0xFF2D3D49,0xFF283D47,0xFF203642,
    0xFF1C3542,0xFF1A3341,0xFF1C3341,0xFF1D3442,0xFF1E3543,0xFF1B3541,0xFF1B3540,0xFF223845,
    0xFF263846,0xFF223646,0xFF1D3642,0xFF233A45,0xFF2F3E4A,0xFF2F3F4C,0xFF30404D,0xFF2B3B48,
    0xFF2C3D4A,0xFF2A3C4A,0xFF243745,0xFF233B47,0xFF243C48,0xFF223947,0xFF213846,0xFF213846,
    0xFF233A48,0xFF243B49,0xFF243B49,0xFF243B49,0xFF253B49,0xFF273D4B,0xFF273D4B,0xFF273D4B,
    0xFF283E4C,0xFF293F4D,0xFF293F4D,0xFF293F4E,0xFF2B4051,0xFF293E4F,0xFF2B4051,0xFF2B4050,
    0xFF2B414F,0xFF2B414F,0xFF2D4351,0xFF304452,0xFF364755,0xFF374957,0xFF354755,0xFF3D4B58,
    0xFF434D58,0xFF48525B,0xFF4C545D,0xFF45505B,0xFF4C545C,0xFF4D555D,0xFF3C4957,0xFF364655,
    0xFF354554,0xFF354554,0xFF384756,0xFF3B4956,0xFF3D4B58,0xFF3B4A56,0xFF3D4A58,0xFF3E4A58,
    0xFF424A57,0xFF474E59,0xFF4B4E5A,0xFF51535F,0xFF4F515D,0xFF4B4D59,0xFF4A505B,0xFF4A4E59,
    0xFF4F505C,0xFF50505C,0xFF4E5059,0xFF52505B,0xFF54515C,0xFF55515A,0xFF555357,0xFF585359,
    0xFF5B535B,0xFF5E545C,0xFF60545B,0xFF635459,0xFF655659,0xFF69585B,0xFF6B585C,0xFF6C5759,
    0xFF6D5757,0xFF705856,0xFF735955,0xFF775955,0xFF7B5C57,0xFF805C57,0xFF825D56,0xFF835B53,
    0xFF855B53,0xFF875B50,0xFF885B4E,0xFF8B5B4D,0xFF8D5A4C,0xFF8C5849,0xFF8B5749,0xFF8B5748,
    0xFF8B5648,0xFF8E5747,0xFF945848,0xFF9A5A49,0xFF945742,0xFF93563F,0xFF97573E,0xFF9A583F,
    0xFF8A503D,0xFF7F503F,0xFF784D3F,0xFF784940,0xFF734A3E,0xFF704940,0xFF6E4840,0xFF68463E,
    0xFF6D4940,0xFF6E493D,0xFF674640,0xFF5B403C,0xFF5B443E,0xFF54403C,0xFF503D3B,0xFF4C3C3C,
    0xFF493B3B,0xFF4A3C3C,0xFF483A3A,0xFF4B3E3D,0xFF4D3E3E,0xFF513F3F,0xFF4F3F3F,0xFF443B3B,
    0xFF3D3738,0xFF3B3639,0xFF363338,0xFF353439,0xFF353338,0xFF333236,0xFF2F3136,0xFF2B3135,
    0xFF293234,0xFF273234,0xFF263036,0xFF283139,0xFF252E36,0xFF232C34,0xFF242E38,0xFF212C36,
    0xFF202B35,0xFF202B34,0xFF1F2C33,0xFF1D2B35,0xFF262D36,0xFF353538,0xFF39383B,0xFF303338,
    0xFF242C35,0xFF273036,0xFF2B3135,0xFF272F36,0xFF202B34,0xFF252E37,0xFF1B2B34,0xFF132731,
    0xFF172935,0xFF182833,0xFF162832,0xFF182933,0xFF162731,0xFF10242F,0xFF132732,0xFF122631,
    0xFF112530,0xFF10242F,0xFF122631,0xFF152934,0xFF10242F,0xFF10242F,0xFF0F232E,0xFF112530,
    0xFF142531,0xFF0D222D,0xFF0C242E,0xFF122531,0xFF172734,0xFF132330,0xFF0E212C,0xFF0F242F,
    0xFF0A212C,0xFF022028,0xFF06222B,0xFF0A212B,0xFF041E26,0xFF0C242C,0xFF10242D,0xFF0E242F,
    0xFF07212E,0xFF05202C,0xFF0B2532,0xFF05212B,0xFF07242C,0xFF07242C,0xFF07242C,0xFF08232E,
    0xFF06212D,0xFF07212E,0xFF0D2734,0xFF07232F,0xFF07232D,0xFF0F2830,0xFF112A30,0xFF07242C,
    0xFF0A262F,0xFF102832,0xFF142B36,0xFF102833,0xFF122A34,0xFF0E2631,0xFF112930,0xFF132D34,
    0xFF0B2630,0xFF07232F,0xFF132A31,0xFF172C33,0xFF0C262D,0xFF0D2731,0xFF162A33,0xFF1D2D34,
    0xFF182A33,0xFF0B2430,0xFF0E272F,0xFF152B33,0xFF192B35,0xFF142933,0xFF0E2932,0xFF0E2932,
    0xFF0C2730,0xFF102931,0xFF112A31,0xFF0E2933,0xFF0B2833,0xFF0C2833,0xFF102834,0xFF122835,
    0xFF0C2732,0xFF052730,0xFF062630,0xFF0C2933,0xFF0E2A35,0xFF0E2634,0xFF0B2532,0xFF082631,
    0xFF082631,0xFF082630,0xFF092630,0xFF0D2732,0xFF0F2633,0xFF0E2834,0xFF0B2732,0xFF092731,
    0xFF092731,0xFF092731,0xFF0A2832,0xFF0A2832,0xFF0B2732,0xFF092530,0xFF0B2732,0xFF0B2732,
    0xFF0F2733,0xFF112935,0xFF132B37,0xFF112A36,0xFF0B2733,0xFF0B2733,0xFF0C2834,0xFF0C2833,
    0xFF0D2934,0xFF0E2A35,0xFF102C37,0xFF102C37,0xFF0D2A36,0xFF0F2B37,0xFF102C38,0xFF0F2B38,
    0xFF142E3B,0xFF1B333F,0xFF1F3540,0xFF243743,0xFF233744,0xFF18313E,0xFF193341,0xFF1D3543,
    0xFF1B3240,0xFF1A3240,0xFF233947,0xFF2D3F4D,0xFF2B3D4B,0xFF2B3D4B,0xFF32414C,0xFF3A474F,
    0xFF304049,0xFF2C3E4A,0xFF36454F,0xFF3B4952,0xFF37444D,0xFF3B4851,0xFF3E4753,0xFF3B4451,
    0xFF394652,0xFF34424E,0xFF34404E,0xFF313E4C,0xFF35424F,0xFF303F4C,0xFF2B3F4A,0xFF213743,
    0xFF1D3643,0xFF1B3342,0xFF1C3341,0xFF1D3442,0xFF1E3543,0xFF1B3541,0xFF1B3540,0xFF243946,
    0xFF273947,0xFF223646,0xFF1D3642,0xFF253B46,0xFF303F4C,0xFF2F3F4C,0xFF30404D,0xFF2B3B48,
    0xFF2C3D4A,0xFF2A3C4A,0xFF243745,0xFF233B47,0xFF243C48,0xFF223947,0xFF213846,0xFF213846,
    0xFF233A48,0xFF243B49,0xFF243B49,0xFF243B49,0xFF253B49,0xFF273D4B,0xFF273D4B,0xFF273D4B,
    0xFF283E4D,0xFF293F4E,0xFF293F4E,0xFF293F4E,0xFF2B4051,0xFF293E4F,0xFF2B4052,0xFF2B4050,
    0xFF2B414F,0xFF2B414F,0xFF2D4351,0xFF304351,0xFF374957,0xFF384A58,0xFF354755,0xFF3F4D59,
    0xFF464F59,0xFF4C545C,0xFF4D545D,0xFF44505B,0xFF4E565E,0xFF4F575F,0xFF3C4957,0xFF364655,
    0xFF354554,0xFF354554,0xFF384756,0xFF3B4956,0xFF3D4B58,0xFF3B4A56,0xFF3D4A58,0xFF3E4A58,
    0xFF434B58,0xFF484F5B,0xFF4B4F5A,0xFF51535F,0xFF4F515D,0xFF4B4D59,0xFF4A505B,0xFF4A4E59,
    0xFF4F505C,0xFF50505C,0xFF4E5059,0xFF52505B,0xFF54515C,0xFF55515A,0xFF555357,0xFF59545A,
    0xFF5D545C,0xFF60555D,0xFF62555C,0xFF64555A,0xFF685759,0xFF6B585B,0xFF6D595D,0xFF6D585A,
    0xFF705859,0xFF735856,0xFF765956,0xFF7A5C57,0xFF7F5E58,0xFF845D58,0xFF865E58,0xFF875E56,
    0xFF8B5E54,0xFF8E5E52,0xFF8F5F50,0xFF935F50,0xFF965F4F,0xFF955C4B,0xFF925A49,0xFF935B4A,
    0xFF945B48,0xFF965C47,0xFF9B5D46,0xFFA25F48,0xFF9F5D47,0xFF9E5D47,0xFFA05F46,0xFF9F5E46,
    0xFF8E5441,0xFF845340,0xFF7C4F41,0xFF794B41,0xFF754B40,0xFF734A41,0xFF704941,0xFF6B473F,
    0xFF6F4A40,0xFF70493E,0xFF694841,0xFF5D423D,0xFF5D443F,0xFF56403C,0xFF513C3B,0xFF4C3C3C,
    0xFF493B3B,0xFF493C3C,0xFF473A3A,0xFF483E3C,0xFF4B3E3D,0xFF513F3F,0xFF534041,0xFF483D3E,
    0xFF41383A,0xFF3D373A,0xFF373439,0xFF36353A,0xFF36353A,0xFF343338,0xFF303236,0xFF293235,
    0xFF283235,0xFF273235,0xFF253037,0xFF27313A,0xFF242E37,0xFF222C35,0xFF222F38,0xFF1F2D36,
    0xFF1F2C35,0xFF1F2C34,0xFF1C2A33,0xFF1A2A34,0xFF232C35,0xFF323337,0xFF3A383B,0xFF33353B,
    0xFF272E37,0xFF2A3137,0xFF2F3337,0xFF2A3137,0xFF242D35,0xFF263039,0xFF1C2C35,0xFF132831,
    0xFF172935,0xFF172732,0xFF182932,0xFF182933,0xFF162731,0xFF122530,0xFF142833,0xFF122631,
    0xFF112530,0xFF10242F,0xFF122631,0xFF162A35,0xFF112530,0xFF10242F,0xFF10242F,0xFF122631,
    0xFF142632,0xFF0D222D,0xFF0C242E,0xFF122531,0xFF172734,0xFF132330,0xFF0E212C,0xFF0F242F,
    0xFF06212C,0xFF041F2A,0xFF08232D,0xFF07222E,0xFF031E2A,0xFF0B232F,0xFF0E242F,0xFF0E2430,
    0xFF07222D,0xFF01212A,0xFF0A2530,0xFF03202C,0xFF04222C,0xFF0A252B,0xFF04232E,0xFF06252F,
    0xFF05212C,0xFF07212D,0xFF0E2733,0xFF06222D,0xFF08222C,0xFF10272F,0xFF102930,0xFF06252F,
    0xFF0C2730,0xFF132932,0xFF182C35,0xFF132732,0xFF132933,0xFF0E2731,0xFF112732,0xFF122B35,
    0xFF072730,0xFF06222F,0xFF122A33,0xFF182C35,0xFF06272F,0xFF0D2733,0xFF1B2B35,0xFF1A2D37,
    0xFF132B36,0xFF092531,0xFF112734,0xFF1B2C35,0xFF182B35,0xFF122937,0xFF112935,0xFF0F2935,
    0xFF0B2832,0xFF0E2A33,0xFF0E2931,0xFF0B2832,0xFF082833,0xFF0C2934,0xFF0E2934,0xFF0E2B35,
    0xFF092932,0xFF062731,0xFF082631,0xFF0E2936,0xFF0F2936,0xFF0D2736,0xFF0C2736,0xFF092634,
    0xFF072733,0xFF062631,0xFF092632,0xFF0E2835,0xFF0C2834,0xFF0B2934,0xFF0A2833,0xFF082731,
    0xFF0C2633,0xFF0D2633,0xFF0C2733,0xFF0A2833,0xFF082833,0xFF082833,0xFF0B2733,0xFF0C2633,
    0xFF0E2934,0xFF132A37,0xFF152D39,0xFF112D38,0xFF0E2835,0xFF0E2835,0xFF0E2735,0xFF0B2733,
    0xFF0E2B37,0xFF102A37,0xFF122A38,0xFF102C39,0xFF0B2C36,0xFF112E3A,0xFF132E3A,0xFF132C38,
    0xFF19313D,0xFF1F3441,0xFF233543,0xFF253645,0xFF233846,0xFF17333F,0xFF183642,0xFF1C3645,
    0xFF1A3443,0xFF193342,0xFF233948,0xFF324150,0xFF313F4C,0xFF343F4C,0xFF39434D,0xFF3C4952,
    0xFF34424E,0xFF30404D,0xFF374651,0xFF3A4853,0xFF35434F,0xFF3A4853,0xFF3B4952,0xFF37454F,
    0xFF3A4854,0xFF354350,0xFF35434E,0xFF34424D,0xFF34424D,0xFF32404B,0xFF2F3F4C,0xFF253845,
    0xFF1E3745,0xFF1A3341,0xFF1E3542,0xFF1D3442,0xFF1F3644,0xFF1D3442,0xFF1C3441,0xFF243947,
    0xFF273A49,0xFF1E3748,0xFF1D3646,0xFF283D4B,0xFF30414F,0xFF2D3F4D,0xFF2D3F4D,0xFF2A3C4A,
    0xFF2B3E4C,0xFF273C4B,0xFF233947,0xFF253B49,0xFF263D4C,0xFF203A4A,0xFF203948,0xFF203A49,
    0xFF233B4A,0xFF243B4B,0xFF243B4B,0xFF253C4C,0xFF243D4D,0xFF243F4D,0xFF243E4D,0xFF243E4D,
    0xFF273D51,0xFF273D51,0xFF283E52,0xFF283E52,0xFF293F54,0xFF293F54,0xFF2A4056,0xFF2A4053,
    0xFF2C4152,0xFF2D4253,0xFF2E4355,0xFF2F4452,0xFF384B59,0xFF394B59,0xFF384857,0xFF40505D,
    0xFF465059,0xFF4F545D,0xFF4D5562,0xFF454F5A,0xFF51575E,0xFF4E565F,0xFF394956,0xFF354857,
    0xFF334655,0xFF334655,0xFF374757,0xFF3B4757,0xFF3D4959,0xFF3B4758,0xFF3C4A58,0xFF3B4956,
    0xFF414C58,0xFF47505B,0xFF4B515A,0xFF4F535C,0xFF4D5059,0xFF494D57,0xFF49505C,0xFF484E5B,
    0xFF4D505B,0xFF4F525B,0xFF4E4F5B,0xFF51505A,0xFF535159,0xFF57525A,0xFF58525B,0xFF5A535A,
    0xFF5F545A,0xFF60555A,0xFF61565A,0xFF635659,0xFF69595A,0xFF6C5A5C,0xFF6E5A5D,0xFF6F595A,
    0xFF715959,0xFF735A59,0xFF775A58,0xFF7C5B59,0xFF825D59,0xFF895E57,0xFF8B5F57,0xFF8C5E54,
    0xFF905F55,0xFF946053,0xFF996052,0xFF9D614F,0xFFA36350,0xFFA3614E,0xFF9D5D4A,0xFF9C5D4C,
    0xFF9C5E4B,0xFFA15F4A,0xFFA65F4A,0xFFAB604B,0xFFAB5F49,0xFFAA5F48,0xFFA96148,0xFFA66048,
    0xFF975945,0xFF905642,0xFF815241,0xFF754E43,0xFF764B43,0xFF754B41,0xFF724A3E,0xFF6D483C,
    0xFF6D4C42,0xFF6F4D43,0xFF6D4B41,0xFF5F433C,0xFF5D4641,0xFF56413E,0xFF513E3D,0xFF4E3F3B,
    0xFF483E39,0xFF473D3B,0xFF453C3A,0xFF4A3E3B,0xFF473E39,0xFF4C3F3B,0xFF55403F,0xFF4F3D3E,
    0xFF473A3B,0xFF3E383A,0xFF383638,0xFF39373B,0xFF36363B,0xFF33343B,0xFF2D3237,0xFF2A3136,
    0xFF283137,0xFF273239,0xFF252F38,0xFF27313A,0xFF233038,0xFF1F2E35,0xFF252F39,0xFF1C2D35,
    0xFF1A2E35,0xFF1B2D35,0xFF1A2B34,0xFF1A2B33,0xFF1C2D36,0xFF28333A,0xFF37363B,0xFF33353A,
    0xFF2D3138,0xFF303138,0xFF323238,0xFF2B3139,0xFF252E37,0xFF253138,0xFF1E2E34,0xFF172931,
    0xFF172A34,0xFF132833,0xFF1A2A32,0xFF1C2C33,0xFF142733,0xFF162530,0xFF182A33,0xFF11272F,
    0xFF0F2630,0xFF0C2330,0xFF102632,0xFF172A34,0xFF122530,0xFF10242F,0xFF10242F,0xFF132732,
    0xFF112632,0xFF0C222F,0xFF0E2431,0xFF0E2431,0xFF162832,0xFF12252F,0xFF0B222D,0xFF0C2331,
    0xFF04202B,0xFF041F2A,0xFF07232D,0xFF06222E,0xFF021E2B,0xFF09232F,0xFF0C232E,0xFF0D242F,
    0xFF07222D,0xFF01212A,0xFF0A2530,0xFF03202C,0xFF04222C,0xFF0B252C,0xFF03232D,0xFF05252F,
    0xFF04222C,0xFF06212C,0xFF0D2733,0xFF06222D,0xFF07222E,0xFF102831,0xFF112A32,0xFF06242F,
    0xFF0C2731,0xFF142A33,0xFF192C35,0xFF122732,0xFF122933,0xFF0C2730,0xFF122933,0xFF112B35,
    0xFF072730,0xFF072431,0xFF132C35,0xFF192D36,0xFF05272F,0xFF0F2935,0xFF1B2C36,0xFF182D37,
    0xFF112B36,0xFF092631,0xFF122936,0xFF1B2E36,0xFF182B35,0xFF122937,0xFF102A35,0xFF0E2A35,
    0xFF0A2832,0xFF0D2A34,0xFF0D2A32,0xFF0A2933,0xFF072834,0xFF0C2934,0xFF0D2934,0xFF0C2B35,
    0xFF072932,0xFF062731,0xFF072631,0xFF0D2A36,0xFF0F2A36,0xFF0D2836,0xFF0B2836,0xFF082634,
    0xFF062834,0xFF072732,0xFF0A2832,0xFF0D2934,0xFF0C2834,0xFF0B2934,0xFF0A2833,0xFF0A2833,
    0xFF0E2835,0xFF0D2734,0xFF0C2834,0xFF0A2833,0xFF082833,0xFF082833,0xFF0D2935,0xFF0D2834,
    0xFF0F2A36,0xFF162D3A,0xFF172F3B,0xFF122E39,0xFF0D2935,0xFF0D2935,0xFF0F2A36,0xFF0C2934,
    0xFF0D2B36,0xFF102C38,0xFF132C39,0xFF112E3A,0xFF0C2C37,0xFF14313C,0xFF17313E,0xFF15303B,
    0xFF1C3540,0xFF213744,0xFF223644,0xFF233646,0xFF223848,0xFF183341,0xFF1A3845,0xFF1D3846,
    0xFF1A3644,0xFF193543,0xFF233B4A,0xFF324251,0xFF32414E,0xFF36424E,0xFF3A454E,0xFF3D4A53,
    0xFF364450,0xFF30414E,0xFF374551,0xFF3A4853,0xFF35434F,0xFF3A4853,0xFF3B4952,0xFF37454F,
    0xFF3A4854,0xFF35434F,0xFF35434E,0xFF36444F,0xFF36444F,0xFF32404C,0xFF31404D,0xFF253946,
    0xFF1E3744,0xFF193441,0xFF1D3642,0xFF1C3542,0xFF1E3744,0xFF1B3542,0xFF1B3441,0xFF233947,
    0xFF263A49,0xFF1E3848,0xFF1D3646,0xFF283D4B,0xFF30414F,0xFF2C3E4C,0xFF2C3E4C,0xFF2B3C4A,
    0xFF2B3E4C,0xFF243B49,0xFF223846,0xFF253B49,0xFF253D4C,0xFF1F3C4A,0xFF1F3A48,0xFF1F3B49,
    0xFF213C4A,0xFF233C4B,0xFF233C4B,0xFF243D4C,0xFF233E4E,0xFF233E50,0xFF233E4E,0xFF233E4F,
    0xFF263E52,0xFF253E52,0xFF273F53,0xFF273F53,0xFF284054,0xFF274054,0xFF284156,0xFF294153,
    0xFF2B4252,0xFF2C4353,0xFF2E4455,0xFF2F4553,0xFF394C5A,0xFF3B4D5B,0xFF394958,0xFF41515E,
    0xFF48515A,0xFF525761,0xFF4C5562,0xFF46505A,0xFF51585F,0xFF4B555F,0xFF374856,0xFF354857,
    0xFF334655,0xFF334655,0xFF364757,0xFF3A4757,0xFF3C4959,0xFF3A4758,0xFF3C4A58,0xFF3B4956,
    0xFF414C58,0xFF48505B,0xFF49505A,0xFF4C525C,0xFF4A5059,0xFF484F58,0xFF48505C,0xFF464D5A,
    0xFF4D505B,0xFF4F525B,0xFF4E4F5B,0xFF51505A,0xFF535159,0xFF57525A,0xFF58525B,0xFF5A535A,
    0xFF5E545A,0xFF61565B,0xFF63585B,0xFF66575A,0xFF6A5A5B,0xFF6F5B5C,0xFF705B5D,0xFF715A5A,
    0xFF735A59,0xFF745B59,0xFF785C59,0xFF7E5C5A,0xFF845D59,0xFF8B5F58,0xFF8F615A,0xFF8F5F55,
    0xFF936255,0xFF976254,0xFF9D6353,0xFFA26450,0xFFA96752,0xFFAB6652,0xFFA6634D,0xFFA5614D,
    0xFFA6614B,0xFFAA634C,0xFFAF644C,0xFFB5654D,0xFFB5644A,0xFFB46449,0xFFB26549,0xFFB0654A,
    0xFFA36048,0xFF9B5B43,0xFF8D5743,0xFF7A5044,0xFF764D46,0xFF744D44,0xFF714C43,0xFF6C4A3F,
    0xFF6D4B41,0xFF6E4D43,0xFF6F4C42,0xFF63453E,0xFF5D4641,0xFF59433F,0xFF54403E,0xFF4F403B,
    0xFF4B3E3A,0xFF493E3C,0xFF463C3B,0xFF4A3F3C,0xFF463D3A,0xFF4A3E3B,0xFF523F40,0xFF4F3E3F,
    0xFF493D3E,0xFF423A3C,0xFF3B3638,0xFF3D3A3D,0xFF38373B,0xFF34353B,0xFF2F3238,0xFF2D3237,
    0xFF293138,0xFF27313A,0xFF252F38,0xFF28313A,0xFF233038,0xFF1F2E35,0xFF252F39,0xFF1C2D35,
    0xFF1A2E35,0xFF1B2D35,0xFF1A2B35,0xFF1A2B36,0xFF192B36,0xFF222F38,0xFF2E3238,0xFF31363C,
    0xFF2F343A,0xFF32343A,0xFF33353B,0xFF2C333A,0xFF242F37,0xFF243138,0xFF203036,0xFF1A2C34,
    0xFF172A34,0xFF132834,0xFF1B2B33,0xFF1C2C33,0xFF132733,0xFF152630,0xFF1A2C35,0xFF142730,
    0xFF102730,0xFF0D2431,0xFF122732,0xFF182B33,0xFF142730,0xFF112530,0xFF112530,0xFF142833,
    0xFF112733,0xFF0C232F,0xFF0D2431,0xFF0B232F,0xFF152832,0xFF142731,0xFF0B222D,0xFF0C2331,
    0xFF021F2A,0xFF03202B,0xFF08252F,0xFF05222D,0xFF011E2B,0xFF08242E,0xFF08222C,0xFF0D2630,
    0xFF07232E,0xFF01212A,0xFF0B2631,0xFF03212D,0xFF05232C,0xFF0C272E,0xFF03222D,0xFF022330,
    0xFF03222E,0xFF05212E,0xFF0C2835,0xFF062330,0xFF06232E,0xFF0F2933,0xFF112B34,0xFF06242F,
    0xFF0D2831,0xFF162C35,0xFF1A2E37,0xFF112833,0xFF112A34,0xFF0B2830,0xFF122A34,0xFF112B34,
    0xFF082730,0xFF092632,0xFF142C35,0xFF1B2E38,0xFF06272F,0xFF112B37,0xFF1B2D37,0xFF152C35,
    0xFF102B35,0xFF092731,0xFF112A36,0xFF1A2F36,0xFF162C35,0xFF102A36,0xFF0E2934,0xFF0D2A35,
    0xFF082932,0xFF0B2B34,0xFF0C2A33,0xFF092934,0xFF062835,0xFF0B2937,0xFF0D2936,0xFF0B2B36,
    0xFF072934,0xFF042831,0xFF062731,0xFF0D2B37,0xFF0E2B36,0xFF0C2836,0xFF0A2836,0xFF062733,
    0xFF052934,0xFF062A33,0xFF092833,0xFF0C2A35,0xFF0C2934,0xFF0B2935,0xFF0A2833,0xFF0A2833,
    0xFF0E2A36,0xFF0D2935,0xFF0B2934,0xFF072833,0xFF082933,0xFF082833,0xFF0D2935,0xFF0E2835,
    0xFF112C37,0xFF19303C,0xFF18303C,0xFF122E39,0xFF0C2934,0xFF0D2B36,0xFF0E2C37,0xFF0B2934,
    0xFF0B2B36,0xFF0F2D38,0xFF132E3A,0xFF12303B,0xFF0E2E39,0xFF17343F,0xFF1A3441,0xFF173340,
    0xFF1D3845,0xFF213947,0xFF203645,0xFF203748,0xFF1F3848,0xFF183343,0xFF1C3948,0xFF1B3846,
    0xFF1A3744,0xFF1A3744,0xFF223B49,0xFF314351,0xFF324350,0xFF374550,0xFF3A464F,0xFF3F4B55,
    0xFF384651,0xFF31414E,0xFF374551,0xFF3A4853,0xFF35434F,0xFF3A4752,0xFF3B4952,0xFF384650,
    0xFF3A4855,0xFF34424F,0xFF36444F,0xFF394752,0xFF374550,0xFF32404B,0xFF30404D,0xFF263A47,
    0xFF1E3744,0xFF193542,0xFF1C3743,0xFF1A3542,0xFF1C3744,0xFF1A3643,0xFF1A3542,0xFF223947,
    0xFF243A48,0xFF1D3748,0xFF1D3646,0xFF283D4B,0xFF30414F,0xFF293D4B,0xFF293E4B,0xFF293C4A,
    0xFF293F4C,0xFF233B49,0xFF203846,0xFF243B49,0xFF233E4C,0xFF1F3D4B,0xFF1E3A48,0xFF1E3B49,
    0xFF213D4B,0xFF213D4B,0xFF213D4B,0xFF223D4B,0xFF233F4F,0xFF223E50,0xFF223E50,0xFF233E50,
    0xFF243E51,0xFF253F52,0xFF254053,0xFF254053,0xFF264154,0xFF274154,0xFF284256,0xFF284153,
    0xFF294252,0xFF2B4353,0xFF2B4453,0xFF2F4653,0xFF3A4E5B,0xFF3B4C5B,0xFF3B4B5A,0xFF42515E,
    0xFF4A535C,0xFF565B64,0xFF4A5361,0xFF47525E,0xFF525A63,0xFF49545F,0xFF354656,0xFF334655,
    0xFF344655,0xFF334655,0xFF364857,0xFF374757,0xFF394958,0xFF384858,0xFF3B4A58,0xFF3C4A57,
    0xFF414C58,0xFF48505B,0xFF48505B,0xFF49515C,0xFF49505B,0xFF48505A,0xFF464E5B,0xFF474D5A,
    0xFF4D505B,0xFF4F515B,0xFF4E4F5B,0xFF52505B,0xFF54515A,0xFF57525A,0xFF58525B,0xFF5A535A,
    0xFF5F555B,0xFF61555B,0xFF66585C,0xFF67575A,0xFF6C5A5B,0xFF705B5D,0xFF735C5D,0xFF745A59,
    0xFF765B58,0xFF775C59,0xFF7B5D59,0xFF815E58,0xFF855E57,0xFF8C5F57,0xFF936459,0xFF926255,
    0xFF956254,0xFF9B6354,0xFF9F6452,0xFFA56651,0xFFAB6951,0xFFB16B53,0xFFB0664D,0xFFAF654A,
    0xFFB1664A,0xFFB4674B,0xFFB9684A,0xFFBE684A,0xFFBF6748,0xFFBE6747,0xFFBC6947,0xFFB96847,
    0xFFAF6447,0xFFAC6448,0xFF9C5D45,0xFF855343,0xFF784E45,0xFF734C43,0xFF704E46,0xFF6B4B42,
    0xFF6D4B41,0xFF6F4D43,0xFF704D43,0xFF65473E,0xFF5F453F,0xFF5C443F,0xFF58423E,0xFF53423D,
    0xFF4C3E3A,0xFF4B3E3D,0xFF483D3D,0xFF4B3E3D,0xFF453D3B,0xFF453D3B,0xFF4C3E3E,0xFF4E3F3F,
    0xFF4C4142,0xFF463C3F,0xFF403739,0xFF413C3D,0xFF3B383C,0xFF37373B,0xFF323338,0xFF2F3338,
    0xFF2A3038,0xFF28303A,0xFF273039,0xFF27313A,0xFF243139,0xFF1F2E35,0xFF242F38,0xFF1D2E36,
    0xFF1A2E35,0xFF1C2E36,0xFF192B37,0xFF182A36,0xFF172936,0xFF1D2D37,0xFF262F38,0xFF2D353C,
    0xFF31373C,0xFF323539,0xFF32363B,0xFF2C343B,0xFF212E36,0xFF223036,0xFF223238,0xFF1D2E36,
    0xFF182B35,0xFF132834,0xFF1C2C34,0xFF1C2C33,0xFF122732,0xFF122630,0xFF1C2E37,0xFF162832,
    0xFF142832,0xFF102430,0xFF152831,0xFF1B2B33,0xFF162730,0xFF132632,0xFF112530,0xFF152833,
    0xFF112833,0xFF09232E,0xFF0B2530,0xFF0A242F,0xFF152832,0xFF162833,0xFF0B212D,0xFF0B2230,
    0xFF00212A,0xFF02222C,0xFF062730,0xFF03232D,0xFF001F2B,0xFF07242E,0xFF06232B,0xFF0D2731,
    0xFF07232E,0xFF01212B,0xFF0C2732,0xFF04222E,0xFF06242D,0xFF0D282F,0xFF03222D,0xFF022431,
    0xFF022330,0xFF052230,0xFF0B2836,0xFF052432,0xFF062430,0xFF0D2834,0xFF0F2A35,0xFF072630,
    0xFF0F2A33,0xFF172D35,0xFF192D36,0xFF102933,0xFF0F2B34,0xFF0B2931,0xFF132C35,0xFF132C36,
    0xFF082831,0xFF0A2733,0xFF172F38,0xFF1E313B,0xFF062830,0xFF142E3A,0xFF1C3039,0xFF122C34,
    0xFF0F2D36,0xFF082833,0xFF122C38,0xFF1B3037,0xFF142C33,0xFF0E2A36,0xFF0B2833,0xFF0B2A34,
    0xFF092B34,0xFF092A34,0xFF0A2934,0xFF082936,0xFF042836,0xFF0A2A39,0xFF0C2B39,0xFF092B38,
    0xFF062A37,0xFF032932,0xFF062933,0xFF0D2D38,0xFF0C2B36,0xFF0B2836,0xFF092936,0xFF042834,
    0xFF062B36,0xFF062B34,0xFF072933,0xFF0C2C37,0xFF0D2B36,0xFF0D2B36,0xFF0B2934,0xFF0B2934,
    0xFF0F2C38,0xFF0E2B37,0xFF092934,0xFF062832,0xFF082833,0xFF0A2934,0xFF0E2A36,0xFF102A37,
    0xFF132E39,0xFF1B323F,0xFF19303D,0xFF122F3A,0xFF0A2A35,0xFF0D2D38,0xFF0D2C37,0xFF092A34,
    0xFF0B2D37,0xFF0E2E39,0xFF13303B,0xFF14323E,0xFF10303B,0xFF193641,0xFF1A3441,0xFF183442,
    0xFF1D3A49,0xFF203A4A,0xFF1F3647,0xFF1C384A,0xFF1D3949,0xFF183545,0xFF1C3A49,0xFF183845,
    0xFF193846,0xFF193946,0xFF1F3A48,0xFF2E414F,0xFF30424E,0xFF364751,0xFF3A4750,0xFF3E4A53,
    0xFF394853,0xFF324350,0xFF374551,0xFF394752,0xFF36444F,0xFF394752,0xFF3B4951,0xFF394650,
    0xFF3A4855,0xFF34424F,0xFF384651,0xFF3A4853,0xFF36444F,0xFF313E4A,0xFF2E3E4B,0xFF263A47,
    0xFF1E3644,0xFF1A3542,0xFF1C3844,0xFF193541,0xFF1B3743,0xFF1A3843,0xFF1A3843,0xFF213B47,
    0xFF223846,0xFF1C3647,0xFF1E3747,0xFF293E4C,0xFF2F404E,0xFF273D4A,0xFF273E4A,0xFF263C49,
    0xFF273F4B,0xFF213B48,0xFF1F3A46,0xFF233C49,0xFF223E4B,0xFF1D3E4B,0xFF1B3B48,0xFF1B3C48,
    0xFF203D4B,0xFF213D4B,0xFF213D4B,0xFF213E4B,0xFF213F51,0xFF203F52,0xFF203F52,0xFF213F52,
    0xFF233F51,0xFF254053,0xFF254053,0xFF254053,0xFF264154,0xFF274255,0xFF284357,0xFF274254,
    0xFF284251,0xFF2A4553,0xFF294554,0xFF304855,0xFF3B4E5C,0xFF3C4D5C,0xFF3D4D5D,0xFF42525E,
    0xFF4D565F,0xFF565B64,0xFF495260,0xFF495663,0xFF505963,0xFF45515E,0xFF334656,0xFF324554,
    0xFF344756,0xFF334655,0xFF354856,0xFF364856,0xFF374957,0xFF374957,0xFF3B4B59,0xFF3E4B58,
    0xFF434E59,0xFF47505A,0xFF47505B,0xFF47505D,0xFF48505D,0xFF474F5C,0xFF454D5A,0xFF484E5B,
    0xFF4C4F5A,0xFF4E505A,0xFF4F4F5B,0xFF52515B,0xFF54525A,0xFF57525A,0xFF58525C,0xFF5C555C,
    0xFF60565C,0xFF63555B,0xFF68585D,0xFF6A585B,0xFF6E5A5C,0xFF715B5C,0xFF755C5C,0xFF775B59,
    0xFF795C58,0xFF7A5D59,0xFF7D5D58,0xFF835E58,0xFF885F57,0xFF906158,0xFF966659,0xFF966456,
    0xFF986355,0xFF9E6555,0xFFA16552,0xFFA96851,0xFFAD6950,0xFFB46B51,0xFFB76A4D,0xFFBA6848,
    0xFFBC6A49,0xFFBD6A49,0xFFC46B49,0xFFC86B49,0xFFC96B47,0xFFC86B46,0xFFC66C46,0xFFC26A44,
    0xFFBB6847,0xFFBB6A48,0xFFAB6448,0xFF955B47,0xFF825143,0xFF774C40,0xFF724D44,0xFF6D4B42,
    0xFF6E4C42,0xFF6E4C42,0xFF6F4D43,0xFF68483F,0xFF61453D,0xFF5E453F,0xFF5D4540,0xFF574440,
    0xFF4E3E3A,0xFF4E403F,0xFF4C3F40,0xFF4C3D40,0xFF453D3D,0xFF413C3C,0xFF473D3D,0xFF4A3F3E,
    0xFF4D4243,0xFF4A3E42,0xFF43383C,0xFF443D3D,0xFF3E393B,0xFF3B393D,0xFF343439,0xFF33353B,
    0xFF2D3139,0xFF2B313B,0xFF29323B,0xFF27313A,0xFF25323A,0xFF202F36,0xFF242F38,0xFF1D2F36,
    0xFF1A2E35,0xFF1D2F37,0xFF192B39,0xFF172A38,0xFF162937,0xFF192C39,0xFF1F2E38,0xFF263239,
    0xFF2F363A,0xFF303438,0xFF30363B,0xFF2D373D,0xFF1F2E35,0xFF202E34,0xFF223138,0xFF1D2E37,
    0xFF192C36,0xFF132934,0xFF1D2E36,0xFF1E2E35,0xFF132833,0xFF122730,0xFF1B2E37,0xFF182933,
    0xFF1B2B36,0xFF132730,0xFF182A31,0xFF1E2D34,0xFF182931,0xFF132833,0xFF132732,0xFF172A35,
    0xFF102833,0xFF06222D,0xFF0B2631,0xFF0A252F,0xFF152932,0xFF172933,0xFF0C212E,0xFF0B2130,
    0xFF00212A,0xFF02232C,0xFF05262F,0xFF03232D,0xFF00202B,0xFF06242E,0xFF06232B,0xFF0D2831,
    0xFF07222E,0xFF02222B,0xFF0E2934,0xFF04222E,0xFF05242D,0xFF0E2931,0xFF04242E,0xFF022533,
    0xFF022432,0xFF042433,0xFF092737,0xFF032433,0xFF052432,0xFF0B2733,0xFF0D2A35,0xFF082731,
    0xFF112B35,0xFF182E36,0xFF162B34,0xFF0D2832,0xFF0F2B33,0xFF0C2B32,0xFF152E37,0xFF132D37,
    0xFF082932,0xFF0B2834,0xFF1A333B,0xFF21353E,0xFF072930,0xFF17313C,0xFF1D333B,0xFF122C34,
    0xFF0F2E37,0xFF082934,0xFF15303A,0xFF1B3238,0xFF112A32,0xFF0C2B35,0xFF0A2832,0xFF082932,
    0xFF0A2E36,0xFF072A34,0xFF082936,0xFF082A39,0xFF032838,0xFF092B3A,0xFF0B2B3A,0xFF062A38,
    0xFF062B39,0xFF042A34,0xFF062A35,0xFF0C2D39,0xFF0B2B37,0xFF082936,0xFF082A36,0xFF052935,
    0xFF072D38,0xFF072D36,0xFF062A33,0xFF0C2D38,0xFF0C2B36,0xFF0E2C37,0xFF0D2B36,0xFF0D2B36,
    0xFF12303B,0xFF0E2C37,0xFF082A35,0xFF052932,0xFF072833,0xFF0C2B36,0xFF102C38,0xFF122C39,
    0xFF16303B,0xFF1D3440,0xFF19303C,0xFF122F3A,0xFF0B2B36,0xFF0F2E39,0xFF0E2D38,0xFF092B36,
    0xFF0B2F38,0xFF0F2F3A,0xFF13313C,0xFF15343F,0xFF12333E,0xFF1A3743,0xFF1B3643,0xFF183645,
    0xFF1E3B4B,0xFF1F3A4B,0xFF1D3748,0xFF1A394B,0xFF1B3A4C,0xFF193548,0xFF1F3B4D,0xFF193946,
    0xFF1A3B48,0xFF1B3B48,0xFF1E3A48,0xFF2B404D,0xFF2C3F4B,0xFF364751,0xFF3A4850,0xFF3B4851,
    0xFF3B4A56,0xFF354552,0xFF364551,0xFF374550,0xFF374550,0xFF394752,0xFF3A4850,0xFF37454F,
    0xFF3A4854,0xFF344350,0xFF394752,0xFF3A4853,0xFF35434E,0xFF2D3C48,0xFF2D3D4A,0xFF263A48,
    0xFF1E3644,0xFF193542,0xFF1B3944,0xFF183642,0xFF1A3844,0xFF1A3843,0xFF1A3843,0xFF213C48,
    0xFF1F3946,0xFF1B3646,0xFF1E3747,0xFF2A3F4D,0xFF2E3F4E,0xFF253D49,0xFF253D49,0xFF253C48,
    0xFF253E4A,0xFF203C49,0xFF203C48,0xFF223D4A,0xFF223F4C,0xFF1D3E4C,0xFF1B3B49,0xFF1B3C49,
    0xFF1F3D4C,0xFF203D4C,0xFF213E4D,0xFF223F4E,0xFF213F52,0xFF203F53,0xFF203F53,0xFF203F53,
    0xFF223F51,0xFF244153,0xFF244153,0xFF244153,0xFF254254,0xFF264355,0xFF274457,0xFF264354,
    0xFF274352,0xFF2A4655,0xFF2A4755,0xFF324A58,0xFF3C4F5C,0xFF3E505E,0xFF40505F,0xFF42525E,
    0xFF515B64,0xFF535962,0xFF49525F,0xFF4C5966,0xFF4B5660,0xFF404E5C,0xFF324557,0xFF324555,
    0xFF344756,0xFF334655,0xFF354856,0xFF354856,0xFF364957,0xFF364957,0xFF3B4C59,0xFF3F4C59,
    0xFF45505C,0xFF464F59,0xFF444E59,0xFF45505C,0xFF46505C,0xFF454F5B,0xFF454D5A,0xFF484E5B,
    0xFF4C4F5A,0xFF4E505A,0xFF4F4F5B,0xFF52515B,0xFF54525A,0xFF57525A,0xFF59535C,0xFF5F575E,
    0xFF61575D,0xFF64565C,0xFF6A595E,0xFF6C585C,0xFF705B5D,0xFF735B5B,0xFF765C5A,0xFF785C59,
    0xFF7A5D59,0xFF7C5E58,0xFF805E58,0xFF855F58,0xFF8D625A,0xFF96665A,0xFF99685A,0xFF9A6658,
    0xFF9D6657,0xFFA26857,0xFFA56854,0xFFAC6A53,0xFFB06A51,0xFFB86D52,0xFFBE6E4E,0xFFC36E48,
    0xFFC56F49,0xFFC66F4A,0xFFCD7049,0xFFD17049,0xFFD26F46,0xFFD17046,0xFFCF7146,0xFFCB6F45,
    0xFFC56C48,0xFFC46E4A,0xFFB6694A,0xFFA6654D,0xFF935B48,0xFF835141,0xFF795144,0xFF714D42,
    0xFF704D43,0xFF6D4B41,0xFF6F4D43,0xFF6A4B41,0xFF62463D,0xFF61463F,0xFF604742,0xFF594541,
    0xFF503E3C,0xFF514242,0xFF504242,0xFF4D3E40,0xFF463E3F,0xFF413D3D,0xFF453D3D,0xFF473D3C,
    0xFF4C4242,0xFF4D4044,0xFF453A3C,0xFF463E3D,0xFF3F3A3A,0xFF3E3B3D,0xFF37363B,0xFF37373E,
    0xFF30333C,0xFF2F333D,0xFF2B333C,0xFF263039,0xFF25333B,0xFF223038,0xFF242F39,0xFF1D2F36,
    0xFF1A2E35,0xFF1D2F38,0xFF192D3A,0xFF172C3A,0xFF162A39,0xFF162B39,0xFF192D39,0xFF202F37,
    0xFF2B3539,0xFF2C3236,0xFF2C3338,0xFF2D383D,0xFF1E2E35,0xFF1E2D33,0xFF203037,0xFF1D2E37,
    0xFF1A2D37,0xFF152A35,0xFF1E2F36,0xFF203037,0xFF152A35,0xFF112931,0xFF182D36,0xFF1A2A34,
    0xFF22303A,0xFF172A32,0xFF1B2C33,0xFF222F35,0xFF1B2A32,0xFF142934,0xFF162A34,0xFF192C36,
    0xFF0F2833,0xFF06222D,0xFF0A2631,0xFF08252F,0xFF142932,0xFF192B36,0xFF0D232F,0xFF0C2330,
    0xFF02202B,0xFF03222D,0xFF05242F,0xFF03222D,0xFF02212C,0xFF05242F,0xFF05242F,0xFF082631,
    0xFF04232E,0xFF04232E,0xFF0D2A36,0xFF03242E,0xFF04252F,0xFF0D2B36,0xFF02252E,0xFF022530,
    0xFF032531,0xFF032531,0xFF052733,0xFF012533,0xFF032632,0xFF072831,0xFF0B2A34,0xFF0A2633,
    0xFF152C35,0xFF152F38,0xFF0F2B38,0xFF0B2935,0xFF0B2D36,0xFF0D2A33,0xFF182E38,0xFF102D37,
    0xFF032834,0xFF0D2B37,0xFF25373E,0xFF253A3F,0xFF0D2B30,0xFF18343B,0xFF1C353B,0xFF122D35,
    0xFF112F38,0xFF0D2934,0xFF1F343A,0xFF1B343B,0xFF0B2A33,0xFF0A2D38,0xFF082933,0xFF082A35,
    0xFF0B2D36,0xFF072A36,0xFF052939,0xFF062B3B,0xFF032838,0xFF062B3B,0xFF072C3C,0xFF052A3A,
    0xFF062B3B,0xFF042939,0xFF062A39,0xFF0C2E3D,0xFF0A2B3A,0xFF062B37,0xFF052B36,0xFF042A35,
    0xFF072D38,0xFF072C38,0xFF082A36,0xFF0D2E3A,0xFF0D2B39,0xFF10303D,0xFF0E2B37,0xFF122E39,
    0xFF17323C,0xFF0D2D3A,0xFF052A3A,0xFF072836,0xFF082934,0xFF0B2C36,0xFF0F2E39,0xFF13303B,
    0xFF1C313C,0xFF1C343F,0xFF16323D,0xFF102F3B,0xFF0C2A38,0xFF122D3C,0xFF0E2D3A,0xFF092D39,
    0xFF0D303C,0xFF10313D,0xFF13333E,0xFF143642,0xFF113543,0xFF173A48,0xFF173A48,0xFF173848,
    0xFF1B3B4D,0xFF1B3B4C,0xFF19394A,0xFF15394B,0xFF183A4D,0xFF18374B,0xFF1C3A4D,0xFF193B47,
    0xFF1C3E4A,0xFF1A3D49,0xFF1B3A47,0xFF25404F,0xFF24404C,0xFF344855,0xFF394754,0xFF364753,
    0xFF354B56,0xFF384854,0xFF344554,0xFF324452,0xFF354551,0xFF3A4752,0xFF3A4752,0xFF364650,
    0xFF364852,0xFF32444D,0xFF3C4953,0xFF374651,0xFF2E434F,0xFF273E4A,0xFF2A3F4D,0xFF253C4A,
    0xFF1F3845,0xFF193645,0xFF183647,0xFF1A3547,0xFF1E374A,0xFF1C3848,0xFF1B3745,0xFF203B4A,
    0xFF1C3946,0xFF1C3749,0xFF1E3749,0xFF283F4E,0xFF2B414F,0xFF233C4A,0xFF233D4A,0xFF223C49,
    0xFF233D4B,0xFF213C4E,0xFF1F3B4C,0xFF223C4E,0xFF213E50,0xFF1F3D50,0xFF1D3B4E,0xFF1E3C4F,
    0xFF203E51,0xFF1F3D50,0xFF213F52,0xFF213F52,0xFF204051,0xFF1E3F4E,0xFF1F404F,0xFF1F404F,
    0xFF213F53,0xFF234055,0xFF234055,0xFF234055,0xFF224054,0xFF254257,0xFF274459,0xFF244256,
    0xFF244355,0xFF2B4557,0xFF2D4455,0xFF364B5C,0xFF3B4E5D,0xFF3E4F5D,0xFF41515E,0xFF48535E,
    0xFF525F67,0xFF49575F,0xFF4A545D,0xFF515C63,0xFF44535C,0xFF394E5C,0xFF2E4657,0xFF304654,
    0xFF334957,0xFF314754,0xFF344B5A,0xFF314859,0xFF354959,0xFF374A58,0xFF3C4A58,0xFF434D5C,
    0xFF47515F,0xFF444E5C,0xFF414E5B,0xFF424F5C,0xFF454F5E,0xFF464D5D,0xFF464E59,0xFF494F5B,
    0xFF4E515D,0xFF4E505D,0xFF4F505C,0xFF52505B,0xFF55525B,0xFF575259,0xFF5B535B,0xFF61575D,
    0xFF62565B,0xFF63585A,0xFF685B5B,0xFF6B5A59,0xFF715B5A,0xFF725C59,0xFF755C5A,0xFF795B58,
    0xFF7E5D58,0xFF815E5A,0xFF865F59,0xFF8B5F59,0xFF95655C,0xFF9F6B59,0xFFA16A58,0xFFA26958,
    0xFFA56A59,0xFFA96B58,0xFFAC6A54,0xFFB16A51,0xFFB66B51,0xFFBE6E52,0xFFC5704D,0xFFCB7146,
    0xFFD17247,0xFFD37147,0xFFD77344,0xFFDA7543,0xFFD97442,0xFFD97443,0xFFD97446,0xFFD77246,
    0xFFD47147,0xFFCF714B,0xFFC46C4C,0xFFBB6C4F,0xFFA5654A,0xFF945C46,0xFF895A4B,0xFF7C5143,
    0xFF7A5041,0xFF744E42,0xFF6E4D43,0xFF6A4C44,0xFF62463D,0xFF62473F,0xFF61473F,0xFF5D4644,
    0xFF513E3D,0xFF544441,0xFF524341,0xFF51403E,0xFF483F3C,0xFF453E3D,0xFF483D3E,0xFF473C3B,
    0xFF4B413F,0xFF4D4241,0xFF483E3D,0xFF463E3E,0xFF3F3A3B,0xFF3F3D40,0xFF3A393D,0xFF3B3A3F,
    0xFF35363C,0xFF30343D,0xFF2E353D,0xFF263038,0xFF25323C,0xFF24323C,0xFF222F3C,0xFF1F2D3B,
    0xFF1C2D39,0xFF1E303C,0xFF1B2C3A,0xFF172A38,0xFF152B38,0xFF152B38,0xFF152D39,0xFF152F37,
    0xFF21353C,0xFF23323A,0xFF22303A,0xFF283740,0xFF1F2E37,0xFF1B2D35,0xFF1C3037,0xFF1A2E36,
    0xFF1B2F37,0xFF1C2C33,0xFF202F36,0xFF233239,0xFF1C2D33,0xFF102930,0xFF172A37,0xFF1C2B36,
    0xFF26353A,0xFF1C2E33,0xFF1C2E38,0xFF263139,0xFF1F2B32,0xFF172B33,0xFF192B31,0xFF1F2E32,
    0xFF122931,0xFF06232E,0xFF092530,0xFF07242E,0xFF152933,0xFF1B2F39,0xFF0C2530,0xFF092531,
    0xFF01222D,0xFF03232E,0xFF04242F,0xFF02222D,0xFF01222D,0xFF042530,0xFF04242F,0xFF052530,
    0xFF03232E,0xFF052530,0xFF082834,0xFF01242E,0xFF04252F,0xFF0D2B36,0xFF02252E,0xFF022530,
    0xFF052733,0xFF042632,0xFF042733,0xFF012634,0xFF042733,0xFF072832,0xFF0D2D37,0xFF0B2834,
    0xFF162F37,0xFF15313A,0xFF0C2937,0xFF0B2A35,0xFF0B2D36,0xFF102C35,0xFF1C323C,0xFF0F2D37,
    0xFF052935,0xFF15303A,0xFF2D3D43,0xFF283D41,0xFF122F34,0xFF19353B,0xFF1B343A,0xFF163139,
    0xFF14323B,0xFF102C36,0xFF253940,0xFF1B353C,0xFF082933,0xFF092D39,0xFF082A35,0xFF072A36,
    0xFF0B2D38,0xFF062A38,0xFF062B3B,0xFF082D3D,0xFF042A39,0xFF072C3C,0xFF072C3C,0xFF052A3A,
    0xFF062B3B,0xFF032939,0xFF052A3A,0xFF0B2D3E,0xFF092B3B,0xFF072C38,0xFF062C37,0xFF042A35,
    0xFF0A303B,0xFF082C38,0xFF092C38,0xFF0F2F3B,0xFF0D2C3A,0xFF123240,0xFF102D39,0xFF16313C,
    0xFF1A363F,0xFF0C2E3A,0xFF042A3B,0xFF072B39,0xFF092B35,0xFF0D2E39,0xFF11303B,0xFF16323D,
    0xFF1D343E,0xFF1B353F,0xFF12323D,0xFF0C2F3B,0xFF082D39,0xFF11313E,0xFF0E313C,0xFF0C323F,
    0xFF0E3343,0xFF103545,0xFF113646,0xFF133747,0xFF123646,0xFF183C4B,0xFF173B4A,0xFF17394B,
    0xFF193B4D,0xFF193A4C,0xFF193A4D,0xFF163A4C,0xFF193B4E,0xFF19384C,0xFF1D3B4E,0xFF193A48,
    0xFF1C3D4B,0xFF1C3E4C,0xFF1B3A49,0xFF233F4F,0xFF1F3D49,0xFF324755,0xFF3A4857,0xFF334652,
    0xFF314853,0xFF364854,0xFF374857,0xFF334452,0xFF374653,0xFF3C4A54,0xFF3C4853,0xFF374751,
    0xFF374952,0xFF34464F,0xFF3B4954,0xFF32434F,0xFF2A404E,0xFF263D4B,0xFF283E4C,0xFF213A47,
    0xFF1E3A46,0xFF173544,0xFF173648,0xFF1A3649,0xFF1D384B,0xFF1C3848,0xFF1A3745,0xFF1E3B4A,
    0xFF1C3947,0xFF1E394B,0xFF1D3849,0xFF263D4D,0xFF2A404E,0xFF213D4A,0xFF223E4B,0xFF213C49,
    0xFF213D4C,0xFF203D4F,0xFF1E3B4D,0xFF213D4F,0xFF203E51,0xFF1E3D51,0xFF1C3B4F,0xFF1D3C50,
    0xFF1E3D51,0xFF1F3E52,0xFF214054,0xFF203F53,0xFF204152,0xFF1E3F4F,0xFF1F4050,0xFF1F4050,
    0xFF203F53,0xFF224155,0xFF224155,0xFF224155,0xFF214054,0xFF244357,0xFF264559,0xFF234356,
    0xFF244356,0xFF2A4456,0xFF304657,0xFF3A4F5F,0xFF3A4D5C,0xFF3F505E,0xFF42525F,0xFF4D5863,
    0xFF4F5D66,0xFF405159,0xFF4C5660,0xFF4E5A63,0xFF3D4E59,0xFF374C5A,0xFF2F4656,0xFF304654,
    0xFF334957,0xFF314754,0xFF344B5A,0xFF31485A,0xFF354959,0xFF394B59,0xFF3E4D5B,0xFF434F5D,
    0xFF43505E,0xFF404C5A,0xFF3F4D5A,0xFF42505D,0xFF444E5C,0xFF454C5C,0xFF454D59,0xFF49505B,
    0xFF4E515D,0xFF4E505D,0xFF50515D,0xFF52515B,0xFF55525A,0xFF58535A,0xFF5C545C,0xFF62585D,
    0xFF62565B,0xFF64585A,0xFF6A5D5D,0xFF6D5A59,0xFF725B59,0xFF745C5A,0xFF775E5A,0xFF7B5D59,
    0xFF805D59,0xFF835F59,0xFF895F59,0xFF916157,0xFFA06B5E,0xFFAE745E,0xFFAD705B,0xFFAC6D59,
    0xFFAF6E5A,0xFFB26F57,0xFFB56E54,0xFFBA6F51,0xFFBE6F50,0xFFC57050,0xFFCD734C,0xFFD57647,
    0xFFDB7647,0xFFDE7447,0xFFE37745,0xFFE67943,0xFFE57842,0xFFE57844,0xFFE47745,0xFFE27545,
    0xFFDE7545,0xFFD87548,0xFFCE7149,0xFFC7724E,0xFFB46E4E,0xFFA7674D,0xFF9E6753,0xFF8D5C4C,
    0xFF875C4D,0xFF7B5347,0xFF714D44,0xFF6C4D45,0xFF62473F,0xFF614843,0xFF604843,0xFF5E4847,
    0xFF54403F,0xFF554441,0xFF544542,0xFF52413F,0xFF49403D,0xFF463F3E,0xFF493E40,0xFF463D3C,
    0xFF48403E,0xFF4A4140,0xFF4C4241,0xFF463E3F,0xFF3F3A3C,0xFF403E41,0xFF3B393E,0xFF3C3B40,
    0xFF37383E,0xFF33363F,0xFF303840,0xFF273139,0xFF25323B,0xFF24323D,0xFF222F3C,0xFF1F2E3B,
    0xFF1C2E3A,0xFF1D303C,0xFF1B2D3B,0xFF182B39,0xFF162D39,0xFF152D39,0xFF142D3A,0xFF112E37,
    0xFF1A3039,0xFF21323C,0xFF1D2F39,0xFF23343F,0xFF1C2E38,0xFF1A2D37,0xFF192E37,0xFF192D37,
    0xFF1D313B,0xFF223239,0xFF24333A,0xFF26353C,0xFF203037,0xFF122B32,0xFF132735,0xFF1C2A36,
    0xFF2B383D,0xFF213135,0xFF1B2E37,0xFF26323A,0xFF232F35,0xFF192D34,0xFF1F2F35,0xFF253336,
    0xFF142B32,0xFF072430,0xFF0A2631,0xFF092530,0xFF172B34,0xFF1C303A,0xFF0C2530,0xFF0B2733,
    0xFF02242E,0xFF02242E,0xFF02242E,0xFF01232D,0xFF02242E,0xFF052731,0xFF052731,0xFF03242E,
    0xFF02242E,0xFF062832,0xFF072833,0xFF00242D,0xFF032730,0xFF0B2B36,0xFF01262F,0xFF012631,
    0xFF052935,0xFF022733,0xFF022732,0xFF022734,0xFF042733,0xFF072932,0xFF0F2F39,0xFF0B2A36,
    0xFF163038,0xFF133039,0xFF092734,0xFF0D2B37,0xFF0B2D36,0xFF112E36,0xFF203640,0xFF0F2D37,
    0xFF082B34,0xFF1F373E,0xFF334146,0xFF273D41,0xFF173438,0xFF173239,0xFF1B353B,0xFF1B363D,
    0xFF15333C,0xFF122F39,0xFF273D45,0xFF1A353E,0xFF062935,0xFF072D3A,0xFF052A37,0xFF082D3A,
    0xFF092D3A,0xFF052A38,0xFF042D3C,0xFF07303E,0xFF032B3A,0xFF052E3C,0xFF062E3D,0xFF042C3B,
    0xFF042C3B,0xFF032C3A,0xFF062D3B,0xFF0A2E3E,0xFF082C3B,0xFF072D39,0xFF062C37,0xFF052B36,
    0xFF0B313C,0xFF082D38,0xFF0B2E3A,0xFF11313D,0xFF0F2D3C,0xFF143442,0xFF122F3B,0xFF1B3641,
    0xFF1C3841,0xFF0A2D38,0xFF042B3C,0xFF082C3A,0xFF0A2D37,0xFF11323D,0xFF14333E,0xFF183540,
    0xFF1D3842,0xFF183641,0xFF0E313D,0xFF09303C,0xFF053039,0xFF133541,0xFF153844,0xFF193E4A,
    0xFF1C4152,0xFF153C4E,0xFF0E374A,0xFF12394B,0xFF123849,0xFF173D4E,0xFF173D4E,0xFF173B4E,
    0xFF173A4E,0xFF16394D,0xFF173B4E,0xFF173B4E,0xFF1A3C4F,0xFF1A3A4E,0xFF1E3C50,0xFF193A4A,
    0xFF1D3E4E,0xFF1D3E4E,0xFF1B3A4B,0xFF214051,0xFF1B3B49,0xFF2F4655,0xFF3A4A5A,0xFF324754,
    0xFF2C4551,0xFF354957,0xFF394B5A,0xFF344653,0xFF394855,0xFF3F4C56,0xFF3D4954,0xFF394853,
    0xFF384A53,0xFF354852,0xFF3B4B57,0xFF2D404D,0xFF273F4D,0xFF233D4B,0xFF263E4C,0xFF203A47,
    0xFF203C47,0xFF163643,0xFF163849,0xFF19384A,0xFF1C384A,0xFF1A3948,0xFF183845,0xFF1D3C4A,
    0xFF1B3A48,0xFF1E3C4D,0xFF1D394A,0xFF253E4C,0xFF283F4D,0xFF203D4C,0xFF223E4D,0xFF1F3C4A,
    0xFF203D4D,0xFF1E3D4F,0xFF1C3B4D,0xFF1F3D4F,0xFF1E3E50,0xFF1C3E50,0xFF1C3D4F,0xFF1C3D50,
    0xFF1D3E51,0xFF1E3F52,0xFF204154,0xFF1F4053,0xFF1E4153,0xFF1C4051,0xFF1D4052,0xFF1D4052,
    0xFF1F4053,0xFF224255,0xFF224355,0xFF214254,0xFF204154,0xFF234457,0xFF244558,0xFF224356,
    0xFF244356,0xFF2A4456,0xFF33495A,0xFF3C5162,0xFF3A4D5C,0xFF40515F,0xFF455562,0xFF4F5B67,
    0xFF485963,0xFF3E505A,0xFF4D5965,0xFF435560,0xFF364955,0xFF354B59,0xFF2F4554,0xFF304654,
    0xFF334957,0xFF314755,0xFF344B5A,0xFF314759,0xFF354959,0xFF394B59,0xFF40505D,0xFF43515E,
    0xFF404E5B,0xFF3D4B58,0xFF3F4D5A,0xFF43505D,0xFF434C5B,0xFF444B5B,0xFF464E5A,0xFF4A505C,
    0xFF4E515E,0xFF4E4F5C,0xFF51525E,0xFF54535D,0xFF56535B,0xFF58535A,0xFF5E565D,0xFF62585E,
    0xFF62565B,0xFF65585B,0xFF6C5B5C,0xFF6E5A5A,0xFF745B5A,0xFF755C59,0xFF795D59,0xFF7D5C57,
    0xFF835F58,0xFF855F57,0xFF8D6056,0xFF9C6657,0xFFB07260,0xFFBB795F,0xFFBA755B,0xFFB87058,
    0xFFBB7158,0xFFBE7355,0xFFC27352,0xFFC7744F,0xFFC8724C,0xFFCD724B,0xFFD77748,0xFFDE7A44,
    0xFFE57942,0xFFEA7941,0xFFEE7C3F,0xFFF07D3D,0xFFF07E3C,0xFFF17E3E,0xFFF07C3F,0xFFEE7A3E,
    0xFFEA7A3F,0xFFE37841,0xFFDC7745,0xFFD47749,0xFFC6744D,0xFFBC7150,0xFFB47156,0xFFA26852,
    0xFF9A6958,0xFF895B4C,0xFF7C5247,0xFF775449,0xFF64473D,0xFF624741,0xFF5F4946,0xFF5E4A48,
    0xFF554140,0xFF564442,0xFF564744,0xFF544441,0xFF4B413F,0xFF47403F,0xFF4A3F41,0xFF463F3F,
    0xFF453E3E,0xFF463F40,0xFF4C4443,0xFF473F3F,0xFF403B3C,0xFF424043,0xFF3D3B40,0xFF3C3C41,
    0xFF393A40,0xFF343740,0xFF323941,0xFF273139,0xFF25323B,0xFF24323D,0xFF202F3C,0xFF1D2F3B,
    0xFF1C313B,0xFF1B303B,0xFF1C2F3D,0xFF182D3B,0xFF152E3A,0xFF152E3B,0xFF142E3C,0xFF112E39,
    0xFF162D38,0xFF1F323C,0xFF192E39,0xFF1D313D,0xFF1A2E39,0xFF192F39,0xFF162D37,0xFF152C37,
    0xFF1B313C,0xFF25353D,0xFF27363D,0xFF28373E,0xFF23333A,0xFF152B33,0xFF102734,0xFF1A2B36,
    0xFF313A40,0xFF253338,0xFF1B2E37,0xFF24333A,0xFF233137,0xFF1C2D36,0xFF233238,0xFF2B373B,
    0xFF162C33,0xFF072430,0xFF0C2732,0xFF092630,0xFF172B34,0xFF1C303A,0xFF0D2531,0xFF0E2A35,
    0xFF01262F,0xFF01262F,0xFF00242D,0xFF00242E,0xFF01262F,0xFF052932,0xFF062A33,0xFF00252E,
    0xFF00252E,0xFF042932,0xFF042932,0xFF00252D,0xFF032931,0xFF082A34,0xFF00272F,0xFF012832,
    0xFF052B36,0xFF022833,0xFF012732,0xFF022734,0xFF062835,0xFF0A2B35,0xFF12323C,0xFF0B2C37,
    0xFF143138,0xFF102F37,0xFF072734,0xFF102E39,0xFF0A2C35,0xFF143139,0xFF253C47,0xFF0E2D38,
    0xFF0C2E36,0xFF2A3F42,0xFF374449,0xFF243A3E,0xFF1C3A3E,0xFF163138,0xFF1E383E,0xFF1E3840,
    0xFF15333C,0xFF14313B,0xFF253C45,0xFF16333E,0xFF062B38,0xFF052C3C,0xFF042938,0xFF0B303E,
    0xFF072C3B,0xFF032B39,0xFF032E3C,0xFF05303D,0xFF022D3A,0xFF032E3C,0xFF052F3D,0xFF032D3B,
    0xFF032D3B,0xFF022D3B,0xFF052F3D,0xFF082E3E,0xFF092E3E,0xFF0A303B,0xFF092F3A,0xFF072D38,
    0xFF0E343F,0xFF092D39,0xFF0E313D,0xFF153542,0xFF11303E,0xFF143443,0xFF14313E,0xFF1F3A45,
    0xFF1B3941,0xFF082E38,0xFF032D3D,0xFF08303C,0xFF0C2E39,0xFF12333E,0xFF14333E,0xFF183540,
    0xFF1A3843,0xFF12343F,0xFF0A303D,0xFF0A3541,0xFF0B3640,0xFF1F3F4C,0xFF2C4957,0xFF33535F,
    0xFF395A66,0xFF294E5E,0xFF133D50,0xFF113A4D,0xFF12394C,0xFF163D4F,0xFF163E50,0xFF173C51,
    0xFF173B51,0xFF173A50,0xFF173B50,0xFF193D50,0xFF1B3D50,0xFF1D3D50,0xFF1E3D51,0xFF1B3C4D,
    0xFF1E3F51,0xFF1E3F51,0xFF1C3C4E,0xFF204153,0xFF1A3B4A,0xFF2D4555,0xFF3A4B5C,0xFF324856,
    0xFF27424E,0xFF354958,0xFF394C5A,0xFF344653,0xFF394854,0xFF404D57,0xFF3E4B56,0xFF3A4A54,
    0xFF374953,0xFF374953,0xFF394A59,0xFF293D4B,0xFF284150,0xFF223E4C,0xFF233E4A,0xFF1F3C47,
    0xFF213F4A,0xFF153845,0xFF153949,0xFF19394A,0xFF1A384A,0xFF193A48,0xFF173945,0xFF1C3E4A,
    0xFF1A3C48,0xFF1C3C4D,0xFF1D3A4B,0xFF24404D,0xFF253F4C,0xFF1F3E4E,0xFF1F3E4E,0xFF1D3D4D,
    0xFF1E3E4E,0xFF1D3E4F,0xFF1B3C4D,0xFF1E3F50,0xFF1C3E50,0xFF1A3D50,0xFF1A3D50,0xFF1A3D50,
    0xFF1B3E51,0xFF1C3F52,0xFF1D4053,0xFF1D4053,0xFF1D4154,0xFF1B4154,0xFF1C4154,0xFF1C4154,
    0xFF1D4053,0xFF204356,0xFF204356,0xFF1E4154,0xFF1E4154,0xFF214457,0xFF214457,0xFF204356,
    0xFF244356,0xFF2B4557,0xFF374D5F,0xFF3F5464,0xFF384B5A,0xFF415260,0xFF495966,0xFF4C5967,
    0xFF3E505C,0xFF3C505B,0xFF4B5966,0xFF3A4E5D,0xFF314756,0xFF364C5A,0xFF2F4553,0xFF304654,
    0xFF324856,0xFF314755,0xFF354B5B,0xFF304658,0xFF354958,0xFF3A4C5A,0xFF40515E,0xFF41505D,
    0xFF3D4D5A,0xFF3B4B58,0xFF3F4D5A,0xFF414E5C,0xFF424C5B,0xFF444B5B,0xFF48505C,0xFF4C525E,
    0xFF4E515E,0xFF4D4F5C,0xFF52535F,0xFF54535D,0xFF56535B,0xFF59545B,0xFF60585F,0xFF62585E,
    0xFF61565B,0xFF66595B,0xFF6C5A5B,0xFF70595A,0xFF765B5A,0xFF775C58,0xFF7A5D57,0xFF7E5D56,
    0xFF866159,0xFF886057,0xFF966659,0xFFAB6F5C,0xFFBD7A61,0xFFC77D5E,0xFFC77A5B,0xFFC67558,
    0xFFC77657,0xFFCB7753,0xFFD07851,0xFFD5794E,0xFFD5774B,0xFFD77648,0xFFE07A44,0xFFE97C40,
    0xFFEE7F3A,0xFFF18037,0xFFF68438,0xFFF88433,0xFFF88631,0xFFF98632,0xFFF98535,0xFFF88434,
    0xFFF67F39,0xFFEE7B3A,0xFFE97D41,0xFFE07943,0xFFD67749,0xFFCE784F,0xFFC67755,0xFFB57053,
    0xFFAD725A,0xFF9E6550,0xFF955F4E,0xFF906352,0xFF744F3F,0xFF6D4E43,0xFF634A44,0xFF5E4846,
    0xFF564241,0xFF564543,0xFF564744,0xFF554542,0xFF4B423F,0xFF484140,0xFF4B4142,0xFF474143,
    0xFF443E40,0xFF453F41,0xFF4A4343,0xFF483F40,0xFF413C3E,0xFF423F42,0xFF3E3C41,0xFF3B3B40,
    0xFF393A40,0xFF343740,0xFF323941,0xFF28323A,0xFF26333C,0xFF25333E,0xFF20313D,0xFF1D303B,
    0xFF1C323C,0xFF1A313C,0xFF1A303D,0xFF172F3B,0xFF142F3A,0xFF142F3C,0xFF14303E,0xFF102F3A,
    0xFF142D39,0xFF1E343F,0xFF16303B,0xFF18313C,0xFF172F3B,0xFF18313C,0xFF162E3A,0xFF132C38,
    0xFF172F3B,0xFF25363E,0xFF29373E,0xFF28373E,0xFF26353C,0xFF1A2F37,0xFF0E2834,0xFF1A2C36,
    0xFF32393F,0xFF29343B,0xFF1A2C36,0xFF1F3137,0xFF233237,0xFF1D2B34,0xFF253239,0xFF30393E,
    0xFF182C35,0xFF092632,0xFF0E2A35,0xFF0A2731,0xFF172B34,0xFF1B2F39,0xFF0D2631,0xFF0F2B36,
    0xFF012730,0xFF012730,0xFF00262F,0xFF01262F,0xFF022831,0xFF042A33,0xFF062C35,0xFF00252E,
    0xFF00252E,0xFF042932,0xFF022831,0xFF00282F,0xFF032A32,0xFF052A33,0xFF002830,0xFF012A34,
    0xFF042C36,0xFF012933,0xFF002832,0xFF022734,0xFF082B37,0xFF0E2F38,0xFF153640,0xFF0C2E38,
    0xFF143138,0xFF0F3038,0xFF072935,0xFF12303C,0xFF0C2E37,0xFF19353E,0xFF263E49,0xFF0E2D38,
    0xFF16343B,0xFF314345,0xFF344145,0xFF20363B,0xFF213F43,0xFF19343B,0xFF233C42,0xFF203A42,
    0xFF14323B,0xFF13313C,0xFF1E3741,0xFF13323D,0xFF062C39,0xFF042D3C,0xFF032A39,0xFF09303F,
    0xFF062D3C,0xFF032C3B,0xFF022F3C,0xFF032F3C,0xFF022E3B,0xFF022E3B,0xFF04303D,0xFF022E3B,
    0xFF022E3B,0xFF022E3B,0xFF042F3D,0xFF072F3E,0xFF0B303F,0xFF0D333E,0xFF0B313D,0xFF082E3A,
    0xFF113742,0xFF092E39,0xFF133540,0xFF1A3A47,0xFF123240,0xFF123341,0xFF163340,0xFF213C47,
    0xFF1B3942,0xFF072E38,0xFF042E3D,0xFF0B333F,0xFF0D303B,0xFF11333C,0xFF153440,0xFF16343F,
    0xFF193843,0xFF123542,0xFF0D3543,0xFF15404D,0xFF1A414C,0xFF34505E,0xFF4D6474,0xFF4D6772,
    0xFF59747C,0xFF4D6D79,0xFF284D5E,0xFF163E50,0xFF153F50,0xFF153E51,0xFF153E50,0xFF163D52,
    0xFF163C51,0xFF163C51,0xFF183D52,0xFF1A3E51,0xFF1C3E51,0xFF214154,0xFF234155,0xFF1D3D51,
    0xFF1E3F52,0xFF214155,0xFF204053,0xFF234558,0xFF193C4C,0xFF2A4555,0xFF384C5D,0xFF324A59,
    0xFF24404D,0xFF334858,0xFF394C5B,0xFF344653,0xFF374753,0xFF404E58,0xFF3F4C57,0xFF3B4B55,
    0xFF364852,0xFF384B54,0xFF374957,0xFF253B4A,0xFF294454,0xFF223E4D,0xFF213D49,0xFF1D3B47,
    0xFF22414C,0xFF153845,0xFF143949,0xFF183A4A,0xFF19384A,0xFF193A48,0xFF173946,0xFF1C3E4A,
    0xFF1A3C48,0xFF1C3C4D,0xFF1C3A4B,0xFF24404D,0xFF24404E,0xFF1F3D4F,0xFF1E3D4F,0xFF1C3B4E,
    0xFF1D3C4E,0xFF1D3E4F,0xFF1B3C4D,0xFF1E3F50,0xFF1C3E50,0xFF183E50,0xFF193E50,0xFF193E50,
    0xFF1A3F51,0xFF1B4052,0xFF1C4153,0xFF1C4153,0xFF1C4254,0xFF1A4054,0xFF1B4154,0xFF1B4154,
    0xFF1C4153,0xFF1F4356,0xFF1F4456,0xFF1D4254,0xFF1D4254,0xFF204557,0xFF204557,0xFF204356,
    0xFF244356,0xFF2A4556,0xFF384E5F,0xFF3D5263,0xFF364958,0xFF445563,0xFF4B5B68,0xFF455462,
    0xFF374A55,0xFF3F535E,0xFF475664,0xFF304757,0xFF2F4757,0xFF384E5C,0xFF2F4553,0xFF314755,
    0xFF314856,0xFF324856,0xFF374D5D,0xFF304658,0xFF344858,0xFF3B4D5B,0xFF425360,0xFF3D4D5A,
    0xFF3C4C59,0xFF3B4B58,0xFF3F4D5A,0xFF3F4C5A,0xFF424B5A,0xFF444B5B,0xFF49515D,0xFF4E5460,
    0xFF4D505D,0xFF4E505D,0xFF535460,0xFF53525C,0xFF54525A,0xFF5B565D,0xFF615961,0xFF62585E,
    0xFF61565B,0xFF67585B,0xFF6D595B,0xFF70595A,0xFF765A5A,0xFF795C58,0xFF7C5E57,0xFF825F57,
    0xFF8A635A,0xFF8C6258,0xFFA06C5E,0xFFB67560,0xFFC87D61,0xFFD07F5F,0xFFD07D5C,0xFFD07B5A,
    0xFFD27B59,0xFFD67C54,0xFFDB7D52,0xFFE18050,0xFFE07D4C,0xFFE07B47,0xFFE87E43,0xFFF28140,
    0xFFF48536,0xFFF6892F,0xFFFB8D2E,0xFFFE8E2B,0xFFFD8F29,0xFFFD902B,0xFFFC8E2A,0xFFFD8E2E,
    0xFFFD8435,0xFFF78138,0xFFF2833D,0xFFE87D3F,0xFFE27C48,0xFFDB7C4F,0xFFD07A54,0xFFC17352,
    0xFFBC7657,0xFFB06E52,0xFFAB6B54,0xFFA9725B,0xFF92654F,0xFF845E4F,0xFF705147,0xFF604946,
    0xFF574442,0xFF564542,0xFF564643,0xFF554543,0xFF4B4240,0xFF494242,0xFF4C4244,0xFF484344,
    0xFF433F40,0xFF444041,0xFF494343,0xFF494141,0xFF443F40,0xFF413E41,0xFF3E3D42,0xFF3B3B40,
    0xFF393A40,0xFF34373F,0xFF323A42,0xFF29333B,0xFF27343D,0xFF26343F,0xFF20313D,0xFF1C303B,
    0xFF1B323C,0xFF1A313C,0xFF19303D,0xFF16303B,0xFF14303C,0xFF15303D,0xFF133040,0xFF0E2E3B,
    0xFF132D39,0xFF1F3643,0xFF17313D,0xFF16313D,0xFF15303C,0xFF17323E,0xFF152F3C,0xFF132D3A,
    0xFF132E3A,0xFF22343C,0xFF29383F,0xFF26353D,0xFF28373E,0xFF21333C,0xFF0E2935,0xFF192D37,
    0xFF32383F,0xFF2D363D,0xFF1B2C35,0xFF1C2F34,0xFF213137,0xFF1A2932,0xFF26323A,0xFF323A3F,
    0xFF192E37,0xFF0E2B36,0xFF122D38,0xFF0D2933,0xFF192D36,0xFF1A2E38,0xFF0C2630,0xFF0F2B37,
    0xFF042932,0xFF022630,0xFF00252E,0xFF032731,0xFF062932,0xFF062A33,0xFF062C35,0xFF00252E,
    0xFF002630,0xFF032A35,0xFF032934,0xFF022933,0xFF022A34,0xFF032B35,0xFF012933,0xFF022A37,
    0xFF042B3A,0xFF012937,0xFF012937,0xFF022936,0xFF0A2D39,0xFF12303B,0xFF17343F,0xFF092E36,
    0xFF0F333C,0xFF0B2E3B,0xFF062936,0xFF10323B,0xFF0F2D35,0xFF1F3940,0xFF223F46,0xFF122F34,
    0xFF263A3E,0xFF32454B,0xFF253D45,0xFF1B3439,0xFF294144,0xFF1D373E,0xFF243C43,0xFF1D3A42,
    0xFF0E333F,0xFF09313F,0xFF14353F,0xFF0E333E,0xFF012D37,0xFF012E3A,0xFF042B3A,0xFF0B3241,
    0xFF062D3C,0xFF052E3D,0xFF063040,0xFF052F3F,0xFF042E3E,0xFF032D3D,0xFF063040,0xFF042E3E,
    0xFF032D3D,0xFF032E3D,0xFF052E3C,0xFF09313D,0xFF0D343E,0xFF15363F,0xFF0E3442,0xFF072E3E,
    0xFF113743,0xFF083039,0xFF1A3941,0xFF203D49,0xFF0E313E,0xFF0F343D,0xFF183641,0xFF243B49,
    0xFF183742,0xFF082E39,0xFF092E3A,0xFF0E333F,0xFF0B323D,0xFF0D333E,0xFF113641,0xFF123440,
    0xFF1C3E4B,0xFF193D4C,0xFF163C4D,0xFF244C5C,0xFF29505B,0xFF495F6D,0xFF697A87,0xFF5E737E,
    0xFF6E828C,0xFF6E828D,0xFF456172,0xFF284B5B,0xFF1D4758,0xFF143F57,0xFF1A3D52,0xFF133C53,
    0xFF123C52,0xFF163C4F,0xFF193D4F,0xFF1C4154,0xFF1C3E51,0xFF264355,0xFF284456,0xFF204055,
    0xFF204055,0xFF224257,0xFF244257,0xFF29485B,0xFF173D4A,0xFF234652,0xFF324D5D,0xFF324D5D,
    0xFF24414D,0xFF334855,0xFF3A4D59,0xFF324751,0xFF354954,0xFF3C505B,0xFF3D4E5A,0xFF384A56,
    0xFF364854,0xFF3A4C57,0xFF344953,0xFF213D4B,0xFF284554,0xFF223E4B,0xFF1E3C4A,0xFF1D3B48,
    0xFF22404D,0xFF153646,0xFF15384B,0xFF16394C,0xFF15374A,0xFF153A4D,0xFF13384B,0xFF173A4B,
    0xFF193A4A,0xFF1A3D4D,0xFF1C3C4E,0xFF243F51,0xFF243E51,0xFF1D3D50,0xFF1C3D50,0xFF1B3C4F,
    0xFF1C3D50,0xFF1D3E51,0xFF1A3C4F,0xFF1D3E51,0xFF1A3D50,0xFF183E51,0xFF193E51,0xFF193E51,
    0xFF1A3F52,0xFF1B4052,0xFF1C4153,0xFF1B4052,0xFF1A4054,0xFF1A4055,0xFF1A4055,0xFF1B4257,
    0xFF1A4154,0xFF214257,0xFF224458,0xFF1C4355,0xFF1E4155,0xFF214458,0xFF214458,0xFF204358,
    0xFF224459,0xFF2A4658,0xFF394F5C,0xFF37505D,0xFF344A57,0xFF4A5964,0xFF4A5A6A,0xFF334F60,
    0xFF2D4854,0xFF425560,0xFF3F5260,0xFF2A4654,0xFF2C4957,0xFF344E5D,0xFF2D4454,0xFF314755,
    0xFF314755,0xFF334856,0xFF354D5C,0xFF2D4758,0xFF334A58,0xFF3C4F5D,0xFF425362,0xFF3C4E5C,
    0xFF3A4C5A,0xFF3A4C5A,0xFF3D4E5C,0xFF3D4C5B,0xFF404D5A,0xFF434F5A,0xFF4C535D,0xFF515560,
    0xFF4F505C,0xFF52525E,0xFF535561,0xFF53525D,0xFF54525B,0xFF5C575F,0xFF60595F,0xFF62595D,
    0xFF63585B,0xFF66595A,0xFF695858,0xFF705958,0xFF795B57,0xFF795C58,0xFF7D5D56,0xFF885F55,
    0xFF94675C,0xFF976658,0xFFAF7461,0xFFC2785D,0xFFD37D5E,0xFFD6815E,0xFFD7805A,0xFFD88056,
    0xFFDB7F52,0xFFE37F50,0xFFE7814E,0xFFEC854E,0xFFEC8445,0xFFEC823F,0xFFF0833F,0xFFF58836,
    0xFFFC8F2C,0xFFFC9324,0xFFFD9620,0xFFFF9B21,0xFFFE9F20,0xFFFD9C26,0xFFFC9A1F,0xFFFE9B24,
    0xFFFD9026,0xFFFA8A2F,0xFFF98B30,0xFFF18238,0xFFED8040,0xFFE47F48,0xFFD67C51,0xFFCB7651,
    0xFFCA7954,0xFFBE7350,0xFFBB7554,0xFFC07F5D,0xFFB3775A,0xFFA16F5A,0xFF8C6353,0xFF6F5046,
    0xFF59433D,0xFF594741,0xFF58453C,0xFF544642,0xFF4D4240,0xFF4B4142,0xFF4D4444,0xFF4A4341,
    0xFF443F3E,0xFF434041,0xFF454445,0xFF454245,0xFF444245,0xFF424043,0xFF3E3D41,0xFF393A3E,
    0xFF383C3F,0xFF333A3D,0xFF333A3F,0xFF28353A,0xFF27373E,0xFF28353E,0xFF21333C,0xFF1B323B,
    0xFF1A333E,0xFF18323E,0xFF16323D,0xFF15313C,0xFF132F3A,0xFF15313D,0xFF122E3C,0xFF112D3B,
    0xFF122F3C,0xFF233846,0xFF1D313D,0xFF14323C,0xFF15313E,0xFF18323F,0xFF142E3B,0xFF142E3B,
    0xFF122C39,0xFF1D333E,0xFF223640,0xFF1F333E,0xFF253841,0xFF25353B,0xFF0F2B37,0xFF17303A,
    0xFF2E393E,0xFF2D383E,0xFF1C3235,0xFF1C3033,0xFF1E3237,0xFF132931,0xFF253039,0xFF2E393F,
    0xFF1A2D35,0xFF152C37,0xFF1A303B,0xFF122833,0xFF182D38,0xFF162E38,0xFF0A2631,0xFF0C2C38,
    0xFF052A33,0xFF032731,0xFF012730,0xFF072B34,0xFF0A2C36,0xFF062B34,0xFF062C35,0xFF00252F,
    0xFF012732,0xFF032934,0xFF032833,0xFF032A35,0xFF012933,0xFF022A34,0xFF022A34,0xFF022937,
    0xFF042B3A,0xFF032938,0xFF022938,0xFF022A36,0xFF092E39,0xFF12313B,0xFF16343E,0xFF092E36,
    0xFF0F343D,0xFF092D3A,0xFF072C38,0xFF0F323B,0xFF123038,0xFF243E45,0xFF223F44,0xFF1C363A,
    0xFF314447,0xFF2C4249,0xFF18353F,0xFF1A343A,0xFF2D4549,0xFF1C3941,0xFF1D3942,0xFF16363F,
    0xFF0A323E,0xFF06303E,0xFF0D323C,0xFF09313B,0xFF012D39,0xFF012E3C,0xFF042D3C,0xFF0A3341,
    0xFF042D3C,0xFF073140,0xFF063040,0xFF032D3E,0xFF032E3E,0xFF022D3D,0xFF063040,0xFF032E3E,
    0xFF022D3D,0xFF032D3D,0xFF042E3C,0xFF0C3441,0xFF133943,0xFF1D3E47,0xFF113645,0xFF082E3E,
    0xFF123945,0xFF0C323C,0xFF1F3E46,0xFF1F3F49,0xFF0C313E,0xFF10353F,0xFF183945,0xFF203B49,
    0xFF143743,0xFF07303B,0xFF0A323D,0xFF0D3540,0xFF07333D,0xFF09343F,0xFF103944,0xFF1A414D,
    0xFF2A4E5A,0xFF2A505D,0xFF204757,0xFF2F5968,0xFF365A67,0xFF546B79,0xFF7E8E98,0xFF6C7E88,
    0xFF71848D,0xFF758892,0xFF597383,0xFF416171,0xFF315767,0xFF194659,0xFF154051,0xFF133E53,
    0xFF143D53,0xFF163D50,0xFF183D4F,0xFF1C4355,0xFF1C4053,0xFF264557,0xFF2D495B,0xFF224257,
    0xFF204156,0xFF204155,0xFF234156,0xFF2E4A5F,0xFF1C3E4E,0xFF264553,0xFF324B5C,0xFF334E5E,
    0xFF294652,0xFF364B58,0xFF3C4F5B,0xFF364A55,0xFF354954,0xFF3A4E59,0xFF3C4E5A,0xFF374955,
    0xFF374955,0xFF3A4B58,0xFF304751,0xFF1D3B4A,0xFF254454,0xFF223E4C,0xFF1B3C4A,0xFF1B3B49,
    0xFF1F3F4D,0xFF153647,0xFF15384B,0xFF16384B,0xFF15384A,0xFF153A4D,0xFF13384B,0xFF183A4C,
    0xFF1B3C4C,0xFF1A3D4D,0xFF1D3D4F,0xFF213F51,0xFF213E51,0xFF1D3E51,0xFF1C3D50,0xFF1B3C4F,
    0xFF1C3D50,0xFF1D3E51,0xFF1A3C4F,0xFF1D3E51,0xFF1B3D50,0xFF183D50,0xFF1A3F52,0xFF1A3F52,
    0xFF1C4154,0xFF1A3F53,0xFF1B4053,0xFF1B4053,0xFF1A4054,0xFF1A4055,0xFF1A4055,0xFF1B4257,
    0xFF1A4154,0xFF214257,0xFF224458,0xFF1C4355,0xFF1E4155,0xFF214458,0xFF214458,0xFF1F4357,
    0xFF234559,0xFF294658,0xFF354D5C,0xFF324C5A,0xFF384F5B,0xFF4B5D67,0xFF435665,0xFF29485A,
    0xFF2C4755,0xFF405460,0xFF354B59,0xFF284452,0xFF2C4957,0xFF344E5D,0xFF2D4454,0xFF304756,
    0xFF304756,0xFF314757,0xFF324B5B,0xFF2C4757,0xFF314857,0xFF3B4E5C,0xFF405160,0xFF3A4C5A,
    0xFF3A4C5A,0xFF3A4C5A,0xFF3D4E5E,0xFF3D4C5B,0xFF414E5B,0xFF444F5B,0xFF4E555F,0xFF515661,
    0xFF4E4F5B,0xFF53535F,0xFF555661,0xFF52505B,0xFF555259,0xFF5E595F,0xFF61595E,0xFF61585B,
    0xFF635859,0xFF685A5A,0xFF6E5B5A,0xFF785F5B,0xFF83635C,0xFF7C6058,0xFF7F6058,0xFF8B6156,
    0xFFA16C5F,0xFFAB6C52,0xFFC17C5A,0xFFC87B55,0xFFD48156,0xFFDC8253,0xFFDE814F,0xFFE0824E,
    0xFFE5834D,0xFFEC824A,0xFFF08647,0xFFF68B43,0xFFF68A3E,0xFFF5873C,0xFFF98B38,0xFFFA8F2D,
    0xFFFD9B1E,0xFFFAA01E,0xFFF7A122,0xFFFAA91E,0xFFFDAF14,0xFFFDAE15,0xFFFCAA15,0xFFFFAA19,
    0xFFFE9E1A,0xFFFC9425,0xFFFD9129,0xFFF78634,0xFFF7863D,0xFFEC8142,0xFFE07C4A,0xFFD87B4E,
    0xFFD47C52,0xFFCB7A52,0xFFC77D57,0xFFCB835C,0xFFC47F5C,0xFFB67A5D,0xFFAA755F,0xFF886252,
    0xFF5E463F,0xFF584745,0xFF554643,0xFF564740,0xFF51433C,0xFF4F433D,0xFF4F4440,0xFF4D4543,
    0xFF464140,0xFF444142,0xFF464445,0xFF444246,0xFF454346,0xFF424043,0xFF403F43,0xFF3A3C40,
    0xFF393D40,0xFF363D3F,0xFF353C41,0xFF2B373C,0xFF28383F,0xFF2B3740,0xFF25383F,0xFF1D323C,
    0xFF1B323E,0xFF18323E,0xFF16323D,0xFF15313C,0xFF14303B,0xFF17333E,0xFF15303C,0xFF142F3B,
    0xFF15313D,0xFF263B47,0xFF213641,0xFF13323C,0xFF13313C,0xFF17333F,0xFF15313C,0xFF15303D,
    0xFF122D3A,0xFF18313B,0xFF1B333D,0xFF18303B,0xFF203740,0xFF23363C,0xFF122D3A,0xFF17303C,
    0xFF28363C,0xFF29363E,0xFF1D3237,0xFF1E3136,0xFF1C3238,0xFF132A32,0xFF25323B,0xFF2A373D,
    0xFF192C35,0xFF172D39,0xFF1B313B,0xFF132934,0xFF172D38,0xFF132C37,0xFF0A2732,0xFF092A36,
    0xFF062B34,0xFF042932,0xFF042932,0xFF0A2E37,0xFF0C2E38,0xFF072B34,0xFF062C35,0xFF00262F,
    0xFF012933,0xFF012A34,0xFF012A34,0xFF042C36,0xFF012933,0xFF012933,0xFF032C35,0xFF022937,
    0xFF042B3A,0xFF032A39,0xFF032A39,0xFF002A36,0xFF072E38,0xFF0F303A,0xFF14343E,0xFF083036,
    0xFF0D343D,0xFF062D39,0xFF082E39,0xFF0F313A,0xFF19373F,0xFF264047,0xFF243E44,0xFF294144,
    0xFF374D4F,0xFF203D44,0xFF0F323C,0xFF1D383F,0xFF2D454B,0xFF153740,0xFF143741,0xFF0F333E,
    0xFF072F3B,0xFF042F3C,0xFF08313B,0xFF06303C,0xFF012D3B,0xFF022F3D,0xFF042F3D,0xFF083341,
    0xFF032E3B,0xFF073241,0xFF03303F,0xFF012D3D,0xFF022F3E,0xFF012E3E,0xFF032F3F,0xFF022E3E,
    0xFF012E3D,0xFF02303E,0xFF032F3C,0xFF113744,0xFF1A3C48,0xFF24454E,0xFF133847,0xFF082E3E,
    0xFF153B47,0xFF10353F,0xFF1F4047,0xFF183C45,0xFF0A323D,0xFF103742,0xFF163B48,0xFF173846,
    0xFF0E3542,0xFF05303D,0xFF0A3542,0xFF0A3541,0xFF0A3944,0xFF0F3F4A,0xFF16414E,0xFF2B5461,
    0xFF3F636D,0xFF3A5F6A,0xFF2D5461,0xFF3B6271,0xFF426372,0xFF5C7580,0xFF8C9BA2,0xFF7D8C92,
    0xFF76878F,0xFF76878F,0xFF617A88,0xFF526E7F,0xFF51707E,0xFF335A69,0xFF1E4B59,0xFF1E4759,
    0xFF1B4155,0xFF173D51,0xFF163E51,0xFF1B4358,0xFF1C4255,0xFF254659,0xFF2F4D61,0xFF234559,
    0xFF214458,0xFF1E4155,0xFF1D3D51,0xFF2B495E,0xFF224356,0xFF2C4759,0xFF344D5F,0xFF365161,
    0xFF364F5D,0xFF3C525F,0xFF3F535F,0xFF3B4F5A,0xFF354954,0xFF384C57,0xFF3A4C58,0xFF354753,
    0xFF384A56,0xFF374A55,0xFF2D4551,0xFF19394A,0xFF224253,0xFF203E4C,0xFF1A3B4B,0xFF1A3B4B,
    0xFF1B3C4C,0xFF143848,0xFF143A4C,0xFF13394A,0xFF14394B,0xFF143A4D,0xFF13384B,0xFF183B4C,
    0xFF1D3E4D,0xFF1D3E4F,0xFF1D3E50,0xFF1E3F50,0xFF1C3E4F,0xFF1B3E51,0xFF1A3D50,0xFF193C4F,
    0xFF1A3D50,0xFF1A3E50,0xFF183C4F,0xFF1B3E51,0xFF1A3E50,0xFF183D50,0xFF1A3F52,0xFF1B4053,
    0xFF1B4156,0xFF184055,0xFF194155,0xFF1A4155,0xFF1B4156,0xFF1B4156,0xFF1A4156,0xFF1C4357,
    0xFF1A4154,0xFF214257,0xFF224458,0xFF1B4255,0xFF1C4154,0xFF1F4458,0xFF204559,0xFF1E4255,
    0xFF25465B,0xFF274659,0xFF2F4B5D,0xFF2D4859,0xFF3D5362,0xFF495C68,0xFF384E5E,0xFF264558,
    0xFF2F4B5A,0xFF3A515D,0xFF2D4756,0xFF264351,0xFF2C4856,0xFF334C5B,0xFF2D4555,0xFF2F4858,
    0xFF2F4858,0xFF304758,0xFF2F495A,0xFF2B4656,0xFF314857,0xFF3A4D5B,0xFF3F505F,0xFF3A4C5A,
    0xFF3A4C5A,0xFF3A4C5A,0xFF3E4E5E,0xFF3C4C59,0xFF414E5B,0xFF45505B,0xFF4F5760,0xFF525661,
    0xFF4C4D59,0xFF555561,0xFF56555F,0xFF535058,0xFF585359,0xFF605960,0xFF62585C,0xFF635859,
    0xFF645758,0xFF6E5D5C,0xFF78625E,0xFF866963,0xFF947168,0xFF84655A,0xFF86665C,0xFF966455,
    0xFFBB765D,0xFFCD7C55,0xFFD58259,0xFFD07D55,0xFFD68158,0xFFE18054,0xFFE48150,0xFFE6824C,
    0xFFEB834C,0xFFF1844B,0xFFF68846,0xFFFB8C42,0xFFFC8C3D,0xFFFC8D34,0xFFFE962B,0xFFFB9B1E,
    0xFFFDA315,0xFFFEAB16,0xFFF9B111,0xFFFBBF05,0xFFFBC909,0xFFF9C801,0xFFFAC108,0xFFFDC00A,
    0xFFFCAF0B,0xFFFAA118,0xFFFC9B1D,0xFFFB8E2B,0xFFFE8C33,0xFFF58638,0xFFEF8140,0xFFE78048,
    0xFFDE7F4B,0xFFD87E50,0xFFD27F56,0xFFD18057,0xFFCE8057,0xFFC67E5B,0xFFC07F60,0xFFA7745F,
    0xFF775449,0xFF644C48,0xFF5E4A47,0xFF554642,0xFF4D4340,0xFF494543,0xFF494644,0xFF504846,
    0xFF4A4544,0xFF444242,0xFF464445,0xFF454245,0xFF464447,0xFF424044,0xFF434246,0xFF3B3C40,
    0xFF3A3E41,0xFF394042,0xFF383F43,0xFF2D393F,0xFF293940,0xFF2E3A43,0xFF2A3B43,0xFF20343E,
    0xFF1C323E,0xFF1A323F,0xFF17323D,0xFF15313C,0xFF15313C,0xFF193540,0xFF1A343F,0xFF18313D,
    0xFF1A3440,0xFF263B47,0xFF243A45,0xFF11323B,0xFF10303B,0xFF163340,0xFF16333E,0xFF16333F,
    0xFF13303C,0xFF142F3B,0xFF15313C,0xFF132F3A,0xFF1A343F,0xFF20353E,0xFF17323E,0xFF17303C,
    0xFF22353D,0xFF25353D,0xFF21333A,0xFF1F3339,0xFF1A3439,0xFF132B33,0xFF26343D,0xFF27363B,
    0xFF182C35,0xFF182E3A,0xFF1B313C,0xFF152B36,0xFF182E39,0xFF132B36,0xFF0B2833,0xFF082834,
    0xFF082D36,0xFF062B34,0xFF052B34,0xFF0D313A,0xFF0D2F39,0xFF062A34,0xFF062C35,0xFF002830,
    0xFF002B34,0xFF002B34,0xFF012C35,0xFF042D37,0xFF012933,0xFF022A34,0xFF052D37,0xFF022937,
    0xFF042B3A,0xFF032A39,0xFF032A39,0xFF002B37,0xFF052E38,0xFF0D313A,0xFF13363E,0xFF073137,
    0xFF0B343C,0xFF052E38,0xFF082F3A,0xFF11333C,0xFF1F3D45,0xFF284148,0xFF2B4348,0xFF324748,
    0xFF334C4E,0xFF173A42,0xFF07333C,0xFF1D3A42,0xFF294048,0xFF0C343D,0xFF0A333F,0xFF08303D,
    0xFF042F3B,0xFF02303A,0xFF04313B,0xFF04303D,0xFF022D3E,0xFF042F3F,0xFF04303D,0xFF05323F,
    0xFF032F3C,0xFF043240,0xFF01303F,0xFF01303E,0xFF02303F,0xFF012F3E,0xFF002F3E,0xFF012F3E,
    0xFF012F3E,0xFF01313F,0xFF04303E,0xFF173B49,0xFF21404D,0xFF294952,0xFF113745,0xFF0A3141,
    0xFF193E4B,0xFF123641,0xFF1C3E44,0xFF123B42,0xFF08333E,0xFF0F3744,0xFF123B48,0xFF103745,
    0xFF093442,0xFF043341,0xFF0D3B48,0xFF0B3946,0xFF164351,0xFF234E5C,0xFF264E5E,0xFF3B6170,
    0xFF54717C,0xFF4D6C77,0xFF40626E,0xFF466777,0xFF516D7E,0xFF5A757E,0xFF92A2A5,0xFF8C989C,
    0xFF809097,0xFF7D8C93,0xFF667C8A,0xFF54707F,0xFF6F8894,0xFF58737F,0xFF3E6070,0xFF355A6D,
    0xFF284D61,0xFF163F54,0xFF174158,0xFF19445A,0xFF1C4359,0xFF234459,0xFF2C4B5F,0xFF23475B,
    0xFF24485C,0xFF1D4255,0xFF1A3E52,0xFF1D4358,0xFF1F4457,0xFF2E4B5F,0xFF385465,0xFF3A5565,
    0xFF4A5F6E,0xFF455D69,0xFF405661,0xFF3D505B,0xFF374B56,0xFF394D58,0xFF3B4D5A,0xFF364854,
    0xFF384A56,0xFF364955,0xFF2C4753,0xFF17384A,0xFF1F4053,0xFF1D3C4C,0xFF173B4C,0xFF193C4D,
    0xFF173A4B,0xFF133849,0xFF123B4C,0xFF123A4A,0xFF123A4B,0xFF143A4C,0xFF13384C,0xFF173A4B,
    0xFF1E3F4F,0xFF204051,0xFF1D3F50,0xFF193E4E,0xFF193E4E,0xFF193E50,0xFF193E50,0xFF183C4E,
    0xFF193E50,0xFF193E50,0xFF173C4E,0xFF1B4052,0xFF1A3F51,0xFF193E51,0xFF1B4053,0xFF1B4052,
    0xFF194156,0xFF164156,0xFF184157,0xFF194258,0xFF1B4056,0xFF1C4256,0xFF1B4156,0xFF1D4458,
    0xFF1A4254,0xFF214257,0xFF23465A,0xFF194153,0xFF1A4154,0xFF1D4457,0xFF1F4659,0xFF1E4256,
    0xFF28475C,0xFF254559,0xFF27485B,0xFF2A475B,0xFF3E5363,0xFF415663,0xFF304C5C,0xFF25445A,
    0xFF304A5C,0xFF304A58,0xFF254454,0xFF254351,0xFF2B4755,0xFF314A59,0xFF2F4657,0xFF2D4859,
    0xFF2D4759,0xFF2D4759,0xFF2D4759,0xFF2C4657,0xFF314857,0xFF3A4D5B,0xFF3C4D5C,0xFF3A4C5A,
    0xFF3A4C5A,0xFF3B4D5B,0xFF3E4F5E,0xFF3B4B59,0xFF414F5B,0xFF45505B,0xFF545B65,0xFF535762,
    0xFF4C4D59,0xFF585864,0xFF59565F,0xFF544F56,0xFF5B555B,0xFF62585D,0xFF625658,0xFF655858,
    0xFF665858,0xFF75625E,0xFF836A62,0xFF93746B,0xFFA47D72,0xFF8C675E,0xFF8F685E,0xFFA4694F,
    0xFFDD8454,0xFFED9050,0xFFEA8D52,0xFFE18450,0xFFDE8253,0xFFE07F55,0xFFE4814D,0xFFE98543,
    0xFFF18B42,0xFFF1873E,0xFFF68B3E,0xFFFE9041,0xFFFD8E39,0xFFFB9028,0xFFFEA11B,0xFFFAAA10,
    0xFFF9AF10,0xFFFDBD0E,0xFFFACC09,0xFFFBD917,0xFFFAE331,0xFFF5E113,0xFFF9D91E,0xFFFBD615,
    0xFFF7C105,0xFFF6B00E,0xFFFCA910,0xFFFC9B1B,0xFFFF9227,0xFFFB8C2D,0xFFF68435,0xFFF0823D,
    0xFFE67F43,0xFFE2814C,0xFFDC8053,0xFFD78055,0xFFD07E55,0xFFCE805B,0xFFCC825F,0xFFBE7C61,
    0xFF9C6753,0xFF8C6052,0xFF875D4D,0xFF745044,0xFF5F473F,0xFF4C4341,0xFF474646,0xFF4E4744,
    0xFF4B4644,0xFF464344,0xFF454445,0xFF444346,0xFF454346,0xFF434144,0xFF464548,0xFF3E3F43,
    0xFF3C4043,0xFF3B4245,0xFF3B4246,0xFF2F3C41,0xFF293940,0xFF2F3B44,0xFF2D3D46,0xFF253742,
    0xFF1F3240,0xFF1D3441,0xFF17333E,0xFF16323D,0xFF15313C,0xFF1C3641,0xFF1F3641,0xFF1F3641,
    0xFF223A45,0xFF243A44,0xFF233C46,0xFF0F313A,0xFF0F303B,0xFF13333F,0xFF12323D,0xFF153540,
    0xFF13333E,0xFF12313C,0xFF12303B,0xFF12303B,0xFF15323D,0xFF1C3440,0xFF1B3540,0xFF16303B,
    0xFF1E3440,0xFF22343D,0xFF23343E,0xFF1E343C,0xFF17343A,0xFF122D33,0xFF25363D,0xFF25363B,
    0xFF192E36,0xFF182E3A,0xFF1A303B,0xFF162C37,0xFF1C323D,0xFF132C37,0xFF0F2C37,0xFF082935,
    0xFF082D36,0xFF072D36,0xFF072C35,0xFF11353E,0xFF0C2E38,0xFF052932,0xFF062B34,0xFF012A32,
    0xFF002C35,0xFF002B34,0xFF002C35,0xFF032D37,0xFF012933,0xFF022A34,0xFF062E38,0xFF022A37,
    0xFF042B3A,0xFF032A39,0xFF022A39,0xFF012D38,0xFF063039,0xFF0E333B,0xFF14373F,0xFF042F35,
    0xFF09343B,0xFF05303A,0xFF08303B,0xFF143740,0xFF224048,0xFF264148,0xFF2E4549,0xFF304546,
    0xFF2A4648,0xFF0F383F,0xFF05343D,0xFF193942,0xFF1F3842,0xFF06323A,0xFF04313E,0xFF04303E,
    0xFF03303C,0xFF02313B,0xFF00303B,0xFF01303E,0xFF022E3F,0xFF053142,0xFF03313E,0xFF02303D,
    0xFF012F3C,0xFF03323F,0xFF00303E,0xFF023240,0xFF023240,0xFF00303E,0xFF00303E,0xFF00303E,
    0xFF00303E,0xFF00313F,0xFF04323F,0xFF1C404D,0xFF274451,0xFF26464F,0xFF0E3543,0xFF0E3544,
    0xFF1E4350,0xFF133743,0xFF163941,0xFF0D383F,0xFF073440,0xFF0E3645,0xFF0D3845,0xFF093442,
    0xFF043341,0xFF093A48,0xFF1A4B58,0xFF144553,0xFF26505F,0xFF395E6F,0xFF365B6E,0xFF496A7D,
    0xFF6E8591,0xFF687F8B,0xFF597381,0xFF587283,0xFF5E7A8B,0xFF55717A,0xFF95A4A5,0xFF929DA0,
    0xFF8A98A0,0xFF88979D,0xFF708692,0xFF4F6C7B,0xFF778E98,0xFF7C8C96,0xFF64798B,0xFF4F6F81,
    0xFF3C6172,0xFF1D465A,0xFF224F66,0xFF19455C,0xFF1C445A,0xFF284B60,0xFF25475C,0xFF24495C,
    0xFF23495C,0xFF1C4255,0xFF1A4356,0xFF154255,0xFF184455,0xFF284A5D,0xFF3D5B6D,0xFF405A6A,
    0xFF5C6E7E,0xFF4F6773,0xFF3D545F,0xFF3B4E5A,0xFF394E59,0xFF3C505A,0xFF3F515C,0xFF384A56,
    0xFF384A56,0xFF354854,0xFF2D4855,0xFF15374A,0xFF1C3F52,0xFF1A3B4C,0xFF163B4D,0xFF193D50,
    0xFF14384B,0xFF12384A,0xFF113C4C,0xFF113B4B,0xFF103A4A,0xFF12394B,0xFF14394C,0xFF17394B,
    0xFF214151,0xFF234253,0xFF1D3F50,0xFF163D4C,0xFF173F4E,0xFF183E50,0xFF173D4F,0xFF163C4E,
    0xFF183F50,0xFF183F50,0xFF163D4E,0xFF1A4052,0xFF1A4052,0xFF1A3F52,0xFF1B4053,0xFF1B4052,
    0xFF184055,0xFF143F55,0xFF164056,0xFF184258,0xFF194056,0xFF194056,0xFF1A4056,0xFF1D4358,
    0xFF1A4254,0xFF214257,0xFF23465A,0xFF184153,0xFF194254,0xFF1C4557,0xFF1D4759,0xFF1E4356,
    0xFF28475B,0xFF224358,0xFF204459,0xFF2B475D,0xFF3C5062,0xFF394F5D,0xFF2C4B5B,0xFF25445A,
    0xFF2F495C,0xFF2B4655,0xFF234454,0xFF254452,0xFF2B4755,0xFF304958,0xFF2F4757,0xFF2C475A,
    0xFF2A4659,0xFF2B4659,0xFF2C4759,0xFF2C4757,0xFF314857,0xFF3A4D5B,0xFF394A59,0xFF394B59,
    0xFF3A4B59,0xFF3B4D5B,0xFF3E4F5E,0xFF3B4A59,0xFF43505D,0xFF444F5A,0xFF585F69,0xFF515661,
    0xFF4B4C57,0xFF62616C,0xFF5E5B62,0xFF595359,0xFF665D62,0xFF655B5E,0xFF695D5E,0xFF6C5E5D,
    0xFF6B5B5A,0xFF78625F,0xFF896C65,0xFF9B796F,0xFFA98174,0xFF936860,0xFF96685C,0xFFBB7552,
    0xFFF58E49,0xFFFEA13B,0xFFFDA544,0xFFF39641,0xFFEB8B42,0xFFE5864A,0xFFE78A3F,0xFFF29835,
    0xFFFDA739,0xFFF6982C,0xFFF6922B,0xFFFC9633,0xFFFC9132,0xFFFC9725,0xFFFEAE16,0xFFFAB80D,
    0xFFF8CA12,0xFFF5DA0E,0xFFF7EA2A,0xFFF9F36B,0xFFFEF882,0xFFF8F34C,0xFFFDEF5A,0xFFFFEC46,
    0xFFFBD914,0xFFF9C611,0xFFFFBE10,0xFFFBA713,0xFFFF9C22,0xFFFD9628,0xFFFC8C30,0xFFF68437,
    0xFFEB7E3D,0xFFE98348,0xFFE07E4E,0xFFD77F55,0xFFD07F57,0xFFCF805B,0xFFD0835F,0xFFCA7F5F,
    0xFFB9755A,0xFFB17256,0xFFBE7A5A,0xFFC47B58,0xFFA56A4E,0xFF6F4D3D,0xFF574641,0xFF494240,
    0xFF4B4546,0xFF494546,0xFF474344,0xFF464344,0xFF444145,0xFF434143,0xFF46464A,0xFF404246,
    0xFF3D4144,0xFF3E4547,0xFF40474B,0xFF323E44,0xFF293940,0xFF2E3B44,0xFF2F3D47,0xFF293A45,
    0xFF223442,0xFF213543,0xFF19353F,0xFF17333E,0xFF16333E,0xFF1D3742,0xFF233843,0xFF253B46,
    0xFF253C47,0xFF223742,0xFF233D47,0xFF0D3139,0xFF0C2F3A,0xFF12323E,0xFF10313C,0xFF13333E,
    0xFF13333E,0xFF11333E,0xFF0E2F3B,0xFF10313D,0xFF10313D,0xFF16313E,0xFF1D3642,0xFF152F3B,
    0xFF17323E,0xFF1D333C,0xFF24343E,0xFF1C333B,0xFF143339,0xFF122D34,0xFF24363D,0xFF24363B,
    0xFF1A2F37,0xFF182E39,0xFF182E39,0xFF182E39,0xFF203641,0xFF142D37,0xFF122F3A,0xFF0A2A36,
    0xFF062C35,0xFF032D35,0xFF072D36,0xFF153641,0xFF0A2D39,0xFF022833,0xFF052D37,0xFF032C37,
    0xFF002938,0xFF002937,0xFF012B39,0xFF022B37,0xFF012832,0xFF032B35,0xFF072F39,0xFF012A34,
    0xFF032E37,0xFF032E37,0xFF012B35,0xFF032D38,0xFF09313B,0xFF11373F,0xFF133941,0xFF062E38,
    0xFF0E3640,0xFF08303A,0xFF0B313B,0xFF1A3B44,0xFF20404A,0xFF1E3F48,0xFF28444C,0xFF243F45,
    0xFF1B3F46,0xFF0C393F,0xFF07343C,0xFF0F3942,0xFF0D363F,0xFF053039,0xFF02313E,0xFF01303F,
    0xFF00303E,0xFF023240,0xFF002F3D,0xFF01313F,0xFF00303E,0xFF043442,0xFF023240,0xFF00303E,
    0xFF01313F,0xFF01323F,0xFF002F3D,0xFF063242,0xFF043442,0xFF002F3D,0xFF00303E,0xFF00303E,
    0xFF00303F,0xFF02303E,0xFF09333F,0xFF21444C,0xFF2A494F,0xFF1D404B,0xFF0A353F,0xFF0E3741,
    0xFF1F424F,0xFF113547,0xFF0F3747,0xFF093544,0xFF043440,0xFF043640,0xFF053740,0xFF063741,
    0xFF0C3F4B,0xFF234F5A,0xFF3F6572,0xFF265465,0xFF39626D,0xFF4F7480,0xFF466B7B,0xFF527282,
    0xFF8698A0,0xFF85939A,0xFF738893,0xFF688190,0xFF627F8A,0xFF52707B,0xFF949FA9,0xFF8A999E,
    0xFF8D9CA4,0xFF8F9DA3,0xFF82959F,0xFF4F6F7D,0xFF6F8A95,0xFF8F9BA4,0xFF80909F,0xFF69838F,
    0xFF587882,0xFF325A66,0xFF396573,0xFF1D495B,0xFF19485A,0xFF36586E,0xFF204A5C,0xFF285263,
    0xFF20485D,0xFF1B4658,0xFF27525F,0xFF264F5E,0xFF184658,0xFF20495A,0xFF416678,0xFF446270,
    0xFF697E88,0xFF607885,0xFF3E5663,0xFF334B5A,0xFF374F5C,0xFF3F4F57,0xFF46545B,0xFF3A4B55,
    0xFF354A56,0xFF304856,0xFF2B4654,0xFF133644,0xFF1C3F4F,0xFF193A4D,0xFF153A4D,0xFF183D50,
    0xFF113548,0xFF13384B,0xFF153B4E,0xFF13394C,0xFF11374A,0xFF13384B,0xFF163B4E,0xFF183A4B,
    0xFF284152,0xFF264152,0xFF1C404F,0xFF163D4E,0xFF193D51,0xFF173D50,0xFF163C4F,0xFF153C4E,
    0xFF183D51,0xFF183C52,0xFF173C51,0xFF1A3E54,0xFF1B4055,0xFF193F54,0xFF1A4055,0xFF1A4054,
    0xFF184058,0xFF143E57,0xFF154256,0xFF164457,0xFF134056,0xFF15415A,0xFF184259,0xFF1D4357,
    0xFF1B4156,0xFF1D4257,0xFF21475C,0xFF1A4055,0xFF1B3F55,0xFF1F4359,0xFF20445B,0xFF204457,
    0xFF254959,0xFF204454,0xFF204455,0xFF2F4E5E,0xFF344F5E,0xFF314D5B,0xFF2D4A58,0xFF274456,
    0xFF2B495D,0xFF234358,0xFF204358,0xFF224255,0xFF2A4759,0xFF2E495A,0xFF2E4857,0xFF2C4857,
    0xFF264756,0xFF274659,0xFF2C455A,0xFF2D4656,0xFF314857,0xFF3A4D5B,0xFF384B5B,0xFF384A5D,
    0xFF39495A,0xFF3D4D5C,0xFF3D4E5E,0xFF394A59,0xFF44525E,0xFF434E5A,0xFF59626B,0xFF4C565F,
    0xFF4B4D54,0xFF767174,0xFF615D66,0xFF695E61,0xFF7E7070,0xFF736868,0xFF7C6E6B,0xFF866F69,
    0xFF7D6562,0xFF7A625E,0xFF8C7067,0xFF9E7C70,0xFFA98272,0xFF8F695C,0xFFA46951,0xFFE08554,
    0xFFFD9F3B,0xFFFFB52F,0xFFFFBF37,0xFFF8AF32,0xFFF8A234,0xFFF59C31,0xFFF5A936,0xFFF7BD34,
    0xFFFECE48,0xFFF9BE36,0xFFF7A721,0xFFFBA725,0xFFFAA225,0xFFFDA71A,0xFFFEC51B,0xFFF7D222,
    0xFFFAE830,0xFFF7EF4C,0xFFFBFA92,0xFFFAFEC8,0xFFFFFDD3,0xFFFCFCA3,0xFFFDFBB0,0xFFFEFD9A,
    0xFFFAEF54,0xFFF6E32E,0xFFFEDA29,0xFFF8BE18,0xFFFDBA20,0xFFF9BD26,0xFFFDAC28,0xFFFD9229,
    0xFFF5862F,0xFFF58B3D,0xFFE27D4B,0xFFD87B58,0xFFD07D58,0xFFCF7E57,0xFFD37E57,0xFFD77E57,
    0xFFD78359,0xFFDB8554,0xFFF19257,0xFFF59B56,0xFFE58F50,0xFFBD794F,0xFF875D4D,0xFF4B3B3D,
    0xFF474147,0xFF494347,0xFF4A4340,0xFF484340,0xFF453F44,0xFF404146,0xFF414649,0xFF414447,
    0xFF3E4245,0xFF414549,0xFF454A4C,0xFF394145,0xFF2E3940,0xFF2C3B44,0xFF2E3F47,0xFF2A3C44,
    0xFF253843,0xFF223843,0xFF1E3843,0xFF1A3540,0xFF17343F,0xFF1D3943,0xFF223943,0xFF233B45,
    0xFF263F48,0xFF223542,0xFF253D49,0xFF0B323B,0xFF0A313D,0xFF0E323E,0xFF0D313C,0xFF0E323E,
    0xFF113440,0xFF0F333F,0xFF0C303C,0xFF0D313D,0xFF0E313D,0xFF11303B,0xFF193742,0xFF12313C,
    0xFF15333F,0xFF1C343E,0xFF21383D,0xFF16333A,0xFF11303B,0xFF152D38,0xFF20353F,0xFF22363D,
    0xFF1E333C,0xFF182F3A,0xFF192F3A,0xFF1A303B,0xFF253A40,0xFF142D37,0xFF14313D,0xFF0F2934,
    0xFF042C34,0xFF012D33,0xFF062D36,0xFF143640,0xFF072C38,0xFF022933,0xFF042D37,0xFF012C37,
    0xFF002938,0xFF002A37,0xFF012B39,0xFF032C38,0xFF022A34,0xFF042C36,0xFF08303A,0xFF012C35,
    0xFF053039,0xFF032E37,0xFF032E38,0xFF06303C,0xFF0D353F,0xFF163C44,0xFF153B43,0xFF06303A,
    0xFF133D46,0xFF07323B,0xFF0B323B,0xFF1D4048,0xFF1A3D46,0xFF173B44,0xFF21414A,0xFF1D3C44,
    0xFF143C43,0xFF09373E,0xFF05323C,0xFF09353F,0xFF06323C,0xFF032F3A,0xFF02313F,0xFF00303E,
    0xFF00303E,0xFF023240,0xFF01313F,0xFF023240,0xFF01313F,0xFF063644,0xFF023240,0xFF00303E,
    0xFF01313F,0xFF00323F,0xFF00303E,0xFF0D3848,0xFF073644,0xFF00303D,0xFF013240,0xFF01313F,
    0xFF033341,0xFF063442,0xFF0F3843,0xFF22474F,0xFF25474D,0xFF143A46,0xFF093740,0xFF0D3842,
    0xFF173E4B,0xFF093545,0xFF083544,0xFF043543,0xFF033442,0xFF083947,0xFF0C3E4B,0xFF114350,
    0xFF2F5D6A,0xFF4D6E7A,0xFF65818E,0xFF3F6577,0xFF547582,0xFF6B8893,0xFF5F7B8B,0xFF567384,
    0xFF8A9BA3,0xFF949FA4,0xFF8C9BA2,0xFF768995,0xFF64818C,0xFF4F6F7B,0xFF8D9CA8,0xFF768A91,
    0xFF81939B,0xFF919EA3,0xFF92A1A9,0xFF51747F,0xFF5E808B,0xFF8997A3,0xFF8E9BAA,0xFF778D99,
    0xFF6D8893,0xFF4C6B77,0xFF5A7C89,0xFF275060,0xFF204E5D,0xFF506F84,0xFF244D5C,0xFF2B5B68,
    0xFF1A455A,0xFF1E455A,0xFF496D7A,0xFF466B77,0xFF234F60,0xFF184253,0xFF507383,0xFF506C78,
    0xFF6E838C,0xFF758894,0xFF526774,0xFF304A5A,0xFF314B59,0xFF3C4F58,0xFF44545B,0xFF3C4E57,
    0xFF304754,0xFF2A4554,0xFF274452,0xFF113644,0xFF173C4E,0xFF17394C,0xFF153A4D,0xFF163B4E,
    0xFF103548,0xFF14394C,0xFF153B4E,0xFF13394C,0xFF11374A,0xFF14394C,0xFF163D4F,0xFF193D4E,
    0xFF284254,0xFF264353,0xFF1C4251,0xFF143C4D,0xFF183C50,0xFF153B4E,0xFF163C4F,0xFF163C4F,
    0xFF173C50,0xFF173B51,0xFF193D53,0xFF1A3E54,0xFF1A4055,0xFF163E53,0xFF184055,0xFF173F53,
    0xFF163F56,0xFF143E56,0xFF164255,0xFF1A4557,0xFF123F55,0xFF164158,0xFF1B4358,0xFF1C4257,
    0xFF194256,0xFF1A4357,0xFF20485C,0xFF194055,0xFF1B3F55,0xFF1E4258,0xFF1F435A,0xFF204458,
    0xFF234658,0xFF204355,0xFF1F4355,0xFF315262,0xFF304E5D,0xFF2C4A59,0xFF2D4A59,0xFF264455,
    0xFF27475A,0xFF1F4156,0xFF1F4359,0xFF234357,0xFF2B485B,0xFF2D4858,0xFF2E4756,0xFF2D4857,
    0xFF244555,0xFF274659,0xFF2C465A,0xFF2F4757,0xFF324857,0xFF394C59,0xFF384C5C,0xFF374A5C,
    0xFF384959,0xFF3E4E5D,0xFF3F4E5E,0xFF3A4958,0xFF44505C,0xFF424D57,0xFF606A70,0xFF4A545C,
    0xFF54565B,0xFF847D7F,0xFF625C62,0xFF7F7271,0xFF948280,0xFF857773,0xFF958576,0xFFA28C7B,
    0xFF917D71,0xFF7A685C,0xFF8C7667,0xFF9A7D6D,0xFF9F7D6C,0xFF916155,0xFFC47648,0xFFF99D44,
    0xFFFDB835,0xFFFFCB2F,0xFFFFD232,0xFFFCC92D,0xFFFEC32F,0xFFFAC12D,0xFFFDD14A,0xFFFDDE57,
    0xFFFFEC6E,0xFFFDE052,0xFFFBC92D,0xFFFBC41B,0xFFF7BF14,0xFFF8C317,0xFFFEDE37,0xFFFAE853,
    0xFFFFF58E,0xFFFFF8BD,0xFFFFFCE3,0xFFFEF9F9,0xFFFEFAFB,0xFFFFFEE4,0xFFFEFBEF,0xFFFFFCE1,
    0xFFFFF8B6,0xFFFEF48E,0xFFFFEF66,0xFFFBDD2A,0xFFFCDC31,0xFFFFE149,0xFFFFD236,0xFFFAB31B,
    0xFFF79F1D,0xFFFB9D30,0xFFED8240,0xFFE1764D,0xFFD8784C,0xFFD97C47,0xFFE4824A,0xFFEE8B47,
    0xFFF1934A,0xFFF39546,0xFFFFA047,0xFFFEA445,0xFFFBA043,0xFFF09C4F,0xFFC98954,0xFF7F593E,
    0xFF584337,0xFF443E3E,0xFF414143,0xFF43454A,0xFF3F424B,0xFF3F4146,0xFF424547,0xFF3F4347,
    0xFF3E4246,0xFF404347,0xFF43484A,0xFF3D4548,0xFF303C42,0xFF2C3B44,0xFF2E3F47,0xFF2A3C45,
    0xFF263A44,0xFF233944,0xFF203945,0xFF1B3641,0xFF193741,0xFF1B3842,0xFF1D3740,0xFF203B44,
    0xFF243F48,0xFF203642,0xFF233C48,0xFF0F323D,0xFF0A313D,0xFF0C313E,0xFF0D313D,0xFF0C303C,
    0xFF0F333F,0xFF0F333F,0xFF0D313D,0xFF0D313D,0xFF0E323E,0xFF0F2F3B,0xFF163642,0xFF11323E,
    0xFF13323E,0xFF18323C,0xFF1F373D,0xFF15343B,0xFF11303B,0xFF132D3A,0xFF1C343F,0xFF1E333B,
    0xFF1E343D,0xFF1B323C,0xFF1B323C,0xFF19313B,0xFF273C42,0xFF162F39,0xFF14313D,0xFF122B36,
    0xFF022C33,0xFF002D33,0xFF052F36,0xFF11353F,0xFF052B36,0xFF012933,0xFF012D36,0xFF012C37,
    0xFF002A39,0xFF002937,0xFF012A39,0xFF022C38,0xFF022A34,0xFF052D37,0xFF0A323C,0xFF032C36,
    0xFF07323B,0xFF053039,0xFF07323B,0xFF09333F,0xFF0E3640,0xFF193E47,0xFF173D45,0xFF08333C,
    0xFF133E47,0xFF07333C,0xFF09333C,0xFF183F48,0xFF123942,0xFF113842,0xFF183D46,0xFF133842,
    0xFF0F3843,0xFF05333F,0xFF03303C,0xFF04313D,0xFF032F3C,0xFF022F3B,0xFF033240,0xFF01313E,
    0xFF00303E,0xFF023240,0xFF013240,0xFF01313F,0xFF023240,0xFF053644,0xFF023240,0xFF00303E,
    0xFF01313F,0xFF013340,0xFF01303E,0xFF113C4C,0xFF083846,0xFF00303E,0xFF023240,0xFF01313F,
    0xFF073745,0xFF0A3744,0xFF143E4A,0xFF1C444D,0xFF183F48,0xFF0C3744,0xFF093742,0xFF0A3743,
    0xFF0B3A46,0xFF033543,0xFF043744,0xFF003542,0xFF0C3C4B,0xFF255061,0xFF2E5A6B,0xFF2D5A6B,
    0xFF597C8A,0xFF778C98,0xFF8496A4,0xFF577787,0xFF6A8493,0xFF8194A0,0xFF788C9A,0xFF5C7789,
    0xFF7D919D,0xFF8F9BA1,0xFF9AA6AA,0xFF7B8992,0xFF698591,0xFF507281,0xFF7A8F9F,0xFF5A7882,
    0xFF637D88,0xFF85989E,0xFF95A5AD,0xFF52757F,0xFF527985,0xFF718695,0xFF909FAE,0xFF748996,
    0xFF758D99,0xFF667C89,0xFF8096A3,0xFF416271,0xFF2F5866,0xFF688294,0xFF345867,0xFF316371,
    0xFF17475B,0xFF1A4156,0xFF678392,0xFF6E8A95,0xFF3A6071,0xFF133F50,0xFF577A87,0xFF5A7580,
    0xFF687F8A,0xFF7D8F98,0xFF687D88,0xFF375261,0xFF2C4859,0xFF374E5A,0xFF3E5259,0xFF384F59,
    0xFF274350,0xFF244252,0xFF214352,0xFF0D3645,0xFF123C4D,0xFF14384C,0xFF12394C,0xFF143B4E,
    0xFF0E3548,0xFF133A4D,0xFF153B4E,0xFF13394C,0xFF11374A,0xFF15394D,0xFF183E51,0xFF183F4E,
    0xFF234252,0xFF264554,0xFF1C4351,0xFF123C4D,0xFF163B4E,0xFF13394C,0xFF163C4F,0xFF173D50,
    0xFF153B4F,0xFF153C51,0xFF1B4257,0xFF194055,0xFF184054,0xFF143E52,0xFF164054,0xFF153E52,
    0xFF144055,0xFF123E53,0xFF1D4759,0xFF2A5263,0xFF113D53,0xFF22495D,0xFF2E5263,0xFF1C4357,
    0xFF194357,0xFF1A4458,0xFF1E485B,0xFF184256,0xFF1A4156,0xFF1B4257,0xFF1B4357,0xFF1D4458,
    0xFF204558,0xFF1D4255,0xFF1E4356,0xFF2D4F60,0xFF2A4959,0xFF294859,0xFF2B4A5B,0xFF254455,
    0xFF244558,0xFF1D4155,0xFF1E4358,0xFF244458,0xFF2B495B,0xFF2B4657,0xFF2D4756,0xFF2E4A59,
    0xFF264756,0xFF274658,0xFF2B4459,0xFF2C4556,0xFF314756,0xFF374A58,0xFF3A4E5D,0xFF374A59,
    0xFF384957,0xFF41515E,0xFF42515E,0xFF3D4957,0xFF444F5A,0xFF424C55,0xFF697177,0xFF4B535A,
    0xFF656569,0xFF8A8181,0xFF6D6566,0xFF93837D,0xFF9E8A83,0xFF93817C,0xFFA28B82,0xFFB09688,
    0xFFA28B80,0xFF846E66,0xFF8E736A,0xFF9F7A6F,0xFFA4786D,0xFFAD6C55,0xFFE9923D,0xFFFFB127,
    0xFFFACE29,0xFFFADA28,0xFFFFE028,0xFFFCDD25,0xFFFBDC29,0xFFFBE143,0xFFFFED70,0xFFFEF388,
    0xFFFEF69F,0xFFFEF390,0xFFFFEA6D,0xFFFCE04D,0xFFF9DE46,0xFFF9E459,0xFFFFF389,0xFFFEF6B3,
    0xFFFEF9DF,0xFFFEFAF7,0xFFFFF9FE,0xFFFFF9FF,0xFFFEFBFC,0xFFFDFDF7,0xFFFCFAFE,0xFFFDFBFB,
    0xFFFFFAEF,0xFFFEFCDE,0xFFFFF9B3,0xFFF7ED69,0xFFFAF375,0xFFFFF794,0xFFFEF177,0xFFFAD93A,
    0xFFF5C21C,0xFFFCB82C,0xFFF69233,0xFFEB7D3A,0xFFE5813A,0xFFED8D3B,0xFFF8943B,0xFFFE9B39,
    0xFFFD9D3C,0xFFFC9E3B,0xFFFFA63C,0xFFFFA83D,0xFFFFA53D,0xFFFFA341,0xFFF89F4C,0xFFDB894B,
    0xFFB3754E,0xFF7E584A,0xFF554341,0xFF3D3F43,0xFF3A444E,0xFF3F4146,0xFF414245,0xFF3B4147,
    0xFF3B4146,0xFF3D4247,0xFF404548,0xFF3E4549,0xFF343F46,0xFF2D3C45,0xFF2E3F46,0xFF2A3B44,
    0xFF273A44,0xFF233944,0xFF203945,0xFF1D3843,0xFF1A3842,0xFF193741,0xFF1A3541,0xFF1E3944,
    0xFF213D48,0xFF1C3843,0xFF1F3B46,0xFF143540,0xFF0C303E,0xFF0C313D,0xFF0D313D,0xFF0B303C,
    0xFF0F333F,0xFF0E313E,0xFF0E323E,0xFF0D313D,0xFF0E323E,0xFF0E2F3D,0xFF123341,0xFF11323F,
    0xFF0F313F,0xFF11303B,0xFF1C373E,0xFF17353E,0xFF0E2F3B,0xFF112E3B,0xFF193440,0xFF19333C,
    0xFF1B343D,0xFF1B353E,0xFF1B343E,0xFF18323B,0xFF2A3F45,0xFF16303A,0xFF13303C,0xFF142D38,
    0xFF012C33,0xFF002D33,0xFF032F35,0xFF0C313A,0xFF032B35,0xFF002A33,0xFF002D35,0xFF012D37,
    0xFF012B3A,0xFF002938,0xFF012B39,0xFF032C37,0xFF042C36,0xFF0A323C,0xFF0F3741,0xFF07313A,
    0xFF0A353F,0xFF08333C,0xFF0E3942,0xFF0C3642,0xFF103742,0xFF1C4149,0xFF183E46,0xFF08343D,
    0xFF0E3A43,0xFF06333C,0xFF07333C,0xFF113C45,0xFF0C3741,0xFF0C3741,0xFF0F3944,0xFF0A3541,
    0xFF073442,0xFF01303F,0xFF02303F,0xFF03323F,0xFF01303E,0xFF01303D,0xFF033341,0xFF01313F,
    0xFF023240,0xFF033341,0xFF01313F,0xFF01313F,0xFF033341,0xFF033341,0xFF01313F,0xFF01313F,
    0xFF033341,0xFF023341,0xFF023240,0xFF154050,0xFF083846,0xFF00303E,0xFF02313F,0xFF043442,
    0xFF0D3D4B,0xFF0F3A47,0xFF17424E,0xFF143E4A,0xFF0F3A46,0xFF063844,0xFF073643,0xFF083744,
    0xFF023743,0xFF013643,0xFF0D3F4D,0xFF124452,0xFF305A68,0xFF50717F,0xFF577987,0xFF507382,
    0xFF738D9A,0xFF8997A1,0xFF92A1AB,0xFF64828F,0xFF718999,0xFF8B99A3,0xFF8699A2,0xFF618193,
    0xFF668496,0xFF80929C,0xFF9CA9AF,0xFF7F8C94,0xFF6D8794,0xFF4F7385,0xFF637F93,0xFF3D6677,
    0xFF3D6677,0xFF6A8590,0xFF8A9FAC,0xFF547480,0xFF5B7F8E,0xFF547082,0xFF859DAA,0xFF65808B,
    0xFF708A96,0xFF728691,0xFF92A2AD,0xFF637F8C,0xFF496C78,0xFF728697,0xFF516E7C,0xFF3F6B7B,
    0xFF184A5D,0xFF123D51,0xFF708897,0xFF8B9EA8,0xFF56798A,0xFF1B4658,0xFF486C7A,0xFF5B7A88,
    0xFF4D6C7C,0xFF788E9A,0xFF728690,0xFF415B6A,0xFF2B495C,0xFF304B5B,0xFF364E56,0xFF334E58,
    0xFF1F3E4C,0xFF1F4051,0xFF1C4051,0xFF0A3746,0xFF0C394B,0xFF10394B,0xFF113A4C,0xFF133C4E,
    0xFF0D3748,0xFF133A4D,0xFF14394C,0xFF13394C,0xFF12384B,0xFF183B4F,0xFF183E51,0xFF153F4E,
    0xFF1D414F,0xFF214351,0xFF18414F,0xFF123D4D,0xFF143C4E,0xFF143A4D,0xFF153B4E,0xFF1A3F52,
    0xFF163C50,0xFF164053,0xFF1B4458,0xFF174054,0xFF164154,0xFF133F52,0xFF154154,0xFF143F52,
    0xFF134154,0xFF133F51,0xFF234A5C,0xFF3F6274,0xFF103C54,0xFF294D5E,0xFF547482,0xFF21495D,
    0xFF164255,0xFF1B4659,0xFF1A4658,0xFF184356,0xFF184256,0xFF184255,0xFF194356,0xFF1A4257,
    0xFF1D4458,0xFF1A4156,0xFF1D4459,0xFF25485C,0xFF254556,0xFF274759,0xFF28495B,0xFF254758,
    0xFF204456,0xFF1C4156,0xFF1C4357,0xFF244458,0xFF294759,0xFF2A4556,0xFF2F4857,0xFF35515F,
    0xFF264756,0xFF254457,0xFF2B4559,0xFF2C4556,0xFF314756,0xFF374A58,0xFF3B505E,0xFF354856,
    0xFF384A57,0xFF4C5D66,0xFF465460,0xFF46515D,0xFF49535C,0xFF434B53,0xFF71767B,0xFF545A61,
    0xFF6D6C6F,0xFF918785,0xFF7D726F,0xFF9E8B81,0xFFA38D80,0xFF9A857E,0xFFA38784,0xFFB59085,
    0xFFB28D7D,0xFF9C7468,0xFF9F6F63,0xFFB97F69,0xFFBF7C5F,0xFFD78848,0xFFFCB331,0xFFFCC31F,
    0xFFFCD723,0xFFF9DF22,0xFFFFE326,0xFFFDE227,0xFFFBE632,0xFFFDED60,0xFFFFF18C,0xFFFDF69D,
    0xFFFCF8B2,0xFFFFF6B6,0xFFFFF6A8,0xFFFFF4A3,0xFFFFF6A6,0xFFFFF9B4,0xFFFFFAD0,0xFFFFF8EB,
    0xFFFCFBF1,0xFFFBFCF4,0xFFFEFCF8,0xFFFEFCF4,0xFFFCFEF0,0xFFFCFDF6,0xFFFCFDF6,0xFFFCFEF4,
    0xFFFFFDF5,0xFFFDFDEF,0xFFFDF9DE,0xFFFBF6B2,0xFFFCFBBC,0xFFFDFBCB,0xFFFEFAB4,0xFFFEF079,
    0xFFFBE346,0xFFFFDE44,0xFFFBB837,0xFFEF9B2B,0xFFF1A32D,0xFFFBB033,0xFFFEB02F,0xFFFEB432,
    0xFFFFB037,0xFFFFAD38,0xFFFFB339,0xFFFBAF39,0xFFFDAD3C,0xFFFEAC3F,0xFFFFA740,0xFFFF9F46,
    0xFFF59A51,0xFFD68B5B,0xFFA66F52,0xFF594437,0xFF373D41,0xFF3E4148,0xFF3D3F44,0xFF384047,
    0xFF384046,0xFF3A4147,0xFF3D4346,0xFF3C4346,0xFF364147,0xFF2D3C45,0xFF2E3F46,0xFF2A3B44,
    0xFF253843,0xFF213742,0xFF1E3743,0xFF1E3944,0xFF1A3842,0xFF193641,0xFF183440,0xFF1C3844,
    0xFF1E3B46,0xFF1A3842,0xFF1C3A44,0xFF1B3744,0xFF103240,0xFF0D323E,0xFF0E323E,0xFF0B303C,
    0xFF0F333E,0xFF0C303C,0xFF0F333F,0xFF0D313D,0xFF0D313D,0xFF0D303F,0xFF0D303F,0xFF0F3241,
    0xFF0D313F,0xFF0D313C,0xFF18353D,0xFF193541,0xFF0E2E3D,0xFF0D2F3C,0xFF173641,0xFF16333D,
    0xFF17333C,0xFF19353D,0xFF17323B,0xFF16323B,0xFF2C4147,0xFF18313B,0xFF112F3B,0xFF16303A,
    0xFF002C34,0xFF002E34,0xFF022F36,0xFF072D37,0xFF022B35,0xFF002C35,0xFF002D35,0xFF012D37,
    0xFF012B39,0xFF002A38,0xFF022C3B,0xFF032C37,0xFF062E37,0xFF143B45,0xFF133B45,0xFF0C363F,
    0xFF0C3740,0xFF0E3942,0xFF123D47,0xFF0B3541,0xFF103842,0xFF1B4149,0xFF153C44,0xFF07363F,
    0xFF083740,0xFF05343C,0xFF06343E,0xFF0B3743,0xFF083440,0xFF08343F,0xFF083541,0xFF03313F,
    0xFF023140,0xFF013040,0xFF033342,0xFF033341,0xFF00303E,0xFF01313F,0xFF033341,0xFF01313F,
    0xFF043442,0xFF033341,0xFF01313F,0xFF023240,0xFF033341,0xFF023240,0xFF00303E,0xFF033341,
    0xFF053443,0xFF013240,0xFF083745,0xFF184353,0xFF093947,0xFF00313E,0xFF033341,0xFF083846,
    0xFF0E3F4D,0xFF0F3B47,0xFF17424E,0xFF0B3745,0xFF073543,0xFF023844,0xFF043341,0xFF043543,
    0xFF023945,0xFF174A57,0xFF336270,0xFF3B6676,0xFF587A89,0xFF718A95,0xFF758F9A,0xFF6B8691,
    0xFF7C939E,0xFF84939B,0xFF92A1A9,0xFF668590,0xFF6B8796,0xFF8C9BA3,0xFF889CA2,0xFF5D8393,
    0xFF446A82,0xFF678191,0xFF94A7AF,0xFF84939C,0xFF6C8594,0xFF42697B,0xFF527589,0xFF316275,
    0xFF1F5268,0xFF426678,0xFF6B8799,0xFF4E6C7C,0xFF668698,0xFF406275,0xFF6B8E98,0xFF50737D,
    0xFF64828D,0xFF778D95,0xFF96A6AC,0xFF829AA5,0xFF65848F,0xFF6E808F,0xFF66808C,0xFF4D7283,
    0xFF1D4F61,0xFF053748,0xFF5F7A86,0xFF96A5AD,0xFF628292,0xFF2A5667,0xFF305867,0xFF577C8E,
    0xFF2D5367,0xFF607C8C,0xFF738892,0xFF516A7A,0xFF325164,0xFF2E4C5C,0xFF2D4953,0xFF2C4A55,
    0xFF193A49,0xFF1B3F50,0xFF163E4F,0xFF093847,0xFF0A384A,0xFF0E394D,0xFF103B4C,0xFF113D4E,
    0xFF0C3849,0xFF113A4C,0xFF11384B,0xFF133A4D,0xFF12384B,0xFF1A3D51,0xFF163C4F,0xFF143E4D,
    0xFF19404E,0xFF1B3E4D,0xFF16404E,0xFF113E4E,0xFF153C4F,0xFF163C4F,0xFF163D4F,0xFF193F52,
    0xFF173F52,0xFF174355,0xFF184356,0xFF154053,0xFF144053,0xFF123F52,0xFF144154,0xFF123F52,
    0xFF134154,0xFF154152,0xFF244A5B,0xFF567586,0xFF164058,0xFF1F4253,0xFF708E9A,0xFF31596D,
    0xFF0E3B4F,0xFF174457,0xFF164356,0xFF164255,0xFF164154,0xFF164154,0xFF174255,0xFF184255,
    0xFF184255,0xFF194256,0xFF1C4559,0xFF1F4357,0xFF224457,0xFF25475A,0xFF26475A,0xFF26495A,
    0xFF1E4254,0xFF194154,0xFF1A4256,0xFF244458,0xFF274557,0xFF284454,0xFF324C5B,0xFF3C5766,
    0xFF234453,0xFF244356,0xFF2C465A,0xFF2C4556,0xFF314757,0xFF394C5A,0xFF3B4F5B,0xFF364955,
    0xFF445560,0xFF52626A,0xFF4F5C66,0xFF5E6872,0xFF5E666F,0xFF434A52,0xFF73777B,0xFF6B6E73,
    0xFF6C696B,0xFF978B89,0xFF93857F,0xFFA08A7D,0xFFA1897A,0xFF978278,0xFF9F8275,0xFFC19476,
    0xFFD09E74,0xFFC48C65,0xFFC4835B,0xFFE1975C,0xFFE5914A,0xFFF2A132,0xFFFECA29,0xFFF5D225,
    0xFFFED621,0xFFFBDB21,0xFFFEE128,0xFFFEE02E,0xFFFDE640,0xFFFFF06E,0xFFFFF18F,0xFFFEF594,
    0xFFFEF79F,0xFFFFF6AA,0xFFFEF9B3,0xFFFEF9C6,0xFFFEFAD1,0xFFFFFCD5,0xFFFEFBDC,0xFFFFFBE1,
    0xFFFEFBEA,0xFFFDFBF6,0xFFFEFBFD,0xFFFDFBFC,0xFFFDFCF9,0xFFFDFAFF,0xFFFDFBFC,0xFFFDFBFC,
    0xFFFFFAF6,0xFFFDFCE6,0xFFFEFBE0,0xFFFFFCD0,0xFFFEFCCE,0xFFFDFBCB,0xFFFFFCBE,0xFFFFF69B,
    0xFFFDF071,0xFFFEF25D,0xFFFFDE49,0xFFFCC834,0xFFFECD31,0xFFFFD133,0xFFFFCC2E,0xFFFDD12E,
    0xFFFDC92F,0xFFFEC130,0xFFFEC431,0xFFFBBF30,0xFFFCBD37,0xFFFDBA38,0xFFFDB339,0xFFFEAE42,
    0xFFFEA845,0xFFF4A14F,0xFFE69A5B,0xFFA3724E,0xFF3F3C35,0xFF393F46,0xFF3B3F46,0xFF364048,
    0xFF374047,0xFF374148,0xFF3B4145,0xFF394145,0xFF344046,0xFF2D3D46,0xFF2D3F46,0xFF2C3E47,
    0xFF283B45,0xFF233944,0xFF1D3642,0xFF1D3843,0xFF1A3842,0xFF183641,0xFF163440,0xFF193744,
    0xFF1C3946,0xFF173843,0xFF1A3A43,0xFF203A47,0xFF133542,0xFF0D323E,0xFF10333F,0xFF0B2F3B,
    0xFF0D323E,0xFF0C303D,0xFF0F333F,0xFF0D313D,0xFF0D313E,0xFF0D3141,0xFF0B2F40,0xFF0E3343,
    0xFF0B3141,0xFF0C323D,0xFF14323C,0xFF183441,0xFF103140,0xFF0A2E3C,0xFF143540,0xFF13323D,
    0xFF13313A,0xFF17333C,0xFF14313A,0xFF15323A,0xFF2A3F46,0xFF18313B,0xFF102E39,0xFF18333E,
    0xFF002A37,0xFF022C39,0xFF012C39,0xFF022C39,0xFF002C39,0xFF002D3A,0xFF002C39,0xFF002C39,
    0xFF002C39,0xFF002B38,0xFF032E3C,0xFF002E38,0xFF0C3439,0xFF254349,0xFF163E46,0xFF133F46,
    0xFF0C373E,0xFF113C43,0xFF103B43,0xFF0C3740,0xFF0E3942,0xFF153F48,0xFF113C45,0xFF073743,
    0xFF063641,0xFF04343F,0xFF053541,0xFF063543,0xFF02313F,0xFF033340,0xFF023240,0xFF002F3D,
    0xFF00303E,0xFF00303E,0xFF023442,0xFF023341,0xFF00303E,0xFF023341,0xFF033442,0xFF013240,
    0xFF053543,0xFF033442,0xFF01313F,0xFF00313F,0xFF00303E,0xFF013240,0xFF01313F,0xFF063744,
    0xFF053644,0xFF053441,0xFF143E4B,0xFF164251,0xFF073646,0xFF002E3E,0xFF053343,0xFF0C3A4A,
    0xFF0D3C4C,0xFF073C44,0xFF103D48,0xFF093243,0xFF053546,0xFF013541,0xFF023441,0xFF0B404E,
    0xFF1E515F,0xFF416D78,0xFF5F8591,0xFF628191,0xFF708C9C,0xFF7D949F,0xFF85999E,0xFF738F96,
    0xFF7A94A0,0xFF7B979B,0xFF90A2A7,0xFF6E8A94,0xFF5D8591,0xFF849AA3,0xFF8C9CA4,0xFF698793,
    0xFF335C73,0xFF386178,0xFF7594A2,0xFF80949D,0xFF607E92,0xFF2E5D70,0xFF3A6B79,0xFF436F7D,
    0xFF1F4E63,0xFF1C4E65,0xFF3B677D,0xFF41697C,0xFF6F8A9C,0xFF3C6271,0xFF437283,0xFF366375,
    0xFF4F7386,0xFF758B99,0xFF97A6A8,0xFF93A2AA,0xFF7F97A1,0xFF607B86,0xFF6F8895,0xFF638692,
    0xFF275768,0xFF003445,0xFF416871,0xFF91A4AB,0xFF5A7C87,0xFF376576,0xFF184355,0xFF4D7888,
    0xFF194757,0xFF3C6576,0xFF698794,0xFF5F7884,0xFF435E6B,0xFF30525E,0xFF204352,0xFF214556,
    0xFF13394C,0xFF133D50,0xFF0C3D4E,0xFF113B4E,0xFF123C4F,0xFF0F3A4E,0xFF133E51,0xFF0C3C4E,
    0xFF0C394B,0xFF0E3A4D,0xFF0B3A4C,0xFF123D50,0xFF103A4D,0xFF183F52,0xFF153B4D,0xFF143B4D,
    0xFF163D4F,0xFF153D4F,0xFF163F50,0xFF143D4E,0xFF153E4E,0xFF193E4F,0xFF153B4D,0xFF163F53,
    0xFF1C475C,0xFF1A4859,0xFF124051,0xFF123F51,0xFF134153,0xFF114155,0xFF124155,0xFF124155,
    0xFF164152,0xFF1D4657,0xFF234859,0xFF65808B,0xFF294E5C,0xFF0D3A50,0xFF658393,0xFF395C71,
    0xFF0C374E,0xFF184257,0xFF174157,0xFF154055,0xFF144154,0xFF144154,0xFF154356,0xFF174356,
    0xFF184356,0xFF1A4256,0xFF1F4259,0xFF1C4357,0xFF1E4557,0xFF204558,0xFF214458,0xFF284A5B,
    0xFF1B4154,0xFF194157,0xFF1D4154,0xFF264256,0xFF244459,0xFF244454,0xFF3B5460,0xFF425766,
    0xFF223F4F,0xFF264458,0xFF2B455C,0xFF2E4455,0xFF34445C,0xFF3A4D5D,0xFF354D4D,0xFF424F5D,
    0xFF6E7277,0xFF606567,0xFF686A70,0xFF7E7F83,0xFF7A7D83,0xFF4A4F55,0xFF767376,0xFF817B7D,
    0xFF6D6468,0xFF918385,0xFFA48C84,0xFF998478,0xFF998378,0xFF8C7673,0xFFA77E67,0xFFE3A664,
    0xFFF3B466,0xFFEFA75A,0xFFE6A150,0xFFF9B852,0xFFFCB53F,0xFFF9C029,0xFFFDD62A,0xFFF9D827,
    0xFFFED924,0xFFF9DA27,0xFFFCE12B,0xFFFAE02E,0xFFFCE53F,0xFFFEF16A,0xFFFFEF7A,0xFFFFEF7B,
    0xFFFFF280,0xFFFFF195,0xFFFDF9A9,0xFFFDF9C3,0xFFFEF8D1,0xFFFEFBD7,0xFFFDFAE0,0xFFFCFAE8,
    0xFFFEFBF1,0xFFFFFAF5,0xFFFFFAF9,0xFFFFFBFB,0xFFFDFCF8,0xFFFEFBFB,0xFFFFFAFD,0xFFFFF9F7,
    0xFFFEFBEC,0xFFFEFBE1,0xFFFFFBE0,0xFFFFFAE1,0xFFFDFAD0,0xFFFEFAC2,0xFFFFFBBB,0xFFFDF695,
    0xFFFDF075,0xFFFFEF6B,0xFFFFE659,0xFFFCDD41,0xFFFEDD38,0xFFFFDE38,0xFFFFDA30,0xFFFFDB32,
    0xFFFCD530,0xFFFBD02D,0xFFFDD02E,0xFFFECB2D,0xFFFEC731,0xFFFFC035,0xFFFFB938,0xFFFEB540,
    0xFFFDB043,0xFFFAAC49,0xFFFCA94C,0xFFEDA45D,0xFF7A5E45,0xFF333A3C,0xFF36434A,0xFF384047,
    0xFF384146,0xFF344147,0xFF354145,0xFF344145,0xFF303F47,0xFF2B3D45,0xFF2A3D45,0xFF2B3F48,
    0xFF293D46,0xFF273C45,0xFF1C3840,0xFF1B3942,0xFF193843,0xFF173743,0xFF153540,0xFF163541,
    0xFF193844,0xFF173846,0xFF183843,0xFF233D45,0xFF1B3841,0xFF13343D,0xFF1B3640,0xFF09303B,
    0xFF0A3241,0xFF0B2F40,0xFF0C3241,0xFF0C3141,0xFF0F3443,0xFF103545,0xFF0B3040,0xFF0D3242,
    0xFF0C3240,0xFF0E323E,0xFF0F313D,0xFF153341,0xFF133240,0xFF0C2E3A,0xFF123440,0xFF12343F,
    0xFF11303C,0xFF163441,0xFF112F3C,0xFF12303D,0xFF223E46,0xFF153139,0xFF102E38,0xFF15343F,
    0xFF002A38,0xFF022C3A,0xFF002A38,0xFF002B39,0xFF002C39,0xFF002D3A,0xFF002C39,0xFF002D3A,
    0xFF002D3B,0xFF002D3A,0xFF03313E,0xFF00303A,0xFF153E44,0xFF28484D,0xFF143C44,0xFF1B4750,
    0xFF08333C,0xFF0F3B43,0xFF0C3740,0xFF103B45,0xFF0D3843,0xFF0D3943,0xFF0D3944,0xFF063642,
    0xFF043440,0xFF02323E,0xFF03333F,0xFF033240,0xFF00303E,0xFF00303E,0xFF00303E,0xFF00303E,
    0xFF00303E,0xFF00313F,0xFF033442,0xFF023341,0xFF00303E,0xFF043543,0xFF023341,0xFF023442,
    0xFF073846,0xFF033442,0xFF01313F,0xFF00313F,0xFF00303E,0xFF013240,0xFF00313F,0xFF0B3C49,
    0xFF043644,0xFF0B3945,0xFF1C4854,0xFF0D3B49,0xFF043343,0xFF023242,0xFF063545,0xFF093949,
    0xFF083847,0xFF063A44,0xFF073642,0xFF033342,0xFF013745,0xFF003241,0xFF164755,0xFF386671,
    0xFF507A82,0xFF698D95,0xFF76959F,0xFF758E9A,0xFF78919F,0xFF7C92A0,0xFF889AA3,0xFF7C939C,
    0xFF748B98,0xFF7A969E,0xFF8E9FA9,0xFF7E94A0,0xFF5A818D,0xFF6F8B96,0xFF8B9FA9,0xFF738F9A,
    0xFF487186,0xFF2B556B,0xFF597A89,0xFF718C97,0xFF487083,0xFF295A6E,0xFF3B6777,0xFF5F8493,
    0xFF2D5B6F,0xFF164963,0xFF1D5068,0xFF356376,0xFF688698,0xFF416978,0xFF26576B,0xFF28596C,
    0xFF2F5B6E,0xFF5B7585,0xFF92A1A8,0xFF929EA5,0xFF8BA0A7,0xFF5E7880,0xFF7D939D,0xFF7F98A1,
    0xFF3F6777,0xFF003348,0xFF224F5E,0xFF819CA3,0xFF4A6E7B,0xFF3E6C7D,0xFF103C4E,0xFF3F6C7C,
    0xFF174857,0xFF234F61,0xFF5B7E8C,0xFF5D7986,0xFF597380,0xFF40606B,0xFF18414E,0xFF133E4E,
    0xFF0C394B,0xFF0D3C4E,0xFF09394A,0xFF1F485C,0xFF20495D,0xFF1A4458,0xFF184356,0xFF08394A,
    0xFF0B374B,0xFF0D384B,0xFF09394B,0xFF144053,0xFF113B4F,0xFF183F52,0xFF163C4F,0xFF133A4D,
    0xFF163C4F,0xFF143E50,0xFF133E4F,0xFF123D4E,0xFF123D4F,0xFF113C4F,0xFF103A4E,0xFF1E485B,
    0xFF265165,0xFF204E64,0xFF19465D,0xFF124056,0xFF113F54,0xFF103F53,0xFF114054,0xFF114054,
    0xFF133F50,0xFF224C5E,0xFF22485A,0xFF6A858F,0xFF3F616F,0xFF0C3A51,0xFF547484,0xFF3C5F74,
    0xFF0B374D,0xFF144056,0xFF164257,0xFF144055,0xFF134053,0xFF124053,0xFF144255,0xFF154255,
    0xFF174255,0xFF1A4156,0xFF1D4157,0xFF1A4155,0xFF1C4456,0xFF1D4255,0xFF224559,0xFF284B5C,
    0xFF183F54,0xFF1A4258,0xFF204253,0xFF264454,0xFF224257,0xFF274456,0xFF485C6A,0xFF405666,
    0xFF234051,0xFF274558,0xFF2E465E,0xFF2D4552,0xFF2F4754,0xFF374B62,0xFF2B4756,0xFF535F70,
    0xFFA29695,0xFF797575,0xFF77777D,0xFF88888A,0xFF84868A,0xFF505459,0xFF757577,0xFF7D7A7B,
    0xFF736F70,0xFF716A6B,0xFF918682,0xFF877171,0xFFA08074,0xFFA17B64,0xFFC28955,0xFFFAB658,
    0xFFFCBD55,0xFFFDB54C,0xFFF9B545,0xFFFFC945,0xFFFFC934,0xFFFFCC2C,0xFFFED62E,0xFFFBD728,
    0xFFFED826,0xFFFBDA29,0xFFFDE02B,0xFFFBDF2C,0xFFFCE338,0xFFFFEC53,0xFFFEE658,0xFFFAE659,
    0xFFFAEB5D,0xFFFCEF68,0xFFF9F683,0xFFFAF7A6,0xFFFDF9C3,0xFFFEFBD0,0xFFFDFBD9,0xFFFCFCE4,
    0xFFFDFDE8,0xFFFDFBE8,0xFFFEFCEB,0xFFFEFCED,0xFFFCFDEC,0xFFFDFCEC,0xFFFFFDE8,0xFFFFFDDD,
    0xFFFDFBD6,0xFFFCFBCE,0xFFFFFBCE,0xFFFFFAD1,0xFFFDFABE,0xFFFCF8A8,0xFFFFF79E,0xFFFCF47A,
    0xFFFCEE61,0xFFFFEC5A,0xFFFFE64E,0xFFFDE03D,0xFFFEDE37,0xFFFFDE36,0xFFFFDB2F,0xFFFFD831,
    0xFFFED32F,0xFFFED12F,0xFFFECE30,0xFFFFC831,0xFFFFC435,0xFFFFBE39,0xFFFFB93A,0xFFFFB63F,
    0xFFFEB242,0xFFFFB14A,0xFFFEB04C,0xFFFFB55A,0xFFC28C57,0xFF493830,0xFF343C44,0xFF364246,
    0xFF364243,0xFF343F3E,0xFF374244,0xFF354348,0xFF2F3F46,0xFF2E3F48,0xFF293C45,0xFF2B3F48,
    0xFF2A3E47,0xFF2B4049,0xFF1F3A43,0xFF1A3741,0xFF1A3843,0xFF173743,0xFF163641,0xFF14343F,
    0xFF183842,0xFF163846,0xFF183843,0xFF243D44,0xFF1E3A43,0xFF17373F,0xFF263E48,0xFF0B323C,
    0xFF0A3140,0xFF0D3041,0xFF0C3141,0xFF0B3040,0xFF0F3445,0xFF0F3444,0xFF0A2F3F,0xFF0D3242,
    0xFF0D3241,0xFF0E343F,0xFF0E313D,0xFF133340,0xFF133440,0xFF0C2F3B,0xFF10323F,0xFF10333F,
    0xFF10313E,0xFF153542,0xFF0E2F3C,0xFF0F2F3C,0xFF1E3B44,0xFF15323B,0xFF102F3A,0xFF10313D,
    0xFF002A38,0xFF022C3A,0xFF002A38,0xFF002B38,0xFF002D3A,0xFF002D3A,0xFF002C39,0xFF002E3A,
    0xFF002E3B,0xFF002E3B,0xFF04333F,0xFF03333E,0xFF19444B,0xFF20454C,0xFF123944,0xFF1A4752,
    0xFF02303A,0xFF0A3841,0xFF06343D,0xFF0E3B47,0xFF073440,0xFF073440,0xFF083641,0xFF053541,
    0xFF02323E,0xFF00303C,0xFF01303D,0xFF00303E,0xFF00303D,0xFF002F3D,0xFF00313F,0xFF00303E,
    0xFF00313F,0xFF023341,0xFF033442,0xFF043543,0xFF00303E,0xFF053644,0xFF033442,0xFF033442,
    0xFF093A48,0xFF023341,0xFF00313F,0xFF00313F,0xFF00303E,0xFF013240,0xFF043543,0xFF0D3E4C,
    0xFF033543,0xFF0F3F4B,0xFF1B4955,0xFF063544,0xFF013341,0xFF043644,0xFF063646,0xFF073847,
    0xFF053645,0xFF053844,0xFF023743,0xFF003641,0xFF083F4A,0xFF1C4B5C,0xFF456E7C,0xFF678991,
    0xFF729196,0xFF7A979F,0xFF7B979F,0xFF7A929C,0xFF7B939F,0xFF738C9A,0xFF8097A4,0xFF8599A4,
    0xFF718594,0xFF6A8997,0xFF889BAB,0xFF889BA8,0xFF628792,0xFF577B87,0xFF83A0AB,0xFF748F9B,
    0xFF547B8D,0xFF52798B,0xFF486B7A,0xFF5A7F8F,0xFF2A5D71,0xFF23586D,0xFF3E6476,0xFF7794A3,
    0xFF3A6376,0xFF23566E,0xFF134A61,0xFF235669,0xFF527689,0xFF447080,0xFF16475C,0xFF205467,
    0xFF1F5264,0xFF345A6B,0xFF7F95A0,0xFF8D9BA2,0xFF8CA1A7,0xFF5F7A80,0xFF7C939B,0xFF889AA4,
    0xFF607F8F,0xFF083950,0xFF0A3B50,0xFF5C828C,0xFF305A69,0xFF326173,0xFF0F3E51,0xFF265768,
    0xFF164A5B,0xFF134355,0xFF416B7A,0xFF486979,0xFF6C8695,0xFF5A7682,0xFF1B4754,0xFF083846,
    0xFF083A4A,0xFF083B4B,0xFF0C3C4B,0xFF2D5466,0xFF264D5F,0xFF285264,0xFF194558,0xFF053647,
    0xFF0D394C,0xFF0F3B4D,0xFF073648,0xFF184457,0xFF143E51,0xFF183E52,0xFF1A3F52,0xFF153A4E,
    0xFF173D50,0xFF133E51,0xFF0F3C4F,0xFF0F3B4E,0xFF123E52,0xFF0F3E55,0xFF133D52,0xFF406677,
    0xFF345B6C,0xFF204E65,0xFF325F76,0xFF1E4B63,0xFF124056,0xFF0F3E52,0xFF0F3E52,0xFF103F53,
    0xFF123E51,0xFF1F4B5E,0xFF21495B,0xFF6A8692,0xFF527382,0xFF143F56,0xFF496A79,0xFF3E6578,
    0xFF08374C,0xFF124055,0xFF144256,0xFF124055,0xFF123F52,0xFF123F52,0xFF134053,0xFF154154,
    0xFF164154,0xFF1A4056,0xFF1D4057,0xFF193F53,0xFF1D4456,0xFF1A3F52,0xFF23465A,0xFF23475A,
    0xFF153E54,0xFF1A4357,0xFF224352,0xFF2F4D59,0xFF2A4A5C,0xFF344F61,0xFF4D5F6F,0xFF374F62,
    0xFF244253,0xFF294556,0xFF31465D,0xFF2B4550,0xFF294A4F,0xFF39485D,0xFF344554,0xFF606573,
    0xFFB29E9A,0xFF8E8483,0xFF828084,0xFF868484,0xFF818185,0xFF5E5F64,0xFF7D7F7F,0xFF717272,
    0xFF7C7A7B,0xFF5A5857,0xFF797470,0xFF896A66,0xFFBD896D,0xFFCC905E,0xFFE49A52,0xFFFFB852,
    0xFFFCB94E,0xFFFEB143,0xFFFEB740,0xFFFEC63F,0xFFFCC734,0xFFFEC62E,0xFFFECD2F,0xFFFBD02C,
    0xFFFED029,0xFFFCD22A,0xFFFED82A,0xFFFDD92A,0xFFFDDB31,0xFFFFE038,0xFFFBD933,0xFFF9DD38,
    0xFFFBE842,0xFFFBEB4B,0xFFFAEF63,0xFFFCF591,0xFFFFF8B9,0xFFFFFACC,0xFFFFFAD2,0xFFFFFCD9,
    0xFFFEFBDC,0xFFFEFADD,0xFFFEFCE1,0xFFFFFAE2,0xFFFEFBE1,0xFFFEFBDE,0xFFFEFAD2,0xFFFEFAC3,
    0xFFFDFAB6,0xFFFCF9AE,0xFFFEF9AC,0xFFFFF8B0,0xFFFDF699,0xFFFAF27B,0xFFFCEE71,0xFFFCEA57,
    0xFFFBE545,0xFFFEE343,0xFFFEE03C,0xFFFDDB34,0xFFFDD931,0xFFFED732,0xFFFCD42E,0xFFFECE2D,
    0xFFFECA2E,0xFFFEC832,0xFFFDC332,0xFFFEBD36,0xFFFFBB39,0xFFFFB83C,0xFFFEB43C,0xFFFEB43E,
    0xFFFEB241,0xFFFEB146,0xFFFCB248,0xFFFFB44A,0xFFF4A755,0xFF9D6B4B,0xFF4A4240,0xFF29393C,
    0xFF2E434A,0xFF2A4144,0xFF374549,0xFF3A484D,0xFF314148,0xFF31424A,0xFF293C45,0xFF2A3F48,
    0xFF2B3F48,0xFF2E434C,0xFF253E48,0xFF1C3742,0xFF1A3742,0xFF1A3844,0xFF1A3A45,0xFF14343F,
    0xFF163640,0xFF153744,0xFF173743,0xFF243E44,0xFF1E3A44,0xFF1B3A41,0xFF2D444D,0xFF0E333C,
    0xFF0A303D,0xFF0E3242,0xFF0C3141,0xFF0B3040,0xFF103545,0xFF103545,0xFF0A2F3F,0xFF0D3242,
    0xFF0D3341,0xFF0D343F,0xFF0F3440,0xFF11333F,0xFF11333F,0xFF0C313D,0xFF0D313D,0xFF0D313D,
    0xFF0F323E,0xFF133541,0xFF0D2F3B,0xFF0E303C,0xFF1A3842,0xFF15333E,0xFF10313D,0xFF0B2E3B,
    0xFF012A38,0xFF022C3A,0xFF012B39,0xFF012C39,0xFF002E3B,0xFF002E3B,0xFF002D3A,0xFF002F3B,
    0xFF00323C,0xFF00323D,0xFF02343F,0xFF073743,0xFF113E46,0xFF113C41,0xFF123945,0xFF103D49,
    0xFF002F39,0xFF04333E,0xFF02323C,0xFF0A3946,0xFF03323F,0xFF03313F,0xFF03323F,0xFF03333F,
    0xFF00303C,0xFF00303C,0xFF00303C,0xFF00303E,0xFF00303E,0xFF002F3D,0xFF013240,0xFF00313F,
    0xFF033442,0xFF023341,0xFF053645,0xFF083947,0xFF00313F,0xFF053644,0xFF053644,0xFF063745,
    0xFF093A48,0xFF01313F,0xFF00313F,0xFF00313F,0xFF013240,0xFF033442,0xFF083947,0xFF093A48,
    0xFF0A3B49,0xFF12424E,0xFF174651,0xFF023340,0xFF013543,0xFF033745,0xFF023543,0xFF053947,
    0xFF023644,0xFF013544,0xFF003844,0xFF0A3E49,0xFF3D6874,0xFF5D7F8C,0xFF6E8D99,0xFF7D98A1,
    0xFF7D969F,0xFF7C96A2,0xFF78929E,0xFF79949F,0xFF7996A2,0xFF668895,0xFF688998,0xFF869EA9,
    0xFF748C9A,0xFF4F7789,0xFF7995A8,0xFF8498A4,0xFF6B8D99,0xFF46717F,0xFF6A919D,0xFF7D97A3,
    0xFF4D7281,0xFF6C919E,0xFF4C7483,0xFF3D6A80,0xFF194F67,0xFF184F66,0xFF426A7C,0xFF879FAB,
    0xFF51707D,0xFF386679,0xFF275C70,0xFF154D5E,0xFF325C6E,0xFF417080,0xFF114359,0xFF1F4D64,
    0xFF1A5164,0xFF144959,0xFF557985,0xFF8398A1,0xFF7A969E,0xFF5D7F87,0xFF728F9B,0xFF768E9B,
    0xFF72919E,0xFF164457,0xFF003448,0xFF356573,0xFF1E4D5E,0xFF235366,0xFF134256,0xFF0C4153,
    0xFF0A4354,0xFF0D4153,0xFF2B5B6D,0xFF274E5E,0xFF708A9A,0xFF6E8794,0xFF25505C,0xFF0B3A49,
    0xFF093A4A,0xFF083A4B,0xFF113F4D,0xFF3C6272,0xFF2D5263,0xFF396273,0xFF184356,0xFF053647,
    0xFF144053,0xFF1C485B,0xFF09394B,0xFF174355,0xFF133D50,0xFF163D50,0xFF1B4053,0xFF153B4E,
    0xFF1A4053,0xFF123E52,0xFF0C394E,0xFF0E3C50,0xFF134156,0xFF154158,0xFF204759,0xFF6B8891,
    0xFF516D77,0xFF254D62,0xFF3D657A,0xFF3A6175,0xFF2B576B,0xFF204F63,0xFF164458,0xFF0C3B4F,
    0xFF103D51,0xFF164358,0xFF1D475B,0xFF6A8895,0xFF557384,0xFF1C455D,0xFF456676,0xFF416A7D,
    0xFF07374C,0xFF114155,0xFF124256,0xFF114054,0xFF123F52,0xFF123F52,0xFF134053,0xFF154154,
    0xFF174155,0xFF184054,0xFF1C4056,0xFF194054,0xFF1E4658,0xFF1B3F53,0xFF284B5E,0xFF1D4357,
    0xFF164056,0xFF1F4559,0xFF2A4855,0xFF4F666F,0xFF395464,0xFF3D596A,0xFF405767,0xFF294459,
    0xFF264556,0xFF2D4757,0xFF334659,0xFF294553,0xFF274655,0xFF41454B,0xFF6C604F,0xFF695E5E,
    0xFF9C9292,0xFF8C8582,0xFF868181,0xFF868382,0xFF7F7D80,0xFF6E6E71,0xFF848484,0xFF6F6C6D,
    0xFF7D7879,0xFF635C5E,0xFF7D675F,0xFFB5835C,0xFFECA663,0xFFEAA059,0xFFF7A655,0xFFFFB24C,
    0xFFFCB251,0xFFFFAD48,0xFFFFB246,0xFFFCBA43,0xFFFCBA3D,0xFFFFB936,0xFFFDBC32,0xFFFCC12F,
    0xFFFEC12D,0xFFFCC12B,0xFFFCC527,0xFFFBC725,0xFFFCCA2A,0xFFFBCA25,0xFFF9CA1E,0xFFFBD527,
    0xFFFFE43B,0xFFFADE3B,0xFFFBE146,0xFFFFED73,0xFFFFF49D,0xFFFFF7AF,0xFFFFF7B2,0xFFFFF8B6,
    0xFFFEF7BD,0xFFFFFBC3,0xFFFFFAC5,0xFFFFFAC7,0xFFFFF9C3,0xFFFFF8C0,0xFFFFF8B6,0xFFFFF7A6,
    0xFFFFF696,0xFFFEF48C,0xFFFFF38A,0xFFFFF28E,0xFFFDED71,0xFFFBE650,0xFFFDDE4B,0xFFFEDC3D,
    0xFFFDD834,0xFFFCD432,0xFFFBD130,0xFFFCCF2E,0xFFFCCC2D,0xFFFCCA2E,0xFFFCC62E,0xFFFCC22E,
    0xFFFDBF30,0xFFFDBC35,0xFFFDB839,0xFFFEB53D,0xFFFFB43F,0xFFFFB440,0xFFFDB141,0xFFFDB144,
    0xFFFDB146,0xFFFDB048,0xFFFDB048,0xFFFFB046,0xFFFDAE4E,0xFFEBA360,0xFFAC7E59,0xFF473C2D,
    0xFF2B383B,0xFF263F48,0xFF334247,0xFF374449,0xFF33434A,0xFF32434B,0xFF2A3E47,0xFF2A3E47,
    0xFF2B3E47,0xFF2D424B,0xFF2A414B,0xFF203944,0xFF1C3743,0xFF1A3744,0xFF1A3A45,0xFF163642,
    0xFF15343F,0xFF133442,0xFF183843,0xFF233C43,0xFF213C46,0xFF1F3D43,0xFF31474D,0xFF11353D,
    0xFF0E323D,0xFF113545,0xFF0D3343,0xFF0B3040,0xFF0F3444,0xFF0F3444,0xFF0C3141,0xFF0D3242,
    0xFF0C3341,0xFF0B343D,0xFF0F3640,0xFF0C303C,0xFF0D313D,0xFF0C323D,0xFF0C323D,0xFF0C323D,
    0xFF0F333F,0xFF0F333F,0xFF0C2F3C,0xFF0E323E,0xFF163540,0xFF153440,0xFF10323F,0xFF082D3C,
    0xFF012A38,0xFF022C3A,0xFF012B39,0xFF012C39,0xFF002E3B,0xFF002E3B,0xFF01303D,0xFF01313D,
    0xFF01343E,0xFF033540,0xFF02343F,0xFF093946,0xFF073640,0xFF06353B,0xFF0E3644,0xFF073442,
    0xFF002F3B,0xFF01313D,0xFF01313E,0xFF053543,0xFF01303E,0xFF00303E,0xFF01313E,0xFF02323E,
    0xFF002F3C,0xFF00303C,0xFF00303C,0xFF00303E,0xFF00303E,0xFF002F3D,0xFF01313F,0xFF023341,
    0xFF053644,0xFF013240,0xFF0C3D4B,0xFF0F3F4D,0xFF00303E,0xFF043543,0xFF073845,0xFF0C3C4A,
    0xFF073846,0xFF00303F,0xFF00313F,0xFF01313F,0xFF033442,0xFF073846,0xFF083947,0xFF0A3A48,
    0xFF144553,0xFF0D3D4A,0xFF0F3F4A,0xFF013441,0xFF013544,0xFF013442,0xFF023543,0xFF043846,
    0xFF003442,0xFF073C4B,0xFF1E5562,0xFF295762,0xFF6F8E9A,0xFF8198A1,0xFF7A929D,0xFF7F97A2,
    0xFF79939F,0xFF7591A1,0xFF708D9C,0xFF7291A0,0xFF71949F,0xFF618B95,0xFF507988,0xFF76949E,
    0xFF7895A4,0xFF417083,0xFF63889B,0xFF7A949F,0xFF6A8C97,0xFF4C7A89,0xFF4D7886,0xFF809CA7,
    0xFF456A78,0xFF6C8F9A,0xFF638B9A,0xFF2C5D74,0xFF154965,0xFF154D64,0xFF446F81,0xFF8098A2,
    0xFF748991,0xFF5B8290,0xFF427281,0xFF094252,0xFF124154,0xFF3A6C7D,0xFF11435B,0xFF254E67,
    0xFF1E5368,0xFF074253,0xFF32626F,0xFF6A8894,0xFF5C7F8A,0xFF5A828D,0xFF638797,0xFF587A8B,
    0xFF6D8F9A,0xFF204D5C,0xFF003446,0xFF134958,0xFF104456,0xFF144458,0xFF124256,0xFF033A4C,
    0xFF023C4C,0xFF083D4F,0xFF25596B,0xFF174053,0xFF5D7889,0xFF748C99,0xFF315966,0xFF1A4656,
    0xFF0B394A,0xFF0A3A4B,0xFF16424F,0xFF496E7E,0xFF335867,0xFF3A6373,0xFF123D51,0xFF0C3D4F,
    0xFF1D495C,0xFF335E71,0xFF114052,0xFF134052,0xFF103A4E,0xFF123A4D,0xFF173D50,0xFF173E50,
    0xFF1C4356,0xFF103D52,0xFF0D3D51,0xFF1A485D,0xFF17455A,0xFF214C61,0xFF3A5C6A,0xFF8FA3A6,
    0xFF788C8F,0xFF4B6A7A,0xFF4C6C7C,0xFF4F6E7F,0xFF5E8194,0xFF376579,0xFF2C5B6F,0xFF17465B,
    0xFF113F53,0xFF103E54,0xFF184358,0xFF648492,0xFF4A6779,0xFF20475F,0xFF466776,0xFF3D687A,
    0xFF07374C,0xFF114155,0xFF124256,0xFF114054,0xFF133F53,0xFF133F52,0xFF123F52,0xFF144053,
    0xFF174155,0xFF184054,0xFF1A3F54,0xFF1A4053,0xFF204659,0xFF1F4457,0xFF2E5064,0xFF143C51,
    0xFF154057,0xFF1D4357,0xFF334F5A,0xFF687680,0xFF364D5C,0xFF355464,0xFF2F4D5B,0xFF223E53,
    0xFF294759,0xFF2E4757,0xFF344655,0xFF2A4857,0xFF223D58,0xFF5E5245,0xFFC89E65,0xFF8E7563,
    0xFF787B80,0xFF7F7F7C,0xFF847E7B,0xFF868382,0xFF79797B,0xFF767678,0xFF817B7D,0xFF756E71,
    0xFF787174,0xFF726265,0xFF9E6F5B,0xFFE4A055,0xFFFFB150,0xFFF9AB55,0xFFFBAC49,0xFFFDB042,
    0xFFFBAF48,0xFFFFAB42,0xFFFCAE42,0xFFFDB240,0xFFFFB13D,0xFFFFAF3B,0xFFFDB137,0xFFFDB634,
    0xFFFEB52F,0xFFFCB42C,0xFFFEBD2B,0xFFFDBF28,0xFFFABB27,0xFFFBC125,0xFFFAC31B,0xFFFBCC22,
    0xFFFCD631,0xFFF9D32A,0xFFF9D527,0xFFFAE046,0xFFFAE96B,0xFFFBEE7A,0xFFFCF07E,0xFFFCF181,
    0xFFFBF189,0xFFFFF898,0xFFFBF395,0xFFFCF498,0xFFFFF696,0xFFFFF494,0xFFFFF38D,0xFFFEF281,
    0xFFFFF07B,0xFFFFED74,0xFFFFEB71,0xFFFFEA72,0xFFFEE554,0xFFFDDC39,0xFFFFD33A,0xFFFFCF32,
    0xFFFECD2D,0xFFFDC92D,0xFFFCC72F,0xFFFDC62E,0xFFFEC32E,0xFFFDC030,0xFFFEBE32,0xFFFFBD34,
    0xFFFEBA37,0xFFFEB53C,0xFFFEB342,0xFFFFB043,0xFFFFB043,0xFFFEB044,0xFFFDB045,0xFFFCAE49,
    0xFFFCAE4A,0xFFFDAF4B,0xFFFEAD4B,0xFFFFAE4B,0xFFFCB051,0xFFFDAE53,0xFFFCA75C,0xFFBF8353,
    0xFF62503F,0xFF333A3A,0xFF2F3B3F,0xFF303E44,0xFF2F3F46,0xFF2F4047,0xFF2B3F47,0xFF283D47,
    0xFF293E47,0xFF2B3F48,0xFF293F4A,0xFF263D48,0xFF1F3845,0xFF1A3744,0xFF1A3A45,0xFF1B3B46,
    0xFF193843,0xFF143543,0xFF153541,0xFF1E383F,0xFF203C47,0xFF1E3C41,0xFF31454B,0xFF15363D,
    0xFF133540,0xFF163948,0xFF0F3444,0xFF0C3141,0xFF0D3242,0xFF0C3141,0xFF0C3141,0xFF0D3242,
    0xFF0C3240,0xFF09343D,0xFF113843,0xFF0D323E,0xFF0C313D,0xFF0B333D,0xFF0A323C,0xFF0B333D,
    0xFF103641,0xFF0D323D,0xFF0C323D,0xFF0E333F,0xFF10323D,0xFF133542,0xFF0F3341,0xFF082D3D,
    0xFF012D3A,0xFF012D3A,0xFF042F3C,0xFF022E3B,0xFF012F3C,0xFF01303C,0xFF00333E,0xFF01353F,
    0xFF043440,0xFF063642,0xFF043440,0xFF083845,0xFF033340,0xFF01313E,0xFF043442,0xFF023340,
    0xFF002F3D,0xFF01303E,0xFF023240,0xFF033241,0xFF012F3E,0xFF012E3E,0xFF01303F,0xFF00313F,
    0xFF00303E,0xFF00303E,0xFF00303F,0xFF00303F,0xFF00303F,0xFF00303F,0xFF023040,0xFF053645,
    0xFF033844,0xFF02353F,0xFF17434F,0xFF174450,0xFF002F3D,0xFF013543,0xFF0C3945,0xFF13404D,
    0xFF063745,0xFF003040,0xFF003242,0xFF053441,0xFF083847,0xFF063A4A,0xFF073745,0xFF133E4E,
    0xFF174755,0xFF073846,0xFF093847,0xFF043544,0xFF013341,0xFF013240,0xFF023645,0xFF003646,
    0xFF003848,0xFF205060,0xFF507E8B,0xFF436A74,0xFF7B97A2,0xFF7F99A3,0xFF749099,0xFF79959E,
    0xFF73909B,0xFF6E8D9B,0xFF678B97,0xFF698E9A,0xFF698D99,0xFF5B8293,0xFF406A7E,0xFF587D8E,
    0xFF7494A6,0xFF487485,0xFF497B89,0xFF678B9D,0xFF5E7E91,0xFF5D8798,0xFF366071,0xFF6C8EA0,
    0xFF3D6A79,0xFF597F8B,0xFF7691A1,0xFF336276,0xFF0C445E,0xFF10495D,0xFF3F6C7E,0xFF688796,
    0xFF849CA4,0xFF75919C,0xFF4A7685,0xFF063E51,0xFF03394D,0xFF2D6377,0xFF0E4559,0xFF1F5267,
    0xFF22556A,0xFF083C51,0xFF26596D,0xFF3B6979,0xFF376271,0xFF5B808E,0xFF547A88,0xFF3E6879,
    0xFF5B7B8E,0xFF265161,0xFF003543,0xFF083D4F,0xFF0A3F52,0xFF063A4C,0xFF073B4E,0xFF06394C,
    0xFF05394C,0xFF05394C,0xFF2A5D6B,0xFF124151,0xFF365E6F,0xFF6D8A98,0xFF3B5F70,0xFF244D60,
    0xFF0C3A4E,0xFF0C3B4E,0xFF194353,0xFF426B7C,0xFF2B5364,0xFF396273,0xFF0B384D,0xFF17455B,
    0xFF315768,0xFF517480,0xFF2F5B66,0xFF235364,0xFF0E3A53,0xFF0C3C52,0xFF224459,0xFF1B4254,
    0xFF1A485B,0xFF1F4A5F,0xFF1D4D60,0xFF305E71,0xFF295068,0xFF2F5972,0xFF587382,0xFFA8ACB4,
    0xFF8EA0A2,0xFF788C96,0xFF6A818E,0xFF4B6A7B,0xFF8798AE,0xFF617D8F,0xFF2B5B6D,0xFF295A71,
    0xFF245168,0xFF144457,0xFF194759,0xFF54788A,0xFF3B6277,0xFF466474,0xFF62808D,0xFF2C5D6F,
    0xFF0B3F52,0xFF0E3F53,0xFF134357,0xFF113E54,0xFF163D57,0xFF163E55,0xFF133E52,0xFF153F51,
    0xFF164054,0xFF154156,0xFF163E4F,0xFF2C4F5C,0xFF264C5D,0xFF1C465B,0xFF2A5164,0xFF123B4C,
    0xFF134054,0xFF1A4255,0xFF3A545F,0xFF6C787C,0xFF294454,0xFF2A4B60,0xFF2B4757,0xFF233E50,
    0xFF2C4659,0xFF2E4459,0xFF344455,0xFF304D54,0xFF283B42,0xFFB7885E,0xFFFFC368,0xFFC19360,
    0xFF7F6B68,0xFF7A706C,0xFF86756F,0xFF7A7573,0xFF6E7272,0xFF807A7B,0xFF7C6F72,0xFF776F74,
    0xFF7E6E6B,0xFF966F59,0xFFD99059,0xFFFAAF57,0xFFFDB24C,0xFFFEAE4B,0xFFFEAC46,0xFFFEAC45,
    0xFFFEAC46,0xFFFEAB43,0xFFFCAC3F,0xFFFDAE3F,0xFFFDAF3F,0xFFFCB03F,0xFFF9B239,0xFFFDBE39,
    0xFFFBC232,0xFFF6BC27,0xFFFFD037,0xFFFBCC33,0xFFFAC530,0xFFFEDB40,0xFFFED12E,0xFFFEC924,
    0xFFFCCE29,0xFFFBD530,0xFFFAD52D,0xFFF8DA40,0xFFFDE769,0xFFF9EA6B,0xFFF6E867,0xFFFAEA64,
    0xFFFBEB66,0xFFFFF082,0xFFF7E869,0xFFFEE761,0xFFFEE96C,0xFFFFED6C,0xFFFFEB68,0xFFFFE962,
    0xFFFFE85B,0xFFFFE65D,0xFFFEE45B,0xFFFDE453,0xFFFEDC42,0xFFFFD338,0xFFFCCF35,0xFFF9CC30,
    0xFFFEC730,0xFFFEC134,0xFFFCC132,0xFFFDC130,0xFFFEBF31,0xFFFDBC35,0xFFFEBA39,0xFFFFB837,
    0xFFFFB639,0xFFFFB43C,0xFFFEB13F,0xFFFDB143,0xFFFDB044,0xFFFDB047,0xFFFDB048,0xFFFEAE48,
    0xFFFEAE49,0xFFFEAD4B,0xFFFEAC4C,0xFFFFAC4D,0xFFFEAE51,0xFFFFAD52,0xFFFEAE56,0xFFFCAA5A,
    0xFFD19257,0xFF74654A,0xFF293433,0xFF273941,0xFF293E48,0xFF2A3D43,0xFF283F43,0xFF233E4C,
    0xFF254044,0xFF2A3F47,0xFF2A404B,0xFF28404A,0xFF213C45,0xFF193942,0xFF163A44,0xFF1B3A45,
    0xFF203C48,0xFF1C3945,0xFF13333E,0xFF173641,0xFF1B3B46,0xFF1D3B43,0xFF29454D,0xFF19363E,
    0xFF1A3740,0xFF1A3A45,0xFF143642,0xFF103543,0xFF0C3141,0xFF0A3142,0xFF0C3344,0xFF0D3445,
    0xFF0B3242,0xFF0A323C,0xFF123944,0xFF143743,0xFF0F3341,0xFF0B3140,0xFF09313F,0xFF083340,
    0xFF0F3642,0xFF0D303C,0xFF103440,0xFF123642,0xFF08303A,0xFF0D343F,0xFF0F343F,0xFF0A2D3A,
    0xFF002D3A,0xFF022F3C,0xFF073441,0xFF03303D,0xFF053441,0xFF033440,0xFF01353F,0xFF01343F,
    0xFF053541,0xFF043441,0xFF01313D,0xFF053542,0xFF00303E,0xFF00303E,0xFF00303E,0xFF00303E,
    0xFF00303E,0xFF01303E,0xFF013140,0xFF043442,0xFF033341,0xFF002F3D,0xFF00303E,0xFF00313F,
    0xFF00313F,0xFF00303E,0xFF00313F,0xFF003140,0xFF013241,0xFF003140,0xFF023141,0xFF053645,
    0xFF023743,0xFF0A3B45,0xFF224C58,0xFF16424E,0xFF002F3D,0xFF003543,0xFF113E4A,0xFF174451,
    0xFF043443,0xFF003140,0xFF013342,0xFF093744,0xFF0D3C4A,0xFF033847,0xFF053644,0xFF184353,
    0xFF134250,0xFF053644,0xFF043343,0xFF033443,0xFF013543,0xFF003542,0xFF003643,0xFF073D4E,
    0xFF1F5366,0xFF305F71,0xFF4A7988,0xFF48717B,0xFF7694A0,0xFF688B9A,0xFF608594,0xFF688C9C,
    0xFF6A8D9D,0xFF6E8F9D,0xFF6A8B9A,0xFF688998,0xFF658695,0xFF5A7F92,0xFF446F85,0xFF3F6B7B,
    0xFF608698,0xFF507C8D,0xFF3C6F7E,0xFF567E91,0xFF476E81,0xFF5D8A9B,0xFF2C5A6A,0xFF426C7E,
    0xFF386777,0xFF446E7B,0xFF738FA0,0xFF3A697D,0xFF08425A,0xFF0A4156,0xFF3B6A7D,0xFF4A7080,
    0xFF7999A3,0xFF718E99,0xFF436E7E,0xFF073D50,0xFF063D51,0xFF184F63,0xFF0A4155,0xFF1C5166,
    0xFF295C71,0xFF14475C,0xFF2E6176,0xFF144555,0xFF184656,0xFF587F8F,0xFF3C6371,0xFF2D5B6C,
    0xFF41667A,0xFF255162,0xFF003443,0xFF04394B,0xFF053A4C,0xFF03394A,0xFF04384B,0xFF06394C,
    0xFF06394C,0xFF023548,0xFF2A5B69,0xFF144555,0xFF103D4F,0xFF61818F,0xFF385D6E,0xFF234D60,
    0xFF0E3D50,0xFF083A4D,0xFF1B4657,0xFF2A5567,0xFF1F4A5B,0xFF366374,0xFF043647,0xFF204B61,
    0xFF4E6C7D,0xFF738996,0xFF557482,0xFF406C7C,0xFF16445B,0xFF0F3E50,0xFF466171,0xFF31505D,
    0xFF2A5261,0xFF345B6E,0xFF285565,0xFF3E687A,0xFF42667A,0xFF3A6276,0xFF718994,0xFFAEADB4,
    0xFF8C9C9E,0xFF7D8F9B,0xFF879BAA,0xFF436777,0xFF7993A3,0xFF899FAC,0xFF4D6B7D,0xFF235164,
    0xFF36677B,0xFF2A5A6D,0xFF204F61,0xFF43697C,0xFF2C5869,0xFF577681,0xFF85A0AB,0xFF2D5668,
    0xFF164A5D,0xFF134558,0xFF124155,0xFF113E53,0xFF113D55,0xFF123E53,0xFF113E50,0xFF134050,
    0xFF134052,0xFF143F54,0xFF1E3F50,0xFF496875,0xFF234A5C,0xFF18445A,0xFF214A5E,0xFF133E4F,
    0xFF184457,0xFF1D4254,0xFF3F5965,0xFF63737B,0xFF243F4F,0xFF2B4B5E,0xFF2E4857,0xFF253F51,
    0xFF2B4456,0xFF2D4457,0xFF334657,0xFF3D5255,0xFF6A5F47,0xFFF2B46F,0xFFFFBB59,0xFFE8A460,
    0xFFBF8669,0xFFB88062,0xFFC28F6A,0xFFA17E63,0xFF846A5A,0xFF96796E,0xFF7F6C5E,0xFF897161,
    0xFFAD785E,0xFFDE8E61,0xFFF7A45C,0xFFFEAD51,0xFFFDAB48,0xFFFEA94A,0xFFFFA849,0xFFFFA949,
    0xFFFFA84A,0xFFFFA946,0xFFFEAC40,0xFFFDB23F,0xFFFCBA3D,0xFFFDB93C,0xFFFBB937,0xFFFFCD3D,
    0xFFFED439,0xFFF5C82B,0xFFFCD638,0xFFF5D232,0xFFFCD83B,0xFFFFE54D,0xFFFDD83A,0xFFFBD533,
    0xFFF9D937,0xFFFDDE42,0xFFFFE54E,0xFFFEEE6D,0xFFFFF89C,0xFFFCF695,0xFFFBF079,0xFFFBEC5C,
    0xFFF8E967,0xFFFFE872,0xFFF9D73A,0xFFF3D631,0xFFFBDA48,0xFFFFDE4B,0xFFFFDD44,0xFFFCDB42,
    0xFFFBDB44,0xFFFDDD3C,0xFFFEDB3D,0xFFFED83F,0xFFFFD332,0xFFFDCB30,0xFFF9CC32,0xFFFDD23C,
    0xFFFCC33B,0xFFFEB939,0xFFFFB937,0xFFFFB830,0xFFFFB731,0xFFFFB737,0xFFFDB53B,0xFFFDB738,
    0xFFFFB73A,0xFFFEB23C,0xFFFEB03D,0xFFFDB043,0xFFFDB044,0xFFFCB046,0xFFFEB04A,0xFFFFAC4B,
    0xFFFFAC4D,0xFFFFAB4F,0xFFFEAB50,0xFFFEAC51,0xFFFFAC54,0xFFFEAC56,0xFFFBAE54,0xFFFDAC4D,
    0xFFFBAD5C,0xFFC6965F,0xFF6D5943,0xFF484542,0xFF29363E,0xFF253845,0xFF28373D,0xFF273D4C,
    0xFF233F42,0xFF253F45,0xFF2A404C,0xFF28414B,0xFF233E46,0xFF1A3941,0xFF163943,0xFF183843,
    0xFF1D3A46,0xFF213F4A,0xFF153540,0xFF153540,0xFF193944,0xFF1A3943,0xFF234149,0xFF1A3941,
    0xFF1B3941,0xFF1A3B44,0xFF153843,0xFF123845,0xFF0A3140,0xFF0A3142,0xFF0C3344,0xFF0D3445,
    0xFF0B3342,0xFF09333E,0xFF0F3541,0xFF163B48,0xFF143947,0xFF0F3344,0xFF093140,0xFF063240,
    0xFF0C3340,0xFF0C2F3D,0xFF103441,0xFF143846,0xFF08313B,0xFF0A333C,0xFF0F3540,0xFF0B2F3B,
    0xFF002D3A,0xFF053541,0xFF103F4B,0xFF03323F,0xFF093A46,0xFF053742,0xFF033540,0xFF02313D,
    0xFF03323E,0xFF02313E,0xFF00303C,0xFF02313F,0xFF002F3D,0xFF002F3D,0xFF00303E,0xFF002F3D,
    0xFF00313F,0xFF01303E,0xFF01313F,0xFF053644,0xFF063745,0xFF002F3D,0xFF002F3D,0xFF00303E,
    0xFF013240,0xFF002F3D,0xFF01313F,0xFF023241,0xFF033443,0xFF003241,0xFF023142,0xFF043544,
    0xFF063945,0xFF194551,0xFF29525E,0xFF0E3A47,0xFF00303E,0xFF003442,0xFF14424D,0xFF1A4754,
    0xFF023341,0xFF013242,0xFF033443,0xFF113D48,0xFF15424F,0xFF033645,0xFF053845,0xFF154453,
    0xFF0A3B48,0xFF033643,0xFF043444,0xFF003442,0xFF023846,0xFF013945,0xFF0C4351,0xFF205264,
    0xFF457287,0xFF2D5E72,0xFF2B5E6F,0xFF467281,0xFF7093A2,0xFF507C91,0xFF457388,0xFF437085,
    0xFF578498,0xFF648C9C,0xFF6D8DA0,0xFF658699,0xFF5D8092,0xFF557C90,0xFF3F6F85,0xFF3C6D7D,
    0xFF538090,0xFF548496,0xFF376A7B,0xFF406C7F,0xFF366779,0xFF4F8292,0xFF326576,0xFF17495A,
    0xFF2E6071,0xFF2C5D69,0xFF688B9D,0xFF336679,0xFF0C475C,0xFF0B4055,0xFF2E5F73,0xFF346374,
    0xFF537C89,0xFF7496A4,0xFF467283,0xFF043A4D,0xFF0B4256,0xFF0C4357,0xFF033A4E,0xFF1C5065,
    0xFF2D6176,0xFF1F5368,0xFF33677C,0xFF033749,0xFF0C3D4D,0xFF507C8C,0xFF2F5969,0xFF1F5162,
    0xFF214F62,0xFF1A4A5C,0xFF013445,0xFF053A4C,0xFF04394B,0xFF03394B,0xFF05394B,0xFF07394C,
    0xFF063A4C,0xFF003346,0xFF275767,0xFF18485A,0xFF002E41,0xFF517684,0xFF3C6374,0xFF184456,
    0xFF0C3D50,0xFF073A4D,0xFF1B495B,0xFF134254,0xFF164356,0xFF235465,0xFF0A3F4E,0xFF2A5365,
    0xFF687E8C,0xFF8F9AA7,0xFF697E8E,0xFF507787,0xFF1B4A60,0xFF214B5A,0xFF6C7F8B,0xFF5A737C,
    0xFF476772,0xFF47697B,0xFF2F5766,0xFF4B7081,0xFF5D7B8E,0xFF4C707D,0xFF80969C,0xFFACADB3,
    0xFF809498,0xFF6E8493,0xFF899EAE,0xFF3F6775,0xFF62858F,0xFF879DA5,0xFF8899AB,0xFF365E6E,
    0xFF336678,0xFF3C6F81,0xFF255667,0xFF487082,0xFF224E5E,0xFF466B74,0xFF89A6AF,0xFF395D70,
    0xFF114457,0xFF1E4F63,0xFF235165,0xFF0E3E52,0xFF0D3F53,0xFF0F3F51,0xFF0D3B4B,0xFF12404F,
    0xFF154252,0xFF184054,0xFF354F61,0xFF557280,0xFF1C4558,0xFF1A475E,0xFF1E495D,0xFF144053,
    0xFF21495C,0xFF2C4D5D,0xFF435E6C,0xFF485E6B,0xFF233E4E,0xFF304A5A,0xFF384E5B,0xFF2A4554,
    0xFF284252,0xFF2D4355,0xFF2F4656,0xFF485557,0xFFB08757,0xFFFFBC5F,0xFFFCB44F,0xFFF9AE58,
    0xFFF0A463,0xFFF29F5A,0xFFF6A55C,0xFFE29C61,0xFFC4865B,0xFFCA8E6A,0xFFBF8461,0xFFC9895E,
    0xFFE6985C,0xFFFDA155,0xFFFEA650,0xFFFFA84A,0xFFFFA94A,0xFFFFA74D,0xFFFFA74C,0xFFFFA64B,
    0xFFFFA54B,0xFFFFA647,0xFFFFAD44,0xFFFFBA45,0xFFFFC442,0xFFFFBF3D,0xFFFCB935,0xFFFFCA39,
    0xFFFDD238,0xFFFBC52F,0xFFFAC22C,0xFFF6C52A,0xFFFFD438,0xFFFDCF33,0xFFFCCD29,0xFFFCD72E,
    0xFFFBE13B,0xFFFAE34C,0xFFFBE85B,0xFFF8F282,0xFFFCFCB7,0xFFFEFCAE,0xFFFFF37E,0xFFFAE44E,
    0xFFF7E653,0xFFFFE34A,0xFFF8C923,0xFFF6D83F,0xFFFBD63E,0xFFFCCD2E,0xFFFBCF2E,0xFFF9D438,
    0xFFF8D949,0xFFF9D832,0xFFFBD22A,0xFFFDCD31,0xFFFBC927,0xFFF9C931,0xFFFDD33E,0xFFFFD640,
    0xFFFAC134,0xFFFBB635,0xFFFCB432,0xFFFAB431,0xFFFCB537,0xFFFEB73B,0xFFFCB53C,0xFFFBB83A,
    0xFFFEB93D,0xFFFDB23D,0xFFFFAF3F,0xFFFEB144,0xFFFCB043,0xFFFCAF46,0xFFFFB14C,0xFFFFAB4E,
    0xFFFFAA4F,0xFFFFAA51,0xFFFEAA52,0xFFFCAC54,0xFFFCAB56,0xFFFCAA58,0xFFF9AC57,0xFFFDAD53,
    0xFFFFAC58,0xFFF4A761,0xFFD8985E,0xFFB88A60,0xFF6B533F,0xFF4F453B,0xFF3F3F40,0xFF263644,
    0xFF1B3A40,0xFF1C3E49,0xFF263D49,0xFF253E47,0xFF233E47,0xFF1F3D46,0xFF1A3A45,0xFF183843,
    0xFF193944,0xFF21414C,0xFF1C3C47,0xFF173742,0xFF183842,0xFF163640,0xFF1A3B44,0xFF183942,
    0xFF193A43,0xFF153842,0xFF113740,0xFF0F3743,0xFF093140,0xFF0A3142,0xFF0B3243,0xFF0C3344,
    0xFF0A3342,0xFF08333F,0xFF09323F,0xFF123947,0xFF173C4B,0xFF133848,0xFF0B3342,0xFF06313F,
    0xFF09323F,0xFF0A303E,0xFF0C3240,0xFF0F3644,0xFF08323C,0xFF072F39,0xFF103541,0xFF0E323E,
    0xFF01313C,0xFF0B3D48,0xFF0C3E49,0xFF023540,0xFF0B3F49,0xFF043641,0xFF02323E,0xFF012F3B,
    0xFF01303C,0xFF01303C,0xFF00303C,0xFF00303D,0xFF002F3E,0xFF002F3D,0xFF01303E,0xFF01303E,
    0xFF01313F,0xFF01313F,0xFF023240,0xFF063946,0xFF063A47,0xFF00313E,0xFF00313E,0xFF00303E,
    0xFF013240,0xFF00303E,0xFF023241,0xFF023241,0xFF033342,0xFF013140,0xFF023342,0xFF033443,
    0xFF0B3B48,0xFF274E5B,0xFF274E5B,0xFF05313D,0xFF023240,0xFF013543,0xFF15434F,0xFF164450,
    0xFF00303F,0xFF013241,0xFF0A3A48,0xFF204A53,0xFF1D4954,0xFF033543,0xFF053A46,0xFF0E3E4C,
    0xFF043744,0xFF023744,0xFF013543,0xFF023745,0xFF023A47,0xFF0A404C,0xFF366777,0xFF2F5F71,
    0xFF3C6B80,0xFF25596F,0xFF154B5F,0xFF427081,0xFF6A91A2,0xFF37697F,0xFF2E6177,0xFF316379,
    0xFF366B7E,0xFF417583,0xFF678C9F,0xFF5E8598,0xFF4F7D8C,0xFF3A6B7E,0xFF32647B,0xFF507D91,
    0xFF4C7A8C,0xFF4A7D90,0xFF376A7D,0xFF27596B,0xFF316778,0xFF3E7083,0xFF417285,0xFF05394C,
    0xFF275A6D,0xFF1C535F,0xFF608799,0xFF34687C,0xFF124E60,0xFF14485D,0xFF174B60,0xFF266072,
    0xFF316575,0xFF618898,0xFF517F91,0xFF144A5E,0xFF0E465A,0xFF10475B,0xFF01384C,0xFF20576B,
    0xFF265D71,0xFF1A5166,0xFF2B6175,0xFF02394B,0xFF033848,0xFF326171,0xFF295767,0xFF0E4656,
    0xFF083D4F,0xFF0A3C4F,0xFF043749,0xFF04394B,0xFF053A4C,0xFF04394B,0xFF04384B,0xFF06394C,
    0xFF06394C,0xFF013448,0xFF225163,0xFF18485D,0xFF002C40,0xFF436D7B,0xFF497383,0xFF083547,
    0xFF0C3E50,0xFF0A4051,0xFF124558,0xFF093B4E,0xFF0C3E51,0xFF124455,0xFF255564,0xFF395F6F,
    0xFF7D9098,0xFF98A3AB,0xFF647C89,0xFF587F8D,0xFF255568,0xFF345C6B,0xFF8696A3,0xFF788E98,
    0xFF5D7B86,0xFF5D7A8A,0xFF527482,0xFF658594,0xFF6D8597,0xFF6B8894,0xFF859BA3,0xFF99A6AE,
    0xFF597D84,0xFF5D7D8C,0xFF7D93A6,0xFF517886,0xFF61818C,0xFF708991,0xFF6B8696,0xFF567A8D,
    0xFF28586A,0xFF396F80,0xFF295C6C,0xFF497385,0xFF2E5B6F,0xFF345E69,0xFF557D86,0xFF416C80,
    0xFF24576B,0xFF104255,0xFF3B6A7E,0xFF255568,0xFF0B3E50,0xFF154454,0xFF1E4859,0xFF153B4A,
    0xFF204555,0xFF284B5F,0xFF4C6574,0xFF466373,0xFF275368,0xFF215067,0xFF2C586E,0xFF1F4B60,
    0xFF2A4E61,0xFF456170,0xFF3F5B6B,0xFF274456,0xFF264151,0xFF364C59,0xFF3E525D,0xFF2B4754,
    0xFF284251,0xFF2F4455,0xFF2C444F,0xFF374247,0xFFB38455,0xFFFFB857,0xFFFAAE52,0xFFFAAD54,
    0xFFFBAB58,0xFFFDAA53,0xFFFFAA52,0xFFFDA659,0xFFF5A25D,0xFFF8A662,0xFFFAA161,0xFFF9A05A,
    0xFFFAA553,0xFFFBA64D,0xFFFFA44D,0xFFFFA64C,0xFFFFA84D,0xFFFEA84C,0xFFFDA647,0xFFFDA646,
    0xFFFDA647,0xFFFEA645,0xFFFEA843,0xFFFDAE40,0xFFFDB53F,0xFFFCB13A,0xFFF9B034,0xFFFAB634,
    0xFFFAB932,0xFFFFB32E,0xFFFFAF28,0xFFFCB627,0xFFFDC42D,0xFFFAC223,0xFFFECA25,0xFFFCD22A,
    0xFFFDE03D,0xFFFAE049,0xFFF8E04E,0xFFF7E96E,0xFFFEF8A0,0xFFFCEC85,0xFFF6CF4B,0xFFF3C42E,
    0xFFF8D330,0xFFF4D023,0xFFF8D448,0xFFFFF280,0xFFFBE155,0xFFF7D03A,0xFFF9D549,0xFFFEE96D,
    0xFFFFF17B,0xFFF9DF5D,0xFFF5D23D,0xFFF3C92A,0xFFEFC930,0xFFFAD84C,0xFFFCDB4E,0xFFF4C732,
    0xFFFBBF2E,0xFFF7BC3A,0xFFFAC949,0xFFF5CB50,0xFFFAD159,0xFFFECD4E,0xFFFEC541,0xFFFDC242,
    0xFFFEBC42,0xFFFDB23F,0xFFFFAE42,0xFFFEB144,0xFFFBAE43,0xFFFEB048,0xFFFFB24B,0xFFFEAD4C,
    0xFFFEAE4E,0xFFFDAB4E,0xFFFCAC4F,0xFFFBAE53,0xFFF9AC53,0xFFF9AB54,0xFFF8AB58,0xFFF9AE57,
    0xFFFBAF55,0xFFFBAD5B,0xFFFBAD57,0xFFF8B364,0xFFD9A061,0xFFCF9960,0xFFAF8968,0xFF5A4B43,
    0xFF3B453E,0xFF2A3D44,0xFF223845,0xFF243D46,0xFF233F47,0xFF1F3C45,0xFF1C3A45,0xFF193843,
    0xFF173943,0xFF1B3C46,0xFF1E3E49,0xFF1F3F4A,0xFF1A3A45,0xFF173842,0xFF153740,0xFF173943,
    0xFF173842,0xFF0F353E,0xFF0C333D,0xFF0B3440,0xFF093441,0xFF0B3343,0xFF0A3142,0xFF0C3244,
    0xFF093343,0xFF053341,0xFF06313F,0xFF0C3444,0xFF123848,0xFF143849,0xFF0F3746,0xFF073340,
    0xFF083240,0xFF0A3141,0xFF0A3242,0xFF0B3342,0xFF0A343F,0xFF073038,0xFF0F343F,0xFF123542,
    0xFF023540,0xFF093B46,0xFF043641,0xFF063A44,0xFF073D47,0xFF01323D,0xFF012F3C,0xFF002E3B,
    0xFF00303C,0xFF002F3B,0xFF00303C,0xFF00303D,0xFF01313F,0xFF01313F,0xFF02313F,0xFF01313F,
    0xFF023240,0xFF01313F,0xFF033341,0xFF033644,0xFF043844,0xFF003441,0xFF003340,0xFF00303E,
    0xFF013240,0xFF00313F,0xFF023341,0xFF023241,0xFF023342,0xFF003140,0xFF033342,0xFF023342,
    0xFF0E3D4A,0xFF294E5C,0xFF1D4552,0xFF012F3B,0xFF073745,0xFF013543,0xFF12404C,0xFF0B3A46,
    0xFF013240,0xFF053645,0xFF12404D,0xFF244D55,0xFF1C4751,0xFF013440,0xFF043A46,0xFF073745,
    0xFF003541,0xFF003542,0xFF043846,0xFF0D4352,0xFF003946,0xFF255664,0xFF4A7788,0xFF1D4F62,
    0xFF205569,0xFF1D546B,0xFF0B4459,0xFF336578,0xFF497486,0xFF26586C,0xFF376B7E,0xFF407387,
    0xFF2B6375,0xFF1C5A69,0xFF477387,0xFF5A869B,0xFF346B7A,0xFF1A5364,0xFF174D63,0xFF537E93,
    0xFF3B6B7E,0xFF2F6477,0xFF3B6D81,0xFF12485A,0xFF2A6072,0xFF2F5D72,0xFF3E6C80,0xFF093B4E,
    0xFF215468,0xFF0E4754,0xFF3D697A,0xFF2D6275,0xFF1D5868,0xFF215469,0xFF0C4256,0xFF1A586B,
    0xFF215B6D,0xFF295667,0xFF39677A,0xFF31667A,0xFF11475C,0xFF195064,0xFF0C4357,0xFF265E71,
    0xFF195064,0xFF134B5F,0xFF195265,0xFF00394B,0xFF013748,0xFF0E4050,0xFF194A5A,0xFF043E4F,
    0xFF013A4B,0xFF05394B,0xFF05364A,0xFF023749,0xFF04394B,0xFF04394B,0xFF04384A,0xFF04374A,
    0xFF05394B,0xFF033649,0xFF18475A,0xFF134459,0xFF003043,0xFF285564,0xFF436F7F,0xFF053445,
    0xFF083D4E,0xFF083F50,0xFF093D4F,0xFF063A4C,0xFF083C4F,0xFF18495B,0xFF4F7889,0xFF517381,
    0xFF869B9E,0xFF95A6AA,0xFF5B7B86,0xFF4E7A87,0xFF2B5B6E,0xFF3E6675,0xFF8193A0,0xFF788F99,
    0xFF6D8B98,0xFF688392,0xFF60808D,0xFF658290,0xFF728798,0xFF768D9D,0xFF859DA6,0xFF6F8893,
    0xFF437882,0xFF477281,0xFF597185,0xFF608392,0xFF728A98,0xFF79959F,0xFF416E7A,0xFF63879D,
    0xFF2C576D,0xFF21596A,0xFF306474,0xFF416B7C,0xFF456F87,0xFF3A6878,0xFF245563,0xFF1E5268,
    0xFF477B8F,0xFF104256,0xFF27566B,0xFF38687C,0xFF245465,0xFF2A5565,0xFF507484,0xFF234151,
    0xFF2D495B,0xFF3D5E71,0xFF4F6C79,0xFF4B6C7B,0xFF3D697E,0xFF215068,0xFF36647A,0xFF2C586F,
    0xFF2B4E60,0xFF4A6472,0xFF365263,0xFF1B3D51,0xFF274252,0xFF40525C,0xFF455862,0xFF284450,
    0xFF233B48,0xFF2F4655,0xFF395159,0xFF2C3A41,0xFFA17A57,0xFFFFB55C,0xFFFCA456,0xFFFEA355,
    0xFFFFA657,0xFFFEA856,0xFFFCA954,0xFFFEA655,0xFFFFA753,0xFFFFA84D,0xFFFBA94D,0xFFFDA84E,
    0xFFFFA44E,0xFFFEA24F,0xFFFFA24E,0xFFFEA44E,0xFFFBA74C,0xFFFAA947,0xFFFCAB45,0xFFFEAC47,
    0xFFFEAD47,0xFFFFAB46,0xFFFEA642,0xFFFDA740,0xFFFCA73F,0xFFF9A73A,0xFFF8A637,0xFFFBA635,
    0xFFFEA833,0xFFFAAB30,0xFFFAAC2C,0xFFF9B42A,0xFFFCC634,0xFFFED440,0xFFFDD139,0xFFFAD43D,
    0xFFFEE24A,0xFFFEDA42,0xFFFFDE42,0xFFFFE557,0xFFFFE76D,0xFFF6D246,0xFFEBB21E,0xFFF9BE2C,
    0xFFF6BB28,0xFFF1C82C,0xFFFDEE78,0xFFFCFD90,0xFFF6EA67,0xFFFDE766,0xFFFFEF81,0xFFFDF59C,
    0xFFFBF69D,0xFFFFF39C,0xFFFDE770,0xFFF8DD46,0xFFFBE561,0xFFFBE76B,0xFFFDE663,0xFFF5C739,
    0xFFF8BA34,0xFFF6C856,0xFFFFEC7F,0xFFFDF181,0xFFFFF07A,0xFFFADA55,0xFFF9CC3C,0xFFFFC943,
    0xFFFABB3F,0xFFFAB03D,0xFFFEAC40,0xFFFBAF3F,0xFFFAAE41,0xFFFDB146,0xFFFCB046,0xFFFDB54C,
    0xFFFFB950,0xFFFCB34E,0xFFFCB34F,0xFFFEB452,0xFFFCB251,0xFFFBAF52,0xFFFAB151,0xFFFBB952,
    0xFFFABF53,0xFFFCC156,0xFFFCBF5D,0xFFFCBF66,0xFFF9B764,0xFFFDB35C,0xFFFBAE63,0xFFC28657,
    0xFFA4835E,0xFF6C5D50,0xFF1B2E37,0xFF1F3943,0xFF223D47,0xFF213D46,0xFF1E3A46,0xFF1B3A45,
    0xFF153A44,0xFF143843,0xFF1A3A45,0xFF1D3D48,0xFF1C3D47,0xFF1B3D47,0xFF133641,0xFF193B46,
    0xFF193B46,0xFF0F343D,0xFF0B343C,0xFF093540,0xFF093542,0xFF0C3344,0xFF0A3142,0xFF0D3445,
    0xFF0C3545,0xFF093746,0xFF063242,0xFF073141,0xFF0A3141,0xFF0E3444,0xFF0E3746,0xFF093542,
    0xFF0B3644,0xFF063040,0xFF073242,0xFF083242,0xFF0D3742,0xFF09323C,0xFF0A303C,0xFF113542,
    0xFF043845,0xFF023541,0xFF00323F,0xFF073B48,0xFF053745,0xFF002F3D,0xFF002F3D,0xFF00303E,
    0xFF00303E,0xFF00303E,0xFF01313F,0xFF002F3D,0xFF023240,0xFF013240,0xFF00313F,0xFF013140,
    0xFF023141,0xFF002F3E,0xFF023242,0xFF003342,0xFF013442,0xFF023745,0xFF043745,0xFF003340,
    0xFF003240,0xFF013241,0xFF023241,0xFF013140,0xFF023342,0xFF013140,0xFF013241,0xFF013241,
    0xFF0E3D4B,0xFF204C57,0xFF0E3D49,0xFF013240,0xFF0A3B49,0xFF043543,0xFF093C4A,0xFF043644,
    0xFF053641,0xFF0F3E48,0xFF1C4751,0xFF204C55,0xFF15444B,0xFF02333D,0xFF053947,0xFF013543,
    0xFF013542,0xFF023746,0xFF093E50,0xFF154A5C,0xFF0A3F51,0xFF306372,0xFF2F6372,0xFF0A4256,
    0xFF0E4861,0xFF104A61,0xFF0D475C,0xFF215B6F,0xFF20586D,0xFF2A6174,0xFF2F6679,0xFF32687C,
    0xFF31697C,0xFF195165,0xFF1E5569,0xFF497F93,0xFF154D5F,0xFF073F50,0xFF043C4E,0xFF3E7486,
    0xFF266272,0xFF0D4758,0xFF2F6375,0xFF043B4D,0xFF144B5C,0xFF1B4F61,0xFF215567,0xFF05394B,
    0xFF1F5466,0xFF0D4253,0xFF104456,0xFF13485A,0xFF27586C,0xFF3D6B80,0xFF073B4E,0xFF144E60,
    0xFF255D71,0xFF0C4256,0xFF11475B,0xFF386C81,0xFF15485D,0xFF194E62,0xFF154B60,0xFF356A7D,
    0xFF25596C,0xFF0E4455,0xFF0E4657,0xFF023749,0xFF013648,0xFF0B3F51,0xFF14495B,0xFF063C4E,
    0xFF02384A,0xFF053A4C,0xFF04384B,0xFF03384A,0xFF04394B,0xFF03384A,0xFF03384A,0xFF03384A,
    0xFF04394B,0xFF03384A,0xFF0A3D50,0xFF0B3D50,0xFF03364A,0xFF0B3E50,0xFF1E5163,0xFF043649,
    0xFF05384B,0xFF093C4F,0xFF04384B,0xFF0B3A49,0xFF174456,0xFF204D62,0xFF678C9D,0xFF5C7680,
    0xFF889A9E,0xFF90A0A7,0xFF456C7A,0xFF336677,0xFF25566C,0xFF406976,0xFF758E97,0xFF6E8791,
    0xFF7995A3,0xFF61818F,0xFF4B7283,0xFF3E667A,0xFF597E90,0xFF5F7D8D,0xFF7E969D,0xFF54757E,
    0xFF518294,0xFF2D6172,0xFF30596A,0xFF597A8A,0xFF738A98,0xFF78979F,0xFF36656F,0xFF4F7688,
    0xFF366078,0xFF063B50,0xFF396A79,0xFF4E7283,0xFF597A8C,0xFF4A7387,0xFF25546B,0xFF0E3F53,
    0xFF336777,0xFF316279,0xFF0F4059,0xFF26566B,0xFF537B8C,0xFF355E6C,0xFF618390,0xFF445865,
    0xFF566771,0xFF577482,0xFF38606E,0xFF41697B,0xFF3F677A,0xFF244E62,0xFF29546A,0xFF335E71,
    0xFF244A5C,0xFF38596A,0xFF355261,0xFF183A4C,0xFF274658,0xFF4D575E,0xFF445662,0xFF314348,
    0xFF4C504D,0xFF2A424E,0xFF3E5968,0xFF2E3E44,0xFFA27C50,0xFFFFB15C,0xFFFCA458,0xFFFFA457,
    0xFFFFA455,0xFFFFA553,0xFFFFA651,0xFFFFA651,0xFFFFA64F,0xFFFFA64E,0xFFFEA44E,0xFFFEA44D,
    0xFFFDA54C,0xFFFDA74B,0xFFFFAA49,0xFFFDAB47,0xFFFBAB44,0xFFFDB649,0xFFFEB849,0xFFFFB64A,
    0xFFFFBB4C,0xFFFEB04B,0xFFFBA443,0xFFF8AB3A,0xFFF9AA38,0xFFF9AF34,0xFFFBBA3D,0xFFFBBB40,
    0xFFFAB433,0xFFF9C137,0xFFFBC73B,0xFFFBC636,0xFFFCCA39,0xFFFDD047,0xFFFAC638,0xFFFBCC3C,
    0xFFFDD443,0xFFFCC433,0xFFF9CD35,0xFFF3D034,0xFFFACE36,0xFFF9D33D,0xFFF1CC42,0xFFFFE468,
    0xFFFEDE60,0xFFFAD852,0xFFFBDF5B,0xFFF4DE5D,0xFFF6DF63,0xFFFFF487,0xFFFEF796,0xFFFCF08E,
    0xFFFDF8A6,0xFFFFFBB4,0xFFFDF39E,0xFFF9EE89,0xFFFDF69C,0xFFFBF293,0xFFFFF07F,0xFFFFDA55,
    0xFFF3C839,0xFFF6E06C,0xFFFEF189,0xFFFAE571,0xFFFBE064,0xFFF2D047,0xFFF6CC40,0xFFFBCA43,
    0xFFF9C845,0xFFF6BC40,0xFFFDB543,0xFFFBBB42,0xFFF9BF49,0xFFFBC04A,0xFFFBBD44,0xFFFDC14C,
    0xFFFFC552,0xFFFBBF4F,0xFFFBBF4E,0xFFFDC04F,0xFFFCBF50,0xFFFCBD51,0xFFFCC14F,0xFFFFCA58,
    0xFFFFC85B,0xFFFEC954,0xFFFDC257,0xFFFEBC60,0xFFFEB65F,0xFFFFB25B,0xFFFFB261,0xFFEBA059,
    0xFFEBAA69,0xFFCB9863,0xFF494133,0xFF1A313A,0xFF1C3C4C,0xFF29414A,0xFF274148,0xFF1F3C45,
    0xFF163A4A,0xFF143846,0xFF183841,0xFF183942,0xFF1B3C45,0xFF1E3E48,0xFF143741,0xFF153B44,
    0xFF1E3E49,0xFF133741,0xFF0E363F,0xFF0C3843,0xFF0A3643,0xFF0A3444,0xFF093343,0xFF0B3545,
    0xFF0C3747,0xFF113F4E,0xFF12404F,0xFF113E4D,0xFF063241,0xFF063340,0xFF073441,0xFF0B3945,
    0xFF234B57,0xFF07313E,0xFF01303C,0xFF072F3F,0xFF0E3544,0xFF0D3543,0xFF082F3D,0xFF0B3240,
    0xFF063A47,0xFF00313E,0xFF00313E,0xFF033744,0xFF023240,0xFF002F3D,0xFF023241,0xFF00303E,
    0xFF00303E,0xFF00303E,0xFF01313F,0xFF002F3D,0xFF023240,0xFF023240,0xFF00313E,0xFF013241,
    0xFF033644,0xFF00303F,0xFF003140,0xFF00313F,0xFF003240,0xFF053947,0xFF083D4B,0xFF013543,
    0xFF003341,0xFF013241,0xFF023241,0xFF013140,0xFF023342,0xFF013140,0xFF013241,0xFF013241,
    0xFF0E3D4A,0xFF1C4955,0xFF093945,0xFF023342,0xFF083947,0xFF073846,0xFF043846,0xFF013441,
    0xFF0A3B47,0xFF1D4C56,0xFF1E4A54,0xFF17454E,0xFF0D3D46,0xFF043641,0xFF063A49,0xFF013543,
    0xFF073B49,0xFF0A3F4F,0xFF093E51,0xFF0E4355,0xFF124759,0xFF1C5260,0xFF114858,0xFF134C61,
    0xFF0A445C,0xFF0D475B,0xFF1E586B,0xFF165064,0xFF1B5468,0xFF255C70,0xFF11485C,0xFF174E62,
    0xFF21576C,0xFF13495D,0xFF0C4457,0xFF1D5569,0xFF063D50,0xFF043B4C,0xFF01394A,0xFF225A6B,
    0xFF185464,0xFF00394A,0xFF16495C,0xFF033849,0xFF023849,0xFF083D4F,0xFF0B4052,0xFF013648,
    0xFF1A4F61,0xFF104557,0xFF013648,0xFF0A3F51,0xFF18495D,0xFF4A788C,0xFF0D4053,0xFF185062,
    0xFF1E5569,0xFF12495D,0xFF043A4F,0xFF1A5266,0xFF0F475A,0xFF13485D,0xFF27576D,0xFF497A8F,
    0xFF295D70,0xFF043A4C,0xFF073F50,0xFF04394B,0xFF003547,0xFF0B4052,0xFF14495B,0xFF073C4E,
    0xFF023749,0xFF053A4C,0xFF03384A,0xFF03384A,0xFF03384A,0xFF03384A,0xFF03384A,0xFF03384A,
    0xFF03384A,0xFF04394B,0xFF04384A,0xFF06394C,0xFF05384B,0xFF04374A,0xFF093C4F,0xFF04374A,
    0xFF04374A,0xFF093C50,0xFF013346,0xFF194454,0xFF305A6C,0xFF1A485D,0xFF558191,0xFF53717D,
    0xFF8F9DA5,0xFF969EA5,0xFF4D6F79,0xFF1E4E62,0xFF184D65,0xFF336171,0xFF6A8893,0xFF68838E,
    0xFF6B8997,0xFF3E6578,0xFF2F5E75,0xFF164962,0xFF2D5B71,0xFF2B5364,0xFF567C8B,0xFF3D6572,
    0xFF41707E,0xFF10495C,0xFF1D4F62,0xFF3A6679,0xFF5A7D8E,0xFF5D8390,0xFF306271,0xFF2E5B70,
    0xFF406E85,0xFF06384D,0xFF325F6F,0xFF5D8091,0xFF6C8C9C,0xFF476F84,0xFF27566C,0xFF2B586A,
    0xFF124555,0xFF2D5F76,0xFF174962,0xFF0E3F54,0xFF4F788A,0xFF406977,0xFF41626F,0xFF5D6E76,
    0xFF95A0A4,0xFF68828C,0xFF355F6F,0xFF29576C,0xFF2E5A70,0xFF234F66,0xFF18465D,0xFF315C6F,
    0xFF1A4152,0xFF305364,0xFF375362,0xFF1D3D4D,0xFF2D4A5B,0xFF4A5153,0xFF353B3E,0xFF766753,
    0xFFC9A47F,0xFF4C4B40,0xFF2C434F,0xFF404543,0xFFCF9659,0xFFFFAD58,0xFFF9A65A,0xFFFEA856,
    0xFFFEA853,0xFFFEA751,0xFFFEA84F,0xFFFEA84F,0xFFFDA84F,0xFFFEA84F,0xFFFFA751,0xFFFFA84F,
    0xFFFFAB50,0xFFFFB151,0xFFFFB952,0xFFFFB54D,0xFFFFB34A,0xFFFFB84D,0xFFFCB247,0xFFFDAD44,
    0xFFFCB045,0xFFFCAD46,0xFFFEB145,0xFFFEBD42,0xFFFFBB40,0xFFFDBF3B,0xFFFECE46,0xFFFDCF49,
    0xFFF8C339,0xFFFFD041,0xFFFFD342,0xFFFFCE3C,0xFFFAC232,0xFFFDB935,0xFFFCB92E,0xFFFCC332,
    0xFFFDC93B,0xFFF9B92F,0xFFF6CA38,0xFFF7E143,0xFFF7DB47,0xFFFFE965,0xFFFFE96C,0xFFFEE975,
    0xFFFEF076,0xFFF0D854,0xFFF0BF3D,0xFFFABD41,0xFFFDCF57,0xFFFDE373,0xFFF8DE70,0xFFFBE06B,
    0xFFF7F083,0xFFF8F191,0xFFFEF593,0xFFFDF58D,0xFFFEF594,0xFFFDEE88,0xFFFADD6A,0xFFFACC51,
    0xFFFBCD4C,0xFFFFE16F,0xFFF4CF62,0xFFF6CE52,0xFFFDDB59,0xFFFDDF59,0xFFFEE05F,0xFFFAEA72,
    0xFFFFE875,0xFFFCD15E,0xFFF9CF57,0xFFFED15B,0xFFFFD767,0xFFFFDA69,0xFFFED05A,0xFFFFC950,
    0xFFFEC64F,0xFFFEBF4D,0xFFFFC250,0xFFFFC550,0xFFFFC653,0xFFFFC352,0xFFFFC657,0xFFFFC95E,
    0xFFFBC25A,0xFFFEC75B,0xFFFDC056,0xFFFCB85C,0xFFFCB363,0xFFFEB064,0xFFFCB067,0xFFF7AD66,
    0xFFFBB36D,0xFFF8B471,0xFFC3976C,0xFF443F33,0xFF152C36,0xFF243E4A,0xFF254148,0xFF223E45,
    0xFF213B43,0xFF1E3C44,0xFF1D3F48,0xFF183942,0xFF183942,0xFF1A3943,0xFF143741,0xFF0F353E,
    0xFF1A3A45,0xFF183C46,0xFF0F3740,0xFF0E3743,0xFF0B3644,0xFF0A3444,0xFF093343,0xFF0A3444,
    0xFF0A3545,0xFF0F3D4C,0xFF1C4A59,0xFF305F6D,0xFF23505F,0xFF204959,0xFF163E4B,0xFF183C48,
    0xFF496C79,0xFF113A49,0xFF002E3C,0xFF042F41,0xFF093141,0xFF0E3544,0xFF0A3140,0xFF072E3D,
    0xFF053644,0xFF002F3D,0xFF00303E,0xFF013240,0xFF002F3D,0xFF01313F,0xFF033442,0xFF00303E,
    0xFF00303E,0xFF00303E,0xFF01313F,0xFF002F3D,0xFF02313F,0xFF023341,0xFF00303E,0xFF013341,
    0xFF043846,0xFF023543,0xFF003341,0xFF003341,0xFF003341,0xFF043745,0xFF093E4C,0xFF033846,
    0xFF003341,0xFF003140,0xFF013141,0xFF013241,0xFF013241,0xFF003140,0xFF013241,0xFF023241,
    0xFF13424F,0xFF1A4652,0xFF053441,0xFF033442,0xFF073846,0xFF0A3B49,0xFF023543,0xFF00313F,
    0xFF12434E,0xFF21515B,0xFF113F4B,0xFF0E3D48,0xFF073842,0xFF073A45,0xFF043846,0xFF063A48,
    0xFF144855,0xFF0C4050,0xFF053A4D,0xFF0B4052,0xFF1D5264,0xFF083F50,0xFF0B4355,0xFF22596E,
    0xFF0D455B,0xFF1E566A,0xFF387083,0xFF1B5367,0xFF174F63,0xFF094054,0xFF01384C,0xFF053C50,
    0xFF094054,0xFF043B4F,0xFF043B4F,0xFF063C51,0xFF043C4E,0xFF033C4C,0xFF02394A,0xFF084051,
    0xFF0B4556,0xFF013849,0xFF06364A,0xFF03374A,0xFF053A4C,0xFF023648,0xFF023749,0xFF04394B,
    0xFF0C4153,0xFF093E50,0xFF013648,0xFF0D4254,0xFF0B3B4F,0xFF416F83,0xFF184B5E,0xFF1A5364,
    0xFF0A4155,0xFF0C4357,0xFF0E4459,0xFF033F51,0xFF054153,0xFF1A4D62,0xFF356279,0xFF447489,
    0xFF114558,0xFF02384A,0xFF033B4C,0xFF04394B,0xFF003547,0xFF073C4E,0xFF0E4355,0xFF053A4C,
    0xFF023749,0xFF04394B,0xFF04384A,0xFF023749,0xFF023749,0xFF04394B,0xFF03384A,0xFF03384A,
    0xFF03384A,0xFF03384A,0xFF04384A,0xFF06384B,0xFF033649,0xFF04374A,0xFF124558,0xFF06394C,
    0xFF033549,0xFF063A4D,0xFF003040,0xFF335968,0xFF3F6777,0xFF0E3F51,0xFF235666,0xFF3B6072,
    0xFF8C9CA8,0xFF9FA3A8,0xFF748E96,0xFF355F73,0xFF164B64,0xFF194E61,0xFF527786,0xFF668591,
    0xFF587987,0xFF1B465A,0xFF164A63,0xFF073E5A,0xFF12465E,0xFF093F54,0xFF306078,0xFF28576C,
    0xFF1E5263,0xFF053E4F,0xFF0C4256,0xFF15495E,0xFF346276,0xFF366377,0xFF1F5368,0xFF1B4D64,
    0xFF37687F,0xFF104055,0xFF31596B,0xFF628496,0xFF638495,0xFF3F677C,0xFF457184,0xFF578190,
    0xFF225263,0xFF093E55,0xFF20546C,0xFF225268,0xFF255366,0xFF527888,0xFF385662,0xFF6C7E84,
    0xFF95A1A3,0xFF617C88,0xFF355F73,0xFF1D4D65,0xFF27566E,0xFF27556B,0xFF224D62,0xFF2C5668,
    0xFF1C4255,0xFF2E5162,0xFF314D5D,0xFF274354,0xFF2C4452,0xFF635D53,0xFF84725F,0xFFCE9967,
    0xFFFFB873,0xFFAD8962,0xFF4B4B45,0xFF7B6750,0xFFFAB166,0xFFFEAA59,0xFFF9AB5F,0xFFFDAC59,
    0xFFFEAF5A,0xFFFFB059,0xFFFFB058,0xFFFFAF59,0xFFFFAF59,0xFFFFB059,0xFFFEAD57,0xFFFFAD56,
    0xFFFEAD53,0xFFFFB456,0xFFFEB956,0xFFFCB34F,0xFFFDB04C,0xFFFEAE49,0xFFF9A945,0xFFFAAA45,
    0xFFFEAE4A,0xFFFEAE47,0xFFFEB644,0xFFFFC043,0xFFFFBD42,0xFFFDBD3D,0xFFFCC43F,0xFFFEC845,
    0xFFFABE3F,0xFFFCC944,0xFFFCC941,0xFFFEC63D,0xFFFFC23B,0xFFFEB739,0xFFFFC23B,0xFFFFCF42,
    0xFFF8C53E,0xFFFBB53A,0xFFF9CB44,0xFFFFED5A,0xFFFDE05A,0xFFFEE068,0xFFF8D25A,0xFFF4C54F,
    0xFFFCD463,0xFFF7C956,0xFFFBBC43,0xFFFFBD45,0xFFFEBF4B,0xFFF8C24F,0xFFF5C24E,0xFFF8C54A,
    0xFFF7D85D,0xFFFCDD6D,0xFFFAD56A,0xFFFDD86D,0xFFF9CD69,0xFFF6C059,0xFFF8B84C,0xFFF8B44D,
    0xFFFAC057,0xFFFAC45D,0xFFF4B64D,0xFFF9BE44,0xFFFDCE51,0xFFF6D158,0xFFF8DD6D,0xFFFEF48A,
    0xFFFBDB73,0xFFFCCA5A,0xFFFFE162,0xFFFDDB61,0xFFFFE26E,0xFFFFE26E,0xFFFDD45D,0xFFFEC855,
    0xFFFCC050,0xFFFDB84E,0xFFFFBD53,0xFFFFC354,0xFFFFC154,0xFFFBBB52,0xFFFDBF55,0xFFFFC557,
    0xFFFDC255,0xFFFFC658,0xFFFFC15C,0xFFF8B45F,0xFFF5AC66,0xFFF7AC6B,0xFFF5AD6A,0xFFF7AE6A,
    0xFFF8AD68,0xFFFCAE67,0xFFFBB06D,0xFFB68E66,0xFF464439,0xFF15292F,0xFF193C49,0xFF1A3E4E,
    0xFF1B3A46,0xFF213E47,0xFF20414A,0xFF1E3F48,0xFF1B3C45,0xFF1A3944,0xFF143842,0xFF10363F,
    0xFF173842,0xFF1C3F48,0xFF133943,0xFF0F3743,0xFF0C3543,0xFF0A3444,0xFF093343,0xFF0B3545,
    0xFF083343,0xFF083645,0xFF164453,0xFF2C5A69,0xFF345F70,0xFF486E7F,0xFF52717F,0xFF4B646F,
    0xFF67848F,0xFF294E5A,0xFF002838,0xFF022E41,0xFF052E3E,0xFF0A303F,0xFF0E3544,0xFF082F3E,
    0xFF02313F,0xFF002E3C,0xFF00303E,0xFF00303E,0xFF00313F,0xFF00313F,0xFF013240,0xFF00303E,
    0xFF00303E,0xFF00303E,0xFF01313F,0xFF01313F,0xFF01313F,0xFF023341,0xFF00303E,0xFF023544,
    0xFF043947,0xFF063B49,0xFF023745,0xFF023644,0xFF003341,0xFF023644,0xFF063A48,0xFF033947,
    0xFF003441,0xFF013241,0xFF013141,0xFF013241,0xFF013241,0xFF003140,0xFF003241,0xFF013241,
    0xFF184755,0xFF15424D,0xFF033340,0xFF053645,0xFF053644,0xFF10414F,0xFF023543,0xFF013441,
    0xFF174752,0xFF15444E,0xFF053441,0xFF0B3B48,0xFF063945,0xFF033844,0xFF033745,0xFF0F4351,
    0xFF154956,0xFF083D4D,0xFF02384A,0xFF124759,0xFF2D6274,0xFF023B4D,0xFF0E485B,0xFF285E72,
    0xFF15495D,0xFF306578,0xFF42778A,0xFF2B6072,0xFF1B5063,0xFF02394D,0xFF033A4E,0xFF033A4E,
    0xFF02394D,0xFF02394D,0xFF02394D,0xFF033A4E,0xFF01384B,0xFF003949,0xFF02394A,0xFF043B4C,
    0xFF10495A,0xFF003446,0xFF043347,0xFF033548,0xFF053A4C,0xFF023648,0xFF013648,0xFF04394B,
    0xFF04394B,0xFF03384A,0xFF003547,0xFF093E50,0xFF043549,0xFF2E5C70,0xFF184C5E,0xFF0F485A,
    0xFF053C50,0xFF01374B,0xFF0F465A,0xFF0F485B,0xFF01384C,0xFF11465B,0xFF26566C,0xFF235569,
    0xFF063A4C,0xFF013748,0xFF013A4B,0xFF04394B,0xFF003547,0xFF04394B,0xFF0A3F51,0xFF04394B,
    0xFF023749,0xFF03384A,0xFF03384A,0xFF023749,0xFF023749,0xFF04394B,0xFF03384A,0xFF03384A,
    0xFF03384A,0xFF03384A,0xFF04384A,0xFF06384B,0xFF033649,0xFF04374A,0xFF194C5F,0xFF0B3E51,
    0xFF033649,0xFF03384A,0xFF00303E,0xFF4B6C7A,0xFF5C8190,0xFF2F6070,0xFF1E4F62,0xFF214C64,
    0xFF7D93A1,0xFF9EA6AB,0xFF829CA4,0xFF608297,0xFF2B596F,0xFF073F53,0xFF305D70,0xFF557987,
    0xFF476A79,0xFF0D3645,0xFF0D3D51,0xFF15475C,0xFF225365,0xFF0E3642,0xFF636E70,0xFF60737C,
    0xFF225165,0xFF0A3B4C,0xFF0F4053,0xFF0B3D52,0xFF25596E,0xFF35647B,0xFF17475E,0xFF15465C,
    0xFF35667D,0xFF346077,0xFF4C6F83,0xFF698A9B,0xFF547788,0xFF335A6F,0xFF598193,0xFF6D929E,
    0xFF3B6878,0xFF00354A,0xFF164C63,0xFF38667E,0xFF15475C,0xFF557889,0xFF6A848F,0xFF61787D,
    0xFF536B73,0xFF3D5E6E,0xFF29536B,0xFF27556E,0xFF224F65,0xFF335B6E,0xFF476C7B,0xFF375E70,
    0xFF254C5F,0xFF294B5C,0xFF2D4959,0xFF2D485A,0xFF2B3E49,0xFF997E61,0xFFCF9D6D,0xFFEDA869,
    0xFFFFB065,0xFFEEB27A,0xFFB38B65,0xFFC58E5C,0xFFFFB467,0xFFFAAF65,0xFFFDAE63,0xFFFDB063,
    0xFFFEB363,0xFFFEB361,0xFFFDB160,0xFFFDB161,0xFFFDB262,0xFFFEB262,0xFFFAAD5E,0xFFFAAC5C,
    0xFFFAA957,0xFFFDAC58,0xFFF8A953,0xFFFAAB53,0xFFFEAF54,0xFFFEAE51,0xFFFEB04F,0xFFFFB956,
    0xFFFFB755,0xFFFEAD4B,0xFFFDB348,0xFFFFBD49,0xFFFFBA4A,0xFFFFB546,0xFFFFBB46,0xFFFFBF4D,
    0xFFFAAE49,0xFFFBB448,0xFFF7B444,0xFFFDBB49,0xFFFEBC49,0xFFFCB74A,0xFFFCC34B,0xFFFDCB4E,
    0xFFF7BD49,0xFFFCB249,0xFFFDC353,0xFFFCD25A,0xFFF7BE4C,0xFFFABA4D,0xFFF9B648,0xFFFDB748,
    0xFFFFB854,0xFFFFB653,0xFFFEB94D,0xFFF9BD50,0xFFFCBC52,0xFFFEBB52,0xFFFEBC51,0xFFFEBC4F,
    0xFFFFC555,0xFFFDBE54,0xFFFBB751,0xFFFDB754,0xFFFDB356,0xFFFFB051,0xFFFFB053,0xFFFDB15D,
    0xFFF8B559,0xFFF9B259,0xFFFBAF5A,0xFFF8AF4E,0xFFFDBC57,0xFFF7BD58,0xFFF1BC5F,0xFFF2C062,
    0xFFF3B656,0xFFF6B753,0xFFFDCC60,0xFFFECC5D,0xFFFBCC62,0xFFF7C85D,0xFFFCC85B,0xFFFDBF5D,
    0xFFFBB95B,0xFFF9B259,0xFFFCB65C,0xFFFFBD60,0xFFFEBB61,0xFFF9B55D,0xFFF9B75B,0xFFFEC15C,
    0xFFFFC45B,0xFFFEBF5C,0xFFFCB962,0xFFF4AE66,0xFFF0A96C,0xFFF1A96E,0xFFF1AC6E,0xFFF1AC6C,
    0xFFF2AC6C,0xFFF5AD6B,0xFFF9AD69,0xFFF0B279,0xFFC59E76,0xFF736854,0xFF1A2F32,0xFF113342,
    0xFF143A4A,0xFF1C3D48,0xFF1D3D45,0xFF1E3F47,0xFF20414A,0xFF1F3F49,0xFF163B44,0xFF123941,
    0xFF193944,0xFF1C3D47,0xFF163A44,0xFF123845,0xFF0F3644,0xFF0A3444,0xFF0A3444,0xFF0B3545,
    0xFF083343,0xFF043241,0xFF083645,0xFF0B3948,0xFF194757,0xFF2D5867,0xFF587783,0xFF81959E,
    0xFF788F94,0xFF516C73,0xFF33505E,0xFF0C3545,0xFF062F3E,0xFF082E3D,0xFF0D3443,0xFF09303F,
    0xFF002E3D,0xFF002E3D,0xFF01303E,0xFF00303E,0xFF013240,0xFF00313F,0xFF00303E,0xFF00303E,
    0xFF00303E,0xFF002F3D,0xFF01313F,0xFF013240,0xFF023341,0xFF033442,0xFF00303E,0xFF013643,
    0xFF013845,0xFF063C4A,0xFF09404D,0xFF063A48,0xFF003341,0xFF023543,0xFF023644,0xFF033846,
    0xFF013543,0xFF033443,0xFF023241,0xFF013241,0xFF013241,0xFF003140,0xFF00303F,0xFF023342,
    0xFF194855,0xFF0D3A45,0xFF043441,0xFF093B49,0xFF033442,0xFF0F404E,0xFF013543,0xFF053745,
    0xFF10414D,0xFF063641,0xFF043442,0xFF0F404E,0xFF053946,0xFF023844,0xFF073B4A,0xFF0E4251,
    0xFF0C404E,0xFF05394A,0xFF013547,0xFF2A5E70,0xFF366B7D,0xFF043E51,0xFF1C566A,0xFF2D6378,
    0xFF1B4E61,0xFF386C7E,0xFF497E90,0xFF3A6F81,0xFF295F70,0xFF02394D,0xFF033A4E,0xFF033A4E,
    0xFF02394D,0xFF01384C,0xFF01384C,0xFF01384C,0xFF00384A,0xFF003849,0xFF01394A,0xFF01394A,
    0xFF1B5464,0xFF063A4C,0xFF033146,0xFF023347,0xFF05394C,0xFF033749,0xFF013648,0xFF023749,
    0xFF03384A,0xFF023749,0xFF013547,0xFF03384A,0xFF003044,0xFF1E4C60,0xFF205366,0xFF003849,
    0xFF063D52,0xFF01374B,0xFF043B4F,0xFF1C5165,0xFF073A4F,0xFF073B50,0xFF0D4357,0xFF0A3F52,
    0xFF04374A,0xFF03394B,0xFF013849,0xFF03384A,0xFF013648,0xFF03384A,0xFF073C4E,0xFF04394B,
    0xFF04394B,0xFF03384A,0xFF023749,0xFF023749,0xFF023749,0xFF04394B,0xFF03384A,0xFF03384A,
    0xFF03384A,0xFF03384A,0xFF05384A,0xFF06384B,0xFF043649,0xFF04374A,0xFF134658,0xFF0E3F52,
    0xFF043749,0xFF033749,0xFF0B3E4C,0xFF5B7B89,0xFF6D919F,0xFF4A7989,0xFF39667D,0xFF16445D,
    0xFF6B8994,0xFF909FA5,0xFF68828E,0xFF5A768A,0xFF355E6F,0xFF033C50,0xFF1D4D62,0xFF375E6B,
    0xFF446572,0xFF314E53,0xFF244850,0xFF19424E,0xFF244A53,0xFF5E6254,0xFFD6A783,0xFFA78B76,
    0xFF445C65,0xFF2B4953,0xFF284C5A,0xFF103C4E,0xFF235163,0xFF3F6E84,0xFF325E74,0xFF2C5769,
    0xFF316479,0xFF436F87,0xFF5D7D92,0xFF56788A,0xFF5C8092,0xFF325A6E,0xFF426B7D,0xFF5F828E,
    0xFF3F6B7D,0xFF053E53,0xFF0A4056,0xFF27566D,0xFF164B60,0xFF517385,0xFF849BA4,0xFF47656F,
    0xFF1E4355,0xFF20485D,0xFF1D4862,0xFF2F5B73,0xFF2C5567,0xFF426575,0xFF5D7C87,0xFF375E6E,
    0xFF234A5D,0xFF244658,0xFF2B4656,0xFF243E53,0xFF313C40,0xFFCB9D70,0xFFFAB26D,0xFFF2AC6B,
    0xFFF8AD6A,0xFFF5B172,0xFFF3AB6B,0xFFF8AA65,0xFFF8B168,0xFFF4B06D,0xFFFCAC62,0xFFF7AE67,
    0xFFFAB067,0xFFF9AF64,0xFFF6AC63,0xFFF6AC64,0xFFF5AB64,0xFFF6AB64,0xFFF5AA63,0xFFF6A961,
    0xFFFAAA61,0xFFFDA95F,0xFFFCA45B,0xFFFCA65B,0xFFFBA95B,0xFFFAAB57,0xFFFDB455,0xFFFBB857,
    0xFFF7AF4F,0xFFFAA94E,0xFFFEAF51,0xFFFDB551,0xFFFBAF4F,0xFFFAAF50,0xFFFBB851,0xFFFBB855,
    0xFFF4A954,0xFFFEA955,0xFFFCAA51,0xFFFBB153,0xFFFAB352,0xFFFCAC52,0xFFF8B14E,0xFFFDB753,
    0xFFFBAF53,0xFFFAAD53,0xFFFFB658,0xFFFAB453,0xFFFDAD51,0xFFFDB155,0xFFFDB155,0xFFFFB258,
    0xFFFCB458,0xFFFCB354,0xFFFFB556,0xFFFDB75C,0xFFFCB95A,0xFFFEB858,0xFFFFB659,0xFFFEB65C,
    0xFFFCB657,0xFFFDB755,0xFFFEB655,0xFFFFB559,0xFFFFB45C,0xFFFFB156,0xFFFAB15C,0xFFF7B264,
    0xFFFCB15C,0xFFFDAE5F,0xFFFBAB66,0xFFFAAC61,0xFFFAAD5F,0xFFFAAD5A,0xFFF9AA58,0xFFFBAA5A,
    0xFFF4AE5D,0xFFECAD5F,0xFFF1AE63,0xFFF7AD5D,0xFFF1AC5E,0xFFF0AA5C,0xFFFAB160,0xFFF5AD61,
    0xFFF4AC61,0xFFF0A961,0xFFF1AB62,0xFFF4AD62,0xFFF4AC64,0xFFF1A862,0xFFF1AA66,0xFFF6B269,
    0xFFF7B365,0xFFF4AF68,0xFFF1AB66,0xFFF1AA6B,0xFFEFA96F,0xFFEFA96D,0xFFEFAB6E,0xFFEEAB70,
    0xFFECAB71,0xFFECAD75,0xFFEDAF76,0xFFF1AC6E,0xFFF2B075,0xFFE0B080,0xFF6D5E45,0xFF29342F,
    0xFF152E36,0xFF133139,0xFF183A45,0xFF1B3D47,0xFF1E3E46,0xFF22414B,0xFF1B3E47,0xFF153A43,
    0xFF193A45,0xFF1B3B46,0xFF183B46,0xFF113643,0xFF0E3444,0xFF0B3444,0xFF0A3444,0xFF0A3444,
    0xFF093343,0xFF053242,0xFF053241,0xFF053241,0xFF073646,0xFF083746,0xFF234650,0xFF80949C,
    0xFF809294,0xFF6B7C7E,0xFF7B8F9A,0xFF2B505D,0xFF022B39,0xFF09303F,0xFF09303F,0xFF072E3D,
    0xFF002F3D,0xFF00303E,0xFF01313F,0xFF00313F,0xFF013240,0xFF013240,0xFF00313F,0xFF00313F,
    0xFF003240,0xFF00313F,0xFF013442,0xFF043745,0xFF013442,0xFF023543,0xFF00313F,0xFF003341,
    0xFF003442,0xFF043A47,0xFF0F4553,0xFF093D4B,0xFF003240,0xFF013543,0xFF023644,0xFF043846,
    0xFF023644,0xFF033846,0xFF013442,0xFF023342,0xFF003140,0xFF003140,0xFF00323F,0xFF053644,
    0xFF184655,0xFF033542,0xFF053745,0xFF0B3C4A,0xFF053644,0xFF093A48,0xFF003441,0xFF043845,
    0xFF043845,0xFF023542,0xFF063947,0xFF0C3F4E,0xFF053947,0xFF093E4B,0xFF083D4D,0xFF073C4E,
    0xFF063A4E,0xFF01374B,0xFF0A3B4C,0xFF547D8D,0xFF3F7082,0xFF114C60,0xFF2E677C,0xFF2B6075,
    0xFF2C5C70,0xFF4B7887,0xFF3F7283,0xFF407687,0xFF407380,0xFF073F4F,0xFF01384A,0xFF01394A,
    0xFF02394B,0xFF00374B,0xFF02394D,0xFF01384C,0xFF01374A,0xFF013648,0xFF04394B,0xFF003546,
    0xFF235B6C,0xFF134A5B,0xFF003043,0xFF023548,0xFF04374A,0xFF023548,0xFF013447,0xFF013447,
    0xFF023749,0xFF03384A,0xFF013648,0xFF03364A,0xFF012F46,0xFF134156,0xFF447587,0xFF0E4053,
    0xFF00344A,0xFF04384E,0xFF003248,0xFF1C5165,0xFF0D4556,0xFF043C4D,0xFF073F50,0xFF053B4D,
    0xFF023749,0xFF073C4E,0xFF03384A,0xFF03384A,0xFF013648,0xFF013648,0xFF03384A,0xFF06394A,
    0xFF05384A,0xFF023546,0xFF033648,0xFF023548,0xFF023548,0xFF06394C,0xFF043749,0xFF023547,
    0xFF05394A,0xFF053849,0xFF063648,0xFF03394B,0xFF08364B,0xFF03394A,0xFF053D4B,0xFF0B384A,
    0xFF1B4859,0xFF1E5060,0xFF356374,0xFF4F7482,0xFF648B97,0xFF487283,0xFF4A738A,0xFF285464,
    0xFF69878F,0xFF748D98,0xFF475C67,0xFF6E7777,0xFF556A6E,0xFF36525A,0xFF405A62,0xFF4D5A59,
    0xFF9F917E,0xFFBC9D7B,0xFF918568,0xFF666A59,0xFF737163,0xFFC7A476,0xFFF5B576,0xFFE1A775,
    0xFFAF9074,0xFFBB966C,0xFF857D69,0xFF495857,0xFF7B7A6A,0xFF2A4D59,0xFF39667A,0xFF577B88,
    0xFF27576E,0xFF26596F,0xFF477081,0xFF2D536D,0xFF5C7E91,0xFF2A5769,0xFF104359,0xFF376377,
    0xFF2A586D,0xFF225368,0xFF15485A,0xFF174A59,0xFF144B5F,0xFF395C6D,0xFF72878E,0xFF325E75,
    0xFF153E56,0xFF1B4359,0xFF1B455E,0xFF234D60,0xFF456A7A,0xFF517585,0xFF587A89,0xFF2A5367,
    0xFF204454,0xFF21465A,0xFF334A5C,0xFF263545,0xFF68553F,0xFFF7B979,0xFFFFB46A,0xFFF4AE6B,
    0xFFF3AD6B,0xFFF4AE6C,0xFFF6AD6B,0xFFF5AD6A,0xFFF5AE6C,0xFFF4AE6D,0xFFF6AD69,0xFFF7AD69,
    0xFFF7AD6A,0xFFF7AC68,0xFFF5AA69,0xFFF4AA69,0xFFF4AA69,0xFFF4AA69,0xFFF3A869,0xFFF3A869,
    0xFFF4A86A,0xFFF4A868,0xFFF5A664,0xFFF4A663,0xFFF3A562,0xFFF3A660,0xFFF4A65C,0xFFF2A55B,
    0xFFF6AA60,0xFFF9AA5E,0xFFFAAB5C,0xFFF7A95A,0xFFF6A859,0xFFF7A758,0xFFF9A95A,0xFFFAAA5B,
    0xFFF8A75A,0xFFFAA65B,0xFFFAA65B,0xFFFBA85B,0xFFFBA85B,0xFFFAA85A,0xFFF9A959,0xFFFAAA5B,
    0xFFFAA95A,0xFFFBAA5A,0xFFFEAD5A,0xFFFEAD58,0xFFFEAE57,0xFFFDAE56,0xFFFDAE56,0xFFFFAF58,
    0xFFFEB25A,0xFFFEB259,0xFFFFB35A,0xFFFFB35B,0xFFFFB459,0xFFFFB459,0xFFFFB459,0xFFFFB45A,
    0xFFFFB459,0xFFFFB45A,0xFFFFB25C,0xFFFFB35D,0xFFFFB25C,0xFFFEB05C,0xFFFEB05F,0xFFFDAF60,
    0xFFFCAF5F,0xFFFCAE62,0xFFFAAC63,0xFFF9AC62,0xFFF8AB60,0xFFF7A961,0xFFF8AA63,0xFFF7A962,
    0xFFF5A963,0xFFF4A865,0xFFF4A766,0xFFF2A865,0xFFF2A866,0xFFF1A768,0xFFF1A669,0xFFF0A86B,
    0xFFF0A86C,0xFFEFA76B,0xFFEEA76B,0xFFECA66A,0xFFEDA76B,0xFFEEA86C,0xFFEDA86E,0xFFECA86E,
    0xFFECA86E,0xFFECA86F,0xFFEDA970,0xFFEDA972,0xFFEDA972,0xFFEDA972,0xFFEEAA73,0xFFEEAA74,
    0xFFEDAA74,0xFFEDAA74,0xFFEDAC74,0xFFEEAB73,0xFFF0AC73,0xFFEEAE79,0xFFDEA778,0xFFB99069,
    0xFF696050,0xFF2A3836,0xFF0B2D38,0xFF113441,0xFF1B353B,0xFF1E3C46,0xFF213C45,0xFF1F3843,
    0xFF183A45,0xFF1A3C46,0xFF1A3D48,0xFF0F3442,0xFF0D3342,0xFF0C3443,0xFF093442,0xFF073542,
    0xFF073442,0xFF083242,0xFF083242,0xFF073141,0xFF073043,0xFF053246,0xFF04313E,0xFF4E6775,
    0xFF80919B,0xFF7E898B,0xFF859197,0xFF3A5E6F,0xFF002A3B,0xFF0A3544,0xFF0A3041,0xFF072A3D,
    0xFF00313F,0xFF023341,0xFF00313F,0xFF00313F,0xFF013240,0xFF013240,0xFF013240,0xFF023442,
    0xFF003341,0xFF003442,0xFF023644,0xFF053947,0xFF013543,0xFF023644,0xFF003240,0xFF003341,
    0xFF003442,0xFF043947,0xFF114654,0xFF104452,0xFF023543,0xFF003341,0xFF013442,0xFF013543,
    0xFF023644,0xFF043846,0xFF013442,0xFF023242,0xFF013140,0xFF023242,0xFF00323F,0xFF093A47,
    0xFF144251,0xFF003340,0xFF083A47,0xFF073846,0xFF0D3E4C,0xFF073846,0xFF003340,0xFF013542,
    0xFF023644,0xFF043845,0xFF083C4A,0xFF043846,0xFF0E4250,0xFF0F4452,0xFF043949,0xFF04394B,
    0xFF03374C,0xFF00374B,0xFF0E3F50,0xFF5F8999,0xFF407384,0xFF1A5468,0xFF387085,0xFF36697C,
    0xFF427285,0xFF5C8897,0xFF37687A,0xFF44798A,0xFF4E808D,0xFF0E4555,0xFF003546,0xFF01394A,
    0xFF02394B,0xFF00374B,0xFF02394D,0xFF01384C,0xFF01374A,0xFF023648,0xFF04394B,0xFF003244,
    0xFF235B6C,0xFF1D5465,0xFF002E40,0xFF023548,0xFF03374A,0xFF033649,0xFF013447,0xFF013447,
    0xFF023749,0xFF053A4C,0xFF03384A,0xFF02374A,0xFF01354B,0xFF083A4E,0xFF558295,0xFF437285,
    0xFF073B4F,0xFF013549,0xFF013348,0xFF083E51,0xFF0B4455,0xFF0B4354,0xFF033B4C,0xFF03394B,
    0xFF013648,0xFF073C4E,0xFF073B4D,0xFF023749,0xFF023749,0xFF013648,0xFF033749,0xFF083B4C,
    0xFF093C4D,0xFF023546,0xFF043748,0xFF033649,0xFF023548,0xFF06394C,0xFF05384A,0xFF043748,
    0xFF073A4B,0xFF073A4B,0xFF02384B,0xFF013B4C,0xFF063346,0xFF023645,0xFF023C4D,0xFF05384E,
    0xFF406E82,0xFF2A5A6E,0xFF2D6172,0xFF2B5562,0xFF547987,0xFF547789,0xFF527688,0xFF366373,
    0xFF6F8D99,0xFF345865,0xFF41534D,0xFFC8A688,0xFFB48F7E,0xFFA48974,0xFFA99075,0xFFB08E72,
    0xFFE7B187,0xFFF9AF7C,0xFFECAE81,0xFFD8A47D,0xFFDBA17A,0xFFF0AE76,0xFFF2AC71,0xFFF4AF74,
    0xFFEEAE77,0xFFF9B575,0xFFCF9E6E,0xFFB28D66,0xFFEDB984,0xFF596059,0xFF1E4A60,0xFF41697C,
    0xFF52707C,0xFF254F5D,0xFF10475C,0xFF1F4B5D,0xFF4F7584,0xFF144658,0xFF063D50,0xFF224F62,
    0xFF1A4455,0xFF2A5667,0xFF316072,0xFF134655,0xFF0F475C,0xFF275062,0xFF628086,0xFF255060,
    0xFF30596A,0xFF244B5D,0xFF234858,0xFF133B4B,0xFF3E6777,0xFF436879,0xFF496D80,0xFF2A4E68,
    0xFF274B5E,0xFF20485B,0xFF42545C,0xFF68574C,0xFFBF956A,0xFFF9B775,0xFFF6AE6C,0xFFF4AD73,
    0xFFF4AD72,0xFFF4AD72,0xFFF2AD71,0xFFF1AB6E,0xFFF3AC6E,0xFFF1AB6E,0xFFF2AB6C,0xFFF4AC6B,
    0xFFF3AB6B,0xFFF1AA69,0xFFF1A96A,0xFFF1A96B,0xFFF1A96C,0xFFF1A96C,0xFFF1A96D,0xFFF1A96D,
    0xFFF0A86D,0xFFF0A86C,0xFFF1A868,0xFFF1A868,0xFFF1A868,0xFFF1A767,0xFFF2A666,0xFFF2A666,
    0xFFF2A766,0xFFF3A663,0xFFF6A761,0xFFF4A660,0xFFF4A660,0xFFF5A560,0xFFF7A661,0xFFF6A560,
    0xFFF7A660,0xFFF8A55E,0xFFF8A55D,0xFFF9A65E,0xFFF9A65E,0xFFF8A95E,0xFFF8A95E,0xFFF9AA5F,
    0xFFF9AA5F,0xFFFCAA5E,0xFFFCAC5D,0xFFFCAC5B,0xFFFDAD59,0xFFFEAE59,0xFFFEAE59,0xFFFFAF5A,
    0xFFFEB05B,0xFFFEB05A,0xFFFFB15B,0xFFFEB15B,0xFFFEB25A,0xFFFEB259,0xFFFEB259,0xFFFEB259,
    0xFFFFB159,0xFFFFB15A,0xFFFFB15E,0xFFFFB05F,0xFFFEB05D,0xFFFCAE5D,0xFFFDAE5F,0xFFFCAE60,
    0xFFFAAD61,0xFFFBAD63,0xFFFAAC64,0xFFF9AC63,0xFFF8AC63,0xFFF7AA65,0xFFF7AA67,0xFFF6A965,
    0xFFF6A965,0xFFF5A767,0xFFF5A768,0xFFF1A967,0xFFF1A969,0xFFF0A86A,0xFFEFA76C,0xFFEEA76D,
    0xFFEEA76C,0xFFEDA66B,0xFFEDA76C,0xFFEDA76E,0xFFEDA76E,0xFFECA76D,0xFFEBA76E,0xFFE9A76F,
    0xFFE9A76F,0xFFE9A76F,0xFFEAA872,0xFFEAA873,0xFFEAA873,0xFFEAA873,0xFFEBA974,0xFFEBA974,
    0xFFECA974,0xFFECA974,0xFFEBAB74,0xFFEBAB74,0xFFEBAB75,0xFFEDAC76,0xFFF1AB72,0xFFEFAC73,
    0xFFDAA97B,0xFFA0866A,0xFF5F5A4D,0xFF4C4B3D,0xFF1E3637,0xFF0F3846,0xFF193946,0xFF1A3744,
    0xFF173942,0xFF193B44,0xFF193B46,0xFF123745,0xFF0F3545,0xFF0E3544,0xFF0B3443,0xFF083542,
    0xFF083442,0xFF083242,0xFF073141,0xFF073141,0xFF082F42,0xFF063145,0xFF00313D,0xFF103642,
    0xFF44606C,0xFF829196,0xFF949CA0,0xFF587079,0xFF022B3A,0xFF093444,0xFF0E3546,0xFF062B3D,
    0xFF023341,0xFF023341,0xFF002F3D,0xFF00303E,0xFF013240,0xFF023341,0xFF023341,0xFF033543,
    0xFF003442,0xFF033745,0xFF043745,0xFF043846,0xFF023644,0xFF033745,0xFF003341,0xFF003442,
    0xFF003543,0xFF073C4A,0xFF104553,0xFF184C5A,0xFF0B3F4D,0xFF003341,0xFF013543,0xFF003341,
    0xFF013442,0xFF043846,0xFF013342,0xFF013241,0xFF013241,0xFF043444,0xFF00313F,0xFF0B3C49,
    0xFF113F4E,0xFF013441,0xFF063946,0xFF053644,0xFF144553,0xFF043543,0xFF00323F,0xFF003441,
    0xFF083D49,0xFF063A47,0xFF073B49,0xFF043846,0xFF184C5A,0xFF0C404E,0xFF013645,0xFF0B4051,
    0xFF04384C,0xFF003449,0xFF144758,0xFF5C8B99,0xFF326677,0xFF195266,0xFF386F83,0xFF407184,
    0xFF477587,0xFF6791A0,0xFF48778A,0xFF497C8E,0xFF4F808E,0xFF104757,0xFF003546,0xFF023A4B,
    0xFF02394B,0xFF00374B,0xFF02394D,0xFF01384C,0xFF01374A,0xFF013648,0xFF02374A,0xFF003345,
    0xFF174F60,0xFF1C5465,0xFF003042,0xFF023447,0xFF033548,0xFF033649,0xFF013447,0xFF013447,
    0xFF023649,0xFF073C4E,0xFF04394B,0xFF003749,0xFF00384B,0xFF073B4E,0xFF426E81,0xFF59889A,
    0xFF376D7F,0xFF053A4C,0xFF003446,0xFF003547,0xFF023A4B,0xFF0C4455,0xFF053E4E,0xFF013648,
    0xFF013648,0xFF053A4C,0xFF063A4C,0xFF013648,0xFF033749,0xFF013648,0xFF05394B,0xFF083B4C,
    0xFF093C4D,0xFF023546,0xFF033648,0xFF04374A,0xFF033649,0xFF06394C,0xFF05384A,0xFF033647,
    0xFF053849,0xFF073A4B,0xFF01384B,0xFF00323F,0xFF2E4D57,0xFF1C4148,0xFF002D39,0xFF265669,
    0xFF457389,0xFF24536A,0xFF0F4759,0xFF2D5A68,0xFF4D7282,0xFF5E7E90,0xFF5E818E,0xFF376273,
    0xFF6F8992,0xFF3A474E,0xFF9A8470,0xFFF9B078,0xFFE8A777,0xFFE5AA7E,0xFFEBAD7F,0xFFECAC7F,
    0xFFF2A876,0xFFF6A971,0xFFF4AB77,0xFFF2AB76,0xFFF8AA72,0xFFF7A974,0xFFECAA7C,0xFFEDA876,
    0xFFF3A86C,0xFFF5AD6E,0xFFEFAB71,0xFFEFA96C,0xFFFFB66D,0xFFAF9071,0xFF405760,0xFF475E67,
    0xFF828480,0xFF38535B,0xFF003E58,0xFF1E5160,0xFF45707C,0xFF0C4051,0xFF114455,0xFF497081,
    0xFF315E72,0xFF124257,0xFF33657D,0xFF1D5269,0xFF0E455A,0xFF13465E,0xFF4D7C8E,0xFF1B4754,
    0xFF305F72,0xFF1F5369,0xFF1E4E61,0xFF113C4D,0xFF2C5767,0xFF2A5062,0xFF34596C,0xFF23445E,
    0xFF32576D,0xFF194050,0xFF595B50,0xFFDAA579,0xFFF2B076,0xFFF1AD6E,0xFFEFAC73,0xFFEFAB78,
    0xFFEFAA77,0xFFEFAA77,0xFFEFAA75,0xFFEFAB71,0xFFEEAB71,0xFFEEAB70,0xFFEEAA6E,0xFFEFA96D,
    0xFFEFAA6E,0xFFEFAA6D,0xFFEFA86D,0xFFF0A96E,0xFFEFA86D,0xFFEFA86D,0xFFEDA76D,0xFFEDA76D,
    0xFFECA76D,0xFFECA76C,0xFFEDA66A,0xFFEDA66B,0xFFECA569,0xFFEDA56A,0xFFEEA46C,0xFFEEA46B,
    0xFFEDA36A,0xFFEEA469,0xFFF0A468,0xFFEFA467,0xFFEFA367,0xFFF1A466,0xFFF1A366,0xFFF2A466,
    0xFFF3A568,0xFFF4A562,0xFFF4A561,0xFFF5A663,0xFFF6A763,0xFFF6A762,0xFFF6A862,0xFFF7A863,
    0xFFF8A963,0xFFFAAA62,0xFFFAAA60,0xFFF9AA5E,0xFFFCAB5E,0xFFFEAC5E,0xFFFEAC5E,0xFFFFAD5F,
    0xFFFEAF5F,0xFFFDAE5D,0xFFFEAF5E,0xFFFEB05F,0xFFFEB05D,0xFFFEB05C,0xFFFEB05D,0xFFFEB05D,
    0xFFFEB05C,0xFFFEB05D,0xFFFEB060,0xFFFEAF60,0xFFFDB060,0xFFFBAE61,0xFFFAAC62,0xFFF9AD62,
    0xFFF8AC62,0xFFF9AC65,0xFFF8AB67,0xFFF7AB66,0xFFF4AB65,0xFFF4A967,0xFFF4AA69,0xFFF3A967,
    0xFFF3A968,0xFFF2A76A,0xFFF2A76B,0xFFEFA86A,0xFFEFA86B,0xFFEEA76D,0xFFEEA76E,0xFFEDA76D,
    0xFFEDA76D,0xFFECA66C,0xFFEBA66D,0xFFEBA76F,0xFFEBA76F,0xFFEAA66E,0xFFE9A76F,0xFFE8A770,
    0xFFE9A771,0xFFE9A771,0xFFE9A772,0xFFE9A773,0xFFE9A773,0xFFE9A773,0xFFEAA874,0xFFEAA874,
    0xFFE9A773,0xFFE9A874,0xFFE9AA77,0xFFE9AA77,0xFFE8A976,0xFFE9AA78,0xFFECAB77,0xFFEFA970,
    0xFFF0AD72,0xFFE3AA7A,0xFFD2A079,0xFFC3986E,0xFF5C6155,0xFF07303B,0xFF133846,0xFF133645,
    0xFF14363F,0xFF163942,0xFF143742,0xFF123745,0xFF103746,0xFF103545,0xFF0E3444,0xFF0A3442,
    0xFF093442,0xFF083242,0xFF083242,0xFF083342,0xFF083142,0xFF043041,0xFF023540,0xFF00313B,
    0xFF09323E,0xFF4D656D,0xFF98A2A5,0xFF879495,0xFF1B404C,0xFF062F41,0xFF153C4D,0xFF052E3E,
    0xFF033442,0xFF01313F,0xFF002F3D,0xFF00313E,0xFF013240,0xFF023341,0xFF033442,0xFF033442,
    0xFF003442,0xFF053947,0xFF043745,0xFF013442,0xFF003442,0xFF023644,0xFF003341,0xFF003442,
    0xFF003543,0xFF073C4A,0xFF0C414F,0xFF134755,0xFF164A58,0xFF043846,0xFF013543,0xFF043846,
    0xFF003341,0xFF033745,0xFF003341,0xFF013241,0xFF003140,0xFF043443,0xFF003240,0xFF093B48,
    0xFF0F3C4B,0xFF073A47,0xFF023442,0xFF083947,0xFF134452,0xFF013240,0xFF00323F,0xFF023643,
    0xFF104451,0xFF063A47,0xFF073B49,0xFF043846,0xFF184C5A,0xFF063B48,0xFF043A49,0xFF1E5365,
    0xFF02364A,0xFF003147,0xFF1B5060,0xFF4F8591,0xFF285E6F,0xFF2C6376,0xFF396E7F,0xFF467687,
    0xFF517C8C,0xFF6890A0,0xFF528093,0xFF447487,0xFF507F8D,0xFF194F60,0xFF003445,0xFF033B4C,
    0xFF02394B,0xFF00374B,0xFF02394D,0xFF01384C,0xFF01384B,0xFF013749,0xFF023749,0xFF003446,
    0xFF0F4758,0xFF1A5162,0xFF003144,0xFF013447,0xFF023548,0xFF023548,0xFF013447,0xFF013447,
    0xFF023749,0xFF063B4D,0xFF03384A,0xFF003648,0xFF00374A,0xFF063A4D,0xFF2C5E6F,0xFF2F6171,
    0xFF4D8393,0xFF306576,0xFF023546,0xFF013647,0xFF003748,0xFF033B4C,0xFF084051,0xFF083E50,
    0xFF023749,0xFF04394B,0xFF0A3F51,0xFF04394B,0xFF023749,0xFF003547,0xFF093D4F,0xFF06394A,
    0xFF043748,0xFF023546,0xFF023547,0xFF023549,0xFF013447,0xFF033749,0xFF043749,0xFF033647,
    0xFF023546,0xFF053749,0xFF033240,0xFF1C3B3B,0xFF8A8A85,0xFF6C726D,0xFF3D504F,0xFF567479,
    0xFF35616F,0xFF2A5B71,0xFF10465A,0xFF467383,0xFF376171,0xFF466E7F,0xFF4E7785,0xFF284E5B,
    0xFF7C837E,0xFFA58674,0xFFE5A784,0xFFFAAC71,0xFFEFAE75,0xFFEBAD7A,0xFFEFAA78,0xFFF0A876,
    0xFFF2A875,0xFFEFAB72,0xFFEFAC77,0xFFEDA873,0xFFF0AA70,0xFFF0A974,0xFFEBA777,0xFFEDA878,
    0xFFF0A875,0xFFECAA74,0xFFEAAA78,0xFFF1AB73,0xFFFBAF6E,0xFFDBA476,0xFFAE947C,0xFFA1866D,
    0xFFB79274,0xFF827868,0xFF214248,0xFF3A5B62,0xFF48707C,0xFF104153,0xFF335D6E,0xFF7994A4,
    0xFF456E80,0xFF0C3445,0xFF214553,0xFF2C4B57,0xFF3C5357,0xFF173848,0xFF376476,0xFF3A5759,
    0xFF193F4E,0xFF11455F,0xFF1C506A,0xFF1B495D,0xFF2E5A6D,0xFF295266,0xFF244B60,0xFF294A60,
    0xFF3A5E72,0xFF213E48,0xFF8F7559,0xFFF8B178,0xFFF0AA6C,0xFFF0AC71,0xFFEDAB78,0xFFEBAB79,
    0xFFEBAB79,0xFFEAAA78,0xFFEAAA76,0xFFE9AA73,0xFFE9A973,0xFFE9AA73,0xFFEAAA72,0xFFECA972,
    0xFFECA971,0xFFECA972,0xFFEDA76F,0xFFEDA66E,0xFFEDA76E,0xFFEDA76E,0xFFEAA770,0xFFE9A770,
    0xFFE8A66F,0xFFE8A66F,0xFFEAA56E,0xFFEAA56E,0xFFEAA66E,0xFFEAA56F,0xFFEBA56E,0xFFEBA46E,
    0xFFEBA46D,0xFFEBA46C,0xFFECA56B,0xFFECA46A,0xFFECA46A,0xFFEDA468,0xFFEDA467,0xFFEFA568,
    0xFFEFA668,0xFFF0A566,0xFFF0A565,0xFFF2A667,0xFFF2A766,0xFFF4A564,0xFFF4A564,0xFFF5A665,
    0xFFF6A665,0xFFF7A765,0xFFF7A763,0xFFF7A962,0xFFFAA961,0xFFFCA961,0xFFFCA961,0xFFFDAA62,
    0xFFFDAC61,0xFFFCAD60,0xFFFDAE61,0xFFFDAE61,0xFFFEAE5F,0xFFFEAE5F,0xFFFEAE5F,0xFFFEAE5E,
    0xFFFDAE5D,0xFFFDAE5F,0xFFFBAB60,0xFFFBAB60,0xFFF9AD60,0xFFF9AC62,0xFFF9AB64,0xFFF8AB64,
    0xFFF6AB65,0xFFF6AA66,0xFFF5A968,0xFFF4A967,0xFFF1A966,0xFFF2A969,0xFFF2A86C,0xFFF1A86A,
    0xFFF1A76B,0xFFF0A66C,0xFFEFA56D,0xFFECA66B,0xFFECA66D,0xFFECA56F,0xFFECA570,0xFFEBA66E,
    0xFFEBA66E,0xFFEAA56D,0xFFE9A56E,0xFFE7A670,0xFFE7A670,0xFFE7A670,0xFFE7A671,0xFFE6A671,
    0xFFE6A772,0xFFE6A772,0xFFE6A672,0xFFE6A773,0xFFE6A673,0xFFE6A673,0xFFE7A874,0xFFE7A774,
    0xFFE7A774,0xFFE7A775,0xFFE7A87A,0xFFE7A87A,0xFFE7A87A,0xFFE6A87B,0xFFE5AA7E,0xFFE6AA7B,
    0xFFE7AB79,0xFFE9AC7A,0xFFE9AC7D,0xFFEFB27E,0xFFBC9D7C,0xFF213330,0xFF14363E,0xFF173B4A,
    0xFF153A42,0xFF183A43,0xFF153843,0xFF113644,0xFF113747,0xFF113545,0xFF0F3444,0xFF0B3342,
    0xFF093342,0xFF0A3444,0xFF093343,0xFF093343,0xFF083343,0xFF053241,0xFF043241,0xFF02313F,
    0xFF01303D,0xFF0D303B,0xFF61737B,0xFF98A6A8,0xFF3E5E6C,0xFF02293B,0xFF133C4C,0xFF073242,
    0xFF033442,0xFF01313F,0xFF00303E,0xFF003240,0xFF01313F,0xFF023341,0xFF033442,0xFF023341,
    0xFF003442,0xFF043846,0xFF033745,0xFF003240,0xFF003240,0xFF003341,0xFF003442,0xFF003543,
    0xFF003543,0xFF063B49,0xFF104553,0xFF0A3E4C,0xFF114553,0xFF104452,0xFF013442,0xFF023644,
    0xFF003442,0xFF013543,0xFF003241,0xFF023242,0xFF003140,0xFF043443,0xFF003340,0xFF093B49,
    0xFF134151,0xFF083A47,0xFF033543,0xFF0B3C4A,0xFF0A3B49,0xFF00313F,0xFF003441,0xFF053946,
    0xFF0F4351,0xFF053946,0xFF063A48,0xFF0C3F4E,0xFF154957,0xFF013644,0xFF063B4B,0xFF265B6C,
    0xFF023549,0xFF00344A,0xFF124959,0xFF29636E,0xFF306576,0xFF4C8194,0xFF3B6D7E,0xFF4B7A8A,
    0xFF568292,0xFF688E9E,0xFF517E91,0xFF457487,0xFF558391,0xFF1D5364,0xFF003344,0xFF033B4C,
    0xFF02394B,0xFF00374B,0xFF02394D,0xFF01384C,0xFF02384B,0xFF03384A,0xFF03384A,0xFF003446,
    0xFF0D4556,0xFF1D5365,0xFF003244,0xFF013447,0xFF023548,0xFF023548,0xFF013447,0xFF013447,
    0xFF023749,0xFF03384A,0xFF013648,0xFF013648,0xFF01354A,0xFF053A4C,0xFF1B5362,0xFF0D4452,
    0xFF275C6B,0xFF538898,0xFF215665,0xFF003646,0xFF01394A,0xFF003748,0xFF053E4E,0xFF1B5062,
    0xFF063C4E,0xFF013749,0xFF0B4052,0xFF073C4E,0xFF023749,0xFF013648,0xFF0A3E50,0xFF073A4B,
    0xFF033647,0xFF013445,0xFF023547,0xFF04374A,0xFF023447,0xFF05374B,0xFF05384A,0xFF033645,
    0xFF043748,0xFF023647,0xFF204249,0xFF70796E,0xFFC1A896,0xFFBBA594,0xFFB2A394,0xFF848C85,
    0xFF40686D,0xFF225568,0xFF12445A,0xFF437081,0xFF174555,0xFF2E5D6F,0xFF2C5E6F,0xFF305259,
    0xFFAB9A86,0xFFE5AD80,0xFFEEAE7A,0xFFF1AD7D,0xFFF2A97F,0xFFECA676,0xFFF2AB74,0xFFF4A76F,
    0xFFF4A56C,0xFFFBAB6E,0xFFF9A56D,0xFFF8A46D,0xFFF9AA6E,0xFFF5AA69,0xFFFAA663,0xFFF8A56C,
    0xFFF1A571,0xFFEEA772,0xFFE7A676,0xFFEBA977,0xFFEAA977,0xFFE8A975,0xFFEFAC75,0xFFF2AA72,
    0xFFF7AE75,0xFFE1A775,0xFF897053,0xFF8E8473,0xFF3A555F,0xFF0F3C51,0xFF43677B,0xFF637583,
    0xFF475D5F,0xFF4B5754,0xFF706F66,0xFF796E5E,0xFFB09378,0xFF605952,0xFF4F5D5B,0xFF78715B,
    0xFF5C615D,0xFF1F3D4C,0xFF183D52,0xFF194254,0xFF305D70,0xFF3B6376,0xFF1D455B,0xFF406375,
    0xFF3E6372,0xFF2B3A3C,0xFFC8956E,0xFFF5AC71,0xFFEFAC71,0xFFEDAA72,0xFFECAA75,0xFFE9AB76,
    0xFFE9AA75,0xFFE7AA74,0xFFE6A975,0xFFE6A775,0xFFE5A874,0xFFE5A874,0xFFE7A773,0xFFE7A772,
    0xFFE7A772,0xFFE7A772,0xFFEBA772,0xFFEEA974,0xFFEBA670,0xFFEBA571,0xFFE7A671,0xFFE6A570,
    0xFFE5A570,0xFFE5A570,0xFFE6A470,0xFFE6A470,0xFFE7A470,0xFFE8A46F,0xFFE9A46B,0xFFE9A46B,
    0xFFEAA56D,0xFFEAA46B,0xFFEAA469,0xFFEAA469,0xFFEAA469,0xFFEBA467,0xFFEBA467,0xFFEBA567,
    0xFFECA568,0xFFEEA467,0xFFEEA468,0xFFEEA468,0xFFEEA468,0xFFF1A466,0xFFF1A466,0xFFF2A567,
    0xFFF3A567,0xFFF4A465,0xFFF5A564,0xFFF6A764,0xFFF7A763,0xFFF9A662,0xFFF9A662,0xFFFAA763,
    0xFFFAA961,0xFFF9AB60,0xFFFAAB60,0xFFFAAB61,0xFFFCAA5F,0xFFFDAA5F,0xFFFDAA5F,0xFFFDAA5F,
    0xFFFBAC5E,0xFFFAAC5F,0xFFF9AA61,0xFFF9AA61,0xFFF6AC61,0xFFF6AB63,0xFFF6AA65,0xFFF4AA66,
    0xFFF3A965,0xFFF3A967,0xFFF2A869,0xFFF2A868,0xFFEFA868,0xFFEFA76A,0xFFEFA76C,0xFFEEA66B,
    0xFFEEA66B,0xFFEDA46D,0xFFEDA46E,0xFFEAA56C,0xFFEAA56E,0xFFEAA470,0xFFEAA470,0xFFE8A56E,
    0xFFE8A56E,0xFFE7A46D,0xFFE7A46E,0xFFE6A56F,0xFFE6A56F,0xFFE6A56F,0xFFE5A570,0xFFE4A570,
    0xFFE3A470,0xFFE3A470,0xFFE3A471,0xFFE3A472,0xFFE3A572,0xFFE3A572,0xFFE4A573,0xFFE4A673,
    0xFFE5A674,0xFFE5A675,0xFFE4A679,0xFFE4A679,0xFFE4A77A,0xFFE6A678,0xFFE8A675,0xFFE4A879,
    0xFFE2AA7C,0xFFE4AA7B,0xFFE1AC81,0xFFE5A979,0xFFF0B283,0xFF726A56,0xFF0F2B2F,0xFF183D4A,
    0xFF153A42,0xFF173A42,0xFF163A44,0xFF153A47,0xFF173E4C,0xFF133748,0xFF113546,0xFF0C3242,
    0xFF0B3343,0xFF0B3545,0xFF0A3444,0xFF093344,0xFF083544,0xFF063440,0xFF083140,0xFF093042,
    0xFF03313F,0xFF022C39,0xFF1A3542,0xFF677C84,0xFF4A6877,0xFF042A3C,0xFF0B3747,0xFF073543,
    0xFF033343,0xFF033242,0xFF023242,0xFF013140,0xFF003341,0xFF003341,0xFF013644,0xFF013442,
    0xFF003341,0xFF023543,0xFF023543,0xFF003341,0xFF003341,0xFF003341,0xFF003442,0xFF023644,
    0xFF003442,0xFF043846,0xFF124654,0xFF093D4B,0xFF063A48,0xFF164A58,0xFF073C4A,0xFF003240,
    0xFF003442,0xFF003341,0xFF003240,0xFF003341,0xFF003341,0xFF023644,0xFF003341,0xFF0F3F4D,
    0xFF154654,0xFF063745,0xFF073846,0xFF083947,0xFF053644,0xFF023341,0xFF073A48,0xFF063A48,
    0xFF093D4B,0xFF063A48,0xFF06394A,0xFF114455,0xFF0F4253,0xFF003344,0xFF05394B,0xFF1D5264,
    0xFF04394B,0xFF114558,0xFF074050,0xFF124A58,0xFF406E7E,0xFF6390A0,0xFF487685,0xFF4D7A89,
    0xFF598695,0xFF668D9D,0xFF4E7A8C,0xFF4B798B,0xFF578492,0xFF1A4F61,0xFF003143,0xFF03384A,
    0xFF03394B,0xFF003849,0xFF023A4B,0xFF01394A,0xFF01374A,0xFF03374C,0xFF03374B,0xFF003247,
    0xFF104558,0xFF215567,0xFF003044,0xFF043347,0xFF04364A,0xFF023548,0xFF023548,0xFF003346,
    0xFF013447,0xFF033649,0xFF023448,0xFF033749,0xFF02384A,0xFF003748,0xFF0E4757,0xFF083F4F,
    0xFF013546,0xFF326779,0xFF44798A,0xFF0B4355,0xFF003749,0xFF02394A,0xFF093E4E,0xFF1C5160,
    0xFF0C4655,0xFF003849,0xFF083E52,0xFF0B4051,0xFF023747,0xFF013646,0xFF0A3F50,0xFF093C4F,
    0xFF033649,0xFF013548,0xFF05374A,0xFF09394A,0xFF043445,0xFF083749,0xFF063A4B,0xFF053540,
    0xFF053949,0xFF003142,0xFF64736D,0xFFBCAE97,0xFFCAA98E,0xFFCCAA96,0xFFD1AE98,0xFFAD9E8F,
    0xFF687877,0xFF2C525A,0xFF1E4B5B,0xFF3A6B7F,0xFF114055,0xFF26596C,0xFF154959,0xFF666F6C,
    0xFFD8AC89,0xFFEDAC79,0xFFE8AB7C,0xFFE9AA7D,0xFFE7A77A,0xFFEAA375,0xFFF3A978,0xFFEFA56F,
    0xFFEEA46B,0xFFF3A56C,0xFFEF9F64,0xFFF6A566,0xFFFBA867,0xFFFDA662,0xFFFEA863,0xFFF8A569,
    0xFFF2A26F,0xFFF3A670,0xFFF1A570,0xFFEAA776,0xFFE8A77B,0xFFEEA875,0xFFEFA96F,0xFFEFA671,
    0xFFF7AA6D,0xFFF7AC70,0xFFE8A975,0xFFE7B17C,0xFF786958,0xFF203D4D,0xFF284B58,0xFF616559,
    0xFF897562,0xFFC89E7E,0xFFD7A07A,0xFFD79F73,0xFFF5B882,0xFFBC8E6A,0xFFBF9267,0xFFEFB376,
    0xFFD0A377,0xFF6B604B,0xFF4E5B57,0xFF0F2D36,0xFF1E4A60,0xFF466575,0xFF25465B,0xFF3C6176,
    0xFF334F5D,0xFF7E6247,0xFFEEAB72,0xFFFBB16C,0xFFF7AD6D,0xFFF4AC6B,0xFFF2AC68,0xFFF1A972,
    0xFFF4AB70,0xFFECAB71,0xFFE5A776,0xFFE5A479,0xFFE0A875,0xFFE1A875,0xFFE5A671,0xFFE5A671,
    0xFFE5A575,0xFFE4A56F,0xFFEBA76F,0xFFEFA771,0xFFEAA36F,0xFFE9A26F,0xFFEAA371,0xFFE8A370,
    0xFFE6A46F,0xFFE5A56F,0xFFE4A371,0xFFE6A36F,0xFFE8A26E,0xFFE8A26D,0xFFE9A26B,0xFFE8A26B,
    0xFFE8A16F,0xFFE8A16F,0xFFE8A16C,0xFFE8A269,0xFFE9A367,0xFFE9A269,0xFFE9A269,0xFFEAA36A,
    0xFFEAA36A,0xFFECA469,0xFFECA369,0xFFEBA369,0xFFEBA368,0xFFEFA566,0xFFEFA566,0xFFF0A667,
    0xFFF1A567,0xFFF3A465,0xFFF4A566,0xFFF4A566,0xFFF4A666,0xFFF5A665,0xFFF6A766,0xFFF7A766,
    0xFFF7A964,0xFFF7AA62,0xFFF7AA62,0xFFF7AA62,0xFFF8A960,0xFFF8A85F,0xFFF9A960,0xFFF9A960,
    0xFFF7AA62,0xFFF7AA62,0xFFF6A961,0xFFF6A962,0xFFF5AA65,0xFFF4AA66,0xFFF4A967,0xFFF3A868,
    0xFFF1A768,0xFFF1A769,0xFFF1A769,0xFFF2A768,0xFFF1A669,0xFFF0A56A,0xFFF0A46C,0xFFEDA36C,
    0xFFECA36C,0xFFEDA46D,0xFFEDA46D,0xFFE9A46D,0xFFE8A46D,0xFFE8A46D,0xFFE8A46D,0xFFE7A46F,
    0xFFE7A46F,0xFFE6A46E,0xFFE5A470,0xFFE4A473,0xFFE4A473,0xFFE4A473,0xFFE3A472,0xFFE2A473,
    0xFFE3A573,0xFFE3A573,0xFFE2A474,0xFFE2A474,0xFFE3A575,0xFFE3A575,0xFFE1A374,0xFFE1A474,
    0xFFE2A575,0xFFE2A576,0xFFE2A578,0xFFE2A578,0xFFE3A679,0xFFE3A678,0xFFE4A678,0xFFE4A679,
    0xFFE4A77A,0xFFE3A87A,0xFFE2A97B,0xFFE1A77A,0xFFE7AB7B,0xFFD3A785,0xFF4F534C,0xFF052D3A,
    0xFF14363F,0xFF133A3E,0xFF143A44,0xFF173945,0xFF183E49,0xFF113747,0xFF0E3546,0xFF0C3443,
    0xFF0D3745,0xFF0A3642,0xFF0B3441,0xFF0B3446,0xFF093446,0xFF083343,0xFF073242,0xFF083343,
    0xFF053242,0xFF063241,0xFF032A37,0xFF21444E,0xFF33525D,0xFF002B3D,0xFF03343F,0xFF143932,
    0xFF0A3B4A,0xFF023443,0xFF023342,0xFF003140,0xFF003341,0xFF003341,0xFF003442,0xFF003341,
    0xFF003341,0xFF003442,0xFF013442,0xFF003442,0xFF003543,0xFF003442,0xFF003442,0xFF023644,
    0xFF003442,0xFF023644,0xFF0F4351,0xFF0A3E4C,0xFF003442,0xFF104452,0xFF104452,0xFF003341,
    0xFF00313F,0xFF003341,0xFF003341,0xFF013543,0xFF033644,0xFF013442,0xFF023442,0xFF174755,
    0xFF0C3D4B,0xFF043543,0xFF093A48,0xFF043543,0xFF023341,0xFF073846,0xFF083B49,0xFF043846,
    0xFF073B49,0xFF093D4C,0xFF033748,0xFF0F4253,0xFF06394A,0xFF003244,0xFF063B4D,0xFF164B5D,
    0xFF0D4254,0xFF2E6375,0xFF003647,0xFF0A404F,0xFF4F7D8D,0xFF6790A0,0xFF578191,0xFF578090,
    0xFF648E9E,0xFF658D9D,0xFF447285,0xFF407083,0xFF528190,0xFF154A5C,0xFF003244,0xFF013749,
    0xFF013849,0xFF003748,0xFF01394A,0xFF003849,0xFF003649,0xFF04384E,0xFF03384C,0xFF003247,
    0xFF12485B,0xFF215768,0xFF003043,0xFF043347,0xFF05384B,0xFF023548,0xFF033649,0xFF013548,
    0xFF013447,0xFF033649,0xFF013447,0xFF04384B,0xFF053D4E,0xFF003445,0xFF0C4455,0xFF0F4657,
    0xFF003144,0xFF083D4F,0xFF356A7C,0xFF1D5568,0xFF033C4F,0xFF063E4F,0xFF1E5362,0xFF255968,
    0xFF0E4857,0xFF043E4F,0xFF073C51,0xFF0E4354,0xFF003645,0xFF023646,0xFF083D4D,0xFF06394C,
    0xFF023548,0xFF023548,0xFF073A4C,0xFF083C4C,0xFF013445,0xFF033747,0xFF03394A,0xFF043542,
    0xFF03384B,0xFF002E3E,0xFF797D73,0xFFCAB29B,0xFFC8A38A,0xFFCAA491,0xFFCBA68F,0xFFC7AB98,
    0xFFA89C91,0xFF7F817B,0xFF5A6E70,0xFF2B515D,0xFF0D4153,0xFF1B5164,0xFF334E55,0xFFB29988,
    0xFFE4AB86,0xFFE4A47B,0xFFE4A37A,0xFFE6A57B,0xFFE2A278,0xFFDF9F77,0xFFE4A27A,0xFFE19F72,
    0xFFE5A171,0xFFE3A170,0xFFE39F6F,0xFFE69F6F,0xFFE69C6D,0xFFEE9E6D,0xFFEEA16A,0xFFE99F69,
    0xFFE69D6D,0xFFE69E69,0xFFF0A36B,0xFFEBA36E,0xFFE6A171,0xFFEBA774,0xFFEBA870,0xFFE6A270,
    0xFFEDA468,0xFFF5A96A,0xFFEFA770,0xFFF8B177,0xFFD6A078,0xFF836E5F,0xFF7A6855,0xFFD2A374,
    0xFFEDAF79,0xFFF7AD70,0xFFF6AA6E,0xFFF3AB72,0xFFF7AF71,0xFFEAA977,0xFFF5AD76,0xFFFFB36D,
    0xFFEBA96D,0xFFC49566,0xFFC29D72,0xFF726D5B,0xFF133444,0xFF2A4E63,0xFF415C6D,0xFF294857,
    0xFF5C605A,0xFFDBA36F,0xFFFEB16F,0xFFFDAF65,0xFFFAAB64,0xFFF8AC66,0xFFF8AD66,0xFFF6A968,
    0xFFF9AA69,0xFFF4A86C,0xFFEBA46C,0xFFE8A56E,0xFFE3A671,0xFFE3A474,0xFFE5A46D,0xFFE7A46D,
    0xFFE8A474,0xFFE6A271,0xFFE8A46C,0xFFE9A36B,0xFFEBA571,0xFFE8A26F,0xFFE8A372,0xFFE5A273,
    0xFFE1A170,0xFFE0A271,0xFFE1A273,0xFFE2A271,0xFFE4A26F,0xFFE5A26D,0xFFE5A26B,0xFFE5A16E,
    0xFFE5A170,0xFFE5A270,0xFFE5A26F,0xFFE5A26D,0xFFE4A36B,0xFFE6A16A,0xFFE6A169,0xFFE7A16A,
    0xFFE7A16A,0xFFE9A169,0xFFE9A169,0xFFE9A269,0xFFE9A269,0xFFEBA267,0xFFEBA267,0xFFECA368,
    0xFFECA368,0xFFEEA266,0xFFF0A367,0xFFF0A367,0xFFF0A466,0xFFF1A565,0xFFF2A666,0xFFF2A666,
    0xFFF3A764,0xFFF4A763,0xFFF4A763,0xFFF4A763,0xFFF5A762,0xFFF5A762,0xFFF6A863,0xFFF6A863,
    0xFFF4A863,0xFFF4A864,0xFFF5A864,0xFFF4A864,0xFFF3A765,0xFFF2A766,0xFFF1A668,0xFFF0A56A,
    0xFFEEA66A,0xFFEEA66A,0xFFEEA66A,0xFFEEA669,0xFFECA469,0xFFECA369,0xFFECA26B,0xFFEAA26C,
    0xFFEAA26C,0xFFEAA26C,0xFFEAA26C,0xFFE6A36D,0xFFE5A36D,0xFFE5A36D,0xFFE5A36D,0xFFE4A36F,
    0xFFE4A36F,0xFFE3A26E,0xFFE2A26F,0xFFE1A272,0xFFE1A272,0xFFE1A272,0xFFE0A372,0xFFE1A372,
    0xFFE0A272,0xFFE0A272,0xFFE1A274,0xFFE1A275,0xFFE0A275,0xFFE0A275,0xFFE0A375,0xFFE0A375,
    0xFFDFA275,0xFFDFA375,0xFFE0A477,0xFFE0A477,0xFFE0A377,0xFFE0A477,0xFFE1A579,0xFFE1A578,
    0xFFE1A478,0xFFE1A578,0xFFE0A679,0xFFE0A679,0xFFDFA679,0xFFEBAD7E,0xFFBA9775,0xFF444F47,
    0xFF082935,0xFF0E303D,0xFF183A4C,0xFF17364C,0xFF1A3848,0xFF163B44,0xFF173C45,0xFF0D333E,
    0xFF0C3540,0xFF073641,0xFF0B343F,0xFF12353E,0xFF0E333E,0xFF093443,0xFF0A3443,0xFF0A3543,
    0xFF083343,0xFF073240,0xFF072F3C,0xFF0B313C,0xFF113747,0xFF002D3E,0xFF0E3030,0xFF29331A,
    0xFF164957,0xFF073B49,0xFF003341,0xFF003340,0xFF003341,0xFF003341,0xFF003341,0xFF003341,
    0xFF003442,0xFF003341,0xFF003341,0xFF003442,0xFF013543,0xFF013543,0xFF003341,0xFF023644,
    0xFF023543,0xFF013543,0xFF0C404E,0xFF083C4A,0xFF003341,0xFF053947,0xFF0D414F,0xFF063B49,
    0xFF003240,0xFF003341,0xFF003341,0xFF023644,0xFF053846,0xFF003442,0xFF043745,0xFF10404E,
    0xFF063745,0xFF043543,0xFF063745,0xFF01313F,0xFF083846,0xFF0D3E4C,0xFF053947,0xFF043846,
    0xFF0B3F4D,0xFF093D4B,0xFF023646,0xFF083D4D,0xFF043948,0xFF003344,0xFF1A4F61,0xFF205567,
    0xFF14495B,0xFF366B7D,0xFF063E4F,0xFF093E4D,0xFF5A8999,0xFF62899A,0xFF517889,0xFF5D8495,
    0xFF668D9E,0xFF608A9A,0xFF36677B,0xFF2A5F72,0xFF447785,0xFF144C5C,0xFF043D4E,0xFF0E4657,
    0xFF0D4556,0xFF053D4E,0xFF094152,0xFF0A4253,0xFF033B4C,0xFF0A4255,0xFF094154,0xFF003447,
    0xFF1E5668,0xFF1D5465,0xFF003041,0xFF033548,0xFF04384B,0xFF013547,0xFF03384A,0xFF003547,
    0xFF003547,0xFF03384A,0xFF013648,0xFF04394B,0xFF094052,0xFF003445,0xFF0C4455,0xFF1B5264,
    0xFF013547,0xFF003244,0xFF154A5C,0xFF21596C,0xFF1B5568,0xFF0F4758,0xFF2F6474,0xFF437685,
    0xFF0A4151,0xFF084053,0xFF06394E,0xFF0A3E4F,0xFF003545,0xFF023646,0xFF063B4B,0xFF033649,
    0xFF023548,0xFF05384B,0xFF083C4D,0xFF083D4B,0xFF003340,0xFF013744,0xFF033846,0xFF073542,
    0xFF02354A,0xFF08303C,0xFF938A7C,0xFFCDAD97,0xFFCAA28C,0xFFCBA290,0xFFC9A48B,0xFFCAA58C,
    0xFFCBA58F,0xFFC4A08E,0xFFA79A8C,0xFF5F6A69,0xFF153B44,0xFF2F545E,0xFF898078,0xFFDEA786,
    0xFFE1A07D,0xFFDFA381,0xFFE3A37E,0xFFE1A17D,0xFFDE9D79,0xFFD29A79,0xFFCF9978,0xFFD49975,
    0xFFD99A74,0xFFD59873,0xFFD39671,0xFFD0906C,0xFFCF8D69,0xFFD68F6A,0xFFD79163,0xFFD6905E,
    0xFFDB9665,0xFFDE9762,0xFFEEA167,0xFFEB9F66,0xFFE99D63,0xFFF3A466,0xFFF4A867,0xFFEEA369,
    0xFFECA467,0xFFF2A96D,0xFFEEA16D,0xFFF7A972,0xFFEEA775,0xFFCE9975,0xFFD59E76,0xFFFAAE72,
    0xFFFCB06C,0xFFF8AB67,0xFFF6AD70,0xFFEAA771,0xFFE9A56F,0xFFE9A672,0xFFF5AB75,0xFFF8A76B,
    0xFFEEAB73,0xFFECAD76,0xFFF1AD6D,0xFFE8B17E,0xFF8D7F6E,0xFF1F3D50,0xFF2E526A,0xFF2E4145,
    0xFFB49571,0xFFFBAD69,0xFFF9A65F,0xFFFDAC5F,0xFFFDAD60,0xFFF7A860,0xFFF8AB66,0xFFF5AA65,
    0xFFF5A765,0xFFF8A769,0xFFF6A767,0xFFF6AF6E,0xFFE9A672,0xFFE5A072,0xFFEDA76F,0xFFEBA669,
    0xFFE7A06D,0xFFE69F6C,0xFFE6A166,0xFFEAA468,0xFFEBA56C,0xFFE7A16A,0xFFE4A16E,0xFFE2A06F,
    0xFFE0A171,0xFFDFA173,0xFFE0A273,0xFFE0A071,0xFFE19F6E,0xFFE29F6A,0xFFE2A169,0xFFE3A06F,
    0xFFE3A06E,0xFFE1A16C,0xFFE0A16D,0xFFE0A26E,0xFFE0A16D,0xFFE4A16C,0xFFE5A16B,0xFFE4A06B,
    0xFFE5A16B,0xFFE6A06B,0xFFE7A06B,0xFFE7A06C,0xFFE7A06B,0xFFE8A168,0xFFE8A168,0xFFE9A269,
    0xFFE9A168,0xFFEBA168,0xFFEBA268,0xFFECA268,0xFFECA368,0xFFECA467,0xFFEDA468,0xFFEDA568,
    0xFFEFA567,0xFFF0A666,0xFFF0A566,0xFFF0A567,0xFFF1A766,0xFFF1A666,0xFFF2A766,0xFFF2A766,
    0xFFF0A566,0xFFF0A566,0xFFF1A667,0xFFF0A666,0xFFEEA566,0xFFEEA568,0xFFEEA46A,0xFFECA46B,
    0xFFEBA46B,0xFFEBA46B,0xFFEBA46B,0xFFEBA46A,0xFFE9A36A,0xFFE8A26C,0xFFE8A26D,0xFFE7A26F,
    0xFFE6A26F,0xFFE6A26F,0xFFE6A16F,0xFFE3A16F,0xFFE3A16F,0xFFE3A170,0xFFE3A170,0xFFE1A172,
    0xFFE0A172,0xFFE0A071,0xFFE0A072,0xFFDFA173,0xFFDFA173,0xFFDFA173,0xFFDEA273,0xFFDEA273,
    0xFFDDA173,0xFFDDA173,0xFFDEA175,0xFFDEA175,0xFFDDA174,0xFFDDA174,0xFFDCA375,0xFFDCA375,
    0xFFDCA274,0xFFDCA275,0xFFDDA277,0xFFDDA277,0xFFDDA277,0xFFDDA377,0xFFDEA378,0xFFDEA378,
    0xFFDEA478,0xFFDEA478,0xFFDDA679,0xFFDDA579,0xFFDEA77A,0xFFDFA77A,0xFFE0AB7E,0xFFBE9A78,
    0xFF736D5F,0xFF1F3538,0xFF062B3B,0xFF163F52,0xFF315563,0xFF254F58,0xFF274F59,0xFF133842,
    0xFF052B35,0xFF02313F,0xFF073848,0xFF0A3743,0xFF0E3640,0xFF0D3543,0xFF0F3845,0xFF0D3643,
    0xFF0E3845,0xFF0E3744,0xFF0B3240,0xFF08313E,0xFF0D313F,0xFF053040,0xFF0A323A,0xFF0D2A24,
    0xFF114654,0xFF0E4351,0xFF053A48,0xFF023745,0xFF003341,0xFF003341,0xFF003341,0xFF003442,
    0xFF013543,0xFF003341,0xFF003341,0xFF013543,0xFF003341,0xFF013543,0xFF003442,0xFF023644,
    0xFF033745,0xFF003341,0xFF083C4A,0xFF073B49,0xFF003341,0xFF013442,0xFF053947,0xFF0A3F4D,
    0xFF033745,0xFF003442,0xFF013543,0xFF043745,0xFF033745,0xFF053947,0xFF0D3F4D,0xFF043442,
    0xFF043543,0xFF033442,0xFF033443,0xFF013240,0xFF0F404E,0xFF0D3E4C,0xFF033745,0xFF073B49,
    0xFF0D414F,0xFF0F4352,0xFF164D5D,0xFF083F4F,0xFF0D4454,0xFF114858,0xFF3C7183,0xFF1F5466,
    0xFF215567,0xFF265B6D,0xFF134B5C,0xFF124857,0xFF5F8D9D,0xFF5C8595,0xFF537D8D,0xFF5A8494,
    0xFF5D8797,0xFF517F8F,0xFF2A5F74,0xFF2D6579,0xFF3A6F7E,0xFF134D5D,0xFF094253,0xFF0F495A,
    0xFF10495A,0xFF10485A,0xFF0F4758,0xFF0C4455,0xFF043D4F,0xFF0C4659,0xFF074053,0xFF013A4C,
    0xFF2F697B,0xFF134B5C,0xFF003344,0xFF04384B,0xFF093F51,0xFF043C4D,0xFF043B4C,0xFF063D4E,
    0xFF053D4E,0xFF033A4B,0xFF023A4B,0xFF073E4F,0xFF0D4556,0xFF013748,0xFF053D4E,0xFF1E5566,
    0xFF083D4F,0xFF003143,0xFF073B4D,0xFF174F62,0xFF205A6D,0xFF084051,0xFF245968,0xFF568897,
    0xFF0E4354,0xFF043A4D,0xFF08384E,0xFF05394A,0xFF013646,0xFF013646,0xFF063B4C,0xFF013447,
    0xFF05384A,0xFF0A3D50,0xFF083A4B,0xFF0A3B48,0xFF063845,0xFF0A3C4A,0xFF073541,0xFF1E464F,
    0xFF002C3D,0xFF233E42,0xFFB8A38F,0xFFCBA791,0xFFC6A28D,0xFFC7A18C,0xFFC6A18A,0xFFC6A089,
    0xFFC89F87,0xFFC99F86,0xFFC6A38C,0xFFAA978A,0xFF706D67,0xFF90897F,0xFFC6A288,0xFFD79B7B,
    0xFFD89A7A,0xFFD49E7E,0xFFD59D7A,0xFFD49C7A,0xFFD39B78,0xFFC7977A,0xFFC09075,0xFFC68F70,
    0xFFCB8D6D,0xFFCB8D6D,0xFFCD8E6B,0xFFD29168,0xFFD39164,0xFFD89264,0xFFE49D66,0xFFE2985F,
    0xFFE79C65,0xFFECA064,0xFFF5A567,0xFFECA166,0xFFEEA267,0xFFF8A765,0xFFF5AA67,0xFFF1A96E,
    0xFFEBA774,0xFFE8A678,0xFFE49F75,0xFFEBA576,0xFFE6A679,0xFFD9A380,0xFFD8A37F,0xFFE4A376,
    0xFFE1A773,0xFFE1A776,0xFFE6AC7F,0xFFDFA278,0xFFE4A273,0xFFE3A26B,0xFFECAA6F,0xFFE9A36C,
    0xFFE4A87A,0xFFE4A876,0xFFEFAA6E,0xFFF4AB6F,0xFFE9AD7C,0xFF66645E,0xFF182F3B,0xFF7B6B5A,
    0xFFE9A670,0xFFF1A265,0xFFEF9E61,0xFFFDAE62,0xFFFDB162,0xFFF7AA65,0xFFF3A96C,0xFFE5A36A,
    0xFFE5A269,0xFFF5A96B,0xFFFBAB67,0xFFF0AA6A,0xFFE5A373,0xFFE3A073,0xFFF2AC70,0xFFF6AE6D,
    0xFFF0A86C,0xFFF2AC68,0xFFF9B069,0xFFF5A966,0xFFF0A462,0xFFF3A868,0xFFEDA66D,0xFFE5A06A,
    0xFFE29F6D,0xFFE19E6F,0xFFDF9D6B,0xFFE4A06C,0xFFE59F6A,0xFFEBA469,0xFFEEA96A,0xFFE79F6D,
    0xFFE59E67,0xFFE4A266,0xFFE09F68,0xFFDF9D69,0xFFE09D6B,0xFFE09E6B,0xFFE19F6B,0xFFE19F6B,
    0xFFE09E6A,0xFFE49F6D,0xFFE49F6D,0xFFE49F6D,0xFFE49F6C,0xFFE6A06A,0xFFE6A06A,0xFFE7A16B,
    0xFFE7A16A,0xFFE7A169,0xFFE7A169,0xFFE8A26A,0xFFE8A269,0xFFE8A268,0xFFE9A369,0xFFE9A369,
    0xFFECA36A,0xFFEDA36A,0xFFEDA36A,0xFFEDA36A,0xFFEDA569,0xFFEDA569,0xFFECA569,0xFFECA569,
    0xFFEDA36A,0xFFEDA36A,0xFFEDA26A,0xFFEDA369,0xFFECA569,0xFFEBA46A,0xFFEAA26A,0xFFE9A26B,
    0xFFE8A16C,0xFFE8A16C,0xFFE8A16C,0xFFE6A16B,0xFFE5A26B,0xFFE5A26D,0xFFE5A170,0xFFE2A071,
    0xFFE1A071,0xFFE1A171,0xFFE1A171,0xFFE0A072,0xFFE0A072,0xFFE0A072,0xFFE0A072,0xFFDE9E73,
    0xFFDE9E73,0xFFDE9E73,0xFFDE9F73,0xFFDD9F73,0xFFDD9F73,0xFFDD9F73,0xFFDCA073,0xFFDAA173,
    0xFFDAA173,0xFFDAA173,0xFFDAA074,0xFFDAA074,0xFFDAA074,0xFFDAA074,0xFFD9A174,0xFFD9A174,
    0xFFD9A174,0xFFD9A174,0xFFD9A176,0xFFD9A176,0xFFDAA277,0xFFDAA277,0xFFDAA277,0xFFDAA277,
    0xFFDBA378,0xFFDBA478,0xFFDAA579,0xFFDAA579,0xFFDCA67A,0xFFD7A77F,0xFFDAA77E,0xFFE0A77C,
    0xFFDCAA80,0xFF968871,0xFF1D3533,0xFF0B343D,0xFF385A60,0xFF36595D,0xFF405A5C,0xFF5A6663,
    0xFF555B56,0xFF233737,0xFF022937,0xFF063648,0xFF0F3946,0xFF113642,0xFF103642,0xFF0E3440,
    0xFF103642,0xFF0E3541,0xFF0A3341,0xFF093443,0xFF0E313E,0xFF083040,0xFF033344,0xFF0A3846,
    0xFF0B4250,0xFF104754,0xFF104654,0xFF0A404E,0xFF023543,0xFF003442,0xFF003341,0xFF003442,
    0xFF013543,0xFF003240,0xFF013543,0xFF033745,0xFF003341,0xFF003442,0xFF003442,0xFF013543,
    0xFF033745,0xFF003341,0xFF093C4A,0xFF073B49,0xFF003341,0xFF023644,0xFF013543,0xFF053947,
    0xFF073B49,0xFF073B49,0xFF023442,0xFF023644,0xFF023543,0xFF093D4B,0xFF124452,0xFF013240,
    0xFF033442,0xFF023341,0xFF033341,0xFF033442,0xFF134451,0xFF0D3F4C,0xFF023644,0xFF083C49,
    0xFF306270,0xFF417482,0xFF2B6472,0xFF124B5A,0xFF18515F,0xFF2D6474,0xFF417688,0xFF1D5364,
    0xFF2A6072,0xFF124759,0xFF134C5C,0xFF225968,0xFF5B8999,0xFF578292,0xFF538190,0xFF548190,
    0xFF4C7988,0xFF447485,0xFF265D71,0xFF2A6578,0xFF2A6372,0xFF0E4858,0xFF003646,0xFF033E4E,
    0xFF064051,0xFF013949,0xFF013849,0xFF013849,0xFF043D4E,0xFF023D4E,0xFF0B4657,0xFF1B5567,
    0xFF296474,0xFF0B4555,0xFF124A5C,0xFF0C4153,0xFF1B5364,0xFF134C5D,0xFF0B4455,0xFF154E5F,
    0xFF10485A,0xFF043D4E,0xFF02394B,0xFF0F4759,0xFF174F60,0xFF083E4F,0xFF003545,0xFF164C5D,
    0xFF174C5E,0xFF003244,0xFF023648,0xFF0B4456,0xFF124C5E,0xFF0B4253,0xFF154A59,0xFF548595,
    0xFF1C4F60,0xFF003547,0xFF08394F,0xFF033748,0xFF013646,0xFF0C4151,0xFF083C4D,0xFF04374A,
    0xFF144659,0xFF0A3D50,0xFF0A3C4D,0xFF15414E,0xFF1B434F,0xFF1D4753,0xFF173C43,0xFF4E6D71,
    0xFF052935,0xFF455452,0xFFC3A791,0xFFC09F87,0xFFBEA08A,0xFFBF9E88,0xFFC09C88,0xFFC09D87,
    0xFFC09D88,0xFFC19D86,0xFFC89D83,0xFFC29A85,0xFFC19B87,0xFFCB9F84,0xFFCD9C79,0xFFCB997F,
    0xFFCD977B,0xFFC99675,0xFFC59574,0xFFC59372,0xFFC39170,0xFFBB8D71,0xFFBA8A6F,0xFFC68D6F,
    0xFFD19071,0xFFD89270,0xFFDC966C,0xFFE49E67,0xFFEAA264,0xFFEA9F5F,0xFFF7A966,0xFFF3A364,
    0xFFF2A266,0xFFF3A464,0xFFF1A567,0xFFE59F67,0xFFE2A16F,0xFFE1A26E,0xFFD9A16C,0xFFD5A175,
    0xFFD39C76,0xFFD39876,0xFFD49C7B,0xFFD9A37B,0xFFD8A176,0xFFD19F7B,0xFFCEA080,0xFFD1A17E,
    0xFFCDA07D,0xFFCD9E7B,0xFFD39C75,0xFFE19E72,0xFFF5A772,0xFFF3A864,0xFFF3AE66,0xFFF5AE70,
    0xFFE9A87A,0xFFE1A474,0xFFEFAA73,0xFFE4A778,0xFFEBA773,0xFFBA9270,0xFF7C654D,0xFFD0996F,
    0xFFF6A46A,0xFFE5A072,0xFFEA9F6D,0xFFF7AA61,0xFFF6AE5F,0xFFF3AA64,0xFFEAA46F,0xFFD7A075,
    0xFFD89F72,0xFFEEAA70,0xFFF8AD6A,0xFFE8A46D,0xFFE1A177,0xFFE1A273,0xFFEDA86B,0xFFF1A765,
    0xFFF1A761,0xFFFAB260,0xFFFEB063,0xFFFCAB62,0xFFF7A85F,0xFFFCAB66,0xFFF2A566,0xFFE99F64,
    0xFFEBA36E,0xFFEAA371,0xFFE69F6B,0xFFE79F6A,0xFFEB9F68,0xFFF0A565,0xFFF1A764,0xFFEDA16E,
    0xFFF0A369,0xFFF8B06E,0xFFEBA669,0xFFE39C63,0xFFE7A06B,0xFFE09C68,0xFFDD9C68,0xFFE09D69,
    0xFFE19E6B,0xFFE09C6C,0xFFE09C6D,0xFFE09C6D,0xFFE09C6C,0xFFE39D6A,0xFFE39E6A,0xFFE49F6B,
    0xFFE49E6B,0xFFE49F6A,0xFFE49F6A,0xFFE5A06B,0xFFE5A06A,0xFFE6A168,0xFFE6A169,0xFFE6A169,
    0xFFE8A16A,0xFFE9A06B,0xFFE9A16B,0xFFE9A06B,0xFFE9A26A,0xFFE9A36A,0xFFE9A36A,0xFFE9A36A,
    0xFFE9A16B,0xFFE9A06B,0xFFE9A16B,0xFFE9A16A,0xFFE8A268,0xFFE8A269,0xFFE8A16C,0xFFE6A16C,
    0xFFE5A06C,0xFFE5A06C,0xFFE5A06C,0xFFE2A06C,0xFFE0A16B,0xFFE0A06E,0xFFE09F6F,0xFFDE9F71,
    0xFFDE9F71,0xFFDD9F71,0xFFDE9F71,0xFFDD9D72,0xFFDD9D72,0xFFDD9D72,0xFFDD9D72,0xFFDB9D72,
    0xFFDA9D72,0xFFDB9D72,0xFFDA9D72,0xFFD99E72,0xFFD99E72,0xFFD99E72,0xFFD89E72,0xFFD79F72,
    0xFFD79F72,0xFFD79E72,0xFFD79E73,0xFFD79F74,0xFFD79E74,0xFFD79E74,0xFFD6A074,0xFFD5A074,
    0xFFD59F74,0xFFD59F74,0xFFD59E76,0xFFD59E76,0xFFD69F77,0xFFD69F77,0xFFD69F77,0xFFD69F77,
    0xFFD7A078,0xFFD7A178,0xFFD7A279,0xFFD7A279,0xFFD8A37B,0xFFDCA373,0xFFDDA378,0xFFDBA480,
    0xFFDDA579,0xFFDFAB84,0xFF8B7E6D,0xFF334342,0xFF515C5C,0xFF6E7469,0xFF8E8472,0xFFBC9E82,
    0xFFCFA584,0xFF9E856B,0xFF3E4743,0xFF072831,0xFF0D343D,0xFF0F3743,0xFF0E3440,0xFF0E343F,
    0xFF123741,0xFF0E333E,0xFF093340,0xFF063343,0xFF073343,0xFF09313F,0xFF133238,0xFF182D2A,
    0xFF06404C,0xFF0C4351,0xFF124755,0xFF134755,0xFF0C404E,0xFF023644,0xFF003341,0xFF003341,
    0xFF013543,0xFF003341,0xFF013543,0xFF053745,0xFF013240,0xFF013240,0xFF013240,0xFF023341,
    0xFF043543,0xFF013240,0xFF0C3D4B,0xFF0D3D4B,0xFF003240,0xFF003541,0xFF003742,0xFF033744,
    0xFF0A3C4A,0xFF11414F,0xFF053543,0xFF033442,0xFF023341,0xFF093A48,0xFF10414F,0xFF013240,
    0xFF023341,0xFF023341,0xFF04323E,0xFF073640,0xFF164851,0xFF0B424A,0xFF003640,0xFF225661,
    0xFF598690,0xFF628C97,0xFF2E6874,0xFF2B6678,0xFF255A6B,0xFF3F6F7E,0xFF326676,0xFF1C5767,
    0xFF185264,0xFF094053,0xFF154E5E,0xFF295C6F,0xFF4D7C90,0xFF4C7C8C,0xFF4D7A8A,0xFF4F798A,
    0xFF477685,0xFF487A8E,0xFF285C72,0xFF286073,0xFF134E5F,0xFF073F52,0xFF003749,0xFF185164,
    0xFF215B6D,0xFF043D4C,0xFF06404E,0xFF084251,0xFF104B5A,0xFF104B5A,0xFF2C6676,0xFF2E6676,
    0xFF235D6F,0xFF205C6E,0xFF2F687B,0xFF134A5E,0xFF225B6E,0xFF195265,0xFF094255,0xFF175063,
    0xFF235A6E,0xFF144C5F,0xFF013549,0xFF124D5F,0xFF276271,0xFF1B4C5E,0xFF003440,0xFF0E4453,
    0xFF1F5466,0xFF003244,0xFF013547,0xFF03394A,0xFF0F4555,0xFF1C5161,0xFF174C5C,0xFF518193,
    0xFF2D5E6F,0xFF053949,0xFF043B4B,0xFF033748,0xFF003344,0xFF1C4F60,0xFF134757,0xFF073E4D,
    0xFF205468,0xFF0D4250,0xFF023A48,0xFF1B4754,0xFF66716C,0xFF63726C,0xFF58645C,0xFF8F9591,
    0xFF4A575A,0xFF7B7A75,0xFFBDA393,0xFFBA9A87,0xFFB99887,0xFFBD9988,0xFFC39A83,0xFFC49981,
    0xFFC69A82,0xFFC89982,0xFFCC9A83,0xFFC6957E,0xFFC3967E,0xFFC6977D,0xFFC99479,0xFFC69178,
    0xFFC78E76,0xFFC89376,0xFFC99172,0xFFCF9074,0xFFCA8F71,0xFFC38E71,0xFFCC9273,0xFFD79570,
    0xFFDF986E,0xFFE39768,0xFFE99C66,0xFFF0A165,0xFFF4A361,0xFFF5A35D,0xFFF9A965,0xFFE8A16A,
    0xFFDB9C6C,0xFFD79A6C,0xFFC99873,0xFFC29774,0xFFC59678,0xFFC49678,0xFFC29874,0xFFC7997C,
    0xFFC69C7E,0xFFC69D81,0xFFC59C83,0xFFC59D7E,0xFFC59C77,0xFFC69D78,0xFFC69E7A,0xFFC79D79,
    0xFFC99D79,0xFFC59E7C,0xFFCF9E73,0xFFEAA76D,0xFFF6A766,0xFFF8A864,0xFFF9AD6B,0xFFEFAB71,
    0xFFDFA171,0xFFDA9D73,0xFFD9A074,0xFFD59D6F,0xFFD79E72,0xFFD59E73,0xFFDF9F6D,0xFFEAA36D,
    0xFFE19D68,0xFFDB9865,0xFFE99F66,0xFFF8AD62,0xFFFAB157,0xFFF9AE5B,0xFFF1A869,0xFFDFA171,
    0xFFDD9E70,0xFFE6A571,0xFFEAA86E,0xFFE7A272,0xFFE49F77,0xFFE2A070,0xFFE4A370,0xFFE4A06B,
    0xFFEBA365,0xFFF7AC64,0xFFF2A565,0xFFF2A564,0xFFF4A562,0xFFF3A265,0xFFF5A665,0xFFEEA364,
    0xFFE79F66,0xFFE7A36D,0xFFDF9F6B,0xFFE99E6F,0xFFF2A26B,0xFFF3A661,0xFFE9A063,0xFFE59B73,
    0xFFEDA069,0xFFFFB56B,0xFFF5AC63,0xFFF2A864,0xFFF9AE6F,0xFFE7A265,0xFFE7A465,0xFFE9A365,
    0xFFF0A672,0xFFDF9B6C,0xFFDD9C6C,0xFFDD9C6D,0xFFDD9C6C,0xFFDE9D6B,0xFFDE9D6B,0xFFDF9E6C,
    0xFFDF9D6B,0xFFDF9C69,0xFFE19D6A,0xFFE29E6B,0xFFE39E6A,0xFFE59F6A,0xFFE49F6A,0xFFE59F6A,
    0xFFE49E6A,0xFFE49E6A,0xFFE59F6B,0xFFE6A06B,0xFFE6A06B,0xFFE6A06B,0xFFE6A06B,0xFFE6A06B,
    0xFFE59F6B,0xFFE59F6B,0xFFE6A06B,0xFFE5A06B,0xFFE39F6C,0xFFE39F6C,0xFFE39F6C,0xFFE19F6C,
    0xFFDD9F6C,0xFFDE9F6D,0xFFDEA06D,0xFFDDA06F,0xFFDD9F72,0xFFDC9F71,0xFFDB9E71,0xFFD99D70,
    0xFFD89D70,0xFFD89D70,0xFFD89D70,0xFFD69C71,0xFFD69C71,0xFFD69C71,0xFFD69C71,0xFFD59B70,
    0xFFD59C70,0xFFD59B70,0xFFD49B71,0xFFD39B73,0xFFD39C73,0xFFD49D74,0xFFD49D74,0xFFD49D74,
    0xFFD39C73,0xFFD39C73,0xFFD29C74,0xFFD19D75,0xFFD29D75,0xFFD29D75,0xFFD39C75,0xFFD39C75,
    0xFFD49C76,0xFFD49C76,0xFFD49C76,0xFFD49C76,0xFFD59D77,0xFFD59D78,0xFFD49E79,0xFFD49E79,
    0xFFD59F7A,0xFFD59F7A,0xFFD6A07B,0xFFD7A17C,0xFFD7A17C,0xFFD7A17A,0xFFD7A37D,0xFFD7A47F,
    0xFFD6A37D,0xFFD7A580,0xFFCCA585,0xFF957E64,0xFF978670,0xFFBB9C83,0xFFD0A789,0xFFDFAC86,
    0xFFDFA77E,0xFFDDAB83,0xFFC1A281,0xFF494C41,0xFF103132,0xFF043544,0xFF0F364B,0xFF0E353F,
    0xFF0D3644,0xFF0F3442,0xFF0C3740,0xFF07353C,0xFF06323B,0xFF0B353D,0xFF051D1B,0xFF000900,
    0xFF043D49,0xFF083E4B,0xFF0D414F,0xFF134755,0xFF154957,0xFF093D4B,0xFF003442,0xFF003442,
    0xFF013543,0xFF003341,0xFF003341,0xFF033543,0xFF023240,0xFF013240,0xFF013240,0xFF013240,
    0xFF023341,0xFF023341,0xFF0D3D4B,0xFF0E3E4C,0xFF013341,0xFF013743,0xFF013742,0xFF063A47,
    0xFF104250,0xFF174755,0xFF083846,0xFF033442,0xFF013240,0xFF043543,0xFF0A3B49,0xFF033442,
    0xFF023341,0xFF013240,0xFF00303D,0xFF083943,0xFF154852,0xFF033842,0xFF1B545F,0xFF437783,
    0xFF5E8A94,0xFF628994,0xFF457785,0xFF40798C,0xFF275E6F,0xFF427482,0xFF3A6D7D,0xFF205D6C,
    0xFF094456,0xFF0D4558,0xFF10495A,0xFF255B6C,0xFF43778A,0xFF3F7283,0xFF4A7888,0xFF4D798A,
    0xFF4C7D8C,0xFF44798C,0xFF235A6E,0xFF1B5467,0xFF0B4557,0xFF043C4F,0xFF0E475A,0xFF255E71,
    0xFF2E687B,0xFF0F4C5E,0xFF1B576A,0xFF1A576A,0xFF1E5B6D,0xFF246173,0xFF2D6A7C,0xFF1F5C6E,
    0xFF256377,0xFF256479,0xFF1E5A6F,0xFF134D63,0xFF0F495C,0xFF0A4356,0xFF00384B,0xFF084154,
    0xFF2C6377,0xFF296074,0xFF073B4F,0xFF0F4A5C,0xFF2A6577,0xFF2A5D72,0xFF013D4E,0xFF073E51,
    0xFF25596B,0xFF03384A,0xFF013648,0xFF023748,0xFF023646,0xFF1D5262,0xFF255A6A,0xFF48798A,
    0xFF316273,0xFF0B3E4E,0xFF033948,0xFF033747,0xFF003041,0xFF1B4E5F,0xFF1E5262,0xFF053F4F,
    0xFF185065,0xFF094052,0xFF00313E,0xFF4B6367,0xFFA6A196,0xFFA4A095,0xFF9F9A8F,0xFFAEA79B,
    0xFF98958F,0xFFA79A8E,0xFFB49B8B,0xFFB49786,0xFFB39485,0xFFB69586,0xFFBE9984,0xFFC09983,
    0xFFC19883,0xFFC39781,0xFFC7987C,0xFFC49277,0xFFC18E74,0xFFC59176,0xFFC79072,0xFFC48C6E,
    0xFFC98F73,0xFFCD9575,0xFFCB9170,0xFFCD9074,0xFFC68E74,0xFFC78E6F,0xFFD19472,0xFFD3936E,
    0xFFD4936B,0xFFCE926B,0xFFD19167,0xFFD89062,0xFFE59864,0xFFF2A364,0xFFF0A365,0xFFDA9765,
    0xFFCF966D,0xFFC79570,0xFFBB9376,0xFFB79479,0xFFBD9880,0xFFBD9881,0xFFC09C7F,0xFFBF9982,
    0xFFC49A7E,0xFFC79B7F,0xFFC79A82,0xFFC79A7D,0xFFD19E78,0xFFD7A37B,0xFFD6A27A,0xFFD8A27A,
    0xFFD9A277,0xFFD5A278,0xFFDFA572,0xFFF1A967,0xFFEFA159,0xFFF7A75E,0xFFF8AC64,0xFFE4A063,
    0xFFDB9A6C,0xFFE29E73,0xFFE19E6D,0xFFE4A06E,0xFFE3A073,0xFFE6A06F,0xFFF3A26A,0xFFE99A64,
    0xFFE19967,0xFFE49A67,0xFFEE9D63,0xFFFAAA5D,0xFFFBA95F,0xFFF8A75B,0xFFFEAE5D,0xFFFAAB64,
    0xFFF4A863,0xFFF4A862,0xFFF4AC5F,0xFFF3AB64,0xFFECA567,0xFFECA768,0xFFE6A66B,0xFFDE9E68,
    0xFFE8A16A,0xFFEDA36A,0xFFE4995D,0xFFEBA05C,0xFFF7AA61,0xFFF3A45F,0xFFF6A862,0xFFEFA564,
    0xFFE59D68,0xFFDA9567,0xFFD99965,0xFFEBA362,0xFFF2A766,0xFFF4AD6F,0xFFE3A46B,0xFFD5976F,
    0xFFDA9861,0xFFF6B064,0xFFFDB466,0xFFFCB26A,0xFFFFB470,0xFFEFA966,0xFFF1AF67,0xFFF2AF67,
    0xFFF1AE6C,0xFFDA9A6A,0xFFD9996E,0xFFDA9B6E,0xFFDA9B6E,0xFFDA9A6C,0xFFDA9B6C,0xFFDB9C6D,
    0xFFDB9B6C,0xFFDD9B6A,0xFFDF9D6C,0xFFDF9C6B,0xFFE09C6B,0xFFE19D6A,0xFFE19D6A,0xFFE19D6A,
    0xFFE19D6A,0xFFE19D6A,0xFFE29E6B,0xFFE29E6B,0xFFE29E6B,0xFFE29E6B,0xFFE29E6B,0xFFE29E6B,
    0xFFE29E6B,0xFFE29E6B,0xFFE29E6B,0xFFE19E6B,0xFFDF9D6C,0xFFDF9D6C,0xFFDF9D6C,0xFFDE9D6D,
    0xFFDC9E6F,0xFFDC9E6F,0xFFDB9D6E,0xFFDA9D70,0xFFDA9D71,0xFFD99D70,0xFFD99D70,0xFFD79D71,
    0xFFD69D71,0xFFD69D71,0xFFD69D71,0xFFD49C72,0xFFD39C72,0xFFD39C72,0xFFD39C72,0xFFD29B71,
    0xFFD29B71,0xFFD29B71,0xFFD29B73,0xFFD19B74,0xFFD19B74,0xFFD19B74,0xFFD19B74,0xFFD19B74,
    0xFFD19B74,0xFFD19C74,0xFFD09C75,0xFFD09C75,0xFFCF9C75,0xFFCF9C75,0xFFD19A75,0xFFD19A75,
    0xFFD19A75,0xFFD19A75,0xFFD19A75,0xFFD19A75,0xFFD29B76,0xFFD19C77,0xFFD19C78,0xFFD19C78,
    0xFFD29D79,0xFFD29D79,0xFFD39E7A,0xFFD49F7B,0xFFD49F7B,0xFFD2A07B,0xFFD2A17C,0xFFD3A27D,
    0xFFD3A27D,0xFFD6A080,0xFFD8A485,0xFFD2A385,0xFFD1A688,0xFFD6A887,0xFFD8A885,0xFFDAA780,
    0xFFDCA681,0xFFE0A583,0xFFDBA681,0xFFC6A38A,0xFF756D60,0xFF0B2629,0xFF052B34,0xFF0A3240,
    0xFF0A3246,0xFF0B303D,0xFF103A44,0xFF0E3A40,0xFF0A323C,0xFF0F353F,0xFF0A262A,0xFF0D201C,
    0xFF053E4A,0xFF073D4B,0xFF0B3F4D,0xFF0F4351,0xFF134755,0xFF0D414F,0xFF003341,0xFF003341,
    0xFF013442,0xFF003240,0xFF003341,0xFF013341,0xFF023341,0xFF023341,0xFF013240,0xFF013240,
    0xFF013240,0xFF013240,0xFF0A3B49,0xFF083C49,0xFF023643,0xFF073B48,0xFF043845,0xFF033744,
    0xFF0E404E,0xFF194957,0xFF0E3D4C,0xFF023341,0xFF00313F,0xFF043543,0xFF053644,0xFF033442,
    0xFF013240,0xFF00303E,0xFF023441,0xFF114551,0xFF0E424E,0xFF0F4450,0xFF508794,0xFF3F7280,
    0xFF578290,0xFF668C9A,0xFF5F8A9B,0xFF275C70,0xFF1B5464,0xFF487D8A,0xFF3D7080,0xFF1F5A6A,
    0xFF043E50,0xFF11485C,0xFF0F4758,0xFF185061,0xFF2E6677,0xFF33697A,0xFF3C6D7F,0xFF4F7E90,
    0xFF427788,0xFF245E70,0xFF134D60,0xFF084154,0xFF0B4557,0xFF114A5D,0xFF225B6E,0xFF276073,
    0xFF2C677A,0xFF145267,0xFF215F74,0xFF1C5A6F,0xFF1F5A70,0xFF2E697F,0xFF266378,0xFF19596E,
    0xFF15576B,0xFF115065,0xFF064258,0xFF1A546A,0xFF013A4D,0xFF013A4D,0xFF0C4659,0xFF043D50,
    0xFF21586C,0xFF346B7F,0xFF144A5F,0xFF0E485A,0xFF2A6171,0xFF2D5E73,0xFF09495B,0xFF043C50,
    0xFF225668,0xFF0C4153,0xFF083D4F,0xFF05394A,0xFF003242,0xFF0B4050,0xFF2F6474,0xFF356879,
    0xFF275A6B,0xFF053849,0xFF033546,0xFF033647,0xFF002F40,0xFF114354,0xFF1C4F60,0xFF083E51,
    0xFF12475B,0xFF184455,0xFF3D5861,0xFF969490,0xFFB9A89A,0xFFB6A296,0xFFB8A697,0xFFB6A693,
    0xFFB4A596,0xFFB59F8D,0xFFB19B8A,0xFFB0998B,0xFFAF9688,0xFFAD9184,0xFFAE9281,0xFFB09281,
    0xFFB08F80,0xFFB28F7E,0xFFB99175,0xFFBF9277,0xFFC28F77,0xFFC39076,0xFFC19173,0xFFC49174,
    0xFFC79276,0xFFC38F71,0xFFBE8C6C,0xFFBC8C71,0xFFBA8B74,0xFFB98B71,0xFFB88A6F,0xFFB6886E,
    0xFFB5876D,0xFFB58668,0xFFBE8865,0xFFCC8965,0xFFDC9269,0xFFE69C63,0xFFE89F66,0xFFDC9B6A,
    0xFFD8A17B,0xFFC99B7C,0xFFC4997D,0xFFBF9A81,0xFFC29B81,0xFFCD9F7E,0xFFD4A380,0xFFC99C7C,
    0xFFCC9E7E,0xFFD2A085,0xFFD09F87,0xFFCC9C7D,0xFFE4A679,0xFFEBA878,0xFFE6A475,0xFFE9A675,
    0xFFEBA66D,0xFFECA86E,0xFFEDA563,0xFFF2A359,0xFFFAAD5A,0xFFFFB15C,0xFFFDB15E,0xFFF0AA60,
    0xFFF3AD6C,0xFFFBB170,0xFFFEAF67,0xFFFBB06B,0xFFF4AB6A,0xFFF7A964,0xFFFDAC63,0xFFE89B66,
    0xFFDE976C,0xFFE1996D,0xFFEC9D69,0xFFF4A461,0xFFDA8C59,0xFFE0945A,0xFFF5A553,0xFFF7A14F,
    0xFFFCA556,0xFFFEA755,0xFFFFAD52,0xFFFEB154,0xFFFBB259,0xFFFAB45E,0xFFF6B660,0xFFF0B05E,
    0xFFF6B366,0xFFF3AE66,0xFFEFA661,0xFFFBB165,0xFFFFB562,0xFFFAAD5C,0xFFFCAF63,0xFFEEA362,
    0xFFEFA773,0xFFDD976F,0xFFDF9B72,0xFFF0AA6A,0xFFE39E66,0xFFDA9972,0xFFD19A72,0xFFCA9375,
    0xFFCB9167,0xFFEBA964,0xFFFFB968,0xFFFBB46A,0xFFFAB36C,0xFFEEA569,0xFFEBA569,0xFFE8A768,
    0xFFDFA16A,0xFFD4986B,0xFFD5986E,0xFFD69A6F,0xFFD69A6F,0xFFD69A6D,0xFFD69A6D,0xFFD79B6E,
    0xFFD79A6E,0xFFD99B6D,0xFFDA9B6E,0xFFD99B6D,0xFFDA9B6D,0xFFDC9C6C,0xFFDC9C6C,0xFFDC9C6C,
    0xFFDD9D6D,0xFFDD9D6D,0xFFDD9D6D,0xFFDD9D6D,0xFFDD9D6D,0xFFDD9D6D,0xFFDD9D6D,0xFFDD9D6D,
    0xFFDD9D6E,0xFFDD9D6E,0xFFDD9D6D,0xFFDC9C6D,0xFFDA9C6E,0xFFDA9C6E,0xFFDB9C6E,0xFFDA9C6F,
    0xFFD89C70,0xFFD89C70,0xFFD89C6F,0xFFD79C70,0xFFD69C70,0xFFD69C70,0xFFD69C70,0xFFD49B71,
    0xFFD39B72,0xFFD39B71,0xFFD39B72,0xFFD19B73,0xFFD19B73,0xFFD09A72,0xFFD09A72,0xFFD09A72,
    0xFFD09A72,0xFFD09A72,0xFFD09A72,0xFFCF9A73,0xFFCF9A73,0xFFCE9972,0xFFCE9973,0xFFCE9973,
    0xFFCE9973,0xFFCE9973,0xFFCD9A74,0xFFCC9A75,0xFFCC9A75,0xFFCC9A75,0xFFCD9974,0xFFCC9A74,
    0xFFCD9A74,0xFFCD9A75,0xFFCC9A75,0xFFCD9A75,0xFFCE9B76,0xFFCD9B77,0xFFCB9B77,0xFFCB9B77,
    0xFFCC9C78,0xFFCC9C78,0xFFCD9D79,0xFFCE9E7A,0xFFCE9E7A,0xFFCF9E7A,0xFFD0A07C,0xFFD0A07C,
    0xFFD1A17D,0xFFD0A281,0xFFD1A380,0xFFD4A380,0xFFD7A47F,0xFFD9A37B,0xFFD9A57D,0xFFD8A580,
    0xFFD6A683,0xFFD7A683,0xFFDAA67E,0xFFE0AE84,0xFFCAA181,0xFF777061,0xFF31473B,0xFF102F38,
    0xFF0B3046,0xFF0B313E,0xFF0E3540,0xFF0F353E,0xFF093343,0xFF0B3647,0xFF123A49,0xFF153C4A,
    0xFF043D49,0xFF053B49,0xFF093D4B,0xFF0D414F,0xFF104452,0xFF0F4351,0xFF023543,0xFF003240,
    0xFF003341,0xFF003240,0xFF003341,0xFF003240,0xFF013240,0xFF013240,0xFF013240,0xFF013240,
    0xFF013240,0xFF013240,0xFF043643,0xFF013843,0xFF033844,0xFF0D404D,0xFF093A48,0xFF023643,
    0xFF083A47,0xFF124250,0xFF10404E,0xFF033442,0xFF013240,0xFF043543,0xFF043543,0xFF023341,
    0xFF023241,0xFF01313F,0xFF083F4B,0xFF124A57,0xFF083D4B,0xFF3C6F7D,0xFF538A99,0xFF194C5C,
    0xFF568191,0xFF6D94A3,0xFF497787,0xFF0E4156,0xFF35687B,0xFF558593,0xFF356A79,0xFF155060,
    0xFF074053,0xFF11485C,0xFF0D4556,0xFF165060,0xFF215E6D,0xFF266272,0xFF2C6173,0xFF477B8D,
    0xFF235C6D,0xFF0F4D5E,0xFF0A4758,0xFF074052,0xFF0E475A,0xFF1E576B,0xFF235D70,0xFF286275,
    0xFF2B6376,0xFF164F63,0xFF2B6377,0xFF235C6F,0xFF2E6378,0xFF376A80,0xFF2B6478,0xFF1B596B,
    0xFF0F4D5E,0xFF2C6678,0xFF21596C,0xFF33687C,0xFF063E51,0xFF01384B,0xFF245D70,0xFF1D5769,
    0xFF1A5165,0xFF30667B,0xFF22596E,0xFF134B5C,0xFF396874,0xFF315D6E,0xFF0D4859,0xFF083F53,
    0xFF1A4F61,0xFF0C4153,0xFF114558,0xFF1C5161,0xFF063B4A,0xFF003343,0xFF225767,0xFF326877,
    0xFF2D6171,0xFF114354,0xFF003142,0xFF023445,0xFF063848,0xFF194C5D,0xFF164859,0xFF0C3C4D,
    0xFF194450,0xFF5F7475,0xFF9C9791,0xFFB2A296,0xFFB4A291,0xFFB69E91,0xFFB4A092,0xFFB3A393,
    0xFFB4A092,0xFFB49E8F,0xFFB09E90,0xFFAE9C8F,0xFFAD998D,0xFFAB958A,0xFFA79387,0xFFA38E82,
    0xFFA48C81,0xFFA68B7F,0xFFAE8E7C,0xFFB1917E,0xFFAF8D7C,0xFFAD8A77,0xFFAA8973,0xFFAB8873,
    0xFFAC8672,0xFFAA8570,0xFFA78671,0xFFA7866F,0xFFB08872,0xFFB28B77,0xFFAC8772,0xFFB28A72,
    0xFFB68B71,0xFFC68F6A,0xFFD19167,0xFFDD9567,0xFFE69A68,0xFFEAA068,0xFFEDA269,0xFFECA472,
    0xFFE0A37C,0xFFD09D7D,0xFFD19B78,0xFFCD9C7D,0xFFCA9D7D,0xFFDAA27B,0xFFE6A77E,0xFFD7A079,
    0xFFCC9D79,0xFFCE9F81,0xFFC7977C,0xFFC49675,0xFFEAA672,0xFFF2A66C,0xFFE59B62,0xFFE89D63,
    0xFFF7A95F,0xFFFDAF61,0xFFFBAA59,0xFFFDAE57,0xFFFFB456,0xFFFFAF50,0xFFFDB154,0xFFFDB55E,
    0xFFFCB061,0xFFF9AB60,0xFFFCAE5C,0xFFF1A85B,0xFFEDA65F,0xFFF5AD66,0xFFECAB69,0xFFC88E65,
    0xFFB68163,0xFFB57E5F,0xFFC58762,0xFFD7966B,0xFFB67E5E,0xFFB27956,0xFFC78553,0xFFD0844A,
    0xFFDF8C51,0xFFEA8E4A,0xFFF99C4A,0xFFFFAB4B,0xFFFFB44C,0xFFFEB750,0xFFFEBA50,0xFFFEBC4F,
    0xFFFEBA55,0xFFFDB756,0xFFFEB85F,0xFFFEB85D,0xFFFBB257,0xFFF9AC59,0xFFFCAF62,0xFFECA35C,
    0xFFE9A366,0xFFDB9663,0xFFDB976A,0xFFE8A26F,0xFFD39468,0xFFCA906C,0xFFCB916F,0xFFC89070,
    0xFFD4986D,0xFFF6B473,0xFFFDB96D,0xFFF0AB65,0xFFF1AB6A,0xFFE99E65,0xFFEFA66F,0xFFD69765,
    0xFFCF9671,0xFFCF9670,0xFFD0976F,0xFFD19870,0xFFD19870,0xFFD29A6F,0xFFD29A6F,0xFFD2996F,
    0xFFD3996E,0xFFD59A6E,0xFFD49A6E,0xFFD49A6E,0xFFD59A6E,0xFFD79B6E,0xFFD79B6D,0xFFD79B6D,
    0xFFD89C6E,0xFFD89C6E,0xFFD89C6E,0xFFD89C6E,0xFFD89C6F,0xFFD89C6F,0xFFD89C6F,0xFFD89C6F,
    0xFFD89C6F,0xFFD89C6F,0xFFD79A6E,0xFFD79A6E,0xFFD59B6F,0xFFD59B6F,0xFFD59A6E,0xFFD59A70,
    0xFFD59B71,0xFFD59B71,0xFFD59B71,0xFFD49B70,0xFFD39B70,0xFFD39B70,0xFFD39B70,0xFFD19A72,
    0xFFD09A72,0xFFD09A72,0xFFD09A72,0xFFCE9972,0xFFCE9972,0xFFCE9972,0xFFCE9972,0xFFCE9972,
    0xFFCE9972,0xFFCE9972,0xFFCD9972,0xFFCB9973,0xFFCB9973,0xFFCB9873,0xFFCB9973,0xFFCB9973,
    0xFFCB9873,0xFFCB9873,0xFFCA9974,0xFFC99975,0xFFC99975,0xFFC99975,0xFFC89A75,0xFFC79A75,
    0xFFC89A75,0xFFC89A75,0xFFC89975,0xFFC89A75,0xFFC99B76,0xFFC89B76,0xFFC69B77,0xFFC69A77,
    0xFFC79B78,0xFFC79B78,0xFFC89C79,0xFFC99D7A,0xFFC99D7A,0xFFCB9E7B,0xFFCC9E7B,0xFFCC9E7B,
    0xFFCD9F7D,0xFFC9A27E,0xFFCBA37F,0xFFCFA37F,0xFFD1A27E,0xFFD5A37D,0xFFD5A37E,0xFFD5A481,
    0xFFD3A581,0xFFCFA780,0xFFD2A77E,0xFFD5A97D,0xFFD9AA83,0xFFCAA88A,0xFFB5A183,0xFF525950,
    0xFF062B3A,0xFF0E3442,0xFF0F333E,0xFF193C46,0xFF1B3D45,0xFF17383D,0xFF133841,0xFF0D3948,
    0xFF033C48,0xFF043A48,0xFF063A48,0xFF0B3F4D,0xFF0D414F,0xFF0F4351,0xFF043846,0xFF003341,
    0xFF003341,0xFF003240,0xFF003341,0xFF00313F,0xFF00313F,0xFF013240,0xFF013240,0xFF013240,
    0xFF013240,0xFF00313F,0xFF023441,0xFF003742,0xFF033744,0xFF0F404E,0xFF0E3E4C,0xFF043744,
    0xFF033543,0xFF083846,0xFF083846,0xFF033442,0xFF023341,0xFF043543,0xFF023240,0xFF053643,
    0xFF0A3B49,0xFF114351,0xFF0D4753,0xFF003945,0xFF295E6C,0xFF5B8C9B,0xFF3A7080,0xFF1C505F,
    0xFF5B8797,0xFF608898,0xFF356575,0xFF26596D,0xFF538194,0xFF588393,0xFF366A7A,0xFF1A5364,
    0xFF0D4558,0xFF0F4458,0xFF0F4657,0xFF185262,0xFF12505F,0xFF235F6F,0xFF376E7F,0xFF366C7D,
    0xFF114D5D,0xFF0F5161,0xFF064555,0xFF164F62,0xFF1D5467,0xFF296073,0xFF2F6679,0xFF2D6678,
    0xFF376E80,0xFF336679,0xFF3E7183,0xFF3A6E80,0xFF447587,0xFF477487,0xFF3F7484,0xFF326C7A,
    0xFF245D6B,0xFF477D8B,0xFF477B89,0xFF4C7E8D,0xFF124A5C,0xFF003143,0xFF21596C,0xFF427A8D,
    0xFF21596C,0xFF30687B,0xFF2F677B,0xFF184D5E,0xFF537981,0xFF4B6E7C,0xFF1A4F5E,0xFF134658,
    0xFF225566,0xFF0F4354,0xFF03384A,0xFF184E5F,0xFF124757,0xFF003241,0xFF124656,0xFF2C6373,
    0xFF2A5F6F,0xFF215263,0xFF013042,0xFF003242,0xFF174B5C,0xFF235567,0xFF144454,0xFF0D3845,
    0xFF466668,0xFF9F9B8D,0xFFBCA28F,0xFFB29F91,0xFFAF9E8C,0xFFB59D90,0xFFB19E94,0xFFA99E93,
    0xFFAD9E92,0xFFAC9D93,0xFFAA9C92,0xFFA99B8F,0xFFA9998E,0xFFA9978D,0xFFA6968D,0xFFA09187,
    0xFF9F8C84,0xFF9E8981,0xFF9E867F,0xFF9A857D,0xFF95847A,0xFF938479,0xFF988679,0xFF9C887B,
    0xFF9E867A,0xFFA18A81,0xFF9F8E82,0xFFA18C79,0xFFB38E79,0xFFC09279,0xFFC19071,0xFFD09873,
    0xFFD8996E,0xFFE69C6B,0xFFEA9D66,0xFFEF9E61,0xFFF4A261,0xFFEB9E63,0xFFF1A369,0xFFF0A572,
    0xFFDD9D73,0xFFD99D78,0xFFE2A177,0xFFDA9E77,0xFFCC9B7A,0xFFCB9B79,0xFFD59C79,0xFFCB9B7A,
    0xFFC29774,0xFFC59A79,0xFFC29778,0xFFC59974,0xFFEEA76C,0xFFF3A563,0xFFF1A464,0xFFF2A563,
    0xFFFAA956,0xFFFFAD53,0xFFFEAB4F,0xFFFFB051,0xFFFEB14B,0xFFFCAC44,0xFFFBB14B,0xFFFCB15A,
    0xFFEE9C5A,0xFFE29354,0xFFF1A462,0xFFE49E62,0xFFDD9A66,0xFFD99B6C,0xFFC1926F,0xFFAF876E,
    0xFFA6826D,0xFFAA856E,0xFFAD8066,0xFFAA7B64,0xFF97755E,0xFF94705C,0xFFA37060,0xFFAE7158,
    0xFFBE7657,0xFFCF7849,0xFFEA8947,0xFFFE9F47,0xFFFFAD43,0xFFFDB446,0xFFFEB447,0xFFFFB348,
    0xFFFCB24A,0xFFF9AE49,0xFFFBB44F,0xFFFBB54F,0xFFF9AF4F,0xFFFBAF5B,0xFFFCB161,0xFFEEA558,
    0xFFE9A35D,0xFFE5A15B,0xFFE8A55F,0xFFE39E66,0xFFD69C64,0xFFDBA568,0xFFDFA069,0xFFDD9F68,
    0xFFF4B46F,0xFFFFBF74,0xFFF2AD69,0xFFE9A463,0xFFEFA76C,0xFFEFA25D,0xFFF9B26A,0xFFDA9D64,
    0xFFCA946E,0xFFCB9570,0xFFCC9570,0xFFCD9671,0xFFCD9670,0xFFCE976F,0xFFCE9770,0xFFCE9770,
    0xFFCF976F,0xFFD1986E,0xFFD1986E,0xFFD2996D,0xFFD3986D,0xFFD3986D,0xFFD3986E,0xFFD3986E,
    0xFFD4996E,0xFFD49A6F,0xFFD49A6F,0xFFD59A6F,0xFFD4996D,0xFFD4996D,0xFFD4996E,0xFFD4996E,
    0xFFD4996E,0xFFD59A6E,0xFFD3996D,0xFFD3996C,0xFFD39A6E,0xFFD39A6F,0xFFD39A70,0xFFD29A71,
    0xFFD29871,0xFFD29871,0xFFD29872,0xFFD09870,0xFFCF986F,0xFFCF986F,0xFFCF986F,0xFFCD9870,
    0xFFCD9871,0xFFCD9870,0xFFCD9871,0xFFCB9771,0xFFCB9871,0xFFCC9871,0xFFCC9871,0xFFCC9871,
    0xFFCC9871,0xFFCC9871,0xFFCB9871,0xFFC89672,0xFFC89772,0xFFC99772,0xFFC89772,0xFFC89672,
    0xFFC99772,0xFFC99772,0xFFC89874,0xFFC89775,0xFFC89775,0xFFC89775,0xFFC69875,0xFFC69975,
    0xFFC59975,0xFFC59975,0xFFC59975,0xFFC59975,0xFFC69A76,0xFFC69976,0xFFC39876,0xFFC49976,
    0xFFC59A78,0xFFC59A78,0xFFC69B79,0xFFC79C7A,0xFFC89C7A,0xFFC89B7A,0xFFC99B7A,0xFFC99B7A,
    0xFFCA9D7B,0xFFCD9D7C,0xFFCF9E7E,0xFFD29E81,0xFFD29E82,0xFFCEA281,0xFFCFA280,0xFFD1A281,
    0xFFD3A27E,0xFFD5A17E,0xFFD3A282,0xFFD5A385,0xFFD3A582,0xFFD4A682,0xFFE7B089,0xFF9F8D71,
    0xFF0C2B2F,0xFF0C3342,0xFF0F3340,0xFF193843,0xFF2D3C2E,0xFF313820,0xFF293827,0xFF233F37,
    0xFF073C4A,0xFF053947,0xFF053947,0xFF0B3F4D,0xFF0A3E4B,0xFF0B3F4C,0xFF063A47,0xFF00313E,
    0xFF003340,0xFF00323F,0xFF00323F,0xFF00313F,0xFF00313F,0xFF013240,0xFF033442,0xFF00313F,
    0xFF00313F,0xFF013240,0xFF043543,0xFF053745,0xFF023442,0xFF0D3E4C,0xFF0E3F4D,0xFF073846,
    0xFF043543,0xFF043543,0xFF053543,0xFF023341,0xFF043442,0xFF063342,0xFF042F3E,0xFF09373F,
    0xFF144B53,0xFF144D5C,0xFF215B6B,0xFF184F5C,0xFF4C818F,0xFF3F7381,0xFF427683,0xFF4D7E8B,
    0xFF548391,0xFF558291,0xFF547E90,0xFF527E8E,0xFF5E8A97,0xFF4B7B88,0xFF2F6878,0xFF245C6C,
    0xFF114658,0xFF0A3F51,0xFF195061,0xFF24596A,0xFF0A4051,0xFF306376,0xFF2E6779,0xFF195968,
    0xFF0D4958,0xFF195663,0xFF1C5766,0xFF376A7E,0xFF436F86,0xFF457180,0xFF457483,0xFF427283,
    0xFF477689,0xFF4D778C,0xFF4A758A,0xFF477589,0xFF49798B,0xFF4D7D8C,0xFF4B7C8B,0xFF487989,
    0xFF427380,0xFF4E7D8B,0xFF487687,0xFF467B8C,0xFF205B6A,0xFF073E4E,0xFF1E5063,0xFF45768D,
    0xFF275F73,0xFF3B7480,0xFF3B6C7B,0xFF3E6172,0xFF818C8E,0xFF868D8A,0xFF63797E,0xFF456670,
    0xFF506F76,0xFF3C5C69,0xFF133D49,0xFF0A3E4F,0xFF124959,0xFF023542,0xFF063548,0xFF0F4558,
    0xFF1C5261,0xFF285968,0xFF0E3E4E,0xFF033642,0xFF0E4255,0xFF264D5E,0xFF395055,0xFF4F5F5F,
    0xFF938F88,0xFFB49D89,0xFFB79B83,0xFFB79B88,0xFFBC9A84,0xFFC59D86,0xFFBB9D8B,0xFFA7988E,
    0xFFA49991,0xFFA8998C,0xFFA4978D,0xFFA0998C,0xFF9F9788,0xFFA0958B,0xFFA2948A,0xFF9F9186,
    0xFF9F9086,0xFF9D8E84,0xFF9B8C83,0xFF9C8A7F,0xFF9B8C83,0xFF988F87,0xFF9B8F81,0xFFA49081,
    0xFFA48D84,0xFFA39087,0xFFA19181,0xFFA7917A,0xFFC19579,0xFFCC9677,0xFFCC9675,0xFFDA9B74,
    0xFFE69A69,0xFFEC9967,0xFFF19E60,0xFFF59F58,0xFFF6A05C,0xFFEC9E5A,0xFFF0A467,0xFFDA9C6E,
    0xFFC99572,0xFFD39D74,0xFFD69F7A,0xFFD39C7C,0xFFCE9C7E,0xFFC89A7B,0xFFC99A7D,0xFFC79A7F,
    0xFFCC9D7A,0xFFD2A27E,0xFFD1A07B,0xFFD69A6D,0xFFF0A162,0xFFF19C57,0xFFFAA35E,0xFFFBA35B,
    0xFFF79B4A,0xFFFC9F4A,0xFFF9A046,0xFFFAA748,0xFFFCAB43,0xFFFAAD3C,0xFFFDB14A,0xFFF7A75A,
    0xFFDA8D5A,0xFFDC8C52,0xFFFBA661,0xFFE09D65,0xFFCF966A,0xFFC0906F,0xFFB08C76,0xFFB99176,
    0xFFC2956F,0xFFD0A17C,0xFFBE8E73,0xFF957161,0xFF88705F,0xFF886D5A,0xFF986E5D,0xFF9E6F5B,
    0xFFA37155,0xFFBC744D,0xFFE07F4C,0xFFF99246,0xFFFDA540,0xFFFEB045,0xFFFBA842,0xFFFCA442,
    0xFFFBA749,0xFFFAAB48,0xFFFDB04B,0xFFFFB34E,0xFFFDB34D,0xFFFEB64F,0xFFFCB656,0xFFF5AB5A,
    0xFFF4AA5B,0xFFFDB558,0xFFFBB15F,0xFFEB9F5D,0xFFF8B35E,0xFFFCBA60,0xFFF4AC66,0xFFF8AA6A,
    0xFFFCB668,0xFFF1B16B,0xFFE59B60,0xFFE39B60,0xFFEC9D5D,0xFFFAA152,0xFFFFB15D,0xFFECA960,
    0xFFDFA267,0xFFD59E6C,0xFFCA9370,0xFFCC9475,0xFFCB9769,0xFFCB966C,0xFFCC9571,0xFFCD956F,
    0xFFCD966C,0xFFCC9870,0xFFCE976E,0xFFD1966B,0xFFD0976C,0xFFCF986F,0xFFD09770,0xFFD19670,
    0xFFD0986F,0xFFCF9970,0xFFD09872,0xFFD39871,0xFFD2986B,0xFFD1996D,0xFFD09870,0xFFD1976D,
    0xFFD19969,0xFFD4986B,0xFFD0976A,0xFFCE996A,0xFFD2976A,0xFFD1986E,0xFFCC9870,0xFFCD9870,
    0xFFCE976F,0xFFCE976F,0xFFCD9870,0xFFCD9870,0xFFCD9870,0xFFCD9870,0xFFCD9870,0xFFCB9872,
    0xFFCB9872,0xFFCA9771,0xFFCA9772,0xFFC89873,0xFFC89873,0xFFC89874,0xFFC89874,0xFFC89874,
    0xFFC89874,0xFFC79773,0xFFC69774,0xFFC59774,0xFFC59775,0xFFC69775,0xFFC59774,0xFFC59775,
    0xFFC59775,0xFFC59775,0xFFC59775,0xFFC59775,0xFFC59775,0xFFC59775,0xFFCA9473,0xFFC99573,
    0xFFC59674,0xFFC39775,0xFFC39875,0xFFC49876,0xFFC59777,0xFFC79676,0xFFC89772,0xFFC99974,
    0xFFC79773,0xFFC79876,0xFFC99976,0xFFCA9974,0xFFCC9979,0xFFCA987A,0xFFCA9A79,0xFFCB9C7A,
    0xFFCB9D7A,0xFFCC9C7C,0xFFCE9D7E,0xFFCF9D7E,0xFFCE9D7F,0xFFCE9F7D,0xFFCFA07E,0xFFD0A07E,
    0xFFD0A080,0xFFD0A184,0xFFCFA184,0xFFD0A286,0xFFD1A586,0xFFD4A583,0xFFD8A585,0xFFD6AE8A,
    0xFF65614E,0xFF08272F,0xFF0C3748,0xFF1D383F,0xFF2F3930,0xFF2B2E1F,0xFF2E3121,0xFF2C3826,
    0xFF093D4B,0xFF063A48,0xFF043846,0xFF0B3F4D,0xFF083C49,0xFF063A47,0xFF083C49,0xFF00323F,
    0xFF00313E,0xFF013441,0xFF003340,0xFF00313F,0xFF00313F,0xFF013240,0xFF033442,0xFF00313F,
    0xFF00313F,0xFF013240,0xFF083947,0xFF0A3B49,0xFF033442,0xFF0A3B49,0xFF0A3B49,0xFF0A3B49,
    0xFF093A48,0xFF033442,0xFF033442,0xFF023341,0xFF043442,0xFF053241,0xFF032F3E,0xFF06333E,
    0xFF24555D,0xFF225463,0xFF3A6B7A,0xFF457785,0xFF3C7183,0xFF21596C,0xFF4D7D8D,0xFF4D7989,
    0xFF426B7D,0xFF60889B,0xFF4E7E90,0xFF3E6E7E,0xFF52818F,0xFF386C79,0xFF16535E,0xFF1B5561,
    0xFF1D5461,0xFF0C4352,0xFF0E4759,0xFF1A5367,0xFF044054,0xFF306B80,0xFF165266,0xFF165164,
    0xFF205366,0xFF426F7C,0xFF44707D,0xFF487383,0xFF4F788A,0xFF4B7687,0xFF467385,0xFF447388,
    0xFF477589,0xFF4D7384,0xFF477181,0xFF44707F,0xFF477385,0xFF4A738B,0xFF49728A,0xFF4B748C,
    0xFF4B778C,0xFF4A758A,0xFF467088,0xFF407289,0xFF255E71,0xFF175164,0xFF21586D,0xFF356B80,
    0xFF346275,0xFF56777F,0xFF6C7E80,0xFF878786,0xFFB59D8C,0xFFBAA08A,0xFFAA9A8C,0xFF918E87,
    0xFF92918C,0xFF85888A,0xFF485C61,0xFF466064,0xFF264E58,0xFF003549,0xFF043348,0xFF0B3D4E,
    0xFF164C5B,0xFF2E6574,0xFF154B58,0xFF002F39,0xFF163F4C,0xFF526065,0xFF93877F,0xFFAD9589,
    0xFFBC9789,0xFFC69885,0xFFC39882,0xFFC09982,0xFFC79A82,0xFFD09A7F,0xFFC99A82,0xFFB49684,
    0xFFAD9688,0xFFA89383,0xFFA49286,0xFFA09283,0xFF9D9081,0xFF9A8F87,0xFF9C8F85,0xFF9D8F84,
    0xFF9D8F84,0xFF9E9085,0xFFA08E83,0xFFA48E7E,0xFFA48F81,0xFF9F8E84,0xFFA28E80,0xFFA98F7F,
    0xFFA48D7F,0xFFA48C7F,0xFFAA8F79,0xFFB59277,0xFFC69474,0xFFC79476,0xFFC49376,0xFFD1946E,
    0xFFE29665,0xFFE6905F,0xFFEB945A,0xFFF19A55,0xFFF59F56,0xFFF49F57,0xFFF6A564,0xFFDD9868,
    0xFFD29871,0xFFD49E73,0xFFCC9671,0xFFCD9978,0xFFCC987A,0xFFCB977D,0xFFCC987D,0xFFC9967D,
    0xFFD79A74,0xFFE19E71,0xFFE09B6F,0xFFEB9F6C,0xFFF69D58,0xFFEF9246,0xFFF5964A,0xFFF39346,
    0xFFEC8C44,0xFFF79348,0xFFFA9844,0xFFFCA348,0xFFFDAA47,0xFFFDAA44,0xFFFFAB52,0xFFF59C56,
    0xFFDB8B50,0xFFEF9954,0xFFFAA65C,0xFFCC9162,0xFFC49777,0xFFB58F73,0xFFA88A73,0xFFB68E71,
    0xFFDEA16D,0xFFF5B57C,0xFFC79A78,0xFF9C7766,0xFF8D7266,0xFF876C61,0xFF936B5D,0xFF9C6C57,
    0xFFA47259,0xFFB77454,0xFFD57C4F,0xFFE88641,0xFFF69D41,0xFFFFAC47,0xFFF99F43,0xFFF49542,
    0xFFF79C47,0xFFFBA347,0xFFFAA945,0xFFFFB24E,0xFFFFB14C,0xFFFEAF49,0xFFFEAD52,0xFFF5A654,
    0xFFF6AB53,0xFFFFBB52,0xFFF8AE52,0xFFF2A859,0xFFFEBB58,0xFFFBB85A,0xFFE59C5D,0xFFE59A67,
    0xFFDA9861,0xFFCD905E,0xFFD58E5D,0xFFCD8B5A,0xFFD28A56,0xFFF19951,0xFFF8A74C,0xFFFDB659,
    0xFFFCBE64,0xFFEEB267,0xFFD09561,0xFFCA946D,0xFFCA976F,0xFFC8956C,0xFFC99471,0xFFC8946F,
    0xFFC8956C,0xFFC9956D,0xFFCA956F,0xFFCC9471,0xFFCC956F,0xFFCB976A,0xFFCC9769,0xFFCC9768,
    0xFFCB9969,0xFFCB9868,0xFFCF9A6B,0xFFCD9769,0xFFCF956A,0xFFCF9468,0xFFCF9467,0xFFCF9566,
    0xFFD89D64,0xFFDE9E68,0xFFD99B6C,0xFFCF966A,0xFFCE966C,0xFFCB966D,0xFFCA9770,0xFFCB9770,
    0xFFCC966F,0xFFCB9771,0xFFC99773,0xFFC99771,0xFFCA9770,0xFFCA9770,0xFFCA9770,0xFFC99772,
    0xFFC89772,0xFFC79671,0xFFC79671,0xFFC69773,0xFFC69773,0xFFC69773,0xFFC69773,0xFFC69773,
    0xFFC69773,0xFFC59672,0xFFC49673,0xFFC49674,0xFFC39674,0xFFC39573,0xFFC49674,0xFFC49674,
    0xFFC39674,0xFFC49674,0xFFC49674,0xFFC39673,0xFFC39573,0xFFC39573,0xFFC09775,0xFFC19675,
    0xFFC19675,0xFFC29675,0xFFC49673,0xFFC59572,0xFFC89776,0xFFCB9671,0xFFD99B70,0xFFD89C73,
    0xFFD29871,0xFFD69D77,0xFFD69D74,0xFFD59C71,0xFFD49B77,0xFFD39C7B,0xFFCC9A79,0xFFC89B7C,
    0xFFC49D7F,0xFFC69C7E,0xFFC89C7F,0xFFC99D7F,0xFFC89C7F,0xFFC99E7E,0xFFCB9F7F,0xFFCA9F7F,
    0xFFCB9F80,0xFFCCA083,0xFFCCA083,0xFFCDA083,0xFFCEA283,0xFFD1A382,0xFFD2A383,0xFFD4A986,
    0xFFC8AB8C,0xFF57574C,0xFF112629,0xFF35423D,0xFF534F43,0xFF383B3C,0xFF252E31,0xFF2C2E24,
    0xFF093E4C,0xFF083C4A,0xFF033745,0xFF0B3F4D,0xFF0C404D,0xFF043845,0xFF093E4B,0xFF043744,
    0xFF003441,0xFF043946,0xFF013542,0xFF00313F,0xFF00313F,0xFF013240,0xFF033442,0xFF00313F,
    0xFF01313F,0xFF023341,0xFF0A3B49,0xFF0D3E4C,0xFF033442,0xFF073846,0xFF083947,0xFF0C3D4B,
    0xFF0B3C4A,0xFF043543,0xFF043543,0xFF033442,0xFF043341,0xFF04303F,0xFF012D3D,0xFF042E3A,
    0xFF476971,0xFF527480,0xFF4E6E78,0xFF547782,0xFF2D5A69,0xFF2E6274,0xFF467886,0xFF3C6C7A,
    0xFF3F6B7B,0xFF517C8C,0xFF3D6B7A,0xFF3C6977,0xFF557F8B,0xFF4D7580,0xFF466B75,0xFF496C76,
    0xFF557380,0xFF3A606A,0xFF174854,0xFF0B4152,0xFF0C495F,0xFF226074,0xFF0B4254,0xFF325C6E,
    0xFF49697A,0xFF6E858E,0xFF667F86,0xFF58777F,0xFF557680,0xFF4E7281,0xFF4A7081,0xFF477082,
    0xFF456F83,0xFF437084,0xFF427185,0xFF407184,0xFF417285,0xFF417086,0xFF427187,0xFF437287,
    0xFF417386,0xFF407184,0xFF427288,0xFF3D768A,0xFF235A6F,0xFF0B455D,0xFF155166,0xFF2B6070,
    0xFF58717E,0xFF919292,0xFFAB968C,0xFFB69687,0xFFC49A87,0xFFC39983,0xFFBC9A86,0xFFB79987,
    0xFFB69785,0xFFB2998E,0xFF918781,0xFF998F84,0xFF6A7676,0xFF063344,0xFF002C3F,0xFF073645,
    0xFF114454,0xFF316472,0xFF1F4C52,0xFF1D4044,0xFF586A6D,0xFF9A8C84,0xFFBE9986,0xFFBC947C,
    0xFFBE927D,0xFFBC917B,0xFFB58E76,0xFFB28772,0xFFB98B76,0xFFCB8F73,0xFFCE9374,0xFFC59579,
    0xFFC3997F,0xFFB9957D,0xFFB79884,0xFFB59781,0xFFAD9382,0xFF9E8F85,0xFF9A8D82,0xFF9A8C81,
    0xFF9A8C81,0xFF9C8E83,0xFF9F8C7F,0xFFAB917F,0xFFB29784,0xFFA78E80,0xFFAA8E80,0xFFB4937F,
    0xFFAC907C,0xFFAD8E7A,0xFFC39679,0xFFCD9674,0xFFCF9772,0xFFC19072,0xFFBF9075,0xFFCA916E,
    0xFFDB9567,0xFFEA9668,0xFFED9663,0xFFEC9556,0xFFF49C53,0xFFFEA257,0xFFF59E5C,0xFFE59661,
    0xFFE29767,0xFFE99C65,0xFFE19864,0xFFDC9868,0xFFDF9B6B,0xFFE49C69,0xFFE49A65,0xFFE49964,
    0xFFF09F61,0xFFF8A45E,0xFFFAA35D,0xFFFCA35A,0xFFF59557,0xFFE8864A,0xFFEF8A4C,0xFFED884A,
    0xFFE28347,0xFFEE8846,0xFFF58B3E,0xFFFE9E44,0xFFFEA842,0xFFFBA240,0xFFFEA24C,0xFFEB8D48,
    0xFFE28A49,0xFFFEA252,0xFFF5A861,0xFFBB8E70,0xFFAA8878,0xFFA68672,0xFFA38A75,0xFFB8937B,
    0xFFE5A068,0xFFFDB572,0xFFBC916B,0xFFA37A66,0xFF96756B,0xFF8C6D64,0xFF986E5D,0xFFAA755D,
    0xFFB17B64,0xFFB7795F,0xFFCB805C,0xFFD9844D,0xFFED9549,0xFFFEA449,0xFFF89846,0xFFE98641,
    0xFFF29145,0xFFFD9D47,0xFFFDA843,0xFFFFB04A,0xFFFFAA48,0xFFFCA344,0xFFFA9F49,0xFFF59F49,
    0xFFF7AA4A,0xFFFCB547,0xFFFDB44E,0xFFFEB559,0xFFFFBB4F,0xFFF7B254,0xFFD8905D,0xFFD3926D,
    0xFFB88161,0xFFB78062,0xFFCC8C68,0xFFB47A58,0xFFB67956,0xFFD98658,0xFFEA934C,0xFFFEB152,
    0xFFFFBF59,0xFFFEBE5E,0xFFF3B566,0xFFD79F69,0xFFC8936E,0xFFC9946B,0xFFC79370,0xFFC49371,
    0xFFC6946C,0xFFCE976B,0xFFCA936B,0xFFC8916F,0xFFC9926F,0xFFC9926B,0xFFC8946C,0xFFC8956D,
    0xFFC79670,0xFFCA946C,0xFFD3996C,0xFFCD966D,0xFFCF9568,0xFFDE9E6A,0xFFE2A26B,0xFFD99E68,
    0xFFE5A667,0xFFEDA96A,0xFFECAB75,0xFFD2966B,0xFFCF9971,0xFFCE996F,0xFFCD966E,0xFFCB936A,
    0xFFCB946C,0xFFC79570,0xFFC59674,0xFFC69673,0xFFC89671,0xFFC79570,0xFFC79570,0xFFC69672,
    0xFFC69672,0xFFC69671,0xFFC59672,0xFFC49574,0xFFC39674,0xFFC39674,0xFFC39674,0xFFC39573,
    0xFFC39573,0xFFC39573,0xFFC39573,0xFFC39573,0xFFC39573,0xFFC49674,0xFFC39573,0xFFC39573,
    0xFFC49573,0xFFC29472,0xFFC39573,0xFFC49674,0xFFC49674,0xFFC59775,0xFFC6986E,0xFFCC9A6E,
    0xFFD39A6D,0xFFDC9F72,0xFFDC9D6E,0xFFDE9D6C,0xFFE19F6D,0xFFE19B69,0xFFEBA06F,0xFFE59E70,
    0xFFDA986E,0xFFE09F73,0xFFE3A16F,0xFFDC9D6C,0xFFD89971,0xFFD69A76,0xFFCD9875,0xFFC59879,
    0xFFC09A7F,0xFFC29A7E,0xFFC49B7E,0xFFC59C7F,0xFFC59C7F,0xFFC59C7E,0xFFC69D7F,0xFFC79E80,
    0xFFC79D7F,0xFFCB9E81,0xFFCB9E81,0xFFCB9E81,0xFFCDA081,0xFFCEA281,0xFFCFA382,0xFFD0A483,
    0xFFD9A882,0xFFC9AA8D,0xFF5D5B4C,0xFF31321E,0xFF58501B,0xFF3A441E,0xFF233518,0xFF545625,
    0xFF073B49,0xFF093D4B,0xFF033745,0xFF0A3E4C,0xFF0C404D,0xFF043845,0xFF0A3E4B,0xFF0A3E4B,
    0xFF023643,0xFF043845,0xFF033744,0xFF013341,0xFF00303E,0xFF033341,0xFF083947,0xFF00313F,
    0xFF01313F,0xFF033442,0xFF063745,0xFF0B3C4A,0xFF023341,0xFF073846,0xFF093A48,0xFF073846,
    0xFF073846,0xFF053644,0xFF033542,0xFF033442,0xFF01313F,0xFF043140,0xFF002937,0xFF22434C,
    0xFF7A888D,0xFF7A888B,0xFF7D8A8D,0xFF7B898D,0xFF5F777B,0xFF608085,0xFF5B7E83,0xFF5B7D83,
    0xFF5E7E85,0xFF5C7A81,0xFF5B787E,0xFF668085,0xFF73888D,0xFF7D8C90,0xFF848B8F,0xFF83888D,
    0xFF888990,0xFF7E888A,0xFF627C7B,0xFF23464E,0xFF083547,0xFF154451,0xFF34555F,0xFF6F8089,
    0xFF7F8B8E,0xFF889192,0xFF869093,0xFF808E92,0xFF7B8C90,0xFF74878D,0xFF6D828A,0xFF677E87,
    0xFF5D7985,0xFF557789,0xFF517687,0xFF4E7485,0xFF497281,0xFF48737F,0xFF487380,0xFF497481,
    0xFF4A757F,0xFF4E7580,0xFF507684,0xFF44727F,0xFF285D6D,0xFF043F56,0xFF0D455A,0xFF305963,
    0xFF878987,0xFFB79D94,0xFFBF9787,0xFFC19988,0xFFBE988B,0xFFBB9788,0xFFB79787,0xFFBA9784,
    0xFFBD947F,0xFFBD9483,0xFFAF9281,0xFFB69685,0xFFA59284,0xFF5B6B69,0xFF113642,0xFF002C3C,
    0xFF0A3A4A,0xFF44646C,0xFF767F77,0xFF878882,0xFF9A9189,0xFFAC9185,0xFFAD8B7A,0xFFA48873,
    0xFFA38472,0xFF9A836F,0xFF957E6A,0xFF967869,0xFF99796C,0xFFB07F65,0xFFC78C6C,0xFFCD8E6D,
    0xFFD1936D,0xFFD29975,0xFFD19F7D,0xFFCB9878,0xFFC3977F,0xFFA88F81,0xFF9B8D83,0xFF9D8F84,
    0xFF9D8E83,0xFF9C8E84,0xFF9B8A80,0xFFA68E7D,0xFFAB8F7C,0xFFA48B7B,0xFFA88B7B,0xFFB7917A,
    0xFFB79079,0xFFBC8E75,0xFFD69673,0xFFE2966B,0xFFD9986E,0xFFC6906E,0xFFC19072,0xFFC18E6F,
    0xFFCA8F6C,0xFFD58F69,0xFFDA8D64,0xFFE28C58,0xFFF29452,0xFFFC9C52,0xFFEE9657,0xFFE2905B,
    0xFFE8915D,0xFFF3945A,0xFFE88F57,0xFFE18F5A,0xFFE3935C,0xFFEA9859,0xFFF19B5A,0xFFF39955,
    0xFFFB9F53,0xFFFFA250,0xFFFF9E4B,0xFFF19545,0xFFD77B4B,0xFFD2754C,0xFFDA794D,0xFFDA794C,
    0xFFCE7645,0xFFDC793F,0xFFF0863E,0xFFFE9943,0xFFFCA042,0xFFF69944,0xFFF0954B,0xFFDF8548,
    0xFFE68B4F,0xFFFC9D4D,0xFFDE9A61,0xFFA08270,0xFF9A7F73,0xFF9C8072,0xFFA18677,0xFFAA8775,
    0xFFD39A71,0xFFE7A875,0xFFBE906F,0xFFBD9176,0xFFA27B6B,0xFFAA7F6C,0xFFC48F6C,0xFFC48C6A,
    0xFFBE866C,0xFFAF775D,0xFFB67C5E,0xFFC17D59,0xFFD2814A,0xFFEE8F45,0xFFF5934B,0xFFE88848,
    0xFFF7954C,0xFFFC9A42,0xFFFFAA43,0xFFFEAB43,0xFFFB9D3E,0xFFFD9B42,0xFFFB9E43,0xFFFCA344,
    0xFFFDAA46,0xFFFEAE43,0xFFFFB148,0xFFFFB04D,0xFFFFB446,0xFFF1A54D,0xFFD08C5D,0xFFCA9473,
    0xFFAA7F64,0xFFB0836A,0xFFC78D70,0xFFA97A61,0xFFA17157,0xFFBC7359,0xFFD4824A,0xFFF4A448,
    0xFFFEBA52,0xFFFDBD55,0xFFFFC461,0xFFECB065,0xFFD59969,0xFFD89C6E,0xFFCB916B,0xFFC4906C,
    0xFFCC976C,0xFFE9AB77,0xFFE0A472,0xFFC9905F,0xFFD39866,0xFFDC9F6F,0xFFCC946A,0xFFC6926E,
    0xFFC4916F,0xFFD3976C,0xFFE29E6A,0xFFCE9363,0xFFD9A165,0xFFFAB770,0xFFF5B16D,0xFFDCA167,
    0xFFE1A367,0xFFE7A563,0xFFEBAB72,0xFFCD9365,0xFFD1976C,0xFFDCA073,0xFFDB9D6E,0xFFD89969,
    0xFFD5976A,0xFFD19A72,0xFFC69571,0xFFC49572,0xFFC59571,0xFFC59470,0xFFC59470,0xFFC39472,
    0xFFC39472,0xFFC39472,0xFFC39472,0xFFC19474,0xFFC29474,0xFFC29474,0xFFC29474,0xFFC19373,
    0xFFC09373,0xFFC09373,0xFFC09373,0xFFC19372,0xFFC29472,0xFFC49674,0xFFC39572,0xFFC39573,
    0xFFC49674,0xFFC19371,0xFFC39573,0xFFC29472,0xFFC59674,0xFFC99B78,0xFFD2996D,0xFFDD9F6E,
    0xFFE19D69,0xFFEAA36E,0xFFE59E6B,0xFFE8A06B,0xFFEAA066,0xFFEDA266,0xFFF0A36D,0xFFE7A16F,
    0xFFD5966C,0xFFD89668,0xFFE39C66,0xFFE09F6D,0xFFD6976F,0xFFD39671,0xFFD39974,0xFFC89572,
    0xFFC59775,0xFFC39876,0xFFC29776,0xFFC49977,0xFFC49978,0xFFC49979,0xFFC39879,0xFFC69A7B,
    0xFFC79B7D,0xFFC79B7E,0xFFC79A7E,0xFFC89B7F,0xFFCA9E7F,0xFFCBA17E,0xFFCAA37F,0xFFD1A181,
    0xFFDAA680,0xFFC3A282,0xFF635F47,0xFF22260A,0xFF2B2E08,0xFF232D13,0xFF2B351F,0xFF343512,
    0xFF033745,0xFF073B49,0xFF053847,0xFF093C4A,0xFF0B3E4B,0xFF043845,0xFF0B3E4B,0xFF114452,
    0xFF043744,0xFF023441,0xFF013542,0xFF013340,0xFF00303E,0xFF033441,0xFF073A47,0xFF01313F,
    0xFF01313F,0xFF033442,0xFF023341,0xFF073846,0xFF023341,0xFF063644,0xFF073846,0xFF043544,
    0xFF063645,0xFF043543,0xFF013240,0xFF033341,0xFF00303E,0xFF002C3C,0xFF09323D,0xFF5C7377,
    0xFF969696,0xFF92918C,0xFF94928F,0xFF908F8C,0xFF888D87,0xFF828B83,0xFF858989,0xFF87888A,
    0xFF89898B,0xFF868789,0xFF808987,0xFF848A88,0xFF888886,0xFF888783,0xFF878983,0xFF8B8B85,
    0xFF8F8E89,0xFF918E86,0xFF91948B,0xFF677677,0xFF38525C,0xFF4F696F,0xFF7C8889,0xFF91908F,
    0xFF919087,0xFF8D8F8A,0xFF8E908E,0xFF909192,0xFF8E9091,0xFF8D918E,0xFF8C9190,0xFF8B9392,
    0xFF899193,0xFF878E90,0xFF838E8F,0xFF7C8888,0xFF748486,0xFF71858C,0xFF71848A,0xFF72868D,
    0xFF77888D,0xFF7F8990,0xFF858F98,0xFF75858E,0xFF31606B,0xFF0E4B5E,0xFF104154,0xFF51676C,
    0xFFA89689,0xFFB69080,0xFFBA9080,0xFFB89384,0xFFB79182,0xFFB59181,0xFFB5917F,0xFFB5917E,
    0xFFB69181,0xFFBC9280,0xFFB4907B,0xFFB68F7D,0xFFB9927D,0xFFA49783,0xFF4E686D,0xFF002F3F,
    0xFF022D3C,0xFF5D686B,0xFFB39A8B,0xFFAD9183,0xFFA88C7F,0xFFA68B7E,0xFF9C857B,0xFF957D77,
    0xFF8F756F,0xFF86736B,0xFF7E7066,0xFF7A6C65,0xFF796863,0xFF916E5C,0xFFAF795E,0xFFC3805C,
    0xFFD68A5D,0xFFE1976A,0xFFD99A6D,0xFFD4926A,0xFFCE9577,0xFFB08E7A,0xFFA18F81,0xFF9D8E83,
    0xFF9B8D82,0xFF988A81,0xFF968983,0xFF9E897B,0xFFA58A79,0xFFA08879,0xFFA68A76,0xFFBA8D74,
    0xFFBC8970,0xFFC58C70,0xFFE0946C,0xFFEA9465,0xFFD89366,0xFFC78C66,0xFFC18A6A,0xFFB9896D,
    0xFFBA886B,0xFFBB8461,0xFFC68260,0xFFDA865B,0xFFEE8F53,0xFFF0904B,0xFFDF894F,0xFFD68452,
    0xFFDB8455,0xFFD98257,0xFFCA7B53,0xFFC07953,0xFFBA7652,0xFFB97250,0xFFC1764F,0xFFC7764C,
    0xFFD98049,0xFFEB8845,0xFFED8844,0xFFE68848,0xFFD07B49,0xFFCC794A,0xFFD68150,0xFFD17B4B,
    0xFFC47448,0xFFDD7F49,0xFFF68E46,0xFFFB9442,0xFFEF8B47,0xFFE0844E,0xFFCD7A4B,0xFFCE7B50,
    0xFFE28852,0xFFF8994C,0xFFCA8F64,0xFF90786C,0xFF9B8171,0xFFA18477,0xFF9B7C72,0xFF9B7D6F,
    0xFFB18C74,0xFFC79779,0xFFC48F74,0xFFC89A7A,0xFFAC8068,0xFFC99271,0xFFDE9D6C,0xFFD3996E,
    0xFFC48B6A,0xFFAE785A,0xFFA9775B,0xFFAD755D,0xFFC47B52,0xFFEA8E4F,0xFFF29553,0xFFE2884B,
    0xFFF09349,0xFFF6973D,0xFFFEA63D,0xFFFCA33D,0xFFF9983B,0xFFFF9A42,0xFFFEA542,0xFFFEA63E,
    0xFFFFA642,0xFFF89D3C,0xFFFA9F3A,0xFFFAA03E,0xFFFDA63D,0xFFF4A24D,0xFFC98756,0xFFB38560,
    0xFF9D7C5C,0xFFA27B61,0xFFB07E63,0xFF9A725C,0xFF9B725C,0xFFB57458,0xFFD6894A,0xFFF6A944,
    0xFFFEBD4C,0xFFFDBF54,0xFFFEC256,0xFFF8B85E,0xFFE6A265,0xFFE8A774,0xFFD29469,0xFFCE9770,
    0xFFD0976B,0xFFE39F67,0xFFE8A769,0xFFD89D59,0xFFECB264,0xFFFDC170,0xFFE4A868,0xFFCC9562,
    0xFFCE9863,0xFFE3A35F,0xFFFAB366,0xFFE3A45C,0xFFECB463,0xFFFBB862,0xFFEDA75B,0xFFD79A60,
    0xFFD69864,0xFFDD9D5E,0xFFE8AB6E,0xFFCA905E,0xFFD29464,0xFFD99868,0xFFE3A06C,0xFFE7A16D,
    0xFFE2A06E,0xFFDCA074,0xFFC6926C,0xFFC4936F,0xFFC4936E,0xFFC3926E,0xFFC29370,0xFFC09372,
    0xFFC09372,0xFFC09371,0xFFC09472,0xFFBF9474,0xFFC09375,0xFFBF9475,0xFFBF9475,0xFFBE9373,
    0xFFC09374,0xFFC19575,0xFFC29473,0xFFC29472,0xFFC49573,0xFFC59775,0xFFC39574,0xFFC29473,
    0xFFC29473,0xFFC09371,0xFFC49674,0xFFC29573,0xFFC19574,0xFFC29574,0xFFCB9473,0xFFD39873,
    0xFFD5996D,0xFFDA9D70,0xFFCC926B,0xFFD19469,0xFFD49767,0xFFE2A16D,0xFFE79F68,0xFFE09E6D,
    0xFFD59C70,0xFFE1A071,0xFFEDA46E,0xFFE3A270,0xFFD79A73,0xFFD39872,0xFFDB9F75,0xFFD89D72,
    0xFFDA9F72,0xFFD19D75,0xFFCE9D76,0xFFCB9973,0xFFCD9C76,0xFFCC9A76,0xFFCC9B77,0xFFCC9A76,
    0xFFCB9B77,0xFFCB9D7D,0xFFC89C7E,0xFFC89A7D,0xFFCA9C7C,0xFFC89E7B,0xFFC7A17E,0xFFCE9D7E,
    0xFFDBAD8C,0xFF937B60,0xFF131400,0xFF1E2C0D,0xFF061A03,0xFF18240E,0xFF2A2D13,0xFF202509,
    0xFF013643,0xFF073A47,0xFF0B3B49,0xFF093846,0xFF0C3C48,0xFF083844,0xFF0C3C48,0xFF10404B,
    0xFF063540,0xFF053440,0xFF00333F,0xFF003342,0xFF00313D,0xFF023239,0xFF043841,0xFF00323E,
    0xFF01313E,0xFF033242,0xFF043244,0xFF073745,0xFF023240,0xFF043543,0xFF033443,0xFF033345,
    0xFF063143,0xFF033343,0xFF013240,0xFF043041,0xFF002D3E,0xFF072E3D,0xFF576A70,0xFF919491,
    0xFF93918D,0xFF959088,0xFF968E8A,0xFF938C89,0xFF8B8883,0xFF868781,0xFF928A88,0xFF9B8E87,
    0xFF988D83,0xFF908A82,0xFF8F8984,0xFF8A8782,0xFF868584,0xFF878785,0xFF888581,0xFF878481,
    0xFF898682,0xFF8A8781,0xFF8B8A82,0xFF8A8C87,0xFF868A86,0xFF8A8A87,0xFF8F8C89,0xFF8B8A89,
    0xFF8B8B89,0xFF8C8B87,0xFF8C8B86,0xFF8E8C88,0xFF8E8C88,0xFF8D8C89,0xFF8D8C89,0xFF8E8D8B,
    0xFF90918D,0xFF90938C,0xFF8F938C,0xFF8E918A,0xFF8D928E,0xFF8C9293,0xFF8A8F8F,0xFF8A9090,
    0xFF8E9291,0xFF909390,0xFF959591,0xFF92908B,0xFF586F74,0xFF194A5D,0xFF264956,0xFF8D837B,
    0xFFB68F7D,0xFFB28A7A,0xFFB58D7C,0xFFB58B7B,0xFFB48B7A,0xFFB28C7C,0xFFB28C7D,0xFFB38C7D,
    0xFFB58C7D,0xFFB58C7B,0xFFB58C7A,0xFFB38A77,0xFFB38874,0xFFAB8F82,0xFF848787,0xFF1B3C46,
    0xFF1E383E,0xFF837F79,0xFFAE9488,0xFFA7897C,0xFFAC8A7A,0xFFAB8B7A,0xFF997D73,0xFF88736C,
    0xFF7D6C68,0xFF746969,0xFF6B6363,0xFF67615D,0xFF6A5F5D,0xFF796258,0xFF8C6858,0xFFAB7255,
    0xFFCF8159,0xFFD98C6B,0xFFCF9369,0xFFD2946C,0xFFCF9273,0xFFC29175,0xFFB29076,0xFF9D8A7B,
    0xFF948981,0xFF9C8E85,0xFF998781,0xFFA18578,0xFFAC8B79,0xFFAA8976,0xFFB78C71,0xFFCE9071,
    0xFFC98B6B,0xFFC88868,0xFFD78B66,0xFFD98F66,0xFFC98862,0xFFC38664,0xFFC08866,0xFFBC8969,
    0xFFC08A6C,0xFFC58765,0xFFC88661,0xFFC68058,0xFFC98054,0xFFC3794F,0xFFB5714C,0xFFAB6C4B,
    0xFFA86C4F,0xFFA56B51,0xFF996550,0xFF906353,0xFF8D6050,0xFF8E624F,0xFF8E6351,0xFF9A614F,
    0xFFAC6647,0xFFBD6E48,0xFFD17449,0xFFE7814A,0xFFEB8C49,0xFFE38646,0xFFE78D54,0xFFD07C4E,
    0xFFBF7651,0xFFDD804C,0xFFF48B45,0xFFF48E45,0xFFD47B4A,0xFFAE6F4F,0xFFB57351,0xFFC67756,
    0xFFCF7E49,0xFFF8A155,0xFFCA956C,0xFF997A63,0xFFB79179,0xFFBB957D,0xFFA58878,0xFFA0877A,
    0xFFAB8C76,0xFFC3977A,0xFFCA9376,0xFFC6957A,0xFFBE8F6C,0xFFE6A471,0xFFDE9D6F,0xFFE0A47D,
    0xFFD19671,0xFFC48D68,0xFFBD8767,0xFFB47E64,0xFFBC815D,0xFFD78B55,0xFFD58956,0xFFBE744A,
    0xFFD27D48,0xFFE48648,0xFFF39444,0xFFF19348,0xFFE98843,0xFFF7923B,0xFFFEA340,0xFFFEA137,
    0xFFFE9F42,0xFFE88741,0xFFED8C41,0xFFF59245,0xFFFB9D43,0xFFFFA747,0xFFEB9F54,0xFFC68F5D,
    0xFFB08364,0xFFAD7E5F,0xFFAC7B5A,0xFFA67459,0xFFB5805A,0xFFD28751,0xFFF2A352,0xFFFFBB4D,
    0xFFFFC04B,0xFFFFC64E,0xFFFFC755,0xFFFEBD62,0xFFE8A160,0xFFE1A170,0xFFD29466,0xFFD19468,
    0xFFD09367,0xFFE1A065,0xFFF8BA64,0xFFF9C361,0xFFFDCF64,0xFFFDC85D,0xFFF4B059,0xFFEAAE5D,
    0xFFF4BD5F,0xFFF9C15D,0xFFFFC867,0xFFFAB95A,0xFFFEBF5D,0xFFF9B95E,0xFFF5B867,0xFFF3BA6F,
    0xFFF1B168,0xFFEDB160,0xFFF9BD6D,0xFFE7A45C,0xFFE39E60,0xFFD09066,0xFFDB9D70,0xFFD99B6A,
    0xFFD59666,0xFFD9966D,0xFFCA906E,0xFFD09E69,0xFFDFA669,0xFFD59D68,0xFFBB9571,0xFFBB957A,
    0xFFBF9372,0xFFBE9471,0xFFBA9674,0xFFBF9374,0xFFBF9473,0xFFBE9474,0xFFBC9574,0xFFBB9272,
    0xFFC29573,0xFFC99571,0xFFCB9671,0xFFC79570,0xFFC89773,0xFFC99976,0xFFC69776,0xFFC69676,
    0xFFC79774,0xFFC6976F,0xFFD09A70,0xFFCB9973,0xFFC29675,0xFFC29472,0xFFCB946D,0xFFD09771,
    0xFFD49971,0xFFD39C6F,0xFFD09C70,0xFFE5A16B,0xFFDB9B6C,0xFFCF9A70,0xFFD89A6C,0xFFDD9D75,
    0xFFDD9E70,0xFFEEA66E,0xFFF9AB6F,0xFFE7A56C,0xFFDAA073,0xFFD59B6F,0xFFE6A876,0xFFEAA871,
    0xFFF4AF74,0xFFE5A372,0xFFDFA074,0xFFD99D76,0xFFDAA07A,0xFFD39B71,0xFFDCA579,0xFFDEA77A,
    0xFFDA9C6F,0xFFE1A677,0xFFDBA87E,0xFFDCA37B,0xFFD7A57A,0xFFD29F7D,0xFFCD9E86,0xFFCDA087,
    0xFFCB9F80,0xFFE0BC99,0xFF877A5C,0xFF010E00,0xFF031402,0xFF19270C,0xFF353F1D,0xFF2D3419,
    0xFF013542,0xFF063845,0xFF0E3E4C,0xFF083745,0xFF0B3B47,0xFF0A3A46,0xFF083844,0xFF0D3C47,
    0xFF05343E,0xFF093943,0xFF083742,0xFF053844,0xFF002F37,0xFF2D5459,0xFF2F545E,0xFF01303B,
    0xFF01323F,0xFF003141,0xFF043546,0xFF043746,0xFF013241,0xFF013342,0xFF003442,0xFF013340,
    0xFF012F3E,0xFF01303F,0xFF00313E,0xFF01323F,0xFF002937,0xFF1D3D49,0xFF858E92,0xFF938E8C,
    0xFF918C89,0xFF938B87,0xFF918A87,0xFF8C8784,0xFF84817F,0xFF80807D,0xFF84827D,0xFF91867D,
    0xFF95887D,0xFF91867F,0xFF8B847E,0xFF86817C,0xFF84817F,0xFF888785,0xFF868583,0xFF817F7D,
    0xFF82807E,0xFF82807D,0xFF86827E,0xFF88837E,0xFF8C847D,0xFF87817C,0xFF827F7D,0xFF7E7E7C,
    0xFF7E7E7E,0xFF7E7D7A,0xFF7F7F7B,0xFF868582,0xFF888783,0xFF868580,0xFF868580,0xFF85847F,
    0xFF84837E,0xFF83837F,0xFF83837F,0xFF83827E,0xFF82837F,0xFF828480,0xFF83837F,0xFF838480,
    0xFF898985,0xFF908F89,0xFF96938C,0xFF979289,0xFF878A86,0xFF5E7177,0xFF6E7474,0xFFAD8E7C,
    0xFFB68A78,0xFFB68A7A,0xFFB68A79,0xFFB38978,0xFFB18777,0xFFB18777,0xFFB08778,0xFFB28777,
    0xFFB68878,0xFFB38877,0xFFB08876,0xFFAD8875,0xFFAC8472,0xFFA48274,0xFF978A81,0xFF616866,
    0xFF6B6B68,0xFF9C8A82,0xFFA48579,0xFFAC8674,0xFFB68F7B,0xFFA78677,0xFF8D756D,0xFF807069,
    0xFF796C68,0xFF706667,0xFF686262,0xFF666160,0xFF666061,0xFF6F615E,0xFF7F6560,0xFF9F6F5C,
    0xFFC58160,0xFFC9856A,0xFFC28968,0xFFCB8F6D,0xFFC9896A,0xFFC98D6D,0xFFB08E78,0xFF99877B,
    0xFF988980,0xFFA58D7E,0xFFA6876D,0xFFB68F6E,0xFFC09672,0xFFB78E6E,0xFFBC886B,0xFFC8896C,
    0xFFBB8268,0xFFAF7B65,0xFFB57A63,0xFFBE8062,0xFFBD8264,0xFFB57E61,0xFFB28163,0xFFAB7E61,
    0xFFB28268,0xFFB48067,0xFFA37058,0xFF996851,0xFF946550,0xFF896150,0xFF845F51,0xFF826258,
    0xFF806057,0xFF805A50,0xFF7F5B51,0xFF7F5C52,0xFF7F5C51,0xFF7E5F53,0xFF7E5E53,0xFF905E4F,
    0xFF9B624E,0xFFA66851,0xFFBD6F4E,0xFFD97F4E,0xFFEB8A46,0xFFF68E45,0xFFE7894E,0xFFB56E49,
    0xFFB46E4E,0xFFC9754C,0xFFDA8250,0xFFD98857,0xFFB27051,0xFF976B56,0xFFAE7A62,0xFFBC775C,
    0xFFCE7F4B,0xFFF19F5A,0xFFC1906B,0xFFA9876C,0xFFC89D82,0xFFBD997F,0xFFA98E7D,0xFFA58B7D,
    0xFFB2927C,0xFFBE9579,0xFFC4937A,0xFFB68973,0xFFC99570,0xFFF5AB71,0xFFDD9A6C,0xFFDAA27D,
    0xFFCF9A79,0xFFB8896C,0xFFAE8066,0xFFA97B63,0xFFA3775E,0xFFAC7958,0xFFAD7859,0xFFA97055,
    0xFFB87754,0xFFBF764C,0xFFC97B4D,0xFFC67652,0xFFC7704A,0xFFE4854A,0xFFF79445,0xFFFB9A44,
    0xFFED944C,0xFFC47444,0xFFC4754A,0xFFCD7A4A,0xFFDC8547,0xFFF19546,0xFFFFA956,0xFFEEA162,
    0xFFD49263,0xFFD39064,0xFFDC986B,0xFFE19967,0xFFEF9F58,0xFFF8A64D,0xFFFFB04D,0xFFFCB34A,
    0xFFFAB14A,0xFFFAB34B,0xFFF8B34B,0xFFF0AD4F,0xFFE9A558,0xFFD9955D,0xFFDE9B5D,0xFFE9A861,
    0xFFECAB5F,0xFFF8B65F,0xFFFFC258,0xFFFFC655,0xFFFFCB55,0xFFFDBE4A,0xFFFBB048,0xFFFEBA4F,
    0xFFFFC350,0xFFFCCA52,0xFFFCD25E,0xFFFAB651,0xFFF8AD4B,0xFFFDBB55,0xFFFFC961,0xFFFECB61,
    0xFFFCC454,0xFFFCCB56,0xFFFFCD5D,0xFFF9BB58,0xFFF8B061,0xFFDA9763,0xFFD19063,0xFFD69162,
    0xFFDD935D,0xFFE49964,0xFFDE9867,0xFFF3B96F,0xFFFFC576,0xFFE7A96D,0xFFC2906D,0xFFBC9174,
    0xFFBE906D,0xFFBE926D,0xFFBA9573,0xFFBA9571,0xFFBA9570,0xFFBB946E,0xFFBC946E,0xFFBA9271,
    0xFFC09372,0xFFC39270,0xFFC99774,0xFFC59471,0xFFC49470,0xFFC59571,0xFFC7946E,0xFFD0986D,
    0xFFD79D71,0xFFD99B6F,0xFFE2A06E,0xFFDD9D6D,0xFFDD9E6E,0xFFE6A16C,0xFFF1AD71,0xFFEAA975,
    0xFFD7986B,0xFFD49A6B,0xFFE2A670,0xFFF6AF70,0xFFE6A671,0xFFC5966D,0xFFC6976E,0xFFCC9772,
    0xFFD0956D,0xFFDC9B6D,0xFFEEA974,0xFFE0A068,0xFFDB9D6A,0xFFD79969,0xFFD99C6C,0xFFD79B6C,
    0xFFDDA173,0xFFD69C70,0xFFD49D72,0xFFCD9771,0xFFCE9A78,0xFFC29778,0xFFC5997B,0xFFC89E7F,
    0xFFCC9B7C,0xFFDDA37B,0xFFE5A576,0xFFE3A076,0xFFD8AE83,0xFFCCA67F,0xFFCEA081,0xFFD09F7D,
    0xFFD5A582,0xFFC79F7C,0xFFA18F6D,0xFF393F22,0xFF18210D,0xFF1F2810,0xFF192608,0xFF132007,
    0xFF013542,0xFF033543,0xFF0E3E4C,0xFF0A3947,0xFF093A46,0xFF0C3C48,0xFF083844,0xFF0E3D4A,
    0xFF083742,0xFF0C3C44,0xFF1E444E,0xFF234A53,0xFF24494D,0xFF71878B,0xFF6A7C84,0xFF274B55,
    0xFF113D48,0xFF06333F,0xFF043340,0xFF043541,0xFF00303B,0xFF00303C,0xFF053641,0xFF13454C,
    0xFF04333D,0xFF002D3B,0xFF01303C,0xFF01333C,0xFF00242F,0xFF394F56,0xFF8B8E8F,0xFF8A8282,
    0xFF898382,0xFF898282,0xFF84817F,0xFF7F7D7C,0xFF7B7A78,0xFF797977,0xFF787773,0xFF887D74,
    0xFF927F77,0xFF8F7F7A,0xFF867D79,0xFF827A76,0xFF7F7772,0xFF857E7B,0xFF817F7D,0xFF7C7977,
    0xFF7C7A78,0xFF837D7B,0xFF8B817D,0xFF8C807B,0xFF8A7B74,0xFF827A75,0xFF7D7B78,0xFF787776,
    0xFF737373,0xFF71716F,0xFF737371,0xFF7A7A78,0xFF7C7D7A,0xFF7F7F79,0xFF82827C,0xFF82827C,
    0xFF80807B,0xFF807F7D,0xFF807E7C,0xFF807E7D,0xFF7F7E7A,0xFF817F7A,0xFF81807B,0xFF807F7A,
    0xFF817E7A,0xFF85827C,0xFF8B857E,0xFF8E867E,0xFF95887E,0xFF938780,0xFF9F857A,0xFFB0836E,
    0xFFB28473,0xFFB88773,0xFFB78673,0xFFB18676,0xFFAE8476,0xFFB08474,0xFFB28473,0xFFB48472,
    0xFFB58470,0xFFB08471,0xFFAB8472,0xFFA68372,0xFFA68374,0xFFA58172,0xFF9F8271,0xFF988274,
    0xFFA0867B,0xFFA68579,0xFFA88175,0xFFAE836D,0xFFAB836D,0xFF927569,0xFF7A6966,0xFF736865,
    0xFF6F6563,0xFF665E5F,0xFF625C5B,0xFF645D5E,0xFF655E61,0xFF6D6060,0xFF85665E,0xFFAD735B,
    0xFFCE845F,0xFFC78361,0xFFB57D66,0xFFBB866D,0xFFBC8165,0xFFC18464,0xFFB1866C,0xFFA08270,
    0xFFA68370,0xFFBC8E70,0xFFCA906B,0xFFD3966D,0xFFCC9067,0xFFBD8765,0xFFB38168,0xFFA87662,
    0xFF966E5D,0xFF8A6B61,0xFF8C6961,0xFF9A6D5D,0xFFA27462,0xFF99705D,0xFF92725E,0xFF856956,
    0xFF8B6B5B,0xFF84655D,0xFF725751,0xFF725C5A,0xFF6F5C5C,0xFF6E5A56,0xFF695956,0xFF6A5B59,
    0xFF665859,0xFF645558,0xFF6A5858,0xFF715B57,0xFF745D59,0xFF6F5D59,0xFF735B54,0xFF8F6155,
    0xFFA36A56,0xFFAA6A4F,0xFFC27048,0xFFE28349,0xFFF59149,0xFFFE954C,0xFFD9814C,0xFFA56A4E,
    0xFFB37054,0xFFB36C50,0xFFAF6D52,0xFFA16950,0xFF926456,0xFF906A59,0xFF9E6E5A,0xFFAD6D54,
    0xFFD78753,0xFFE99A5E,0xFFB68566,0xFFB78E70,0xFFCE9F80,0xFFB3917B,0xFFA1887A,0xFFA18677,
    0xFFAE8F79,0xFFB08B74,0xFFB38A77,0xFFA47B6A,0xFFC88F68,0xFFF3A469,0xFFD39369,0xFFC89677,
    0xFFBF9176,0xFFA27C66,0xFFA17B66,0xFFAB816C,0xFF977463,0xFF8A6D61,0xFF907265,0xFF9B7666,
    0xFF9E7561,0xFF996C55,0xFF9C6B54,0xFF9C6755,0xFFA4664E,0xFFC3784F,0xFFDA7F4B,0xFFD9824C,
    0xFFC07C51,0xFF9A664C,0xFF9A6456,0xFF9E6552,0xFFAE694A,0xFFCB7B4B,0xFFDD8A47,0xFFE49355,
    0xFFD48D58,0xFFCF8B61,0xFFD18E66,0xFFD8945E,0xFFFBA85A,0xFFFFB153,0xFFF3A44E,0xFFE9964D,
    0xFFEA9750,0xFFED944F,0xFFEB984A,0xFFF7B05B,0xFFFBBA68,0xFFEEA95D,0xFFF7B25B,0xFFFFB953,
    0xFFFCB647,0xFFFFB745,0xFFFDB33A,0xFFFAB53B,0xFFFEBD45,0xFFFFB341,0xFFFEA93C,0xFFFFB13C,
    0xFFFFAE3A,0xFFFBB63E,0xFFFEC952,0xFFFAA345,0xFFEC8C3A,0xFFF49E3F,0xFFFCB143,0xFFF8AF3F,
    0xFFFCB549,0xFFFFC150,0xFFF6B248,0xFFF6AA49,0xFFFFB75A,0xFFE49F59,0xFFD9955B,0xFFECA267,
    0xFFF1A35B,0xFFF2A55C,0xFFE89A52,0xFFFBBC5B,0xFFFFC666,0xFFECAA62,0xFFD39466,0xFFC99469,
    0xFFCC9668,0xFFD59F71,0xFFC4956D,0xFFB69173,0xFFB89276,0xFFBA9276,0xFFBB9276,0xFFBB9474,
    0xFFBD9374,0xFFBF9274,0xFFBF9374,0xFFBD9070,0xFFBF9170,0xFFC49370,0xFFC39670,0xFFC0936C,
    0xFFC89671,0xFFCD9573,0xFFD49A72,0xFFD49B70,0xFFDA9C6E,0xFFEDA56E,0xFFFBB26C,0xFFECA76B,
    0xFFD7966A,0xFFDB9E72,0xFFE4A269,0xFFEFA96B,0xFFE3A671,0xFFC4966B,0xFFBF956C,0xFFC6966D,
    0xFFCC966D,0xFFCF956C,0xFFD89C6B,0xFFDD9F62,0xFFF2AF6F,0xFFEEAB70,0xFFDB9C67,0xFFD2996E,
    0xFFC7936C,0xFFDB9E6C,0xFFE8A974,0xFFDF9F6E,0xFFDE9E70,0xFFCE9975,0xFFC69471,0xFFC39371,
    0xFFC2977A,0xFFA38563,0xFFC99D6A,0xFFCEA376,0xFF7C6F45,0xFF5C4B28,0xFFBC9B73,0xFFD0A77F,
    0xFFD5AF8B,0xFFA98C6A,0xFF382A0C,0xFF4D4B25,0xFF2A2E13,0xFF30381F,0xFF18260B,0xFF16260C,
    0xFF023744,0xFF013441,0xFF0B3B49,0xFF0B3A49,0xFF073744,0xFF0A3A46,0xFF073843,0xFF0E3C4A,
    0xFF0A3944,0xFF08393F,0xFF2E4D55,0xFF566D75,0xFF687A7D,0xFF909A9B,0xFF899196,0xFF65787E,
    0xFF516B71,0xFF2F4E55,0xFF2B4D55,0xFF274A53,0xFF0E313B,0xFF143741,0xFF32545D,0xFF4D6E76,
    0xFF0E363E,0xFF002935,0xFF032B39,0xFF012A33,0xFF0E2E37,0xFF647273,0xFF888784,0xFF827F7D,
    0xFF7E7D7D,0xFF7C7D7F,0xFF7B7D7D,0xFF797B7A,0xFF777676,0xFF797576,0xFF7C7472,0xFF8A7B73,
    0xFF8E7C72,0xFF857671,0xFF7E7472,0xFF857A76,0xFF877A73,0xFF867973,0xFF837B75,0xFF867D77,
    0xFF847C76,0xFF8C8078,0xFF8F7F75,0xFF897D76,0xFF867C77,0xFF807A76,0xFF7D7A77,0xFF7A7977,
    0xFF737373,0xFF727373,0xFF727473,0xFF737574,0xFF737574,0xFF717672,0xFF747A76,0xFF747A76,
    0xFF757A77,0xFF777978,0xFF767977,0xFF797B7A,0xFF797B78,0xFF797A76,0xFF7B7C78,0xFF7B7C78,
    0xFF777775,0xFF767573,0xFF777370,0xFF7B7671,0xFF83786F,0xFF917A70,0xFF9E796D,0xFFA57C6B,
    0xFFAC7E6E,0xFFBA836C,0xFFB8836E,0xFFAF8374,0xFFAE8375,0xFFB38373,0xFFB78470,0xFFBC866F,
    0xFFB9856E,0xFFB0826E,0xFFA87F6E,0xFFA07F6F,0xFF9C7D73,0xFF9D7C72,0xFF9F7E6F,0xFF9F7C6B,
    0xFFA07B6C,0xFFA87F70,0xFFAD8172,0xFFA17C6A,0xFF9A7866,0xFF897068,0xFF726667,0xFF696363,
    0xFF645D5D,0xFF605B5B,0xFF615A58,0xFF675B5B,0xFF6E5E5B,0xFF7F655A,0xFF9D6D5A,0xFFBF7756,
    0xFFD3845A,0xFFC07E5D,0xFFA77664,0xFFA57B6A,0xFFA37A64,0xFFAC7D65,0xFFB17F66,0xFFA57D6B,
    0xFFA67D6A,0xFFBD896D,0xFFC18669,0xFFC08466,0xFFAD755D,0xFFA07562,0xFF917160,0xFF80665D,
    0xFF746259,0xFF6E635C,0xFF71615D,0xFF836961,0xFF866B63,0xFF75615C,0xFF6A5F59,0xFF615954,
    0xFF625756,0xFF5C5559,0xFF555256,0xFF57545A,0xFF57555A,0xFF5A5454,0xFF595252,0xFF585151,
    0xFF555052,0xFF514F57,0xFF544F54,0xFF585053,0xFF5D5355,0xFF5F5556,0xFF6A5852,0xFF916456,
    0xFFA96D55,0xFFAF6848,0xFFD37947,0xFFF68D44,0xFFFB9143,0xFFE48B4F,0xFFB87550,0xFFA97056,
    0xFFB77959,0xFFB1765E,0xFFA06D5C,0xFF906555,0xFF916657,0xFF9A674E,0xFFAF7151,0xFFBA714E,
    0xFFE38F56,0xFFED9B64,0xFFBA8566,0xFFC4926D,0xFFCB9774,0xFFA48470,0xFF957E71,0xFF9B7E6F,
    0xFFA88973,0xFF9D7F6C,0xFF9B7B6F,0xFF967064,0xFFC48861,0xFFE49861,0xFFAD7B5D,0xFFA77D66,
    0xFFB0876E,0xFFA57E66,0xFFAA8269,0xFFB18469,0xFF9B735F,0xFF856A63,0xFF826B65,0xFF85695E,
    0xFF7D6157,0xFF7F635A,0xFF816557,0xFF7F6554,0xFF866551,0xFF996C4D,0xFFA66B50,0xFFA2684F,
    0xFF906752,0xFF7C5F54,0xFF7F5F58,0xFF7D5F56,0xFF8A5F51,0xFFA16850,0xFFB5744A,0xFFD38752,
    0xFFCD8A58,0xFFB77D5B,0xFFA27258,0xFFA37653,0xFFD1915D,0xFFE59957,0xFFDD8E58,0xFFDA865B,
    0xFFE18F55,0xFFED9655,0xFFFAA95B,0xFFFFC064,0xFFFEC060,0xFFFFBE59,0xFFFFBB52,0xFFFEB948,
    0xFFFDB33D,0xFFFFAE3A,0xFFFCA531,0xFFFDAD35,0xFFF9A93C,0xFFF2973E,0xFFF1933C,0xFFF49639,
    0xFFF28D34,0xFFEE9236,0xFFFDAA4B,0xFFEF8F44,0xFFD97641,0xFFDC7E39,0xFFF59842,0xFFEC8D3A,
    0xFFE68641,0xFFE68D41,0xFFDE8338,0xFFE88C40,0xFFF4AA4C,0xFFEFAD56,0xFFF1B35D,0xFFFFC16C,
    0xFFFABC5C,0xFFF8BA5C,0xFFF4AE56,0xFFFBBC54,0xFFFFC963,0xFFFBBC64,0xFFF3B266,0xFFECAC67,
    0xFFECA964,0xFFF4B070,0xFFDFA36A,0xFFC5966D,0xFFBB906F,0xFFB98F77,0xFFB9927B,0xFFBA9374,
    0xFFB89274,0xFFBB9379,0xFFB99178,0xFFBB9376,0xFFC29574,0xFFCD9B77,0xFFC99D7C,0xFFB79277,
    0xFFB69277,0xFFB6927A,0xFFBA9378,0xFFBC9477,0xFFBD9373,0xFFCA966E,0xFFDEA06A,0xFFD8996B,
    0xFFCF936E,0xFFD49B74,0xFFD4976B,0xFFE0A06E,0xFFD49B6B,0xFFCA9569,0xFFDCA370,0xFFDDA369,
    0xFFE3A76F,0xFFE3A672,0xFFDEA166,0xFFF1B065,0xFFFDB765,0xFFFBB266,0xFFF0AB68,0xFFE9A970,
    0xFFDDA16F,0xFFECA96C,0xFFFAB374,0xFFFCB374,0xFFFBB073,0xFFF5B077,0xFFE4A36F,0xFFE5A674,
    0xFFCE9B6F,0xFF2E2505,0xFF36300E,0xFF776F4B,0xFF1D2701,0xFF3C3E19,0xFF958A64,0xFF5B5432,
    0xFF443F20,0xFF3B381C,0xFF656440,0xFF979164,0xFF343A17,0xFF071200,0xFF2E3922,0xFF39462D,
    0xFF043744,0xFF033643,0xFF093947,0xFF0C3B49,0xFF063642,0xFF083844,0xFF073743,0xFF0B3A47,
    0xFF0C3B47,0xFF023036,0xFF435C63,0xFF869098,0xFF8C9094,0xFF929493,0xFF8E9495,0xFF899092,
    0xFF868E90,0xFF6C7B7D,0xFF6B7E81,0xFF65797F,0xFF4E6268,0xFF5D7176,0xFF74868C,0xFF76878F,
    0xFF1C3E46,0xFF00222F,0xFF022333,0xFF344D58,0xFF596D75,0xFF7C8382,0xFF7E7E78,0xFF787A77,
    0xFF737777,0xFF6F7679,0xFF6E7574,0xFF707472,0xFF737373,0xFF787576,0xFF827575,0xFF8C7A74,
    0xFF8A7A71,0xFF7F746F,0xFF7A7170,0xFF847774,0xFF8C7A73,0xFF8C7A71,0xFF8A7C72,0xFF8E8076,
    0xFF8A7D74,0xFF8F7F73,0xFF8D7C6E,0xFF7F766E,0xFF757473,0xFF73716F,0xFF736F6C,0xFF6F6F6D,
    0xFF6C6C6C,0xFF6C6F6E,0xFF6D7170,0xFF6E7171,0xFF6B706F,0xFF646E6E,0xFF626D6D,0xFF626C6C,
    0xFF626D6B,0xFF636D6A,0xFF636C6A,0xFF656E6B,0xFF656D6C,0xFF666C6C,0xFF686E6E,0xFF69706F,
    0xFF6B6F71,0xFF6C6E72,0xFF6D6E6F,0xFF727070,0xFF767471,0xFF86736D,0xFF94756D,0xFF987C73,
    0xFFA97C6E,0xFFBD8269,0xFFBA816A,0xFFAB7E72,0xFFA87E71,0xFFB18170,0xFFB7826D,0xFFBA826A,
    0xFFBC876F,0xFFB1836F,0xFFA37C6A,0xFF997969,0xFF91746C,0xFF91746F,0xFF96776D,0xFF9B7869,
    0xFFA07A69,0xFFA87E6D,0xFFA77D6B,0xFF93776B,0xFF8A7166,0xFF826F6A,0xFF6F6567,0xFF656464,
    0xFF625F60,0xFF615E5C,0xFF655D5B,0xFF72605C,0xFF82655A,0xFF9B6D55,0xFFB0755C,0xFFBE7A5D,
    0xFFBE7C5B,0xFFA17460,0xFF8F6B60,0xFF896B5E,0xFF816B5B,0xFF876B5D,0xFF8E6B5E,0xFF816761,
    0xFF7B645F,0xFF84675B,0xFF856756,0xFF886A5A,0xFF7E685F,0xFF766861,0xFF70635D,0xFF666060,
    0xFF61605C,0xFF5F5F58,0xFF615A55,0xFF6D625A,0xFF685D5B,0xFF585459,0xFF4E5257,0xFF495157,
    0xFF4A4E57,0xFF454F59,0xFF434F56,0xFF454D52,0xFF464C51,0xFF424B54,0xFF434B54,0xFF444B53,
    0xFF474B52,0xFF494A50,0xFF494A50,0xFF4C4C53,0xFF514E54,0xFF575052,0xFF68554F,0xFF906150,
    0xFF9C6651,0xFFA4664D,0xFFCF7A4C,0xFFF38D45,0xFFFD9345,0xFFC37B4E,0xFF93644E,0xFFAE7155,
    0xFFB37854,0xFF9B6952,0xFF916555,0xFF946957,0xFFA26D57,0xFFBB764D,0xFFD58454,0xFFD37E4F,
    0xFFEB9457,0xFFE3905C,0xFFBA7F60,0xFFCE956B,0xFFCB956F,0xFF9F806C,0xFF8E786B,0xFF927565,
    0xFFA3836D,0xFF957866,0xFF8A6E66,0xFF936E62,0xFFC4865F,0xFFCC8858,0xFF987361,0xFF9D7864,
    0xFFAB8066,0xFFAB7C5F,0xFFB98766,0xFFC18D69,0xFFB58567,0xFF926F61,0xFF896D64,0xFF866C60,
    0xFF765E56,0xFF6F5B55,0xFF6D5A55,0xFF6E5E58,0xFF73635C,0xFF786056,0xFF7D6156,0xFF7E6158,
    0xFF766059,0xFF6E5E59,0xFF6E5C51,0xFF6B5E53,0xFF785E53,0xFF8C6151,0xFFB27453,0xFFEA9A64,
    0xFFE9A069,0xFFC48A66,0xFFA97B65,0xFF9F7B64,0xFFB58063,0xFFD48E60,0xFFD88D62,0xFFDB8D5F,
    0xFFEEA156,0xFFF7AC4E,0xFFFDB64B,0xFFFDBE47,0xFFFBBD44,0xFFFDC147,0xFFFEBC49,0xFFFFB649,
    0xFFFCAB41,0xFFFDA039,0xFFFC9B34,0xFFFFAB39,0xFFED9635,0xFFD97939,0xFFDE7D40,0xFFE07B3E,
    0xFFD3763B,0xFFD57B39,0xFFE88C46,0xFFCF7D42,0xFFB26745,0xFFBA6C3E,0xFFD98549,0xFFD97D49,
    0xFFCA6E40,0xFFCF7A3C,0xFFD7813E,0xFFE08A43,0xFFF7B55A,0xFFFFC968,0xFFFEC75B,0xFFFFCC60,
    0xFFFCCE5E,0xFFFDD267,0xFFFFCA6B,0xFFFBC25A,0xFFFDC962,0xFFFDC35E,0xFFFBB854,0xFFFFB95D,
    0xFFFBB05B,0xFFF4A958,0xFFF0AD64,0xFFE6AE6A,0xFFD2A166,0xFFC3996D,0xFFB9936F,0xFFB89171,
    0xFFB59074,0xFFB6927A,0xFFB49179,0xFFBA957A,0xFFBF9577,0xFFC39471,0xFFC59675,0xFFBE9276,
    0xFFB79277,0xFFB3947A,0xFFB79377,0xFFB79278,0xFFB79379,0xFFBD9273,0xFFC79472,0xFFC89376,
    0xFFCA9474,0xFFCD9670,0xFFC99373,0xFFCD9371,0xFFCD956E,0xFFDE9F72,0xFFF7A86B,0xFFEFA962,
    0xFFDA9A55,0xFFE1A262,0xFFF4B167,0xFFFCB861,0xFFFEBA5C,0xFFFEB35B,0xFFF9AD5C,0xFFF6AD63,
    0xFFF6AD6A,0xFFE8A96C,0xFFE0A168,0xFFE8A56C,0xFFEEA86E,0xFFF3AC6E,0xFFF2AF72,0xFFE1A46D,
    0xFFD29F70,0xFF8A7858,0xFF0D1808,0xFF2F351F,0xFF303D19,0xFF2F3F1C,0xFF20290C,0xFF0B1E04,
    0xFF172D10,0xFF122305,0xFF2D3716,0xFF817B52,0xFF545E39,0xFF0A1901,0xFF242C18,0xFF19200C,
    0xFF053543,0xFF073745,0xFF093948,0xFF083846,0xFF063743,0xFF073744,0xFF063541,0xFF04343F,
    0xFF1A424D,0xFF3A525A,0xFF788589,0xFF929899,0xFF909190,0xFF8D8F8E,0xFF8B8E8D,0xFF8E8E8E,
    0xFF8C8C8C,0xFF8A8B8C,0xFF88898A,0xFF828889,0xFF7E8585,0xFF808888,0xFF828689,0xFF848A93,
    0xFF3B585E,0xFF001E29,0xFF263E48,0xFF787D7C,0xFF828586,0xFF7D7B7C,0xFF797978,0xFF747675,
    0xFF717372,0xFF6F7271,0xFF6B716F,0xFF6C716F,0xFF6E7070,0xFF727272,0xFF77716F,0xFF7A706E,
    0xFF7B706E,0xFF786D6C,0xFF736D6D,0xFF7F746E,0xFF907B6F,0xFF947E70,0xFF887A73,0xFF827670,
    0xFF7E7570,0xFF817773,0xFF7C7370,0xFF706E6C,0xFF6A6E6D,0xFF6B6E6E,0xFF6C6E6E,0xFF6B6D6D,
    0xFF6B6D6D,0xFF696E6F,0xFF6B7071,0xFF6C7072,0xFF696E6F,0xFF656C6D,0xFF62696A,0xFF62696A,
    0xFF606869,0xFF5E676B,0xFF5D666A,0xFF5C6569,0xFF5A6467,0xFF576467,0xFF576366,0xFF576366,
    0xFF576066,0xFF5C6268,0xFF62666A,0xFF696B6E,0xFF6E6D6F,0xFF736C6C,0xFF7B6D6A,0xFF84706B,
    0xFF9B7365,0xFFB37E64,0xFFB48169,0xFFA17A6D,0xFF9E776A,0xFFA97C6A,0xFFAD7F6D,0xFFAA7F6D,
    0xFFAE816F,0xFFAB7D6E,0xFFA07869,0xFF987769,0xFF896E65,0xFF876E68,0xFF8F7168,0xFF967465,
    0xFFA87B67,0xFFAC7D68,0xFF96745E,0xFF856E60,0xFF7C685F,0xFF746660,0xFF685E5D,0xFF635D5F,
    0xFF5F5B60,0xFF645B5C,0xFF71615C,0xFF876558,0xFFA66E52,0xFFB7785A,0xFFB5795C,0xFFA97359,
    0xFF926B59,0xFF7B635A,0xFF6E615B,0xFF675E58,0xFF645B57,0xFF645A59,0xFF5E5A5C,0xFF575558,
    0xFF525154,0xFF545254,0xFF595555,0xFF5C5758,0xFF5B5858,0xFF5E5A5B,0xFF605C5D,0xFF58575A,
    0xFF545458,0xFF515357,0xFF4E5254,0xFF525558,0xFF4E5054,0xFF444C52,0xFF3F4B52,0xFF3F4B51,
    0xFF3F4A51,0xFF3D4B55,0xFF3B4A54,0xFF3B4953,0xFF3C4953,0xFF3A4952,0xFF3B4952,0xFF3D4752,
    0xFF404853,0xFF404951,0xFF444A51,0xFF494B51,0xFF4D4E53,0xFF545250,0xFF685650,0xFF856256,
    0xFF866150,0xFF96624C,0xFFC7744B,0xFFEF8944,0xFFF1904E,0xFFBA704C,0xFF896049,0xFFAB765E,
    0xFFAC7158,0xFF876254,0xFF8A695F,0xFF956554,0xFFB77653,0xFFE08850,0xFFED9457,0xFFDC8650,
    0xFFDD8959,0xFFBD7A58,0xFFA8715B,0xFFBF8666,0xFFBF8B68,0xFF9D7A66,0xFF897369,0xFF897267,
    0xFFA4826B,0xFFA17A60,0xFF8B6F5F,0xFF9A715D,0xFFC7835A,0xFFB47958,0xFF9F745D,0xFFAC7E60,
    0xFFCA885F,0xFFD18B5D,0xFFE6A16A,0xFFE8A269,0xFFC89872,0xFFA17E66,0xFFA4816C,0xFFA5816C,
    0xFF9B7E6E,0xFF7E6961,0xFF79645D,0xFF72605C,0xFF655A57,0xFF645A54,0xFF6B5A53,0xFF6A5B57,
    0xFF6A5D5A,0xFF675B56,0xFF655956,0xFF6D5B55,0xFF795D4E,0xFF946850,0xFFC4815D,0xFFE19363,
    0xFFD49264,0xFFB78365,0xFFAF7B63,0xFFAD826F,0xFFB1816A,0xFFD38D64,0xFFE69A62,0xFFED9D51,
    0xFFFCA94A,0xFFFDAE45,0xFFFFAF44,0xFFFEAA3D,0xFFFCAB39,0xFFFFB33C,0xFFFDAB41,0xFFF99B40,
    0xFFF58C38,0xFFF18630,0xFFF4972E,0xFFFFAF3A,0xFFED9B36,0xFFD4753B,0xFFDD7A4A,0xFFCD7746,
    0xFFBE6C48,0xFFC06D42,0xFFCB7C4B,0xFFB96D4B,0xFFA36247,0xFFA66647,0xFFB16D47,0xFFB86F49,
    0xFFB66B45,0xFFDC9045,0xFFF5AC55,0xFFF4B757,0xFFFED56A,0xFFFED163,0xFFFCBF54,0xFFFEBB50,
    0xFFFBC353,0xFFFCCD60,0xFFFBC15B,0xFFF3AF45,0xFFFDC253,0xFFFABE53,0xFFF8A947,0xFFFEB253,
    0xFFF9AE57,0xFFF0A455,0xFFF5B362,0xFFFCBE6B,0xFFF6BA68,0xFFEEB56C,0xFFD9A063,0xFFD29868,
    0xFFCB986E,0xFFBE9270,0xFFB99073,0xFFBA9074,0xFFBA9175,0xFFBD9475,0xFFB7916F,0xFFB39070,
    0xFFB59278,0xFFB3937B,0xFFB69376,0xFFB49277,0xFFB39278,0xFFBA9374,0xFFC59371,0xFFC39772,
    0xFFC89A71,0xFFD9A570,0xFFDCAA74,0xFFDE9D75,0xFFE99F6C,0xFFEAA96C,0xFFF5AB6A,0xFFBF8149,
    0xFFA77E47,0xFF926B30,0xFFF9AE59,0xFFF9AE5B,0xFFF8B462,0xFFFFAF57,0xFFFDAC55,0xFFFAAF54,
    0xFFFDB35F,0xFFF0AC63,0xFFDF9966,0xFFDC966B,0xFFE19C6B,0xFFE3A06C,0xFFEFAA67,0xFFC68758,
    0xFF5D4524,0xFF9D885B,0xFF1A1E0B,0xFF323627,0xFF47462D,0xFF142E0A,0xFF2B3A25,0xFF313427,
    0xFF363E2A,0xFF898D74,0xFF333A23,0xFF010600,0xFF161F0D,0xFF121D04,0xFF343E27,0xFF22291A,
    0xFF033241,0xFF053443,0xFF093847,0xFF073645,0xFF043545,0xFF053442,0xFF06323F,0xFF062F39,
    0xFF49656B,0xFF7F8C91,0xFF8D9393,0xFF909492,0xFF8F9190,0xFF8E908F,0xFF8C8E8D,0xFF8B8C8C,
    0xFF8A8A8B,0xFF8B8B8B,0xFF8B8B8B,0xFF848989,0xFF808686,0xFF808686,0xFF7F8384,0xFF83858B,
    0xFF5A6F72,0xFF1C383E,0xFF5F6F75,0xFF7D817F,0xFF777A79,0xFF777777,0xFF757676,0xFF757776,
    0xFF757777,0xFF787A7A,0xFF747673,0xFF71736F,0xFF716F6D,0xFF706C6A,0xFF706864,0xFF716864,
    0xFF796C69,0xFF7F706D,0xFF7E736E,0xFF83766E,0xFF88776D,0xFF87776D,0xFF7B716D,0xFF716A67,
    0xFF6E6A68,0xFF706C6B,0xFF706C6D,0xFF6C6D6E,0xFF696F70,0xFF666D6F,0xFF676D6F,0xFF666C6E,
    0xFF666C6F,0xFF656C6F,0xFF636B6E,0xFF666D71,0xFF676F71,0xFF667072,0xFF666F72,0xFF656E70,
    0xFF626D70,0xFF5E696F,0xFF5C666C,0xFF5B656B,0xFF586469,0xFF546267,0xFF536165,0xFF536166,
    0xFF545F66,0xFF565E65,0xFF585F63,0xFF5C6164,0xFF606060,0xFF686260,0xFF736662,0xFF79665F,
    0xFF8C6C5F,0xFFA07662,0xFF9F7764,0xFF96766A,0xFF99776B,0xFFA47B69,0xFFA37A69,0xFF9C7868,
    0xFF9E796A,0xFF9D756A,0xFF99776A,0xFF8E766C,0xFF7A6A66,0xFF756764,0xFF796661,0xFF826B60,
    0xFF937161,0xFF9C7463,0xFF957565,0xFF846E64,0xFF76635D,0xFF6F605D,0xFF655A5A,0xFF5E585C,
    0xFF5E575A,0xFF695853,0xFF7E6156,0xFF986959,0xFFAF775D,0xFFAB7861,0xFF966D5B,0xFF805F51,
    0xFF6B5751,0xFF5C5354,0xFF525252,0xFF4E5050,0xFF4D4D51,0xFF4D4D53,0xFF4B4E53,0xFF4C5054,
    0xFF4E5156,0xFF4F5257,0xFF525357,0xFF525458,0xFF525358,0xFF555659,0xFF535758,0xFF4B5255,
    0xFF464E52,0xFF464E55,0xFF454F58,0xFF454E56,0xFF424C54,0xFF3C4951,0xFF3C4950,0xFF3D4A51,
    0xFF3B484F,0xFF394751,0xFF374550,0xFF374550,0xFF374550,0xFF37454E,0xFF38454E,0xFF3A444E,
    0xFF3C4550,0xFF3E4951,0xFF424951,0xFF484A50,0xFF4D4D51,0xFF555150,0xFF675651,0xFF7D5F55,
    0xFF805E50,0xFF976451,0xFFC07250,0xFFE78A51,0xFFCD7D49,0xFFA36449,0xFF886350,0xFF9B6B57,
    0xFF9A6450,0xFF866153,0xFF906A5C,0xFFA16952,0xFFCF7F54,0xFFED894E,0xFFF08D50,0xFFD8804A,
    0xFFC5784E,0xFFAF7152,0xFFA26D57,0xFFAE785C,0xFFB28164,0xFF9A7565,0xFF846B63,0xFF81695F,
    0xFF997663,0xFF9B745D,0xFF8B6B5C,0xFF9A6B57,0xFFC17C56,0xFFA97055,0xFFA16D55,0xFFBD7E5B,
    0xFFDD8B5A,0xFFEB9454,0xFFFBA75C,0xFFF0A35B,0xFFD69B69,0xFFB48867,0xFFC59271,0xFFC7906E,
    0xFFC2977C,0xFF997763,0xFF9F7D6B,0xFF93796B,0xFF766357,0xFF756051,0xFF756156,0xFF70625B,
    0xFF705F57,0xFF7B6254,0xFF806558,0xFF8D6F60,0xFFA07B64,0xFFC08762,0xFFEB9E6B,0xFFD79262,
    0xFFB88867,0xFFA7836C,0xFFB48469,0xFFB1846A,0xFFB68567,0xFFE59C5E,0xFFF9A95D,0xFFF6A353,
    0xFFF59E49,0xFFF39749,0xFFF38F44,0xFFF68F43,0xFFF89544,0xFFF79441,0xFFEB863C,0xFFE97935,
    0xFFF17B35,0xFFED852F,0xFFF39B2E,0xFFFFBE3C,0xFFF9B13F,0xFFDB793C,0xFFD7774C,0xFFBB6E47,
    0xFFA8644B,0xFFA76545,0xFFA76845,0xFFA3624D,0xFF9A614C,0xFFA2664A,0xFFB46C4A,0xFFBA6B46,
    0xFFC2703C,0xFFF0A448,0xFFFFC25B,0xFFFFC857,0xFFFDCC59,0xFFF5B947,0xFFF6A442,0xFFFCA142,
    0xFFFEB045,0xFFF8AE47,0xFFF1993B,0xFFEE9138,0xFFFEB44A,0xFFFFBF4E,0xFFF5A94D,0xFFF3A04A,
    0xFFFCA452,0xFFFBA453,0xFFFBAD53,0xFFFEB858,0xFFFFB959,0xFFFFBA63,0xFFF4AD63,0xFFF2A362,
    0xFFEFA56B,0xFFE29E6B,0xFFDC9B6E,0xFFDD9C6F,0xFFDEA070,0xFFDCA070,0xFFD59D6F,0xFFC8976D,
    0xFFC39772,0xFFB99174,0xFFB79276,0xFFB69378,0xFFB99273,0xFFBF906B,0xFFBD9172,0xFFC3946E,
    0xFFB89166,0xFF876A3D,0xFFC69B56,0xFFEEB465,0xFFF8AE56,0xFFE5AD66,0xFFBE9156,0xFF966D3D,
    0xFF997849,0xFFD4B680,0xFFF5AB57,0xFFFEA145,0xFFFBA951,0xFFFEA94C,0xFFFDAB4D,0xFFFDAE4B,
    0xFFFEB153,0xFFFDAF5A,0xFFF6A662,0xFFEFA266,0xFFF0A462,0xFFEBA367,0xFFE8B075,0xFFDBA878,
    0xFF8E7D5A,0xFF2B2C16,0xFF271F09,0xFF7F6C50,0xFF9A8965,0xFF2A3212,0xFF222A1A,0xFF070D05,
    0xFF2E3020,0xFF595740,0xFF161E0C,0xFF071604,0xFF1A2515,0xFF363F27,0xFF222C14,0xFF131D0B,
    0xFF03303F,0xFF053140,0xFF053241,0xFF053141,0xFF043141,0xFF042D3B,0xFF20444F,0xFF345258,
    0xFF7D8A8C,0xFF929597,0xFF929290,0xFF929391,0xFF8F9190,0xFF8E908F,0xFF8E908F,0xFF8C8E8F,
    0xFF8C8D8F,0xFF898A8C,0xFF858688,0xFF7F8484,0xFF7C8282,0xFF7A8181,0xFF7A7E7F,0xFF7A7D7E,
    0xFF6F7A7A,0xFF616F71,0xFF737C80,0xFF767A7B,0xFF727778,0xFF707475,0xFF6E7273,0xFF6A6F70,
    0xFF696D6E,0xFF696D6E,0xFF6B6C69,0xFF716F6A,0xFF736F6C,0xFF756F6C,0xFF766F6B,0xFF79706D,
    0xFF7E7270,0xFF7F7370,0xFF7F746B,0xFF786E66,0xFF756D66,0xFF756F6A,0xFF72706E,0xFF6F6E6E,
    0xFF6C6E70,0xFF6A6D6E,0xFF666B6B,0xFF636A6C,0xFF61696D,0xFF5F6A6D,0xFF5E6A6C,0xFF5C676A,
    0xFF5A6669,0xFF59666A,0xFF576468,0xFF586569,0xFF576468,0xFF546468,0xFF556468,0xFF526266,
    0xFF526166,0xFF526066,0xFF526067,0xFF505F65,0xFF505F65,0xFF516066,0xFF505F65,0xFF505F65,
    0xFF515E66,0xFF525E65,0xFF545E63,0xFF586164,0xFF616463,0xFF6F6B69,0xFF7D726E,0xFF80706A,
    0xFF88746B,0xFF947A6E,0xFF90776B,0xFF87726A,0xFF8E756D,0xFF9B7C6D,0xFF977769,0xFF8C7165,
    0xFF8F7469,0xFF8E7169,0xFF836B63,0xFF726661,0xFF635F61,0xFF5F5D60,0xFF666161,0xFF6D6561,
    0xFF75655D,0xFF80675E,0xFF846B66,0xFF776765,0xFF6E605F,0xFF6A5E5F,0xFF645A5D,0xFF5F5A5E,
    0xFF635A5C,0xFF725E55,0xFF8F6A59,0xFF9F6E5D,0xFF936A5A,0xFF7A5F53,0xFF655551,0xFF5C5253,
    0xFF545358,0xFF4A525B,0xFF475157,0xFF465055,0xFF454F57,0xFF454E59,0xFF474F56,0xFF484F56,
    0xFF495158,0xFF4A5258,0xFF4B5359,0xFF4A5258,0xFF495057,0xFF495257,0xFF445153,0xFF3F4D51,
    0xFF3A4B51,0xFF3B4C53,0xFF3B4B55,0xFF3A4A53,0xFF394952,0xFF384750,0xFF3A4951,0xFF3B4A52,
    0xFF37464E,0xFF36434E,0xFF35434E,0xFF35424D,0xFF35424D,0xFF35434C,0xFF36434C,0xFF3B444E,
    0xFF3D4550,0xFF3E4750,0xFF424950,0xFF474A50,0xFF504E52,0xFF585151,0xFF695A56,0xFF745C55,
    0xFF795A51,0xFF936557,0xFFA96A51,0xFFBE7751,0xFFA16849,0xFF9A695A,0xFF896A5B,0xFF966A56,
    0xFF9E6A57,0xFF8E6552,0xFF956955,0xFFAF7056,0xFFDB8256,0xFFE4814B,0xFFE7864E,0xFFD27E51,
    0xFFB67453,0xFFA67157,0xFF9C6E58,0xFF9F715A,0xFFA37963,0xFF947163,0xFF826861,0xFF7C645D,
    0xFF88685D,0xFF8A6759,0xFF86665C,0xFF9C6E5B,0xFFB2775A,0xFF966652,0xFF9D6851,0xFFBE7753,
    0xFFD27D4B,0xFFEE8E46,0xFFFEA04B,0xFFFCA755,0xFFE99E5F,0xFFCC9063,0xFFD49C76,0xFFC08B6A,
    0xFFB38B73,0xFFA07B67,0xFFC29575,0xFFC09A7C,0xFFA4836B,0xFFBD9476,0xFFAA8D7A,0xFF8F7A6C,
    0xFF9B7C67,0xFFC39372,0xFFBE8D6D,0xFFB58C71,0xFFCD9B7B,0xFFD19469,0xFFCC9163,0xFFBC885E,
    0xFFBD8E6A,0xFFAD8262,0xFFCE976E,0xFFD3986D,0xFFD69465,0xFFF7A966,0xFFE59755,0xFFD68750,
    0xFFCB794B,0xFFBF7043,0xFFCB7749,0xFFD17A4B,0xFFC57140,0xFFC56F42,0xFFC36C42,0xFFCA6B3E,
    0xFFE17841,0xFFF1833C,0xFFF48F33,0xFFFEB236,0xFFFFB43B,0xFFE6843E,0xFFCE6F42,0xFFB16645,
    0xFF9F6350,0xFF9B634B,0xFF9A6246,0xFF9B624D,0xFF95624D,0xFFA86849,0xFFC4734A,0xFFC36B3E,
    0xFFE0843C,0xFFFDB24A,0xFFFEBF52,0xFFFEC450,0xFFFFBE4C,0xFFFAAE3C,0xFFFB963C,0xFFFB8B3D,
    0xFFFD993D,0xFFF8973D,0xFFE97D32,0xFFE97E36,0xFFFDA63F,0xFFFFBA3F,0xFFFDB64D,0xFFF29A43,
    0xFFF28E3F,0xFFFA9645,0xFFFEA449,0xFFFCA945,0xFFFDAC46,0xFFFFB04F,0xFFFCA954,0xFFEF9A55,
    0xFFEA9858,0xFFE89960,0xFFEA9C67,0xFFEDA168,0xFFEEA669,0xFFE19E66,0xFFF0A972,0xFFF4AE72,
    0xFFE7AA73,0xFFD09A6D,0xFFC69872,0xFFC39670,0xFFCF9B6F,0xFFE5A772,0xFFD89C70,0xFFE19D68,
    0xFFC9945D,0xFF5B441B,0xFF654F25,0xFFA7843A,0xFFDBA14D,0xFF947140,0xFF212003,0xFF464523,
    0xFF3C351A,0xFF3B2E12,0xFFD09046,0xFFFDA247,0xFFFDAB53,0xFFFFB052,0xFFFDAB4A,0xFFFFA844,
    0xFFFFAB49,0xFFFFA94D,0xFFFFA754,0xFFFDA758,0xFFFBA552,0xFFFAA85A,0xFFB6855A,0xFF54452F,
    0xFF23200E,0xFF2C2511,0xFF89785A,0xFF4B3C24,0xFF3E3C26,0xFF222816,0xFF1F2112,0xFF504931,
    0xFF71674B,0xFF646247,0xFF222B12,0xFF1E3218,0xFF030F00,0xFF222B18,0xFF1B250F,0xFF1B250D,
    0xFF053040,0xFF073141,0xFF073242,0xFF052E3E,0xFF0B2F3D,0xFF1F3E47,0xFF5A7276,0xFF768687,
    0xFF8E9295,0xFF8E8C8F,0xFF8A8C8B,0xFF888B89,0xFF858787,0xFF868887,0xFF848685,0xFF838688,
    0xFF828689,0xFF828588,0xFF818588,0xFF7F8585,0xFF7D8383,0xFF7C8282,0xFF7C8283,0xFF7A8082,
    0xFF787F81,0xFF777E80,0xFF767A7D,0xFF76797C,0xFF73797B,0xFF6F7778,0xFF6D7476,0xFF6B7173,
    0xFF696F71,0xFF697072,0xFF6F7272,0xFF717171,0xFF716E6F,0xFF736F70,0xFF717070,0xFF716E70,
    0xFF716B6E,0xFF706A6C,0xFF6D6B68,0xFF6B6B68,0xFF6B6C69,0xFF6B6E6E,0xFF686D6F,0xFF61686B,
    0xFF5E666B,0xFF5C676A,0xFF5C686A,0xFF5C686C,0xFF5B666D,0xFF57656B,0xFF536468,0xFF526267,
    0xFF536468,0xFF506268,0xFF4E6066,0xFF4C5E64,0xFF4B5D63,0xFF4A5F64,0xFF4A5F64,0xFF495F64,
    0xFF4A5E64,0xFF4A5D64,0xFF4B5D64,0xFF4A5D64,0xFF4A5C63,0xFF4B5C64,0xFF4C5D65,0xFF4D5E66,
    0xFF4E5F67,0xFF4E5E66,0xFF526066,0xFF566266,0xFF5A6366,0xFF636768,0xFF6D6B6A,0xFF716966,
    0xFF746B66,0xFF776D68,0xFF756B67,0xFF706764,0xFF706564,0xFF7A6961,0xFF7A6862,0xFF786A64,
    0xFF817169,0xFF82706B,0xFF766964,0xFF676361,0xFF5A5E61,0xFF555B60,0xFF585A5B,0xFF5B5A5E,
    0xFF5F5B5C,0xFF645C5A,0xFF685E60,0xFF625E60,0xFF5E5B5D,0xFF5F5C5D,0xFF5F5C5D,0xFF615C60,
    0xFF645D5F,0xFF74635E,0xFF896E60,0xFF82675A,0xFF675851,0xFF565253,0xFF505256,0xFF4D5158,
    0xFF475058,0xFF414F57,0xFF404F55,0xFF3F4D55,0xFF3F4D57,0xFF404D59,0xFF404D55,0xFF404C55,
    0xFF404C55,0xFF3F4C55,0xFF3E4D56,0xFF3E4D56,0xFF3D4B55,0xFF3D4C53,0xFF3C4B50,0xFF394950,
    0xFF374A52,0xFF374952,0xFF36474F,0xFF36474F,0xFF36474F,0xFF35464F,0xFF364751,0xFF364751,
    0xFF34444E,0xFF35434E,0xFF35434E,0xFF35434E,0xFF35434E,0xFF36444D,0xFF37444D,0xFF3B444F,
    0xFF3D4550,0xFF3E4750,0xFF424950,0xFF474A50,0xFF514D51,0xFF5C5252,0xFF6B5E5B,0xFF6D5B55,
    0xFF715952,0xFF836156,0xFF8C604D,0xFF8C614D,0xFF856152,0xFF906860,0xFF826252,0xFF9D6D58,
    0xFFAE755F,0xFF9A6A52,0xFF9D6E58,0xFFA1664F,0xFFC77956,0xFFCD7E56,0xFFC67B54,0xFFB67657,
    0xFFA06D59,0xFF8E6757,0xFF876654,0xFF876754,0xFF8B6E5E,0xFF866E61,0xFF7C685E,0xFF75615A,
    0xFF745E56,0xFF7A6157,0xFF7E655A,0xFF8D6959,0xFF8F6855,0xFF7D6056,0xFF916652,0xFFAB7055,
    0xFFB7704A,0xFFD9844A,0xFFEF9349,0xFFFDA056,0xFFF19C5A,0xFFDB955F,0xFFD19A75,0xFFAF8872,
    0xFFA68573,0xFFAB846E,0xFFD89D6E,0xFFD7A377,0xFFBA8B68,0xFFDC9F72,0xFFBB9171,0xFF9D7D64,
    0xFFC1906A,0xFFF7AD76,0xFFDD9A6D,0xFFBF8D6B,0xFFD19771,0xFFDC9C6F,0xFFB58B68,0xFFA98467,
    0xFFBC8F6E,0xFFB48260,0xFFD99C70,0xFFDD9C6D,0xFFD89768,0xFFD69261,0xFFBB7D55,0xFFB3775B,
    0xFFA46B58,0xFF94664D,0xFF9B694F,0xFF9B664B,0xFF946244,0xFF956045,0xFF976046,0xFFA16344,
    0xFFB56A42,0xFFCF6E40,0xFFE5793A,0xFFF89332,0xFFFFA833,0xFFF2933C,0xFFD6753B,0xFFC06F45,
    0xFFAA6749,0xFFA86746,0xFFAC6845,0xFFB46F4B,0xFFA26649,0xFFBB7147,0xFFE3894D,0xFFDA7D3F,
    0xFFF69741,0xFFFEB14A,0xFFFAB45A,0xFFF0A94C,0xFFF6A53D,0xFFFFAD40,0xFFF6913A,0xFFEA7838,
    0xFFEC803A,0xFFED873E,0xFFD5723C,0xFFD17138,0xFFE38A3A,0xFFEE9B39,0xFFFDAF42,0xFFFFAE49,
    0xFFF2923D,0xFFEA843B,0xFFF4924A,0xFFF09545,0xFFF99F46,0xFFFFA748,0xFFF99C44,0xFFEA914D,
    0xFFE48D4D,0xFFDE8A4D,0xFFE08A52,0xFFE69354,0xFFE79C56,0xFFD9955A,0xFFECA066,0xFFFCAD61,
    0xFFF8B161,0xFFF1AD68,0xFFEDAC6E,0xFFE3A667,0xFFECA967,0xFFFEB36A,0xFFFBAC62,0xFFF5A564,
    0xFFFAB77A,0xFF9B7444,0xFF130C05,0xFF725A34,0xFFC69259,0xFF957951,0xFF142109,0xFF10220E,
    0xFF162516,0xFF151604,0xFFB78A53,0xFFC3894F,0xFFB37F42,0xFFDA9341,0xFFED9740,0xFFFFA146,
    0xFFFC9F45,0xFFFFA04B,0xFFFFA14D,0xFFFFA352,0xFFFDA350,0xFFFFAA58,0xFFBD774B,0xFF3E2D16,
    0xFF604E31,0xFF886E4A,0xFF554C32,0xFF1B2414,0xFF021308,0xFF1D2218,0xFF272B17,0xFF877E58,
    0xFF786949,0xFF222310,0xFF1D2310,0xFF13220D,0xFF0B1705,0xFF192212,0xFF141D0A,0xFF313B1F,
    0xFF002A3A,0xFF002737,0xFF053040,0xFF052B3A,0xFF27424C,0xFF5C7175,0xFF798785,0xFF7D8685,
    0xFF848488,0xFF8A878B,0xFF86888A,0xFF848786,0xFF858684,0xFF848583,0xFF808180,0xFF808184,
    0xFF818487,0xFF7E8184,0xFF7D8082,0xFF767D7D,0xFF767F7F,0xFF777D7E,0xFF757A7C,0xFF6F7A7D,
    0xFF6F7479,0xFF6E7477,0xFF6E7276,0xFF6D7074,0xFF697073,0xFF646E70,0xFF626C6E,0xFF626A6E,
    0xFF636A6E,0xFF636A6E,0xFF636A6F,0xFF62666C,0xFF61636A,0xFF626168,0xFF5F6368,0xFF606369,
    0xFF64636A,0xFF64646B,0xFF5F686D,0xFF5F676B,0xFF61676A,0xFF606769,0xFF5D6669,0xFF5A656A,
    0xFF57646B,0xFF546468,0xFF526366,0xFF536268,0xFF536169,0xFF506169,0xFF4F6269,0xFF4E6168,
    0xFF4D6067,0xFF4C6068,0xFF4C6068,0xFF4B5F67,0xFF495D65,0xFF455D64,0xFF455D64,0xFF445D64,
    0xFF455D63,0xFF475C63,0xFF465B62,0xFF475B62,0xFF485C62,0xFF495A62,0xFF4A5C63,0xFF485A62,
    0xFF465961,0xFF475961,0xFF49595F,0xFF4D5B60,0xFF4E5D64,0xFF525C63,0xFF575C60,0xFF5C5C5D,
    0xFF5D5C5C,0xFF5E5E5F,0xFF626263,0xFF626262,0xFF5F6064,0xFF666160,0xFF676362,0xFF696463,
    0xFF716761,0xFF716564,0xFF68615F,0xFF5E5E5D,0xFF52585B,0xFF4E575C,0xFF525759,0xFF55555F,
    0xFF52555D,0xFF515759,0xFF51555B,0xFF4F565A,0xFF4E5458,0xFF505558,0xFF545558,0xFF585457,
    0xFF59565A,0xFF5E5657,0xFF615851,0xFF56564E,0xFF4E5354,0xFF4A535B,0xFF464F58,0xFF444D55,
    0xFF404B52,0xFF3E4B50,0xFF3C4B50,0xFF3A4950,0xFF3A4951,0xFF3A4953,0xFF374751,0xFF374751,
    0xFF394952,0xFF384953,0xFF374A54,0xFF364A54,0xFF364954,0xFF384953,0xFF3C4951,0xFF394951,
    0xFF364853,0xFF374851,0xFF37474D,0xFF37474D,0xFF36464C,0xFF35454D,0xFF33444E,0xFF32434D,
    0xFF33444E,0xFF35434E,0xFF35434E,0xFF35434E,0xFF35434E,0xFF36444D,0xFF37444D,0xFF3B444F,
    0xFF3D4550,0xFF3E474F,0xFF434951,0xFF494D53,0xFF595356,0xFF625656,0xFF645755,0xFF645652,
    0xFF695852,0xFF755C51,0xFF7D6152,0xFF786157,0xFF776059,0xFF7D5952,0xFF7C5A49,0xFFA26F58,
    0xFFAE7257,0xFFA77257,0xFFA3735C,0xFF966452,0xFFAA7159,0xFFA06950,0xFF92614B,0xFF8F6251,
    0xFF805B50,0xFF755B53,0xFF776054,0xFF756052,0xFF715F53,0xFF6F5F54,0xFF6E5F55,0xFF6A5C55,
    0xFF685B55,0xFF6C5D56,0xFF715F56,0xFF765F53,0xFF6B574D,0xFF635754,0xFF7B5E4F,0xFF8A624F,
    0xFF96634E,0xFFB3704A,0xFFCE7B45,0xFFEB8B4E,0xFFED9355,0xFFE49960,0xFFC59069,0xFFAC856E,
    0xFFB1886F,0xFFC08763,0xFFE8A265,0xFFE1A46D,0xFFCF9568,0xFFE99F68,0xFFC39067,0xFFB58B6A,
    0xFFDC9D69,0xFFFCA35A,0xFFDF955F,0xFFC18A66,0xFFCA906A,0xFFE4A171,0xFFBE8B64,0xFF997A67,
    0xFF9A7D71,0xFFA07E6C,0xFFC39374,0xFFC89677,0xFFBA8E74,0xFFB68867,0xFFA87D5E,0xFF906D53,
    0xFF836550,0xFF7C5F4F,0xFF826051,0xFF835E4E,0xFF825F4C,0xFF87614D,0xFF875F4D,0xFF8D5D49,
    0xFF965F45,0xFFA36144,0xFFC3643A,0xFFE47D31,0xFFFCA231,0xFFFDA13D,0xFFEB853F,0xFFD47840,
    0xFFC57343,0xFFC87443,0xFFD07A47,0xFFDB824D,0xFFB76F47,0xFFD28048,0xFFF69648,0xFFF49948,
    0xFFFBA042,0xFFF7A747,0xFFF2A562,0xFFD2803F,0xFFED953A,0xFFFFB045,0xFFF19339,0xFFE0763A,
    0xFFDA723D,0xFFCF733A,0xFFB86941,0xFFB26541,0xFFBA6740,0xFFCC723C,0xFFF49B3E,0xFFFFB241,
    0xFFF8A044,0xFFDE7C3C,0xFFD3723E,0xFFD1743B,0xFFDF8038,0xFFF99841,0xFFFA963E,0xFFF38F42,
    0xFFF59045,0xFFF38E46,0xFFF5904A,0xFFF9974A,0xFFFBA34D,0xFFEC9B52,0xFFEC9B59,0xFFF8A956,
    0xFFFDB355,0xFFFEB360,0xFFFEAF5C,0xFFFCB05C,0xFFFCB25E,0xFFFEAE56,0xFFFFAE54,0xFFE09758,
    0xFFB67D4F,0xFFD8A972,0xFF22190E,0xFF836549,0xFFDBA166,0xFFB08A57,0xFF595433,0xFF131F06,
    0xFF061501,0xFF49462B,0xFF7D5D37,0xFF614A2C,0xFF493111,0xFFCA8944,0xFFF29A4F,0xFFFE9A4D,
    0xFFFC9949,0xFFF9954C,0xFFF7974C,0xFFF9994E,0xFFF59E55,0xFFE99A58,0xFFFB9C5F,0xFFF4AE67,
    0xFFF3B777,0xFF4C361A,0xFF121A0A,0xFF12200E,0xFF1D2008,0xFF4E3F2A,0xFF252D15,0xFF081700,
    0xFF35341A,0xFF2F3420,0xFF151B0E,0xFF081202,0xFF1D2615,0xFF10180B,0xFF1F2816,0xFF1F290E,
    0xFF28383B,0xFF48504E,0xFF525551,0xFF686C6B,0xFF8D928F,0xFF807E77,0xFF828580,0xFF8D8E8C,
    0xFFA19793,0xFF827975,0xFF5C534F,0xFF655957,0xFF605352,0xFF605452,0xFF928584,0xFF867777,
    0xFF796868,0xFF928380,0xFF8A7C76,0xFF7F7874,0xFF64736E,0xFF627173,0xFF6B6B76,0xFF616C6F,
    0xFF616A6F,0xFF616A71,0xFF5F6A6F,0xFF62696D,0xFF5F6A6F,0xFF5E696F,0xFF5C6971,0xFF5B6870,
    0xFF5B666F,0xFF5B656F,0xFF596772,0xFF596872,0xFF5D6870,0xFF616A6F,0xFF646E70,0xFF666C71,
    0xFF66686E,0xFF65676E,0xFF626B6E,0xFF626B6E,0xFF626A6D,0xFF61696C,0xFF5E686A,0xFF5A6569,
    0xFF566369,0xFF52636A,0xFF4C5F66,0xFF4A5C63,0xFF4A5C63,0xFF475C64,0xFF475E66,0xFF485E67,
    0xFF485F67,0xFF485B66,0xFF485A66,0xFF485A66,0xFF465964,0xFF415963,0xFF415963,0xFF425A64,
    0xFF435B65,0xFF445B62,0xFF455B62,0xFF445B62,0xFF455C63,0xFF445A60,0xFF41575E,0xFF3F565D,
    0xFF3F545B,0xFF40535B,0xFF41545C,0xFF42545C,0xFF44545E,0xFF47545E,0xFF48545B,0xFF4A545A,
    0xFF4C545C,0xFF4E555B,0xFF54595D,0xFF565A5E,0xFF565B5D,0xFF595C5E,0xFF595E5F,0xFF5E5F5F,
    0xFF645F5D,0xFF645F5E,0xFF615C5A,0xFF55595C,0xFF4D565D,0xFF4A5259,0xFF495258,0xFF495259,
    0xFF485258,0xFF485358,0xFF49535A,0xFF485158,0xFF485158,0xFF495259,0xFF4A5258,0xFF495157,
    0xFF495158,0xFF4B5259,0xFF4B5258,0xFF485157,0xFF464F56,0xFF454D54,0xFF3F4C55,0xFF3A4A54,
    0xFF384851,0xFF384851,0xFF374952,0xFF374952,0xFF374953,0xFF364852,0xFF354851,0xFF354751,
    0xFF374953,0xFF384A54,0xFF384B55,0xFF384B55,0xFF374953,0xFF364852,0xFF364751,0xFF344650,
    0xFF354751,0xFF354650,0xFF364650,0xFF34454E,0xFF33434D,0xFF31424C,0xFF31424C,0xFF30414B,
    0xFF30414B,0xFF31414E,0xFF32414E,0xFF34414E,0xFF36414F,0xFF36424F,0xFF38444E,0xFF3B444D,
    0xFF3F464E,0xFF43474E,0xFF444A52,0xFF4D5053,0xFF655851,0xFF735D56,0xFF605154,0xFF605653,
    0xFF665B53,0xFF6D594F,0xFF776154,0xFF6C5D54,0xFF705D56,0xFF745D57,0xFF7B5D54,0xFF936A59,
    0xFF916552,0xFF926653,0xFF956857,0xFF8C6154,0xFF8B6458,0xFF81604F,0xFF785B4F,0xFF785A51,
    0xFF715850,0xFF6B5A54,0xFF6C5B52,0xFF6E5B55,0xFF6D5A58,0xFF675854,0xFF665B57,0xFF635B59,
    0xFF5E5756,0xFF5E5856,0xFF5E5755,0xFF5F5655,0xFF5E5452,0xFF5E5351,0xFF685953,0xFF725951,
    0xFF7C5D54,0xFF8E614F,0xFFA46949,0xFFC77745,0xFFEC8D50,0xFFF19F65,0xFFBD8B66,0xFFB4876D,
    0xFFCE8F69,0xFFD68A57,0xFFF4A860,0xFFF4AF62,0xFFE9A15C,0xFFF2A166,0xFFCD8F62,0xFFCA9064,
    0xFFE69F61,0xFFF8A34F,0xFFEC9F61,0xFFBF8D6A,0xFFBB896A,0xFFB88B71,0xFFA3816C,0xFF93786B,
    0xFF8E7A73,0xFF937D73,0xFFA58878,0xFFAF8F7D,0xFFA78672,0xFF967762,0xFF8A705E,0xFF756154,
    0xFF6D5E54,0xFF6E5D53,0xFF705B53,0xFF715951,0xFF735950,0xFF795B4F,0xFF7C5A4C,0xFF805A48,
    0xFF875C49,0xFF975B4B,0xFFB15C3B,0xFFD9752C,0xFFFBA031,0xFFFFAA3C,0xFFF28D38,0xFFEE8A3C,
    0xFFF8923F,0xFFF48D36,0xFFF49640,0xFFF3994C,0xFFCF7F46,0xFFED994C,0xFFFEA647,0xFFFBA34D,
    0xFFFEA94A,0xFFFBA65A,0xFFD78B59,0xFFC37B4B,0xFFF5A54E,0xFFFFB041,0xFFF7953B,0xFFE3803D,
    0xFFC46E42,0xFFAE6642,0xFFA06146,0xFF9F6143,0xFFA56243,0xFFBA6840,0xFFEB8A3D,0xFFFFA23B,
    0xFFFE9E42,0xFFE78843,0xFFD0743E,0xFFDA803F,0xFFDF823F,0xFFE8873D,0xFFF48F3F,0xFFF69241,
    0xFFFA913E,0xFFFA9043,0xFFF89248,0xFFFA9544,0xFFFD9D49,0xFFFCA14C,0xFFF8A049,0xFFF9A448,
    0xFFFEAD4F,0xFFFBAC57,0xFFFEA651,0xFFFCA855,0xFFF9AE5B,0xFFFDAF58,0xFFFBA951,0xFFF3AC68,
    0xFF674D31,0xFF7E643F,0xFF131307,0xFF3F321B,0xFFC49C6C,0xFF584E2D,0xFF252A11,0xFF242916,
    0xFF31381A,0xFF8D845D,0xFF785B39,0xFF5C4628,0xFF362412,0xFFDD9654,0xFFF99E4E,0xFFF59850,
    0xFFF5954C,0xFFF4944C,0xFFEB9752,0xFFF8914A,0xFFDF9457,0xFF523314,0xFFBD7D45,0xFFF1A363,
    0xFFB3824D,0xFF5C4D2C,0xFF1A2A18,0xFF262B1A,0xFF6F5D39,0xFF604E2B,0xFF13220A,0xFF14260C,
    0xFF212D14,0xFF0E1C06,0xFF14200F,0xFF0B1709,0xFF1E251C,0xFF23291C,0xFF131A0B,0xFF13190E,
    0xFF917D76,0xFF866A5E,0xFF47261A,0xFF654740,0xFF8A716A,0xFF947870,0xFFAA928D,0xFF948583,
    0xFF605653,0xFF6D625F,0xFF6D625F,0xFF615452,0xFF716362,0xFF817372,0xFF827372,0xFF736564,
    0xFF5A4A47,0xFF4B3834,0xFF614944,0xFF835B54,0xFF937D77,0xFF6B7475,0xFF5A7277,0xFF5E7077,
    0xFF5C6D74,0xFF5D6C72,0xFF5B6B70,0xFF5A6A71,0xFF596A70,0xFF586870,0xFF566A6F,0xFF51696B,
    0xFF53676B,0xFF55686D,0xFF596B6C,0xFF576B6B,0xFF566B6C,0xFF586E6F,0xFF5B6C72,0xFF5C6B71,
    0xFF5F6A6F,0xFF636B70,0xFF636C70,0xFF636C70,0xFF636C70,0xFF616A6E,0xFF5D686B,0xFF59666B,
    0xFF57666D,0xFF53656C,0xFF52646C,0xFF51646B,0xFF4F6269,0xFF4A6068,0xFF445C64,0xFF435A61,
    0xFF425961,0xFF415862,0xFF405962,0xFF405861,0xFF3E5660,0xFF3A545D,0xFF3A545D,0xFF3A555E,
    0xFF3C555F,0xFF3E565E,0xFF3E565E,0xFF3C555D,0xFF3C555C,0xFF3C555C,0xFF3C545C,0xFF3B535B,
    0xFF3A535B,0xFF3A535B,0xFF3A535B,0xFF3A535B,0xFF3E515B,0xFF43535C,0xFF46545C,0xFF4C5960,
    0xFF505B64,0xFF555E66,0xFF585F64,0xFF555C60,0xFF51595C,0xFF525A5D,0xFF535B5E,0xFF565C60,
    0xFF575C60,0xFF565B5F,0xFF54585B,0xFF4C545B,0xFF48525A,0xFF465059,0xFF465159,0xFF455159,
    0xFF455158,0xFF434F57,0xFF424F56,0xFF444E56,0xFF444E56,0xFF424C54,0xFF434D55,0xFF424C54,
    0xFF424C54,0xFF424C54,0xFF434D56,0xFF424C54,0xFF404A52,0xFF3E4850,0xFF3A4750,0xFF364852,
    0xFF354650,0xFF354650,0xFF344650,0xFF354751,0xFF354751,0xFF364852,0xFF364852,0xFF364852,
    0xFF364852,0xFF374953,0xFF384953,0xFF374953,0xFF354751,0xFF344650,0xFF334550,0xFF32444E,
    0xFF32444E,0xFF32434D,0xFF33444E,0xFF32434D,0xFF30414C,0xFF2F404B,0xFF30414B,0xFF2F404A,
    0xFF2F404A,0xFF30404C,0xFF31404C,0xFF33404D,0xFF35404E,0xFF36414D,0xFF38434D,0xFF3B434D,
    0xFF40464E,0xFF424850,0xFF464B52,0xFF525051,0xFF715E52,0xFF7D6559,0xFF5F5454,0xFF5C5652,
    0xFF605752,0xFF675954,0xFF6E5D56,0xFF655954,0xFF6D5F57,0xFF73635C,0xFF756057,0xFF836355,
    0xFF856456,0xFF826053,0xFF886257,0xFF8D6459,0xFF8A6352,0xFF82624E,0xFF775E4F,0xFF71584E,
    0xFF715951,0xFF685954,0xFF675952,0xFF6C5C58,0xFF675958,0xFF5F5451,0xFF605754,0xFF5A5453,
    0xFF555051,0xFF565151,0xFF555151,0xFF565152,0xFF595150,0xFF5D5452,0xFF625752,0xFF685851,
    0xFF6E5C56,0xFF795E54,0xFF855F4C,0xFFA66A47,0xFFD97F49,0xFFF49B5C,0xFFCE8957,0xFFCA8A64,
    0xFFE1966B,0xFFDB8852,0xFFF7A556,0xFFFBAE5A,0xFFF1A157,0xFFED9453,0xFFDF9159,0xFFDD935F,
    0xFFE99B59,0xFFFFA953,0xFFEEA05B,0xFFB6866D,0xFFA98673,0xFF998571,0xFF947F6F,0xFF928072,
    0xFF92857A,0xFF94847B,0xFF9B877C,0xFF9E887B,0xFF957C6E,0xFF887162,0xFF7F6B5D,0xFF6F5E55,
    0xFF685C55,0xFF685A53,0xFF6A5952,0xFF6A5851,0xFF6C5651,0xFF70574E,0xFF73564A,0xFF785748,
    0xFF815D4B,0xFF935C4A,0xFFB96947,0xFFEB883F,0xFFFFA038,0xFFFC9C35,0xFFF99637,0xFFFEA542,
    0xFFFBA13C,0xFFF69C35,0xFFFDAC43,0xFFFBAF4D,0xFFF19C4D,0xFFFFAB53,0xFFF9A74E,0xFFE7974E,
    0xFFF7A65E,0xFFDF965E,0xFFBA7E57,0xFFB77D55,0xFFF6AB57,0xFFFCA740,0xFFE3843C,0xFFCF7543,
    0xFFAE663F,0xFF9C5F44,0xFF935D49,0xFF955E46,0xFF9C614A,0xFFAD6646,0xFFCD773A,0xFFF28A3C,
    0xFFF98E3E,0xFFF5903F,0xFFF18D3C,0xFFF59744,0xFFF99A4E,0xFFEC8948,0xFFDB773B,0xFFE27D3B,
    0xFFE6823F,0xFFD3783B,0xFFC7733D,0xFFCB753F,0xFFD97F40,0xFFEB8E47,0xFFFA9545,0xFFFF9940,
    0xFFFF9B41,0xFFFA9541,0xFFEE8E45,0xFFE98E49,0xFFEE924A,0xFFFE9B4D,0xFFEEA05A,0xFF8A7349,
    0xFF333119,0xFF191205,0xFF4B3E27,0xFF563F1C,0xFF7A5E34,0xFF21240F,0xFF272F12,0xFF2C3319,
    0xFF3F432C,0xFF423A25,0xFF5A4A34,0xFF56462C,0xFF6F6049,0xFFC58D56,0xFFF59D50,0xFFF39144,
    0xFFEF9451,0xFFEE934F,0xFFDF9452,0xFFFA9C54,0xFFDB9254,0xFF39260D,0xFF8C7949,0xFF896E47,
    0xFF221400,0xFF515134,0xFF091809,0xFF140F06,0xFF887962,0xFF39341D,0xFF071707,0xFF111E0B,
    0xFF1A240F,0xFF081405,0xFF091308,0xFF071109,0xFF010601,0xFF040A00,0xFF050B01,0xFF050B04,
    0xFF625450,0xFF4F3A33,0xFF5B4641,0xFF66514C,0xFF5F3E2F,0xFF6F5246,0xFF5D443A,0xFF55433E,
    0xFF4F4444,0xFF6F6362,0xFF867A7A,0xFF857877,0xFF958786,0xFF8C7E7D,0xFF635554,0xFF2C2220,
    0xFF403431,0xFF2D1A18,0xFF482D29,0xFF77533E,0xFF9B7167,0xFFA69293,0xFF657174,0xFF596973,
    0xFF596E74,0xFF586C70,0xFF57686F,0xFF53676F,0xFF54666D,0xFF54656B,0xFF596568,0xFF656D6E,
    0xFF6B7174,0xFF6F7276,0xFF6F6E69,0xFF777570,0xFF717574,0xFF646B6C,0xFF5C686E,0xFF586A6F,
    0xFF576A6E,0xFF5A686E,0xFF5C686D,0xFF5B676C,0xFF5A666B,0xFF586469,0xFF526165,0xFF4D5F64,
    0xFF4A5D64,0xFF495D63,0xFF465B62,0xFF455B61,0xFF465C62,0xFF465D64,0xFF445B63,0xFF425961,
    0xFF3F565E,0xFF3A575E,0xFF39575F,0xFF39575F,0xFF38555D,0xFF39555E,0xFF39565E,0xFF39555D,
    0xFF3A565F,0xFF3D5760,0xFF3D5760,0xFF3D5760,0xFF3C565F,0xFF3B545E,0xFF3A535D,0xFF38515A,
    0xFF35515A,0xFF345259,0xFF34525A,0xFF34525A,0xFF39505B,0xFF3C4F5A,0xFF405159,0xFF43535A,
    0xFF43525B,0xFF47545C,0xFF4C575D,0xFF4E595E,0xFF4B585D,0xFF485559,0xFF465358,0xFF465359,
    0xFF44515A,0xFF435159,0xFF435058,0xFF414F57,0xFF3F4D56,0xFF3D4B54,0xFF3D4B53,0xFF3C4C54,
    0xFF3C4D54,0xFF3B4C53,0xFF3C4D54,0xFF3D4C54,0xFF3C4A52,0xFF3C4A52,0xFF3C4952,0xFF3B4951,
    0xFF3B4952,0xFF3B4952,0xFF3B4951,0xFF3B4851,0xFF3A4850,0xFF3A4750,0xFF374750,0xFF374852,
    0xFF364751,0xFF364751,0xFF364852,0xFF364852,0xFF354751,0xFF364852,0xFF384A54,0xFF384A54,
    0xFF374953,0xFF384A54,0xFF3A4C56,0xFF3A4C56,0xFF394B55,0xFF374953,0xFF354751,0xFF33454F,
    0xFF32444E,0xFF33434D,0xFF32434D,0xFF30414B,0xFF2E3F49,0xFF2F404A,0xFF2E3F49,0xFF2E3F49,
    0xFF2E3F49,0xFF2E3F49,0xFF2F3F49,0xFF323F4A,0xFF35404C,0xFF37404A,0xFF39414B,0xFF3C424A,
    0xFF41464C,0xFF454B52,0xFF504F53,0xFF64544F,0xFF906F5C,0xFF8B6C5A,0xFF5E5551,0xFF5A5652,
    0xFF5E5551,0xFF625958,0xFF665D5B,0xFF645B59,0xFF685D55,0xFF645A54,0xFF6A5C56,0xFF765F54,
    0xFF785F55,0xFF755D57,0xFF7A5D56,0xFF8E6758,0xFF9D6E55,0xFF956C54,0xFF7C6252,0xFF756056,
    0xFF766059,0xFF655A58,0xFF5E5553,0xFF5E5654,0xFF5C5656,0xFF5F5858,0xFF615A5A,0xFF555454,
    0xFF505050,0xFF525151,0xFF525252,0xFF545253,0xFF555151,0xFF595351,0xFF5C5551,0xFF605853,
    0xFF625B58,0xFF6A5C57,0xFF745D53,0xFF91654E,0xFFC87646,0xFFF69653,0xFFE68E4D,0xFFD78553,
    0xFFDD8B5C,0xFFD47C43,0xFFF89E4A,0xFFFEA953,0xFFF29A50,0xFFF7964F,0xFFF99954,0xFFE68C4E,
    0xFFE88F4C,0xFFFEA14D,0xFFF4A356,0xFFBD8567,0xFFA28572,0xFF8E8977,0xFF908476,0xFF8F8679,
    0xFF928B80,0xFF90867E,0xFF958881,0xFF91847C,0xFF857871,0xFF7D6F66,0xFF71645B,0xFF675C55,
    0xFF645954,0xFF625853,0xFF625752,0xFF635551,0xFF655450,0xFF675550,0xFF6B554C,0xFF6F5548,
    0xFF775949,0xFF875B46,0xFFAB6543,0xFFE1813D,0xFFFB9137,0xFFFA9032,0xFFFC9C34,0xFFFEB13C,
    0xFFFBAF3B,0xFFF9AD3A,0xFFFFBC46,0xFFFCBA4B,0xFFFBA448,0xFFFBA654,0xFFE59E59,0xFFC48451,
    0xFFD08F65,0xFFB07A58,0xFF9D7459,0xFFA27352,0xFFE99F51,0xFFF9A646,0xFFCB723B,0xFFB06443,
    0xFF9C6144,0xFF8D5D4A,0xFF885D4D,0xFF895C4C,0xFF8B5B4D,0xFF945C48,0xFFAB6842,0xFFD57A49,
    0xFFE17E41,0xFFEF8C3C,0xFFFD9A3B,0xFFFFA540,0xFFFFA846,0xFFF6974A,0xFFD1743F,0xFFCD6F40,
    0xFFD37949,0xFFBB6F43,0xFFA66543,0xFFA86649,0xFFB66A42,0xFFC7713F,0xFFD87B43,0xFFE48346,
    0xFFE78847,0xFFE08043,0xFFCF7843,0xFFD27643,0xFFDD7841,0xFFF68F4F,0xFFAE6835,0xFF020B00,
    0xFF242912,0xFF15120C,0xFF91734B,0xFFBF9661,0xFF8A744D,0xFF303726,0xFF161C03,0xFF39411F,
    0xFF1C2011,0xFF33251A,0xFF5C4D35,0xFF836A4D,0xFF715032,0xFF473420,0xFF9D6D44,0xFFF69A52,
    0xFFEE904D,0xFFD48A56,0xFF855C31,0xFFC99260,0xFFAB7E4F,0xFF5C5333,0xFF44502A,0xFF131D08,
    0xFF0A170D,0xFF020D00,0xFF111408,0xFF452D23,0xFF473A2B,0xFF0D1407,0xFF000D03,0xFF0A130A,
    0xFF0B1206,0xFF050E03,0xFF070F09,0xFF131917,0xFF0A0E0B,0xFF161C11,0xFF151B0F,0xFF030802,
    0xFF9E7959,0xFFBC916F,0xFFCDA283,0xFFCDA98F,0xFF987F6D,0xFF37281D,0xFF52473F,0xFF766A66,
    0xFF706466,0xFF6B5F60,0xFF827678,0xFF8A7D7C,0xFF918382,0xFF9D8F8E,0xFFAEA09F,0xFF827574,
    0xFF4F403D,0xFF796663,0xFF3F2A25,0xFF302310,0xFF42271A,0xFF7C5953,0xFF9D8482,0xFF737075,
    0xFF5D6B6E,0xFF596C70,0xFF5D6B73,0xFF626F78,0xFF697278,0xFF6B7174,0xFF767172,0xFF6B5D61,
    0xFF635458,0xFF58464B,0xFF493230,0xFF563E39,0xFF745E5B,0xFF816C69,0xFF746A69,0xFF5C6665,
    0xFF52666A,0xFF55646E,0xFF536469,0xFF516267,0xFF506167,0xFF506166,0xFF4E6065,0xFF4D6167,
    0xFF4A6168,0xFF4B6369,0xFF4A6167,0xFF465E63,0xFF455D63,0xFF455C64,0xFF445B63,0xFF435A62,
    0xFF405760,0xFF3B565F,0xFF39565E,0xFF38555D,0xFF39565E,0xFF3A575F,0xFF3A575F,0xFF3A575F,
    0xFF38555E,0xFF38535E,0xFF37525D,0xFF36515C,0xFF34505A,0xFF344F5A,0xFF324E58,0xFF334E59,
    0xFF324E58,0xFF314D57,0xFF314D57,0xFF304D57,0xFF314B57,0xFF344B57,0xFF384C56,0xFF3A4E55,
    0xFF3C4E58,0xFF3F5058,0xFF425158,0xFF435157,0xFF3E5056,0xFF3F5158,0xFF3F5157,0xFF3E5058,
    0xFF3D4F59,0xFF3A4C56,0xFF3A4C56,0xFF3B4D56,0xFF3A4C55,0xFF3A4C56,0xFF3B4D57,0xFF394D56,
    0xFF394D56,0xFF384D55,0xFF384D55,0xFF394B54,0xFF394B54,0xFF384A54,0xFF374952,0xFF364952,
    0xFF384B54,0xFF394B55,0xFF374953,0xFF384A54,0xFF384A54,0xFF384A53,0xFF394A54,0xFF3B4B55,
    0xFF3A4B55,0xFF3B4C55,0xFF3B4D57,0xFF3C4E58,0xFF3A4C56,0xFF384A54,0xFF384A54,0xFF384A54,
    0xFF3B4D57,0xFF40525C,0xFF3C4E58,0xFF394B55,0xFF374953,0xFF364852,0xFF344650,0xFF344650,
    0xFF33454F,0xFF33444E,0xFF32434C,0xFF30414B,0xFF2F404A,0xFF2F404A,0xFF2F404A,0xFF2D3E48,
    0xFF2D3E48,0xFF2E3F48,0xFF2F3F47,0xFF323F49,0xFF35414B,0xFF39424C,0xFF3C424B,0xFF3F4349,
    0xFF44484C,0xFF4C4C4E,0xFF5A4E4B,0xFF785546,0xFFA56F55,0xFF8E644E,0xFF5D504A,0xFF5A5150,
    0xFF605350,0xFF605754,0xFF5F5857,0xFF675C59,0xFF71625A,0xFF685D59,0xFF6A5D5C,0xFF725E59,
    0xFF756057,0xFF6B5956,0xFF735A52,0xFF956956,0xFFB47858,0xFFB37A61,0xFF896758,0xFF79625A,
    0xFF725D57,0xFF5C5455,0xFF565255,0xFF545355,0xFF555658,0xFF5B585C,0xFF5D585C,0xFF505254,
    0xFF4E5353,0xFF515555,0xFF515555,0xFF525456,0xFF555556,0xFF585654,0xFF5C5855,0xFF5D5A59,
    0xFF605C5C,0xFF6A5C58,0xFF775F54,0xFF8F624B,0xFFC37547,0xFFF69450,0xFFF0924E,0xFFCF7A48,
    0xFFC9794C,0xFFD17841,0xFFF89D46,0xFFFDA44F,0xFFEB904A,0xFFF8964D,0xFFFE984F,0xFFE88646,
    0xFFEA8845,0xFFFE9945,0xFFFDA64F,0xFFDF985A,0xFFC4936C,0xFF928477,0xFF878077,0xFF8A8379,
    0xFF8B857B,0xFF888076,0xFF8A8078,0xFF857C77,0xFF746F6A,0xFF6A6461,0xFF635B58,0xFF5F5855,
    0xFF5E5754,0xFF5A5551,0xFF595350,0xFF5C5351,0xFF5D5351,0xFF5D524F,0xFF61534D,0xFF67544B,
    0xFF6D5649,0xFF7A5647,0xFF9A5D42,0xFFD4743C,0xFFF48336,0xFFF78A32,0xFFFD9D32,0xFFFFB63D,
    0xFFFFB53E,0xFFF8AC35,0xFFFBB340,0xFFFBB14B,0xFFEE9D4F,0xFFD38E54,0xFFB6835B,0xFF9E7052,
    0xFFA3735B,0xFF98745D,0xFF90725A,0xFFA27354,0xFFEFA155,0xFFFAA242,0xFFCA753F,0xFFA46346,
    0xFF905F48,0xFF835A4C,0xFF7F594C,0xFF7D584B,0xFF7B584D,0xFF7F584B,0xFF8D5C46,0xFF9C5F42,
    0xFFA9643D,0xFFCA7B44,0xFFDD8744,0xFFE69341,0xFFFCA243,0xFFFC9F4A,0xFFCC7741,0xFFB06240,
    0xFFC2724B,0xFFC0744E,0xFFA76749,0xFF9C634B,0xFFA26549,0xFFAA6848,0xFFAA674B,0xFFA96749,
    0xFFAF6C47,0xFFB16B4A,0xFFAF6A4A,0xFFBD6D49,0xFFCA7850,0xFFC58354,0xFFA27950,0xFF2B2B18,
    0xFF141A0D,0xFF272216,0xFF95744F,0xFFBC8B54,0xFF35230B,0xFF0E1505,0xFF1B210B,0xFF171E09,
    0xFF303322,0xFF484130,0xFF000200,0xFF2D2011,0xFF765A45,0xFF221B15,0xFF53351C,0xFFDD915A,
    0xFFEE904E,0xFFB37348,0xFF382F16,0xFF51452B,0xFF2D240C,0xFF303112,0xFF141800,0xFF201B0A,
    0xFF161A0C,0xFF131A0B,0xFF55432D,0xFFCFA384,0xFF6D5C40,0xFF020900,0xFF0A1507,0xFF1A2018,
    0xFF191E13,0xFF20271B,0xFF030903,0xFF0D1210,0xFF0B100D,0xFF0C1209,0xFF0A0F07,0xFF020602,
    0xFF8F6448,0xFF784A2D,0xFF6B3D26,0xFF45200E,0xFF452C21,0xFF766867,0xFF857C7C,0xFF6D6162,
    0xFF726669,0xFF84787A,0xFF9B8F91,0xFF8D8181,0xFF867877,0xFF746665,0xFF6B5D5C,0xFFA08F8F,
    0xFF7A6867,0xFF453530,0xFF2E1E18,0xFF251712,0xFF322318,0xFF381E0D,0xFF886255,0xFF997F7E,
    0xFF7E807E,0xFF69757A,0xFF606771,0xFF575B62,0xFF474649,0xFF2B2424,0xFF392F2E,0xFF291C1C,
    0xFF201112,0xFF2C1B1C,0xFF362421,0xFF432E28,0xFF321910,0xFF51352A,0xFF7C5E53,0xFF7E776E,
    0xFF556468,0xFF51606D,0xFF516269,0xFF52656A,0xFF53656B,0xFF51646A,0xFF4D6267,0xFF4B6167,
    0xFF496269,0xFF486067,0xFF476065,0xFF486165,0xFF476065,0xFF486066,0xFF475E66,0xFF445B63,
    0xFF435A62,0xFF405962,0xFF3E5861,0xFF3A545D,0xFF36515A,0xFF35535B,0xFF36545C,0xFF37555D,
    0xFF35535C,0xFF35525D,0xFF35525D,0xFF34505B,0xFF324F5A,0xFF35515C,0xFF36525D,0xFF35515D,
    0xFF344F5B,0xFF354E5A,0xFF354D5A,0xFF354E5A,0xFF354F5B,0xFF36515C,0xFF3B525C,0xFF3E545C,
    0xFF3F525D,0xFF3D5159,0xFF3F5158,0xFF3D4E55,0xFF394D56,0xFF3A4E57,0xFF3A4F57,0xFF3C5058,
    0xFF3C4F58,0xFF3C4F58,0xFF3C4F57,0xFF3B4E57,0xFF384C55,0xFF374B54,0xFF364A53,0xFF334A52,
    0xFF334A53,0xFF334B53,0xFF334A53,0xFF334952,0xFF324750,0xFF324650,0xFF324650,0xFF32464F,
    0xFF344851,0xFF344851,0xFF334750,0xFF334751,0xFF344851,0xFF344852,0xFF344751,0xFF374852,
    0xFF374953,0xFF374852,0xFF394B55,0xFF3D4F59,0xFF3B4D57,0xFF374953,0xFF364852,0xFF364852,
    0xFF364852,0xFF394B55,0xFF384A54,0xFF33464F,0xFF33454F,0xFF33454F,0xFF31434D,0xFF31434D,
    0xFF30424C,0xFF2F414B,0xFF30414B,0xFF30414B,0xFF2F404A,0xFF2F404A,0xFF30414B,0xFF31424C,
    0xFF32434D,0xFF32434B,0xFF34434B,0xFF36434B,0xFF39444D,0xFF3F454E,0xFF41474E,0xFF45494E,
    0xFF4B4C50,0xFF544F4C,0xFF735B51,0xFF9A6950,0xFFB87454,0xFF9E6852,0xFF745E58,0xFF655355,
    0xFF6B5853,0xFF675C57,0xFF5F5755,0xFF6A5C56,0xFF75635C,0xFF685A58,0xFF685A5B,0xFF6E5956,
    0xFF735E53,0xFF6B5B57,0xFF735A52,0xFF9E6E56,0xFFC37D5B,0xFFBB7B62,0xFF896155,0xFF775F58,
    0xFF6C5853,0xFF595455,0xFF56565B,0xFF4E5356,0xFF4F5558,0xFF56585C,0xFF565359,0xFF515557,
    0xFF515658,0xFF54595A,0xFF53595B,0xFF53575B,0xFF555758,0xFF565756,0xFF595959,0xFF5A595D,
    0xFF615A5B,0xFF755F57,0xFF8A6452,0xFF9D6446,0xFFC67544,0xFFEE904C,0xFFE58A4A,0xFFC07145,
    0xFFBB6F4A,0xFFD07843,0xFFFB9F48,0xFFF69E4C,0xFFE18643,0xFFF08E45,0xFFF28E45,0xFFE88443,
    0xFFEE8641,0xFFFD9141,0xFFFDA146,0xFFF8A345,0xFFE69C5E,0xFF9E7F72,0xFF837E77,0xFF887F78,
    0xFF877E76,0xFF877C73,0xFF84796F,0xFF776F68,0xFF6B6762,0xFF615E5D,0xFF5C5858,0xFF5A5553,
    0xFF585350,0xFF555350,0xFF54524F,0xFF575150,0xFF585150,0xFF595351,0xFF5D534F,0xFF62534C,
    0xFF68554C,0xFF74554C,0xFF945D48,0xFFD06F42,0xFFF07F3A,0xFFF48A33,0xFFFD9D34,0xFFFFB13E,
    0xFFFDAF3A,0xFFFAA835,0xFFF6A33E,0xFFF9A452,0xFFD68F5B,0xFFA27052,0xFF94715F,0xFF937362,
    0xFF947360,0xFF8E7560,0xFF8D7058,0xFFA57252,0xFFF29F55,0xFFFEA641,0xFFD88344,0xFFA36444,
    0xFF8C5D47,0xFF80594A,0xFF7C574A,0xFF785649,0xFF72564B,0xFF76584C,0xFF7D584A,0xFF7B5A45,
    0xFF805941,0xFF935B3F,0xFFA56243,0xFFAF6741,0xFFD27C3E,0xFFEA8E4B,0xFFC57448,0xFF9A5C3D,
    0xFFAD6540,0xFFC4724C,0xFFB46B47,0xFF9C6444,0xFF986246,0xFF95654D,0xFF966553,0xFF94624E,
    0xFF9C664B,0xFFA26951,0xFFA26B52,0xFFAC6C4F,0xFFB37A59,0xFF4E391B,0xFF28240D,0xFF21190C,
    0xFF000B0C,0xFF15180B,0xFF654C34,0xFFAF7E52,0xFF7C694F,0xFF2A2918,0xFF212413,0xFF292C27,
    0xFF1A1E11,0xFF816C42,0xFF826D49,0xFF9A6C45,0xFFE4A275,0xFFBA865D,0xFFB2794A,0xFFCF8856,
    0xFFE7905A,0xFFDE9867,0xFF41381E,0xFF393927,0xFF1D230F,0xFF373B1F,0xFF7E6B4E,0xFFB0886A,
    0xFF998A68,0xFF35331D,0xFFA27D56,0xFFCD9260,0xFF786139,0xFF33391F,0xFF1E2711,0xFF000000,
    0xFF0F150B,0xFF303628,0xFF010500,0xFF1B201A,0xFF111612,0xFF0C120A,0xFF090E07,0xFF020503,
    0xFF250800,0xFF270E03,0xFF26120F,0xFF483939,0xFF94898A,0xFFA79EA0,0xFF9A9497,0xFFA39CA0,
    0xFFA69CA0,0xFF8A8184,0xFF5E5558,0xFF483D3E,0xFF322525,0xFF382C2C,0xFF342828,0xFF392D2D,
    0xFF635656,0xFF716564,0xFF392E2D,0xFF110605,0xFF30221B,0xFF3B1F14,0xFF815348,0xFF815E52,
    0xFF574F47,0xFF928889,0xFF726F6F,0xFF282725,0xFF1B1515,0xFF201617,0xFF322626,0xFF2B201E,
    0xFF271B1A,0xFF332726,0xFF261D1E,0xFF2E1D19,0xFF3B231B,0xFF36201C,0xFF785346,0xFF85614B,
    0xFF73706D,0xFF515C61,0xFF53636B,0xFF536569,0xFF516567,0xFF4B6166,0xFF475E66,0xFF455C64,
    0xFF445B63,0xFF445B62,0xFF425A60,0xFF425960,0xFF41585F,0xFF42595F,0xFF425960,0xFF445B62,
    0xFF435A61,0xFF415C65,0xFF415E66,0xFF3D5A62,0xFF38545D,0xFF35535D,0xFF37555F,0xFF385660,
    0xFF37555F,0xFF36545E,0xFF314F59,0xFF32505A,0xFF35535D,0xFF36545E,0xFF35535D,0xFF34525C,
    0xFF35525C,0xFF334F5A,0xFF324E59,0xFF34505C,0xFF36515A,0xFF364F58,0xFF354E56,0xFF354E56,
    0xFF354B58,0xFF364B58,0xFF364B57,0xFF364B58,0xFF354B56,0xFF354B56,0xFF344A55,0xFF344A54,
    0xFF334853,0xFF344A54,0xFF344954,0xFF324853,0xFF324853,0xFF324853,0xFF324853,0xFF304753,
    0xFF2D4551,0xFF2E4652,0xFF2E4652,0xFF2E4652,0xFF2E4551,0xFF2F4752,0xFF2E4551,0xFF2F4550,
    0xFF2F4550,0xFF2F4550,0xFF2F4550,0xFF304651,0xFF304651,0xFF324852,0xFF374C56,0xFF394C56,
    0xFF394D56,0xFF374B54,0xFF354952,0xFF384C55,0xFF3C4F59,0xFF394C55,0xFF344650,0xFF33454F,
    0xFF33454F,0xFF354852,0xFF32474F,0xFF31464F,0xFF2F454D,0xFF2F434D,0xFF2E414D,0xFF2D404B,
    0xFF2D404B,0xFF2C3F4B,0xFF2C3E4A,0xFF2C3E4A,0xFF2C3F4A,0xFF2B3F49,0xFF2C3E48,0xFF2E3E49,
    0xFF313F4A,0xFF313F49,0xFF344049,0xFF374149,0xFF3C434A,0xFF43454E,0xFF424750,0xFF464A4C,
    0xFF4A4D4C,0xFF544C4D,0xFF95684F,0xFFB87650,0xFFBD7049,0xFFB07059,0xFF89625A,0xFF7D5C58,
    0xFF78625E,0xFF6C5E58,0xFF5B5553,0xFF615956,0xFF6A5E57,0xFF605552,0xFF645655,0xFF705A52,
    0xFF836350,0xFF776053,0xFF7A5E4E,0xFFA57455,0xFFC2825E,0xFFA0705A,0xFF805E51,0xFF80635B,
    0xFF705D55,0xFF605D54,0xFF585757,0xFF505255,0xFF515757,0xFF54595A,0xFF535859,0xFF565B5C,
    0xFF595D5F,0xFF5C6061,0xFF585C5D,0xFF545657,0xFF545557,0xFF57585A,0xFF5D5F61,0xFF5A5F63,
    0xFF605D59,0xFF7E6252,0xFFA37054,0xFFB9704C,0xFFDD7E42,0xFFEB8E47,0xFFD37C46,0xFFAD6B49,
    0xFFAB6852,0xFFD27745,0xFFFAA047,0xFFEC9A4D,0xFFCE7E44,0xFFDF8747,0xFFEB8C48,0xFFEC8841,
    0xFFF08841,0xFFF58C49,0xFFFA9B49,0xFFFFA541,0xFFEE9F58,0xFFA4856A,0xFF807D73,0xFF868177,
    0xFF857F79,0xFF837D75,0xFF7A756A,0xFF706B65,0xFF68635F,0xFF5E5A57,0xFF595654,0xFF575451,
    0xFF555250,0xFF555350,0xFF54524F,0xFF54514E,0xFF54514E,0xFF56514E,0xFF5A514D,0xFF5F504B,
    0xFF64524D,0xFF73534D,0xFF985A46,0xFFD0703B,0xFFF38637,0xFFF68935,0xFFFC9538,0xFFFFA938,
    0xFFFDAE35,0xFFFFAD37,0xFFFAA442,0xFFEA9653,0xFFB47A56,0xFF906B5C,0xFF8C735E,0xFF907463,
    0xFF957664,0xFF937563,0xFF90725E,0xFF9A6F56,0xFFDF9053,0xFFFFAA47,0xFFEB9147,0xFFBD6F4A,
    0xFFA26647,0xFF865B47,0xFF79584A,0xFF75564A,0xFF725349,0xFF73544A,0xFF76564B,0xFF76574B,
    0xFF775949,0xFF7E5846,0xFF8B5A48,0xFF925B44,0xFFA3613F,0xFFB76C44,0xFFAE6945,0xFF915C44,
    0xFF9B6245,0xFFB9714A,0xFFBF7047,0xFFB06A4A,0xFFA26648,0xFF98644A,0xFF91624E,0xFF8F604D,
    0xFF96644E,0xFF9C6752,0xFF9E6C54,0xFFA76D50,0xFFAC7D5E,0xFF372A19,0xFF2F2B1D,0xFF1D1A0E,
    0xFF0D130A,0xFF162113,0xFF191207,0xFF83664D,0xFF8D7852,0xFF7E6B56,0xFF1E1D13,0xFF0B110A,
    0xFF050603,0xFF836E4A,0xFF7C6242,0xFF764D34,0xFFCB8B59,0xFFDE9A64,0xFFE59C66,0xFFE09B63,
    0xFFD1915D,0xFFE5A66F,0xFFA48660,0xFF1B1B0A,0xFF18200A,0xFF595339,0xFF614A2A,0xFFA3885E,
    0xFF726645,0xFF292815,0xFF927350,0xFFEAB27E,0xFFA28760,0xFF25320D,0xFF16270C,0xFF3E3F34,
    0xFF302D1D,0xFF0F0F08,0xFF101011,0xFF050903,0xFF0A1009,0xFF232820,0xFF181B14,0xFF020203,
    0xFF675449,0xFF66564F,0xFF807373,0xFF8C8287,0xFF928990,0xFF90878E,0xFF7A7279,0xFF6E6469,
    0xFF4E4346,0xFF342A2D,0xFF21171B,0xFF2B2021,0xFF2A1E1E,0xFF241818,0xFF302424,0xFF312525,
    0xFF2B2020,0xFF312525,0xFF554949,0xFF2A2425,0xFF150D09,0xFF2E1913,0xFF58332D,0xFF4A2E26,
    0xFF1F1410,0xFF5A4746,0xFF746560,0xFF6F605E,0xFF3D302C,0xFF251A16,0xFF221412,0xFF271715,
    0xFF251715,0xFF251715,0xFF281B19,0xFF34221B,0xFF5A3D33,0xFF43251B,0xFF452920,0xFF5B3F32,
    0xFFAD8A71,0xFF5A6161,0xFF3F5860,0xFF465D64,0xFF465B62,0xFF455A61,0xFF445B63,0xFF445B64,
    0xFF455C64,0xFF455C64,0xFF445C64,0xFF445C64,0xFF465E66,0xFF455D65,0xFF405960,0xFF425A62,
    0xFF425A62,0xFF3D5961,0xFF39565E,0xFF37545C,0xFF35525A,0xFF34525C,0xFF34525C,0xFF32505A,
    0xFF314F59,0xFF2E4C56,0xFF2E4C55,0xFF304E58,0xFF32505A,0xFF304E58,0xFF2E4C56,0xFF2E4C56,
    0xFF2F4C56,0xFF2F4B56,0xFF2F4B56,0xFF2F4B56,0xFF2E4A56,0xFF2D4955,0xFF2C4954,0xFF2D4954,
    0xFF304754,0xFF324956,0xFF324956,0xFF324956,0xFF334A55,0xFF314953,0xFF324954,0xFF334A55,
    0xFF314853,0xFF314853,0xFF304752,0xFF2E4650,0xFF2F4651,0xFF2E4550,0xFF2D444F,0xFF2D4450,
    0xFF2D4551,0xFF2D4551,0xFF2D4551,0xFF2B434F,0xFF2D4450,0xFF2D4652,0xFF2C4450,0xFF2E444F,
    0xFF2F4550,0xFF2F4550,0xFF2D434E,0xFF2E444F,0xFF2C424D,0xFF2C434E,0xFF314751,0xFF344851,
    0xFF344851,0xFF334750,0xFF32464F,0xFF334750,0xFF32464F,0xFF31454E,0xFF344750,0xFF374953,
    0xFF374953,0xFF394B55,0xFF3A4E56,0xFF354952,0xFF30444D,0xFF2E414B,0xFF2C3E4A,0xFF2C3E49,
    0xFF2D3F4B,0xFF2D3F4B,0xFF2C3E4A,0xFF2C3E4A,0xFF2C3E4A,0xFF2C3E48,0xFF2C3E48,0xFF2E3D48,
    0xFF303D49,0xFF334049,0xFF353F48,0xFF374047,0xFF3C4247,0xFF42474C,0xFF464A50,0xFF504B49,
    0xFF5B4C47,0xFF6B4D41,0xFFB47149,0xFFD17C48,0xFFD07D49,0xFFA8714E,0xFF7E5D4B,0xFF70594B,
    0xFF67554D,0xFF655450,0xFF5D5757,0xFF625D5C,0xFF5C5754,0xFF565150,0xFF5F534F,0xFF785F52,
    0xFFA3775D,0xFF9A7560,0xFF906851,0xFFAD7958,0xFFAA7554,0xFF936952,0xFF936E5A,0xFF8C6554,
    0xFF836254,0xFF6F6152,0xFF665D5B,0xFF57575A,0xFF545B5B,0xFF575D5D,0xFF585E5E,0xFF5D6262,
    0xFF616566,0xFF616566,0xFF585C5D,0xFF565759,0xFF57585A,0xFF5B5C5E,0xFF5F6061,0xFF626261,
    0xFF69645E,0xFF876A59,0xFFA6765C,0xFFB57355,0xFFE2864E,0xFFF7964C,0xFFCE7F50,0xFF91644F,
    0xFF996151,0xFFD27B4B,0xFFFA9A4B,0xFFE59358,0xFFB97858,0xFFB57758,0xFFC68250,0xFFD9894B,
    0xFFE48947,0xFFE68644,0xFFF89446,0xFFF89F49,0xFFE09861,0xFF977E66,0xFF7C7B72,0xFF827F77,
    0xFF817E79,0xFF7E7B76,0xFF78756E,0xFF726E6A,0xFF65605E,0xFF5A5957,0xFF575654,0xFF555553,
    0xFF545352,0xFF525150,0xFF51504E,0xFF50504E,0xFF50504E,0xFF544F4C,0xFF584F4D,0xFF5D4F4D,
    0xFF61524D,0xFF70544D,0xFF9A5A43,0xFFDB763B,0xFFFA8936,0xFFED7E2E,0xFFEF832D,0xFFF4952C,
    0xFFFBAA35,0xFFFEAB36,0xFFFFA941,0xFFEE9C49,0xFFC17D45,0xFFB17A5B,0xFF9B7556,0xFF906F5B,
    0xFF92715E,0xFF94725E,0xFF91705C,0xFF916B56,0xFFC27D4F,0xFFF7A24A,0xFFE48A45,0xFFC77754,
    0xFFA96D4C,0xFF8B604C,0xFF79594C,0xFF72554A,0xFF6F5349,0xFF705349,0xFF71544A,0xFF75544B,
    0xFF76554A,0xFF7D5848,0xFF8A5B4A,0xFF935D45,0xFF9F6244,0xFFA76645,0xFF9D6145,0xFF885B48,
    0xFF8D5E49,0xFFA3694A,0xFFAB6945,0xFFAD6D50,0xFFA66C52,0xFF9D6A51,0xFF946652,0xFF8E604F,
    0xFF90604C,0xFF95634E,0xFF9F6652,0xFFAC6D55,0xFF9F6E56,0xFF88725F,0xFF8F7855,0xFF786547,
    0xFF564E38,0xFF141509,0xFF3E3B2B,0xFF463621,0xFF343119,0xFF383223,0xFF0E0D07,0xFF060C07,
    0xFF212016,0xFF3A2D1B,0xFF2D2A1C,0xFF433420,0xFF785133,0xFF9B6543,0xFFC58F60,0xFF715027,
    0xFF483C15,0xFF514217,0xFF55502F,0xFF252A15,0xFF363822,0xFF312A14,0xFF847357,0xFF57482E,
    0xFF090600,0xFF131B10,0xFF645B48,0xFF655236,0xFF1C1D06,0xFF192A07,0xFF131F07,0xFF564533,
    0xFFA88D74,0xFF231C10,0xFF151A13,0xFF3E3C35,0xFF1C1B1B,0xFF060905,0xFF10120D,0xFF060806,
    0xFF6D6360,0xFF7B7373,0xFF6A6369,0xFF423C44,0xFF655D66,0xFF625860,0xFF564B51,0xFF44373C,
    0xFF2C2123,0xFF281D1F,0xFF34292B,0xFF2F2424,0xFF2A1E1D,0xFF2A1E1E,0xFF2D2121,0xFF3B2F2F,
    0xFF433737,0xFF3B2F2E,0xFF2A1E1F,0xFF463F41,0xFF35302F,0xFF150906,0xFF3A211F,0xFF392725,
    0xFF110605,0xFF492F2F,0xFF634D46,0xFF644C47,0xFF604C46,0xFF41322A,0xFF30221C,0xFF2B1C18,
    0xFF30211D,0xFF32231F,0xFF483933,0xFF39241C,0xFF614338,0xFF714A39,0xFF331E15,0xFF261614,
    0xFFAC714A,0xFF72695E,0xFF39575D,0xFF3E5B64,0xFF405965,0xFF475B65,0xFF425961,0xFF3F565E,
    0xFF3E555D,0xFF3F5760,0xFF405964,0xFF405A63,0xFF415A64,0xFF3F5862,0xFF3C565F,0xFF38525B,
    0xFF344E57,0xFF324E57,0xFF324F57,0xFF324F57,0xFF324F57,0xFF314E58,0xFF2E4C56,0xFF2D4B54,
    0xFF2D4B55,0xFF304E58,0xFF32505A,0xFF2D4B55,0xFF2B4953,0xFF2B4953,0xFF2B4953,0xFF2B4953,
    0xFF2C4953,0xFF2B4752,0xFF2A4651,0xFF2B4752,0xFF294855,0xFF264653,0xFF254452,0xFF244450,
    0xFF28434E,0xFF2A444F,0xFF2B4450,0xFF2B4550,0xFF2A444F,0xFF2A434F,0xFF29434F,0xFF28424D,
    0xFF28414D,0xFF2A444F,0xFF2C4551,0xFF2B4550,0xFF2B4550,0xFF2B4550,0xFF2C4651,0xFF2E4652,
    0xFF304854,0xFF2F4753,0xFF2F4753,0xFF2E4652,0xFF2C4450,0xFF2D4551,0xFF2C444F,0xFF2E444F,
    0xFF2E444F,0xFF2F4550,0xFF304651,0xFF2F4550,0xFF2F4550,0xFF2E444F,0xFF2F444E,0xFF31454E,
    0xFF32464F,0xFF32464F,0xFF384C55,0xFF3A4E57,0xFF3B4F58,0xFF40545D,0xFF41535D,0xFF3A4C56,
    0xFF3B4D57,0xFF384A54,0xFF35484F,0xFF34474E,0xFF33474D,0xFF33454D,0xFF34444F,0xFF32434D,
    0xFF2F404A,0xFF2D3E48,0xFF2D3E48,0xFF2D3E48,0xFF2D3E48,0xFF2C3D46,0xFF2C3D44,0xFF313E47,
    0xFF35414A,0xFF36414A,0xFF39424A,0xFF3C4349,0xFF404549,0xFF464C4D,0xFF515050,0xFF6A5651,
    0xFF8D6A5E,0xFF9D674B,0xFFD67F4B,0xFFE68040,0xFFDE844C,0xFFA06C4F,0xFF846453,0xFF735D51,
    0xFF7D655C,0xFF77605A,0xFF635958,0xFF605957,0xFF545555,0xFF525354,0xFF655B56,0xFF7E6658,
    0xFF876554,0xFF856759,0xFF896A5C,0xFF9A7968,0xFF7D6758,0xFF7B695E,0xFF816E62,0xFF806051,
    0xFFA07A68,0xFF887162,0xFF736662,0xFF5E5E5F,0xFF626969,0xFF616767,0xFF636969,0xFF696E6E,
    0xFF666A6B,0xFF5F6364,0xFF585C5D,0xFF555A5B,0xFF555A5B,0xFF575C5D,0xFF5A5D5C,0xFF625F5A,
    0xFF70685E,0xFF91715E,0xFF9E6C54,0xFFA96F58,0xFFCF8151,0xFFE58E4B,0xFFC68058,0xFF8A6651,
    0xFF9C654E,0xFFE2874E,0xFFF49142,0xFFD38954,0xFF99705B,0xFF8C7064,0xFF9C7056,0xFFC07953,
    0xFFD17B4A,0xFFD67941,0xFFF18F4B,0xFFDF9558,0xFFBC8867,0xFF847668,0xFF777972,0xFF787973,
    0xFF747471,0xFF72726F,0xFF6A6A65,0xFF61615F,0xFF5A5A5B,0xFF575757,0xFF555555,0xFF535353,
    0xFF4F4F4F,0xFF4F4F4F,0xFF4E4E4E,0xFF4E4E4E,0xFF4E4E4D,0xFF504D4C,0xFF544E4C,0xFF5A4E4C,
    0xFF5F514E,0xFF6A534A,0xFF9A5C44,0xFFE47D41,0xFFFF8D39,0xFFF78836,0xFFF1822D,0xFFF5902D,
    0xFFFCA537,0xFFFFAC3B,0xFFFFAD3F,0xFFFFB149,0xFFF4A14D,0xFFE99862,0xFFC98D60,0xFF9E755C,
    0xFF8B7061,0xFF90715F,0xFF896F60,0xFF856A5D,0xFFB47750,0xFFF8A25A,0xFFD97E43,0xFFB46946,
    0xFF9E6445,0xFF845C49,0xFF75574B,0xFF6E544A,0xFF6C5349,0xFF6D5349,0xFF6D534A,0xFF70524B,
    0xFF72544B,0xFF7C584D,0xFF8B5C4F,0xFF935F49,0xFF9C6348,0xFFA1684E,0xFF93614C,0xFF815B4B,
    0xFF7E5A4B,0xFF89604C,0xFF946249,0xFF946149,0xFF91624B,0xFF8E604B,0xFF8C604E,0xFF8B6150,
    0xFF8E624F,0xFF936450,0xFF976751,0xFFA0755D,0xFF896D55,0xFF312716,0xFF796844,0xFF827353,
    0xFF322E1F,0xFF151810,0xFF6B5F41,0xFF89744D,0xFF3B3925,0xFF575843,0xFF080902,0xFF040505,
    0xFF474437,0xFF4D3C2A,0xFF696553,0xFF463E20,0xFFA08262,0xFF382710,0xFF413A17,0xFF656444,
    0xFF17200C,0xFF2B401E,0xFF061A01,0xFF17210A,0xFF38361D,0xFF2F2B1B,0xFF766D57,0xFF59503E,
    0xFF4E4A3E,0xFF2F2F25,0xFF241F12,0xFF262612,0xFF293A27,0xFF213314,0xFF141802,0xFF856347,
    0xFFB07F5F,0xFF4E3927,0xFF2F3322,0xFF4D463E,0xFF181215,0xFF090906,0xFF191A14,0xFF151813,
    0xFF565152,0xFF6F6A6D,0xFF544E55,0xFF524D54,0xFF463E46,0xFF2B2025,0xFF463736,0xFF3B2B2B,
    0xFF2A1C1C,0xFF352828,0xFF493C3C,0xFF352828,0xFF352929,0xFF3B2F2F,0xFF312525,0xFF362A2A,
    0xFF382C2C,0xFF352929,0xFF342828,0xFF312526,0xFF4F4845,0xFF3B322E,0xFF1D0C09,0xFF1E1613,
    0xFF1B1313,0xFF372222,0xFF382821,0xFF48322D,0xFF56433D,0xFF54423C,0xFF4C3B35,0xFF4B3934,
    0xFF372621,0xFF3B2924,0xFF43332E,0xFF41302B,0xFF65493F,0xFF7D5541,0xFF4B3524,0xFF170706,
    0xFF814F34,0xFFAE8C6E,0xFF405050,0xFF3D5964,0xFF3D5864,0xFF44585F,0xFF425961,0xFF3E555C,
    0xFF3A5158,0xFF364F58,0xFF34505B,0xFF38545E,0xFF3B5661,0xFF35505A,0xFF344F5A,0xFF334F59,
    0xFF35515C,0xFF36525B,0xFF345159,0xFF314F57,0xFF2F4D55,0xFF2C4A54,0xFF2C4B55,0xFF2E4C57,
    0xFF304E58,0xFF304E58,0xFF304E58,0xFF2F4D57,0xFF2C4A54,0xFF2A4852,0xFF2B4953,0xFF2B4953,
    0xFF2F4C57,0xFF304C57,0xFF2C4752,0xFF2A4651,0xFF294651,0xFF294551,0xFF2D4A55,0xFF304D58,
    0xFF314D58,0xFF304B56,0xFF2B4651,0xFF29454F,0xFF28434F,0xFF28434F,0xFF27424F,0xFF28424F,
    0xFF27424E,0xFF27424E,0xFF294450,0xFF2A4551,0xFF2A4551,0xFF2A4551,0xFF2C4653,0xFF2D4652,
    0xFF2C4450,0xFF2C4451,0xFF2D4551,0xFF2D4552,0xFF2C4450,0xFF2B4350,0xFF2C4450,0xFF2F4550,
    0xFF2F4551,0xFF2D444F,0xFF2C424E,0xFF2B414C,0xFF2D424E,0xFF2E444F,0xFF31454F,0xFF344851,
    0xFF344852,0xFF334750,0xFF394D56,0xFF3B4F58,0xFF40535C,0xFF3C5059,0xFF364953,0xFF32444E,
    0xFF2E404A,0xFF2C3E47,0xFF2F4147,0xFF35474D,0xFF33454A,0xFF32434A,0xFF34424B,0xFF34434C,
    0xFF34434C,0xFF34424B,0xFF303F48,0xFF303E48,0xFF303F48,0xFF304047,0xFF314046,0xFF333F47,
    0xFF353E47,0xFF363F47,0xFF383F46,0xFF3A4044,0xFF3F4345,0xFF474644,0xFF524845,0xFF694C42,
    0xFF865948,0xFFA56448,0xFFDC804A,0xFFE88341,0xFFE18651,0xFF9D6045,0xFF936552,0xFF91644F,
    0xFF936B59,0xFF89695B,0xFF75625D,0xFF695B57,0xFF545250,0xFF525455,0xFF625C5A,0xFF74645C,
    0xFF675A53,0xFF6A5F5C,0xFF746B69,0xFF716C69,0xFF5F6361,0xFF5F6668,0xFF616563,0xFF665D56,
    0xFF7B665B,0xFF76675C,0xFF625D59,0xFF5C6060,0xFF606766,0xFF626868,0xFF646A6A,0xFF696E6F,
    0xFF686B6D,0xFF5C6061,0xFF565A5B,0xFF515757,0xFF515857,0xFF555C5B,0xFF585D5D,0xFF61615E,
    0xFF70665B,0xFF9B745B,0xFF9D6545,0xFFA06852,0xFFB77855,0xFFC08456,0xFFB27E63,0xFF876A57,
    0xFF9F7055,0xFFEC945B,0xFFED954B,0xFFC78C5E,0xFF85705F,0xFF706D61,0xFF876F64,0xFFB57C69,
    0xFFC67B5B,0xFFC77A50,0xFFDA8C5B,0xFFA57755,0xFF896E62,0xFF75756D,0xFF707670,0xFF6A6E6B,
    0xFF646869,0xFF606564,0xFF5B5F5D,0xFF535858,0xFF4E5356,0xFF4F5153,0xFF505052,0xFF4E4F50,
    0xFF4C4C4E,0xFF4B4C4E,0xFF4C4C4E,0xFF4C4C4E,0xFF4C4C4E,0xFF4D4C4D,0xFF524C4C,0xFF584D4D,
    0xFF5C504D,0xFF675448,0xFF99614B,0xFFD77843,0xFFF48936,0xFFFF963A,0xFFFC9136,0xFFFE9C35,
    0xFFFBA436,0xFFF7A034,0xFFFCA439,0xFFFEAE40,0xFFFCA541,0xFFF3914A,0xFFDC8C54,0xFFA97758,
    0xFF8D6A56,0xFF9A7156,0xFF906F59,0xFF846858,0xFFBA7C4F,0xFFFA9E58,0xFFDC8248,0xFFAD6642,
    0xFF9F6649,0xFF845D4B,0xFF72564B,0xFF6B534A,0xFF69534A,0xFF6A544C,0xFF6A544B,0xFF67504B,
    0xFF68534A,0xFF705549,0xFF7F584C,0xFF885E4F,0xFF92624D,0xFF9B6650,0xFF8D5E4A,0xFF7B5A49,
    0xFF75584C,0xFF77584A,0xFF805C49,0xFF845F4C,0xFF8B6451,0xFF8C6150,0xFF875F4E,0xFF876150,
    0xFF8B6250,0xFF916652,0xFF9D7660,0xFF705843,0xFF1B160B,0xFF2F3322,0xFF494935,0xFF191C0D,
    0xFF030B02,0xFF1E271F,0xFF685838,0xFF8D7648,0xFF1E190B,0xFF35361F,0xFF0D1209,0xFF020609,
    0xFF0B0700,0xFF604727,0xFF4B3B21,0xFF383118,0xFF685438,0xFF475534,0xFF192F0B,0xFF353C21,
    0xFF17190B,0xFF192B18,0xFF11230C,0xFF1C230B,0xFF57593B,0xFF424431,0xFF080500,0xFF221808,
    0xFF615543,0xFF4C4337,0xFF5D4F40,0xFF463C26,0xFF212C1D,0xFF101F0A,0xFF292C1B,0xFF9F7E5F,
    0xFFC48F64,0xFFC1997A,0xFF5E4E3B,0xFF19140A,0xFF1D1710,0xFF434034,0xFF13150D,0xFF080C08,
    0xFF938F90,0xFF5C5659,0xFF463E43,0xFF494146,0xFF342F31,0xFF281D1D,0xFF30201B,0xFF32211D,
    0xFF251717,0xFF2A1C1B,0xFF2C1E1D,0xFF342727,0xFF372A2A,0xFF392D2D,0xFF433737,0xFF372A2A,
    0xFF403434,0xFF3F3333,0xFF3F3333,0xFF312220,0xFF20160F,0xFF483D38,0xFF392B25,0xFF040100,
    0xFF100B0A,0xFF241617,0xFF1B140F,0xFF473935,0xFF453331,0xFF392423,0xFF46322E,0xFF402E28,
    0xFF2D1C16,0xFF3E2D27,0xFF2F221E,0xFF1C1010,0xFF37201B,0xFF714938,0xFF5B3C24,0xFF301810,
    0xFF47291F,0xFFCA9267,0xFF57554D,0xFF38515B,0xFF3D5962,0xFF435B5F,0xFF435A62,0xFF425962,
    0xFF425961,0xFF3E5862,0xFF3A5663,0xFF385460,0xFF37535F,0xFF37535F,0xFF35505C,0xFF35505C,
    0xFF344F5A,0xFF324F58,0xFF345057,0xFF355159,0xFF335058,0xFF2C4953,0xFF33515A,0xFF35535C,
    0xFF2E4C55,0xFF2A4852,0xFF294751,0xFF284651,0xFF284650,0xFF2C4A53,0xFF304D57,0xFF2E4B56,
    0xFF2C4853,0xFF2B4752,0xFF2C4853,0xFF2E4A55,0xFF324C55,0xFF354E56,0xFF354E56,0xFF334C54,
    0xFF2D4854,0xFF2A4550,0xFF294550,0xFF2A4551,0xFF284451,0xFF284451,0xFF284451,0xFF274351,
    0xFF264250,0xFF264250,0xFF24414E,0xFF233F4C,0xFF23404D,0xFF233F4C,0xFF213E4B,0xFF243C48,
    0xFF263D48,0xFF253D48,0xFF253C48,0xFF243C48,0xFF263E49,0xFF253D49,0xFF223944,0xFF253A45,
    0xFF283E48,0xFF283E48,0xFF283E47,0xFF293F49,0xFF2A404B,0xFF2C434E,0xFF2D424C,0xFF2E424B,
    0xFF2F434D,0xFF334750,0xFF384C55,0xFF344851,0xFF31454E,0xFF2F434C,0xFF2F424B,0xFF2E404A,
    0xFF30424D,0xFF354751,0xFF384A4F,0xFF33454A,0xFF314347,0xFF324248,0xFF2D3B44,0xFF2A3841,
    0xFF2E3C44,0xFF324048,0xFF33424A,0xFF303E46,0xFF313F47,0xFF324046,0xFF323F45,0xFF374148,
    0xFF384147,0xFF384046,0xFF3B4146,0xFF434649,0xFF4B4C4D,0xFF534948,0xFF61504C,0xFF805F4F,
    0xFF8C5D48,0xFFA6664D,0xFFC87141,0xFFDA7B40,0xFFDF854E,0xFFB26A3E,0xFFBC7C53,0xFFBE7A49,
    0xFFA86F4D,0xFF8C6452,0xFF8B6F64,0xFF806A60,0xFF5F5A54,0xFF666866,0xFF676463,0xFF6A5E57,
    0xFF6D6054,0xFF6E6157,0xFF6D6962,0xFF686965,0xFF71746F,0xFF6C7471,0xFF656A67,0xFF646864,
    0xFF636463,0xFF696661,0xFF636965,0xFF646C6B,0xFF656B6B,0xFF636A6A,0xFF646B6B,0xFF666B6C,
    0xFF666B6C,0xFF636768,0xFF5B5F5F,0xFF505858,0xFF4F5857,0xFF545D5B,0xFF596061,0xFF5C5E5F,
    0xFF6A6053,0xFFAD8061,0xFFC7825A,0xFFAE7259,0xFFA77359,0xFF9E775A,0xFF96796E,0xFF7C7067,
    0xFF856C5D,0xFFC2865F,0xFFCD8D5D,0xFFA57D64,0xFF756B66,0xFF6B6F6A,0xFF717067,0xFF8E7161,
    0xFF9F7359,0xFFAC7F5D,0xFFB88362,0xFF836D5F,0xFF736C6A,0xFF68716C,0xFF676D6B,0xFF5F6564,
    0xFF595E60,0xFF535959,0xFF515757,0xFF4E5456,0xFF4C5155,0xFF4B4F52,0xFF4A4E50,0xFF494C4F,
    0xFF494C4F,0xFF494C4E,0xFF494C4E,0xFF494C4E,0xFF4A4C4E,0xFF4C4B4D,0xFF504B4C,0xFF564C4C,
    0xFF594F4B,0xFF665346,0xFF8C5B48,0xFFBC693E,0xFFE38231,0xFFFD9D36,0xFFF6902F,0xFFF9992E,
    0xFFFDA635,0xFFF79D34,0xFFFBA139,0xFFFDAB3F,0xFFFEA741,0xFFF89144,0xFFE18647,0xFFB87951,
    0xFFBC7F55,0xFFDA9460,0xFFC38458,0xFFA4734E,0xFFD38C54,0xFFF08E44,0xFFE88E50,0xFFAE6A43,
    0xFF975F43,0xFF805A4A,0xFF70554B,0xFF68534A,0xFF65524A,0xFF66524A,0xFF67544C,0xFF63544D,
    0xFF61524A,0xFF665347,0xFF715349,0xFF77574F,0xFF82594B,0xFF94634E,0xFF8F604B,0xFF7D5B4A,
    0xFF72564A,0xFF71564A,0xFF74584A,0xFF795C4D,0xFF826052,0xFF875F52,0xFF855F50,0xFF856050,
    0xFF86614E,0xFF8B6350,0xFF986B58,0xFF826352,0xFF43382A,0xFF312B1C,0xFF202317,0xFF1E2517,
    0xFF262D19,0xFF131A0B,0xFF3F3B24,0xFF564A2C,0xFF10130F,0xFF171E0D,0xFF0C1008,0xFF000508,
    0xFF1D180D,0xFFAA9367,0xFF66593C,0xFF121309,0xFF111503,0xFF13220B,0xFF1D280C,0xFF32381F,
    0xFF2E3923,0xFF010400,0xFF41422E,0xFF47492D,0xFF373C1C,0xFF1B2109,0xFF63634B,0xFF7C6E52,
    0xFF66513A,0xFF201813,0xFF5D4D40,0xFF574937,0xFF080B00,0xFF0A1204,0xFF171A10,0xFF8C765B,
    0xFFCFA274,0xFFDFA985,0xFF8A654E,0xFF1E1C11,0xFF504E39,0xFF514D38,0xFF0F1106,0xFF030804,
    0xFF454046,0xFF4C464A,0xFF5A5154,0xFF463B3D,0xFF201515,0xFF322626,0xFF2D2121,0xFF221513,
    0xFF342624,0xFF281A19,0xFF1B0D0C,0xFF291B1A,0xFF3B2E2D,0xFF302221,0xFF483A3A,0xFF4B3D3D,
    0xFF4A3C3C,0xFF3F3131,0xFF362929,0xFF362725,0xFF372824,0xFF433431,0xFF2E201D,0xFF130908,
    0xFF231817,0xFF221616,0xFF2C2120,0xFF352726,0xFF433232,0xFF382626,0xFF362221,0xFF55413F,
    0xFF301F1C,0xFF231411,0xFF251811,0xFF180F0E,0xFF241111,0xFF774F43,0xFF754934,0xFF4B2B1E,
    0xFF3C2016,0xFFBC7D59,0xFF816A5A,0xFF2A4B52,0xFF344D56,0xFF344D56,0xFF374F5A,0xFF3B535E,
    0xFF39515C,0xFF314B55,0xFF34505A,0xFF39545F,0xFF3B5461,0xFF355563,0xFF37555F,0xFF395258,
    0xFF37525A,0xFF35525E,0xFF3B5258,0xFF3B5258,0xFF36515D,0xFF375258,0xFF3A555B,0xFF3C565C,
    0xFF38535A,0xFF34515C,0xFF2C4953,0xFF2A4652,0xFF304C56,0xFF324E55,0xFF324D57,0xFF324B56,
    0xFF2F4B56,0xFF2B4850,0xFF2D4950,0xFF2F4A52,0xFF334A54,0xFF334A54,0xFF334A54,0xFF324953,
    0xFF334953,0xFF304854,0xFF2D4453,0xFF284252,0xFF264450,0xFF264450,0xFF25424D,0xFF223F4E,
    0xFF223F53,0xFF223F4F,0xFF203E4A,0xFF233F4A,0xFF233E4A,0xFF26414E,0xFF2E4956,0xFF384C54,
    0xFF3F5056,0xFF3B4D53,0xFF36494F,0xFF2F474E,0xFF273F47,0xFF2D4248,0xFF34474C,0xFF374A4D,
    0xFF384A4E,0xFF384B4E,0xFF374A4D,0xFF334A4E,0xFF30464C,0xFF2D434C,0xFF2D414B,0xFF2E3F4A,
    0xFF2F414B,0xFF31434D,0xFF374A53,0xFF394D55,0xFF364951,0xFF32454D,0xFF32474B,0xFF34484E,
    0xFF354852,0xFF334653,0xFF2A3F49,0xFF33464E,0xFF37474D,0xFF37454B,0xFF33454D,0xFF2D3E47,
    0xFF293B43,0xFF293A41,0xFF293B40,0xFF2A3940,0xFF29363D,0xFF2A3940,0xFF2F3C43,0xFF333F44,
    0xFF374145,0xFF3D4246,0xFF454646,0xFF504A48,0xFF594E4B,0xFF62504C,0xFF735850,0xFF8C6356,
    0xFF9F6957,0xFFB16E53,0xFFB06642,0xFFC66C3B,0xFFDF7D47,0xFFDE8044,0xFFEC8E48,0xFFE68F4C,
    0xFFBF7E4F,0xFF7E6158,0xFF8A695E,0xFF8B6C5C,0xFF64615C,0xFF686761,0xFF826D5F,0xFFA6775C,
    0xFFBB865F,0xFFAA7E66,0xFF746B5D,0xFF6C6F6A,0xFF777A78,0xFF717573,0xFF6A6E6B,0xFF6C7271,
    0xFF747274,0xFF70726D,0xFF65716B,0xFF746E66,0xFF767068,0xFF656A68,0xFF69706D,0xFF6F7272,
    0xFF6E7477,0xFF686F71,0xFF676865,0xFF5A5F5F,0xFF585E5F,0xFF5A605F,0xFF5D6262,0xFF68635E,
    0xFF71604C,0xFFB37D5D,0xFFEA8D58,0xFFC27F59,0xFFB0785B,0xFFA87C5F,0xFF887A70,0xFF7E776F,
    0xFF726B62,0xFF716A5D,0xFF6D695F,0xFF686963,0xFF6B6F6A,0xFF6B706C,0xFF696C6B,0xFF6C6661,
    0xFF74695E,0xFF7F7263,0xFF827566,0xFF6D6A64,0xFF6D6E63,0xFF616F69,0xFF5F6565,0xFF595F5F,
    0xFF555A5A,0xFF505657,0xFF4E5356,0xFF4D5255,0xFF4A4E51,0xFF495052,0xFF485152,0xFF454D4F,
    0xFF464E50,0xFF485150,0xFF474D4D,0xFF4A4C4E,0xFF4B4C4E,0xFF4C4C4C,0xFF504C4C,0xFF564E4D,
    0xFF5A504D,0xFF655147,0xFF7C5548,0xFFA56041,0xFFE28436,0xFFFFA638,0xFFF6902B,0xFFFA942F,
    0xFFFB9F31,0xFFF39E30,0xFFFEAD3B,0xFFFEA639,0xFFFA963C,0xFFF99349,0xFFF49251,0xFFE78C4C,
    0xFFE5934E,0xFFFEA35A,0xFFF19751,0xFFE08D4D,0xFFEE9752,0xFFEF9348,0xFFF49A59,0xFFBB7046,
    0xFF966047,0xFF835B48,0xFF70574C,0xFF665348,0xFF655148,0xFF645149,0xFF65524C,0xFF65544D,
    0xFF64544C,0xFF65544C,0xFF67554D,0xFF6E564F,0xFF74574B,0xFF825F4E,0xFF835D4C,0xFF7B594F,
    0xFF72554B,0xFF6D564A,0xFF6E584B,0xFF74584D,0xFF795A51,0xFF7E5C54,0xFF815E53,0xFF835F51,
    0xFF856254,0xFF886557,0xFF8A6451,0xFFA37963,0xFF968567,0xFF7B7251,0xFF4E5038,0xFF272B22,
    0xFF0F1109,0xFF222714,0xFF393825,0xFF756951,0xFF6D6A4E,0xFF060B01,0xFF1E2314,0xFF161C12,
    0xFF2D2F1C,0xFF807755,0xFF3E381C,0xFF0F1A07,0xFF15250F,0xFF061301,0xFF070F00,0xFF2C2F1E,
    0xFF2F3924,0xFF444932,0xFF3F412B,0xFF161908,0xFF5C623B,0xFF434923,0xFF333820,0xFF61513C,
    0xFFDBB39D,0xFFB08570,0xFF9B7D63,0xFF46412A,0xFF11180D,0xFF020500,0xFF13120B,0xFF281F15,
    0xFF6B4E39,0xFFD19F79,0xFFBB8D67,0xFF675947,0xFF1D1D13,0xFF404033,0xFF37382C,0xFF27281D,
    0xFF373237,0xFF514B4E,0xFF2E2626,0xFF2F2424,0xFF1D1010,0xFF190D0D,0xFF241818,0xFF190C0C,
    0xFF1E0F0E,0xFF180A09,0xFF1B0D0C,0xFF1F1110,0xFF221413,0xFF241615,0xFF392B2A,0xFF483A3A,
    0xFF4B3D3D,0xFF3D2F2F,0xFF362828,0xFF413230,0xFF3E2F2C,0xFF382825,0xFF322421,0xFF1C1010,
    0xFF231717,0xFF180C0C,0xFF150A09,0xFF2E201F,0xFF574747,0xFF524141,0xFF3A2726,0xFF362221,
    0xFF2F1D1B,0xFF31221F,0xFF382821,0xFF352924,0xFF291A16,0xFF4F3426,0xFF7E5C4A,0xFF462D22,
    0xFF2A130C,0xFF864E30,0xFF775D4C,0xFF2F4F55,0xFF314750,0xFF294048,0xFF2C444B,0xFF344C52,
    0xFF395157,0xFF3B545B,0xFF3A555C,0xFF3C545B,0xFF354A54,0xFF334E54,0xFF345052,0xFF304E52,
    0xFF2D545F,0xFF2E4F5C,0xFF314B55,0xFF2F4A53,0xFF2E4B58,0xFF2D4953,0xFF2C4952,0xFF2E4B54,
    0xFF314D57,0xFF324E59,0xFF2F4C56,0xFF2F4B56,0xFF2F4C57,0xFF294752,0xFF2A4651,0xFF2B4550,
    0xFF29424A,0xFF2C444A,0xFF2E474D,0xFF314B50,0xFF344E57,0xFF2E4952,0xFF26414A,0xFF27424A,
    0xFF29434B,0xFF2A444D,0xFF2A4450,0xFF25404C,0xFF223D46,0xFF223C46,0xFF253F49,0xFF2A424E,
    0xFF2C434F,0xFF2D444E,0xFF2D454C,0xFF2D434B,0xFF2E434C,0xFF2E434C,0xFF2C414A,0xFF2D4048,
    0xFF283B43,0xFF283B42,0xFF293C43,0xFF273E46,0xFF2E444B,0xFF35494E,0xFF36494D,0xFF364A4F,
    0xFF2F4349,0xFF2D4146,0xFF32464B,0xFF2F4448,0xFF2A3E44,0xFF283C45,0xFF2A3D46,0xFF2F414B,
    0xFF364852,0xFF394B55,0xFF405157,0xFF435357,0xFF415156,0xFF3E4F53,0xFF3D4D4F,0xFF354448,
    0xFF2F3F44,0xFF2F3E46,0xFF273A43,0xFF23343C,0xFF2C3A41,0xFF334046,0xFF37444A,0xFF38464B,
    0xFF354348,0xFF344246,0xFF354245,0xFF394449,0xFF3B4449,0xFF374048,0xFF373F47,0xFF393F44,
    0xFF3D4045,0xFF414448,0xFF464646,0xFF4E4744,0xFF5A4D48,0xFF685249,0xFF7A5B50,0xFF845A4E,
    0xFF885747,0xFF9A644C,0xFFA6664B,0xFFC26D47,0xFFD87848,0xFFDC7A3D,0xFFF08A41,0xFFF58F45,
    0xFFC17C4B,0xFF70605C,0xFF725E59,0xFF736058,0xFF6D615E,0xFF755F53,0xFF9D7158,0xFFC67F59,
    0xFFC0845B,0xFFA47F68,0xFF736D65,0xFF646C6A,0xFF686C6B,0xFF6B6E6E,0xFF6A6D6D,0xFF666D6B,
    0xFF736B66,0xFF7C6D61,0xFF70675B,0xFF9A7A69,0xFFA3836D,0xFF786A5D,0xFF787264,0xFF767168,
    0xFF737574,0xFF6A7372,0xFF626966,0xFF616865,0xFF656B68,0xFF656B67,0xFF656964,0xFF8D7B6A,
    0xFFA1745B,0xFFBA7B59,0xFFDD854F,0xFFC87D52,0xFFB87E60,0xFFA27E69,0xFF7A756F,0xFF73726E,
    0xFF71726D,0xFF6D716B,0xFF696F6C,0xFF656B68,0xFF676C68,0xFF676C68,0xFF616D70,0xFF646F71,
    0xFF656A69,0xFF67665E,0xFF68665B,0xFF646767,0xFF706F67,0xFF636D69,0xFF5B6463,0xFF585F5F,
    0xFF535C5B,0xFF515959,0xFF4D5457,0xFF4D5456,0xFF4A5153,0xFF4B5254,0xFF4A5254,0xFF444C4E,
    0xFF474F51,0xFF495251,0xFF484E4E,0xFF4A4C4E,0xFF4B4C4E,0xFF4A4C4B,0xFF4F4D4C,0xFF58504E,
    0xFF5B5250,0xFF625149,0xFF745349,0xFF9A6048,0xFFDD853C,0xFFFFA533,0xFFF6952F,0xFFF49432,
    0xFFFD9D35,0xFFFB9F35,0xFFFFAD40,0xFFFFA642,0xFFF38F3D,0xFFEC8843,0xFFEB8848,0xFFE98944,
    0xFFEE9048,0xFFF19149,0xFFE38745,0xFFDB8548,0xFFD98341,0xFFE18C48,0xFFE08F58,0xFFB46D46,
    0xFFA06749,0xFF90624B,0xFF7C5A4B,0xFF6E554B,0xFF69554C,0xFF67554E,0xFF64534D,0xFF65544D,
    0xFF67554D,0xFF66554D,0xFF67564E,0xFF6C5852,0xFF705950,0xFF785C50,0xFF7B5B4E,0xFF7A5950,
    0xFF775A4F,0xFF735C4F,0xFF715C4F,0xFF735B4F,0xFF775C51,0xFF7B5F54,0xFF7E6056,0xFF7F6055,
    0xFF826458,0xFF85665B,0xFF8E7267,0xFF81655B,0xFF151304,0xFF151D07,0xFF1E220D,0xFF20241A,
    0xFF171A13,0xFF454A37,0xFF2D3023,0xFF403C29,0xFF575C38,0xFF14200A,0xFF1E2A11,0xFF263421,
    0xFF0F1707,0xFF25230A,0xFF2F2E13,0xFF212C17,0xFF0E1D0A,0xFF0B1B03,0xFF464F38,0xFF343628,
    0xFF363B2B,0xFF191D0D,0xFF292A23,0xFF1A1C11,0xFF2A2F12,0xFF293113,0xFF18200A,0xFF494230,
    0xFF9A7D65,0xFFDAB38B,0xFF7F684D,0xFF111209,0xFF05110E,0xFF151814,0xFF2B231A,0xFF776555,
    0xFF7B5840,0xFFD1A37D,0xFFAE8C68,0xFF716958,0xFF0B0D08,0xFF22241D,0xFF181A12,0xFF202219,
    0xFF494547,0xFF241F1F,0xFF0B0201,0xFF120807,0xFF160A0A,0xFF150909,0xFF170B0C,0xFF140707,
    0xFF160807,0xFF231514,0xFF211312,0xFF251716,0xFF251716,0xFF281A19,0xFF1D0F0E,0xFF1B0D0B,
    0xFF403230,0xFF291B19,0xFF372927,0xFF433431,0xFF21120F,0xFF382926,0xFF2F211E,0xFF271B1B,
    0xFF150909,0xFF221616,0xFF201514,0xFF1B0E0C,0xFF443434,0xFF544242,0xFF534140,0xFF513F3D,
    0xFF362422,0xFF362523,0xFF2A1710,0xFF302018,0xFF33251D,0xFF352113,0xFF734E39,0xFF7C5946,
    0xFF6D4D3D,0xFF844723,0xFF654837,0xFF355156,0xFF485B63,0xFF485C62,0xFF455C5D,0xFF445B5C,
    0xFF445B5C,0xFF465C61,0xFF44595F,0xFF4D5E63,0xFF657177,0xFF626769,0xFF5F6160,0xFF4D575B,
    0xFF283C4A,0xFF2B4754,0xFF2A4752,0xFF284551,0xFF26434F,0xFF27444F,0xFF24414D,0xFF23404C,
    0xFF284550,0xFF2A4651,0xFF2A4651,0xFF294550,0xFF25444F,0xFF274651,0xFF2A444F,0xFF2E454F,
    0xFF3F5156,0xFF445558,0xFF405559,0xFF3A5056,0xFF2A454B,0xFF233F45,0xFF244046,0xFF27444A,
    0xFF28454B,0xFF2B464C,0xFF2C444C,0xFF364C54,0xFF364B51,0xFF33484F,0xFF334950,0xFF36494F,
    0xFF374649,0xFF38474C,0xFF39484C,0xFF37484D,0xFF35474E,0xFF2E4046,0xFF24363D,0xFF23373E,
    0xFF273B43,0xFF283C44,0xFF2C4149,0xFF2B4049,0xFF2C4048,0xFF2E4046,0xFF304147,0xFF273B44,
    0xFF283C45,0xFF283C46,0xFF293D45,0xFF2F4246,0xFF2F4249,0xFF30424B,0xFF344651,0xFF374953,
    0xFF3A4C56,0xFF3C4E58,0xFF435156,0xFF445153,0xFF424F53,0xFF404E51,0xFF3C474A,0xFF3B464A,
    0xFF374145,0xFF303C3F,0xFF324147,0xFF38464D,0xFF334249,0xFF303E43,0xFF343E41,0xFF354044,
    0xFF364145,0xFF384245,0xFF364042,0xFF383E42,0xFF3E4246,0xFF3E4249,0xFF3E4149,0xFF434449,
    0xFF454448,0xFF44464A,0xFF474747,0xFF514A47,0xFF5F514D,0xFF6C5349,0xFF79584C,0xFF815649,
    0xFF7F503F,0xFF865843,0xFF985E48,0xFFB06144,0xFFCB6E44,0xFFDC7D43,0xFFE88541,0xFFFC8E46,
    0xFFD07D47,0xFF735949,0xFF7A5F51,0xFF7F6353,0xFF86665B,0xFF9F705A,0xFFBA7651,0xFFDA8154,
    0xFFAC7452,0xFF716151,0xFF6E6C6E,0xFF626D6E,0xFF5E6665,0xFF636A6A,0xFF626969,0xFF5D6863,
    0xFF7F7064,0xFFA37B65,0xFF946F5A,0xFFBC846A,0xFFBD8564,0xFF9C765C,0xFFA28367,0xFF967B66,
    0xFF887B6F,0xFF757771,0xFF707873,0xFF747B75,0xFF797971,0xFF7C766D,0xFF83786A,0xFFAA8161,
    0xFFCA8061,0xFFC27D5C,0xFFD08553,0xFFD28052,0xFFBC8062,0xFF847064,0xFF6E716F,0xFF6E7272,
    0xFF6A716F,0xFF68716F,0xFF666E6B,0xFF646B68,0xFF666E6B,0xFF676E6C,0xFF67706C,0xFF616864,
    0xFF686258,0xFF7E6B57,0xFF796F5E,0xFF676768,0xFF736D69,0xFF616665,0xFF576163,0xFF545D5F,
    0xFF50595B,0xFF4F5859,0xFF4E5758,0xFF4F585A,0xFF4C5557,0xFF4A5254,0xFF495153,0xFF454D4F,
    0xFF485052,0xFF4A5352,0xFF4A5050,0xFF4C4F50,0xFF4D4E50,0xFF494C4B,0xFF4C4C4B,0xFF524D4A,
    0xFF554E4C,0xFF5D4E48,0xFF695148,0xFF805849,0xFFC6753D,0xFFFF993A,0xFFF68D3A,0xFFF28C3C,
    0xFFF99238,0xFFFB9434,0xFFF79939,0xFFED9341,0xFFE88842,0xFFE17F40,0xFFDE7C3D,0xFFE88641,
    0xFFFA9347,0xFFED8943,0xFFDC7E40,0xFFD98146,0xFFDA8344,0xFFD17D3E,0xFFC17549,0xFFAB6948,
    0xFFA86C4C,0xFF9B664E,0xFF895D4A,0xFF775649,0xFF6F564C,0xFF6C574E,0xFF695951,0xFF6B5950,
    0xFF6B594F,0xFF6A584E,0xFF6C5950,0xFF6E5C55,0xFF705C53,0xFF745E54,0xFF81675C,0xFF84675A,
    0xFF816558,0xFF7F6658,0xFF7B6455,0xFF786555,0xFF7C6556,0xFF806759,0xFF84695C,0xFF876B60,
    0xFF886D61,0xFF896E62,0xFF917567,0xFF8F7265,0xFF555442,0xFF2F3823,0xFF242A18,0xFF141C10,
    0xFF030900,0xFF10180A,0xFF071008,0xFF151B0C,0xFF192809,0xFF0B1D06,0xFF0E2106,0xFF071C05,
    0xFF081609,0xFF181D0E,0xFF5B5D48,0xFF48503E,0xFF091407,0xFF091602,0xFF343B26,0xFF262718,
    0xFF111505,0xFF363B25,0xFF373930,0xFF282D15,0xFF191E02,0xFF1D250F,0xFF202A15,0xFF121607,
    0xFF332917,0xFF806B50,0xFF605A44,0xFF1E2918,0xFF020A03,0xFF514437,0xFF9B785C,0xFF8C603E,
    0xFF7E4F34,0xFFB48E6A,0xFF493B1E,0xFF14180B,0xFF111810,0xFF060A05,0xFF030702,0xFF080E07,
    0xFF534F4F,0xFF171210,0xFF100705,0xFF190F0C,0xFF1D1111,0xFF1A0E0E,0xFF150A0A,0xFF150908,
    0xFF160807,0xFF241615,0xFF291B1A,0xFF231514,0xFF281A19,0xFF302221,0xFF221414,0xFF2C1E1B,
    0xFF332521,0xFF3D2F2B,0xFF2D1F1B,0xFF241512,0xFF31221F,0xFF2B1C18,0xFF291A18,0xFF1C1010,
    0xFF130707,0xFF180C0C,0xFF1C100F,0xFF1C0F0D,0xFF221212,0xFF342222,0xFF2E1E1D,0xFF554643,
    0xFF5F4D4B,0xFF604C4B,0xFF4B372E,0xFF4B382C,0xFF5D493F,0xFF3E271C,0xFF744935,0xFF6A3A25,
    0xFF734834,0xFF9F5E39,0xFF72513F,0xFF3E565B,0xFF46555D,0xFF4B5C61,0xFF4D6064,0xFF506267,
    0xFF4D6165,0xFF4E5E65,0xFF576068,0xFF696C70,0xFF605D5E,0xFF4B4042,0xFF63504F,0xFF8B7674,
    0xFF78696B,0xFF2A3C42,0xFF28444F,0xFF314B56,0xFF374E56,0xFF364D58,0xFF344C57,0xFF2C434F,
    0xFF233C48,0xFF213E49,0xFF233F4A,0xFF24404B,0xFF24414B,0xFF243F49,0xFF384D54,0xFF4A595C,
    0xFF505A5A,0xFF4C5656,0xFF3B4A4D,0xFF293C43,0xFF263C43,0xFF2F454C,0xFF32484F,0xFF2E444B,
    0xFF2B434A,0xFF2D4248,0xFF38484D,0xFF3C4A4E,0xFF364749,0xFF344547,0xFF39494C,0xFF3D4C4E,
    0xFF3C4A4A,0xFF3D4B4D,0xFF364348,0xFF304046,0xFF283B41,0xFF2D4047,0xFF35484F,0xFF36484D,
    0xFF405056,0xFF3A4A50,0xFF293A40,0xFF2D4049,0xFF2F414A,0xFF2F3F45,0xFF344349,0xFF34454C,
    0xFF34454B,0xFF38484F,0xFF324348,0xFF35474C,0xFF3A4C54,0xFF33444E,0xFF2E404A,0xFF32454F,
    0xFF334550,0xFF32454F,0xFF324349,0xFF354549,0xFF3B4B50,0xFF304044,0xFF2D3841,0xFF37424A,
    0xFF39454A,0xFF404B4E,0xFF3F494C,0xFF3D494D,0xFF303F46,0xFF23333A,0xFF26343A,0xFF28353B,
    0xFF2B393F,0xFF313D42,0xFF384146,0xFF3B4248,0xFF393E45,0xFF363B41,0xFF383D41,0xFF3D3F43,
    0xFF3D3D40,0xFF393B3F,0xFF3F3F3F,0xFF48413E,0xFF524542,0xFF5D4942,0xFF6A4A3F,0xFF885846,
    0xFF986049,0xFF935C43,0xFF9F6148,0xFFB06342,0xFFBF673E,0xFFCB7241,0xFFCD743C,0xFFE37D43,
    0xFFE38650,0xFF90634A,0xFF9C6D51,0xFFAE7555,0xFFA46D58,0xFFB87756,0xFFC97B4C,0xFFDD8253,
    0xFF9E725A,0xFF5D645C,0xFF68666E,0xFF5F6868,0xFF5A6565,0xFF5B6465,0xFF576062,0xFF525D5A,
    0xFF796055,0xFFB0745B,0xFFA97356,0xFFB17658,0xFFB17756,0xFFAF7A5B,0xFFBE845F,0xFFBF8462,
    0xFFA9816A,0xFF837468,0xFF7C7A71,0xFF777973,0xFF81766B,0xFF997964,0xFFA77A5E,0xFFC5835B,
    0xFFD5865D,0xFFB77555,0xFFBE7956,0xFFD68256,0xFFB97C5C,0xFF7B726A,0xFF6E716F,0xFF696E6F,
    0xFF656D6C,0xFF616C6B,0xFF616A69,0xFF616A69,0xFF606A68,0xFF606967,0xFF64655F,0xFF68625A,
    0xFF866953,0xFFBD865D,0xFFB38867,0xFF72615B,0xFF736761,0xFF606361,0xFF555F63,0xFF545E61,
    0xFF555F62,0xFF535D5F,0xFF4F5A5B,0xFF4E5959,0xFF495454,0xFF485052,0xFF464E50,0xFF454D4F,
    0xFF495253,0xFF4C5554,0xFF4B5151,0xFF4E5152,0xFF4E4F51,0xFF4B504F,0xFF4D4F4D,0xFF514E4A,
    0xFF54504D,0xFF584D48,0xFF5B4D45,0xFF685048,0xFFA56444,0xFFDC8245,0xFFD4713B,0xFFD3703B,
    0xFFE37A33,0xFFF68B39,0xFFEA8939,0xFFC77338,0xFFDA7E44,0xFFE38448,0xFFDF7F42,0xFFEE8C45,
    0xFFFE9546,0xFFE8833C,0xFFE88643,0xFFF08A48,0xFFF48F4C,0xFFDB7E3E,0xFFBC6D42,0xFFA46347,
    0xFF986043,0xFF97624A,0xFF936150,0xFF845A4B,0xFF7C5A4B,0xFF735849,0xFF705B4C,0xFF725E53,
    0xFF766257,0xFF7A665B,0xFF7A665B,0xFF7C665A,0xFF7B655A,0xFF7A6459,0xFF806A5D,0xFF84695A,
    0xFF856A5B,0xFF876B5D,0xFF856C5C,0xFF846D5C,0xFF866C5C,0xFF886C5D,0xFF886B5C,0xFF896C5D,
    0xFF8D6F61,0xFF907365,0xFF967360,0xFFA6816E,0xFF3C3621,0xFF232A16,0xFF232B1B,0xFF071004,
    0xFF1B2418,0xFF111A0E,0xFF09140A,0xFF030E05,0xFF051402,0xFF0C1C0B,0xFF11260B,0xFF092006,
    0xFF09150A,0xFF111B12,0xFF141D0E,0xFF1C2113,0xFF071007,0xFF0C150A,0xFF1D2012,0xFF4E4E3D,
    0xFF1F230E,0xFF3C4023,0xFF1D1F12,0xFF7A8254,0xFF3B4022,0xFF2C3021,0xFF111707,0xFF1C2613,
    0xFF2A321E,0xFF0A0E00,0xFF162211,0xFF2E3C25,0xFF090F00,0xFF856D59,0xFFEBB491,0xFFC89267,
    0xFFB98865,0xFF83684C,0xFF121602,0xFF212A18,0xFF141D11,0xFF182317,0xFF0E170D,0xFF020C02,
    0xFF423E3C,0xFF1D1815,0xFF140C08,0xFF1B110E,0xFF1B0F0F,0xFF100505,0xFF130707,0xFF180C0A,
    0xFF221312,0xFF201211,0xFF231514,0xFF231514,0xFF271918,0xFF2B1D1C,0xFF231514,0xFF30231E,
    0xFF291C16,0xFF3C2F29,0xFF1F120C,0xFF392A27,0xFF3D2E2B,0xFF30211E,0xFF180A08,0xFF100505,
    0xFF211515,0xFF1C0F0F,0xFF1A0D0C,0xFF1F100F,0xFF241413,0xFF1F0D0D,0xFF1F100E,0xFF281A17,
    0xFF52403E,0xFF725D5C,0xFF735F56,0xFF4F372A,0xFF583A30,0xFF52342F,0xFF633F37,0xFF673F34,
    0xFF3E1A12,0xFF783E26,0xFF6C4B39,0xFF41575C,0xFF46545B,0xFF3E4E55,0xFF374A51,0xFF3B4D54,
    0xFF3B4E56,0xFF414B53,0xFF5D5B63,0xFF4A4247,0xFF584849,0xFF665C5D,0xFF4A3C38,0xFF482F22,
    0xFF8A6C5B,0xFF636663,0xFF253C44,0xFF39525A,0xFF3F4F53,0xFF3F5058,0xFF42555D,0xFF405159,
    0xFF354A53,0xFF2F4B55,0xFF28434E,0xFF243F4A,0xFF243F47,0xFF31484D,0xFF49585A,0xFF49504F,
    0xFF464C4A,0xFF4B5352,0xFF485558,0xFF415158,0xFF3C4C52,0xFF324349,0xFF31434A,0xFF31444A,
    0xFF30434A,0xFF36464C,0xFF414A4F,0xFF3E4648,0xFF374646,0xFF364444,0xFF394747,0xFF3C4A49,
    0xFF3C4A49,0xFF374447,0xFF323D44,0xFF293B42,0xFF20363E,0xFF21363E,0xFF20353C,0xFF2E3B3E,
    0xFF3A4546,0xFF3D4849,0xFF364243,0xFF283942,0xFF2A3B44,0xFF2F3E45,0xFF354248,0xFF3A444A,
    0xFF364045,0xFF343E43,0xFF344145,0xFF2E4045,0xFF2C3D45,0xFF2B3C46,0xFF2B3C46,0xFF30424B,
    0xFF33454F,0xFF3C4E57,0xFF40535B,0xFF364A51,0xFF263A42,0xFF1F323B,0xFF283643,0xFF283540,
    0xFF2D3B43,0xFF303E42,0xFF353E3F,0xFF343F43,0xFF324047,0xFF2C3D44,0xFF273840,0xFF24363D,
    0xFF23343D,0xFF26353D,0xFF29353D,0xFF2A353D,0xFF303842,0xFF333B41,0xFF374043,0xFF3E4346,
    0xFF434647,0xFF404446,0xFF424242,0xFF4C4340,0xFF51433F,0xFF584542,0xFF6A4A3F,0xFF8C5943,
    0xFFA26246,0xFFA56144,0xFFAB6647,0xFFBB6C44,0xFFC56F41,0xFFC47145,0xFFB96B3F,0xFFC77145,
    0xFFCD774F,0xFF8C5F4C,0xFF9F6D50,0xFFB77350,0xFFAF6F53,0xFFB16A42,0xFFC87A48,0xFFD27F53,
    0xFF856457,0xFF516664,0xFF615F69,0xFF5C635F,0xFF596465,0xFF5B6567,0xFF5B6466,0xFF596161,
    0xFF83645A,0xFFB77155,0xFFAD714F,0xFFA16E50,0xFF9F6C4E,0xFFB47757,0xFFC87B54,0xFFCF7E54,
    0xFFB97B5C,0xFF9D7B69,0xFF87786C,0xFF7A746E,0xFF927768,0xFFB88060,0xFFC77D55,0xFFD27F55,
    0xFFCB8456,0xFFB2785B,0xFFB6745B,0xFFD08159,0xFFB3795A,0xFF7A726C,0xFF717370,0xFF686B6C,
    0xFF636968,0xFF5F6866,0xFF5B6464,0xFF596364,0xFF596363,0xFF596363,0xFF586061,0xFF676462,
    0xFF916B56,0xFFCF8355,0xFFCE8556,0xFF8A6A59,0xFF7F7167,0xFF5D625E,0xFF556165,0xFF5D686B,
    0xFF5D686C,0xFF576264,0xFF535F60,0xFF546060,0xFF4E5A5A,0xFF4A5355,0xFF474F51,0xFF4B5355,
    0xFF52595B,0xFF525A5A,0xFF4F5555,0xFF4E5052,0xFF4B4D4E,0xFF474E4C,0xFF4A4D4B,0xFF4E4C49,
    0xFF524E4C,0xFF564D49,0xFF564E47,0xFF5C4C49,0xFF7B5242,0xFF986340,0xFFA4613E,0xFFB16842,
    0xFFD87940,0xFFF78941,0xFFE1803A,0xFFB96A3D,0xFFCC7644,0xFFE0824A,0xFFDD7C3F,0xFFEE8940,
    0xFFFB9342,0xFFE78337,0xFFF18B3E,0xFFFD9142,0xFFFA8C3F,0xFFEF8842,0xFFD47D4D,0xFFAE6B4C,
    0xFF976248,0xFF905D48,0xFF936150,0xFF905F4D,0xFF926551,0xFF8E6954,0xFF836650,0xFF7B6558,
    0xFF78645B,0xFF7D695F,0xFF857064,0xFF8E7362,0xFF896E5D,0xFF826A5A,0xFF826B5B,0xFF836856,
    0xFF846957,0xFF8A6D5C,0xFF907362,0xFF927767,0xFF957768,0xFF957567,0xFF9B7968,0xFF9D7A66,
    0xFF9D7A67,0xFF9C7865,0xFF9B7969,0xFF8E7063,0xFF191B0D,0xFF011001,0xFF081004,0xFF0F180C,
    0xFF0B140A,0xFF081107,0xFF0D1509,0xFF040F08,0xFF0A1909,0xFF101D13,0xFF0E1E0B,0xFF10240B,
    0xFF0F1B0C,0xFF07120B,0xFF061207,0xFF090C01,0xFF091009,0xFF151E16,0xFF24271A,0xFF545241,
    0xFF484C2F,0xFF3B3F29,0xFF050505,0xFF2F3610,0xFF272A14,0xFF595A47,0xFF151809,0xFF252F1C,
    0xFF1B2D0F,0xFF162F0C,0xFF041908,0xFF020B04,0xFF0A0E08,0xFF605242,0xFF9B6F56,0xFF9A765A,
    0xFF936E56,0xFF483724,0xFF0C1A07,0xFF2B331E,0xFF081203,0xFF020E01,0xFF081406,0xFF0E1A0B,
    0xFF1E1916,0xFF0B0402,0xFF160C0B,0xFF221716,0xFF110807,0xFF100605,0xFF1E110D,0xFF261814,
    0xFF271916,0xFF211310,0xFF2A1C19,0xFF3F312E,0xFF3B2D2A,0xFF251714,0xFF271916,0xFF2F2420,
    0xFF2F2420,0xFF241613,0xFF332421,0xFF3F302C,0xFF3F312D,0xFF201413,0xFF110606,0xFF170E0C,
    0xFF1F1412,0xFF221212,0xFF2E1C1A,0xFF24130D,0xFF2D1A14,0xFF2F1D17,0xFF281714,0xFF201211,
    0xFF2E1E1D,0xFF433333,0xFF77615E,0xFF8E7168,0xFF5C4034,0xFF50392D,0xFF533428,0xFF583B32,
    0xFF3C1E14,0xFF592E1B,0xFF533C2D,0xFF314750,0xFF324852,0xFF3C4E59,0xFF394E59,0xFF374852,
    0xFF424F58,0xFF54575F,0xFF565155,0xFF6F676A,0xFF5D5353,0xFF423535,0xFF251D1F,0xFF3A2D29,
    0xFF5B3322,0xFFA67B68,0xFF41484C,0xFF1C3F4C,0xFF364849,0xFF3C4A51,0xFF3B4B52,0xFF3A4A51,
    0xFF374850,0xFF2D424C,0xFF263C46,0xFF263B46,0xFF2A4148,0xFF344B4F,0xFF36484E,0xFF37444B,
    0xFF36464C,0xFF35464A,0xFF3C474C,0xFF454C51,0xFF4B5251,0xFF434E4E,0xFF2D3F46,0xFF2A404A,
    0xFF32454C,0xFF32434A,0xFF2C3C43,0xFF2D3F45,0xFF314348,0xFF344449,0xFF344346,0xFF364244,
    0xFF3A4345,0xFF3B4548,0xFF3B4447,0xFF37474D,0xFF33474F,0xFF28393E,0xFF2D3B3E,0xFF3F4849,
    0xFF3E4746,0xFF3F4747,0xFF3F4748,0xFF303E45,0xFF2A3841,0xFF323F48,0xFF36424A,0xFF363E41,
    0xFF373F42,0xFF373E42,0xFF353F43,0xFF304045,0xFF2E3D44,0xFF2D3B44,0xFF33424A,0xFF3E4D54,
    0xFF3D4D54,0xFF45535B,0xFF495A61,0xFF45585E,0xFF394B55,0xFF2C3D48,0xFF2A373E,0xFF2D3A41,
    0xFF2A3840,0xFF28363E,0xFF2E393F,0xFF313A3F,0xFF373F43,0xFF3C4546,0xFF3B4746,0xFF3C4648,
    0xFF323B40,0xFF28343C,0xFF23313B,0xFF23303A,0xFF24313B,0xFF26303A,0xFF2B343D,0xFF32383F,
    0xFF35393E,0xFF3E4145,0xFF4D4948,0xFF5E4F49,0xFF70574F,0xFF7D594C,0xFF815848,0xFF895A45,
    0xFF905A43,0xFF975B44,0xFFA06041,0xFFBA643B,0xFFD7733E,0xFFD77A43,0xFFBC6B3F,0xFFB96D48,
    0xFF9E654B,0xFF7C5848,0xFF9A694C,0xFF9E6B4B,0xFF92664C,0xFFA46646,0xFFBE724C,0xFFBD7754,
    0xFF6E5A55,0xFF505758,0xFF515A5C,0xFF575B59,0xFF5A5D5F,0xFF5A6465,0xFF5F625E,0xFF696053,
    0xFF91674D,0xFFC37252,0xFFC3794C,0xFFB5764E,0xFFB36F4D,0xFFC17851,0xFFCB7C51,0xFFC67E53,
    0xFFC97F57,0xFFC8886A,0xFFA07B69,0xFF947969,0xFFB17A5C,0xFFD18457,0xFFD88652,0xFFCD7F4F,
    0xFFB67C5C,0xFFA57761,0xFFAB7254,0xFFB57551,0xFF957260,0xFF786D69,0xFF6C6E6E,0xFF5F6769,
    0xFF5C6465,0xFF5B6364,0xFF586264,0xFF576264,0xFF566163,0xFF566163,0xFF586163,0xFF646364,
    0xFF866455,0xFFBC7753,0xFFB77851,0xFF846A59,0xFF71706B,0xFF5D6562,0xFF5D6969,0xFF677373,
    0xFF626E6E,0xFF596465,0xFF586465,0xFF576263,0xFF515C5E,0xFF4E585A,0xFF4F5658,0xFF575C5F,
    0xFF5D6063,0xFF565A5B,0xFF505555,0xFF4D5051,0xFF494D4E,0xFF474B4C,0xFF484A4B,0xFF49494B,
    0xFF4C4A4B,0xFF514B48,0xFF554F49,0xFF5B514A,0xFF5D4E45,0xFF604A3C,0xFF72503E,0xFF825843,
    0xFFAE6845,0xFFEB8347,0xFFEF8540,0xFFB96F41,0xFFA66340,0xFFC3754C,0xFFC66D3B,0xFFDE7C40,
    0xFFF48D45,0xFFF69043,0xFFFC953F,0xFFFF9940,0xFFFE953F,0xFFFF9343,0xFFEE8C4A,0xFFD07A46,
    0xFFAE6843,0xFF956046,0xFF9B664C,0xFF9D6546,0xFFAB6949,0xFFBB7353,0xFFA06A49,0xFF856552,
    0xFF7B6359,0xFF786056,0xFF86685A,0xFFAA8169,0xFFAD866D,0xFFA5856D,0xFFA1836D,0xFFA2826F,
    0xFFA48472,0xFFA98976,0xFF997B6B,0xFF80645B,0xFF80635A,0xFF7A5D54,0xFF73564C,0xFF795B50,
    0xFF8C6D5F,0xFF947364,0xFFAE897B,0xFF7E6959,0xFF181B0B,0xFF131E0E,0xFF232113,0xFF1B1F12,
    0xFF0A130C,0xFF0F1610,0xFF050D04,0xFF0E1B0D,0xFF132511,0xFF071807,0xFF071305,0xFF0D1B0A,
    0xFF091706,0xFF030E02,0xFF0C130A,0xFF0F170B,0xFF20271A,0xFF0A1408,0xFF242D1E,0xFF0C0D06,
    0xFF535334,0xFF2B3117,0xFF020304,0xFF64693D,0xFF414321,0xFF1C250A,0xFF19220E,0xFF0D1407,
    0xFF081400,0xFF19290E,0xFF142313,0xFF0A160A,0xFF141C0E,0xFF332E1E,0xFF36281F,0xFF140D08,
    0xFF040000,0xFF070300,0xFF171F09,0xFF202C16,0xFF141E0B,0xFF0B110C,0xFF080E0A,0xFF131C0C,
    0xFF27221F,0xFF120A08,0xFF1A100F,0xFF150A0A,0xFF0D0503,0xFF1B110F,0xFF21140E,0xFF231611,
    0xFF1E100D,0xFF2A1C19,0xFF2D1F1C,0xFF271916,0xFF281A17,0xFF251714,0xFF2D1F1C,0xFF2D231F,
    0xFF2C221E,0xFF251714,0xFF3F302D,0xFF42332E,0xFF291B18,0xFF120706,0xFF160D0C,0xFF251C19,
    0xFF150907,0xFF1F0F0F,0xFF2A1917,0xFF2B1A14,0xFF21100A,0xFF2B1A14,0xFF32201D,0xFF2D191A,
    0xFF311D1E,0xFF3D2A2B,0xFF654F4D,0xFF9D8178,0xFF62463A,0xFF634B3F,0xFF4F3227,0xFF45281F,
    0xFF2D1006,0xFF4B2210,0xFF694939,0xFF33444D,0xFF304B56,0xFF324956,0xFF41505E,0xFF545D67,
    0xFF5E5E64,0xFF5D595E,0xFF595458,0xFF595254,0xFF514748,0xFF4B3D3C,0xFF322A2C,0xFF3E3130,
    0xFF775245,0xFF906453,0xFF867971,0xFF182C31,0xFF1D3C48,0xFF263D47,0xFF273F48,0xFF29414A,
    0xFF29404A,0xFF29404B,0xFF2A414C,0xFF283F4A,0xFF253D47,0xFF1E373F,0xFF203641,0xFF283D48,
    0xFF25373E,0xFF303E41,0xFF3B4347,0xFF494C4E,0xFF484F4D,0xFF465152,0xFF2E4045,0xFF1D333E,
    0xFF1E343E,0xFF1E333D,0xFF1D333D,0xFF1D333D,0xFF1C333C,0xFF20343C,0xFF22343B,0xFF28383F,
    0xFF34444C,0xFF35454D,0xFF293941,0xFF1F3138,0xFF1B2E35,0xFF2D3E44,0xFF38464A,0xFF3C4648,
    0xFF3E474A,0xFF374043,0xFF364042,0xFF364245,0xFF2F3B3F,0xFF313D41,0xFF3D484C,0xFF40494B,
    0xFF464E51,0xFF495154,0xFF3E484B,0xFF3D4C4F,0xFF3F4E54,0xFF3C4A53,0xFF3F4E55,0xFF49585F,
    0xFF505F66,0xFF4C5B63,0xFF475659,0xFF445255,0xFF414F56,0xFF3A474F,0xFF36434A,0xFF344147,
    0xFF2C383E,0xFF2E3940,0xFF354045,0xFF384246,0xFF3A4043,0xFF383D40,0xFF343D3F,0xFF394143,
    0xFF394242,0xFF2F383C,0xFF333C44,0xFF3B444C,0xFF3A444B,0xFF3A4149,0xFF41444B,0xFF44464A,
    0xFF3F3F41,0xFF403E44,0xFF464143,0xFF4A403C,0xFF52413A,0xFF6D4A3E,0xFF775040,0xFF7A4E3B,
    0xFF7A4C3A,0xFF7A4C3F,0xFF8E5339,0xFFBF6639,0xFFE1733B,0xFFDE753B,0xFFD17440,0xFFCF7D4C,
    0xFF925D41,0xFF6C5249,0xFF855F4C,0xFF7D5B46,0xFF755C4D,0xFF8D624E,0xFF9F6A50,0xFF97684F,
    0xFF6C5A55,0xFF5B5A59,0xFF5A605E,0xFF63615F,0xFF666060,0xFF5D5D5C,0xFF5D5752,0xFF876655,
    0xFFB47553,0xFFC4794F,0xFFCD794A,0xFFCF7D50,0xFFCB7D51,0xFFCE8157,0xFFCC8057,0xFFC57B4F,
    0xFFD17D4D,0xFFD6865C,0xFFB17A5B,0xFFA37960,0xFFBF7F5C,0xFFD38152,0xFFD17F4B,0xFFC07B53,
    0xFF9B6B52,0xFF8C6655,0xFFA47159,0xFFAE7356,0xFF806558,0xFF6A6761,0xFF616766,0xFF596264,
    0xFF596163,0xFF586062,0xFF566162,0xFF566163,0xFF556062,0xFF576263,0xFF596263,0xFF606265,
    0xFF78655D,0xFF9C705A,0xFF936E56,0xFF73665E,0xFF646766,0xFF606765,0xFF5F6B6B,0xFF647070,
    0xFF5E6A6A,0xFF5A6566,0xFF586365,0xFF525D5F,0xFF505B5D,0xFF515C5D,0xFF50595A,0xFF555A5D,
    0xFF585C5F,0xFF515556,0xFF4C5051,0xFF494D4E,0xFF46494B,0xFF434849,0xFF444749,0xFF47484A,
    0xFF49494A,0xFF4D4A47,0xFF514C48,0xFF544D47,0xFF564D48,0xFF594C46,0xFF644E44,0xFF6E5043,
    0xFF79513F,0xFFA76640,0xFFCC7A49,0xFFAB6C4C,0xFF855845,0xFF8F5F4C,0xFF8F5A42,0xFF9C6143,
    0xFFC57245,0xFFD47B47,0xFFD4773D,0xFFE8884A,0xFFF08F4A,0xFFF58D43,0xFFF68B41,0xFFEC8843,
    0xFFC8743E,0xFFAD6943,0xFFAB6A4C,0xFFB67151,0xFFCF7E4F,0xFFE38B51,0xFFCA7F52,0xFFAA6D47,
    0xFF9E6D4D,0xFF98725A,0xFF9F7A65,0xFF9D7464,0xFF936C5F,0xFF916F62,0xFF8A6E62,0xFF66534A,
    0xFF5E4B42,0xFF544137,0xFF56453D,0xFF5D4D48,0xFF5C4C47,0xFF5B4A44,0xFF251C1B,0xFF060306,
    0xFF160F10,0xFF1D1513,0xFF311E1A,0xFF3B2E24,0xFF151208,0xFF18150D,0xFF302C1C,0xFF0D1207,
    0xFF040D03,0xFF020803,0xFF081007,0xFF0A1608,0xFF0C1A0B,0xFF031201,0xFF061204,0xFF0E1A0B,
    0xFF081606,0xFF050F04,0xFF060D05,0xFF070F03,0xFF161E0F,0xFF0F180E,0xFF161E12,0xFF2A2C29,
    0xFF3A3B26,0xFF676944,0xFF3B3A2D,0xFF646946,0xFF484C30,0xFF3C452E,0xFF17200F,0xFF040C02,
    0xFF242C1E,0xFF242A1C,0xFF070D04,0xFF0B1303,0xFF0D1205,0xFF0B080A,0xFF0A0406,0xFF010002,
    0xFF030300,0xFF202212,0xFF1C230D,0xFF051000,0xFF091008,0xFF0F160D,0xFF030A02,0xFF091008,
    0xFF322D2A,0xFF160E0C,0xFF160C0B,0xFF110605,0xFF100806,0xFF1A100E,0xFF261914,0xFF2A1C17,
    0xFF221411,0xFF291B18,0xFF2E201D,0xFF1F110E,0xFF1E100D,0xFF30221F,0xFF291B18,0xFF1D130E,
    0xFF1A100C,0xFF2F211E,0xFF3E2F2C,0xFF352621,0xFF1C0E0B,0xFF1C100F,0xFF150A0A,0xFF1B0F0D,
    0xFF201211,0xFF140706,0xFF160907,0xFF261914,0xFF231612,0xFF1D120C,0xFF2D1C1A,0xFF331F20,
    0xFF301C1D,0xFF342021,0xFF402C29,0xFF7A6157,0xFF5C3F33,0xFF573C32,0xFF6C4F45,0xFF4B2C21,
    0xFF45251A,0xFF4B2211,0xFF724C3B,0xFF3E4A53,0xFF2F4751,0xFF314450,0xFF4F5562,0xFF55545C,
    0xFF64595C,0xFF62585C,0xFF555155,0xFF726B6D,0xFF4C4243,0xFF4D4242,0xFF463E3E,0xFF332623,
    0xFF795A52,0xFF513024,0xFF916F5B,0xFF645B53,0xFF0E2D3D,0xFF213F4A,0xFF1F3B46,0xFF173540,
    0xFF1D3842,0xFF273D46,0xFF2C424B,0xFF293F49,0xFF223945,0xFF233C48,0xFF203844,0xFF18323E,
    0xFF314249,0xFF424C4E,0xFF40494A,0xFF434A4A,0xFF3B4343,0xFF354142,0xFF314147,0xFF1A2F37,
    0xFF172F3A,0xFF172F3C,0xFF172F3B,0xFF142D39,0xFF132B38,0xFF132A35,0xFF142931,0xFF12262E,
    0xFF122530,0xFF152833,0xFF162A34,0xFF24363F,0xFF2B3C44,0xFF32434A,0xFF2F4048,0xFF313E44,
    0xFF2B383C,0xFF2E3B3F,0xFF303C40,0xFF354140,0xFF3B4644,0xFF3A4544,0xFF374242,0xFF384043,
    0xFF363E41,0xFF31393C,0xFF2E383A,0xFF2C393B,0xFF303C41,0xFF374249,0xFF3F4A53,0xFF49555D,
    0xFF4F5B63,0xFF4C5861,0xFF4C575A,0xFF485354,0xFF3F494E,0xFF333E44,0xFF2F3C44,0xFF333F45,
    0xFF30393E,0xFF2D3539,0xFF333C3F,0xFF393F42,0xFF393D3F,0xFF3B3F42,0xFF373D45,0xFF383F42,
    0xFF3C4341,0xFF3F4545,0xFF3F4347,0xFF3C4044,0xFF3B3F42,0xFF404145,0xFF444345,0xFF454344,
    0xFF494544,0xFF4C454A,0xFF4D4548,0xFF494240,0xFF4C433C,0xFF6A4C44,0xFF755246,0xFF795242,
    0xFF795143,0xFF744E47,0xFF87523C,0xFFC16A3E,0xFFE1743E,0xFFE0743C,0xFFE37C41,0xFFE4874B,
    0xFF9C6343,0xFF65504D,0xFF745D56,0xFF69544D,0xFF594F4B,0xFF6E584F,0xFF806357,0xFF715D50,
    0xFF665954,0xFF585453,0xFF535252,0xFF5A5451,0xFF635957,0xFF5A5451,0xFF63534F,0xFF8F6458,
    0xFF9B634B,0xFF8F5F3E,0xFFA96243,0xFFC26D45,0xFFC77648,0xFFC67B53,0xFFBD7855,0xFFB57653,
    0xFFC27850,0xFFCB7F57,0xFFB27857,0xFFB58161,0xFFC07D5B,0xFFC97A51,0xFFC87A4D,0xFFB37A59,
    0xFF8D6655,0xFF7D5E53,0xFF986D5B,0xFFA16F5B,0xFF746057,0xFF636763,0xFF5B6463,0xFF545C5E,
    0xFF525A5C,0xFF50585A,0xFF4F595B,0xFF4E595C,0xFF505B5D,0xFF545F61,0xFF596263,0xFF5D6467,
    0xFF615E5F,0xFF746560,0xFF6D635C,0xFF606161,0xFF606567,0xFF5E6664,0xFF596565,0xFF5D6969,
    0xFF596565,0xFF576263,0xFF576264,0xFF525D5F,0xFF4F5A5C,0xFF4E5A5B,0xFF4D5858,0xFF4F5859,
    0xFF4F5457,0xFF4A5053,0xFF474D50,0xFF454B4E,0xFF42494C,0xFF41484B,0xFF43484B,0xFF46484C,
    0xFF48484C,0xFF494A4A,0xFF4C4B4A,0xFF514D4A,0xFF504C4B,0xFF504C4B,0xFF564B47,0xFF614E48,
    0xFF614F45,0xFF7D5941,0xFFA26744,0xFF9D6248,0xFF795344,0xFF745448,0xFF72544A,0xFF6D5146,
    0xFF835C44,0xFF8E5F45,0xFF8E573B,0xFFA46445,0xFFB86B41,0xFFD27942,0xFFF28A45,0xFFFF9347,
    0xFFE78642,0xFFC77644,0xFFB66D4B,0xFFC6724E,0xFFE28142,0xFFF08F42,0xFFF29A63,0xFFCF8D63,
    0xFFB18262,0xFF886A57,0xFF533B2F,0xFF35251E,0xFF221510,0xFF1C100C,0xFF201714,0xFF141011,
    0xFF120E0F,0xFF020000,0xFF0B0708,0xFF1E1B1A,0xFF242221,0xFF120F0E,0xFF010204,0xFF07090C,
    0xFF08080A,0xFF050404,0xFF060301,0xFF181310,0xFF281D1A,0xFF231612,0xFF18150B,0xFF0C1304,
    0xFF1C2414,0xFF050803,0xFF061005,0xFF0B1609,0xFF0A1509,0xFF0C170A,0xFF051004,0xFF000800,
    0xFF081307,0xFF091209,0xFF030903,0xFF030901,0xFF192116,0xFF0D150E,0xFF0E150C,0xFF171C19,
    0xFF1E2314,0xFF686940,0xFF3C3B23,0xFF131703,0xFF101706,0xFF141C0C,0xFF111909,0xFF081004,
    0xFF12180E,0xFF13150E,0xFF13140F,0xFF2A2D1B,0xFF1B1F10,0xFF080A09,0xFF11150D,0xFF121609,
    0xFF242913,0xFF2D341A,0xFF1D2510,0xFF111C09,0xFF020805,0xFF161F0F,0xFF0D1606,0xFF000604,
    0xFF0F0A07,0xFF0D0503,0xFF110706,0xFF100504,0xFF150C0B,0xFF211715,0xFF322520,0xFF21130E,
    0xFF2F211E,0xFF3B2D2A,0xFF382A27,0xFF312320,0xFF1C0E0B,0xFF281A17,0xFF3A2C29,0xFF231914,
    0xFF1E1410,0xFF362825,0xFF2E1F1C,0xFF261712,0xFF20120E,0xFF190E0D,0xFF170C0C,0xFF1C0B0B,
    0xFF261817,0xFF180D0B,0xFF0C0200,0xFF0F0603,0xFF0E0502,0xFF0C0402,0xFF140806,0xFF211110,
    0xFF291A19,0xFF302121,0xFF362622,0xFF6D564C,0xFF65473C,0xFF482B22,0xFF66463B,0xFF623B29,
    0xFF5E3522,0xFF4A200F,0xFF5D4132,0xFF414F57,0xFF48555D,0xFF484C53,0xFF4A464A,0xFF686164,
    0xFF53484C,0xFF4E454A,0xFF443F44,0xFF2A2224,0xFF2C2223,0xFF3F3435,0xFF322829,0xFF342623,
    0xFF573D3B,0xFF785C54,0xFF70422A,0xFFAD8974,0xFF3B3E3D,0xFF1F3741,0xFF213842,0xFF223942,
    0xFF253B44,0xFF28393E,0xFF26373D,0xFF28383E,0xFF2C3E46,0xFF293D48,0xFF293E48,0xFF253F47,
    0xFF34464E,0xFF39454C,0xFF374549,0xFF3C4A4C,0xFF455153,0xFF404D50,0xFF3D4D52,0xFF384A50,
    0xFF30454F,0xFF334852,0xFF334952,0xFF2B414A,0xFF253B44,0xFF2E424A,0xFF35484F,0xFF3D4D52,
    0xFF3B474B,0xFF374348,0xFF39454A,0xFF334047,0xFF2F3D46,0xFF263741,0xFF20323E,0xFF1F3038,
    0xFF1D2D34,0xFF1D2E35,0xFF2E3F45,0xFF475152,0xFF424B4C,0xFF424C4D,0xFF3E4749,0xFF3F474A,
    0xFF40474A,0xFF3C4447,0xFF3D4648,0xFF3E4949,0xFF3D474A,0xFF333D43,0xFF343D45,0xFF3E4750,
    0xFF49525B,0xFF4A535C,0xFF3D4A4E,0xFF354347,0xFF2E3B42,0xFF2C3A41,0xFF2C3A42,0xFF364146,
    0xFF42484A,0xFF3D4142,0xFF2A3134,0xFF373C3E,0xFF424645,0xFF3D3F40,0xFF393D42,0xFF3C4043,
    0xFF3B3F41,0xFF3D4043,0xFF393E43,0xFF363B3F,0xFF353A3E,0xFF36393D,0xFF3C3C3F,0xFF403F40,
    0xFF454241,0xFF473E3D,0xFF4C413F,0xFF504440,0xFF554741,0xFF694F4A,0xFF6D4E47,0xFF6F4D43,
    0xFF775145,0xFF795045,0xFF83533F,0xFFAF6443,0xFFC76C41,0xFFCF703D,0xFFDE763A,0xFFE48044,
    0xFFB06D48,0xFF694F47,0xFF63524D,0xFF5D4F4D,0xFF564F50,0xFF5A4A47,0xFF5F4D48,0xFF58514C,
    0xFF554F4C,0xFF4F494E,0xFF47454B,0xFF4C494A,0xFF575352,0xFF545252,0xFF63534F,0xFF795853,
    0xFF6F5149,0xFF735647,0xFF97634E,0xFFB06A4A,0xFFB36E49,0xFFAD6E4F,0xFFA66B50,0xFF986952,
    0xFFAB7053,0xFFBC7755,0xFFAD7556,0xFFAA7455,0xFFAB6F54,0xFFB8775B,0xFFBA7958,0xFFA77459,
    0xFF89685A,0xFF7E6258,0xFF8E695B,0xFF8C6A5D,0xFF695E5B,0xFF5B615F,0xFF555E5E,0xFF4F5759,
    0xFF4B5355,0xFF4C5557,0xFF4B5557,0xFF4A5557,0xFF4E595B,0xFF505B5D,0xFF546060,0xFF586263,
    0xFF575E61,0xFF5B5F61,0xFF585F5F,0xFF585F62,0xFF596264,0xFF576162,0xFF556261,0xFF596464,
    0xFF566261,0xFF576263,0xFF576264,0xFF4F5B5C,0xFF4B5558,0xFF465253,0xFF465353,0xFF495354,
    0xFF4A5254,0xFF475053,0xFF454D51,0xFF444C50,0xFF41494D,0xFF3F484C,0xFF41474C,0xFF43464C,
    0xFF44464C,0xFF46494D,0xFF484A4B,0xFF4A4949,0xFF4C4C4B,0xFF4D4C4C,0xFF514B49,0xFF574E4C,
    0xFF594F47,0xFF6A5542,0xFF8A624B,0xFF92634D,0xFF765545,0xFF6C5144,0xFF695046,0xFF644F46,
    0xFF5F5245,0xFF635143,0xFF685042,0xFF715241,0xFF84563F,0xFF975C3B,0xFFBE6C3A,0xFFED8947,
    0xFFF28D48,0xFFCC7540,0xFFAC633E,0xFFC57C56,0xFFDC9061,0xFFC88456,0xFF9A6240,0xFF5A3A27,
    0xFF33241A,0xFF0D0605,0xFF060203,0xFF282D28,0xFF1F2522,0xFF0A0E0F,0xFF000003,0xFF030408,
    0xFF020306,0xFF000205,0xFF060709,0xFF020102,0xFF030303,0xFF111011,0xFF120F0D,0xFF0E0805,
    0xFF201713,0xFF2A201A,0xFF19160F,0xFF1C1712,0xFF221715,0xFF120A07,0xFF0E0E0A,0xFF1B2211,
    0xFF182010,0xFF080905,0xFF101C0E,0xFF040E03,0xFF000500,0xFF030802,0xFF0B150A,0xFF030B03,
    0xFF0A1209,0xFF0D150D,0xFF020703,0xFF030802,0xFF0D140B,0xFF141A15,0xFF343C2E,0xFF040A04,
    0xFF060E02,0xFF182003,0xFF131B03,0xFF192111,0xFF39422F,0xFF0B1403,0xFF091201,0xFF1F2816,
    0xFF080F04,0xFF080A06,0xFF050702,0xFF1C1F10,0xFF242A16,0xFF121D0C,0xFF16260D,0xFF16220A,
    0xFF364024,0xFF081200,0xFF050D01,0xFF172010,0xFF060E02,0xFF1F2815,0xFF202914,0xFF10180A,
    0xFF0C0704,0xFF0A0201,0xFF120706,0xFF190E0E,0xFF130A09,0xFF1C1210,0xFF2A1D19,0xFF1B0D08,
    0xFF2A1C19,0xFF433532,0xFF3E302D,0xFF372926,0xFF2C1E1B,0xFF312320,0xFF2B1C1A,0xFF180E0A,
    0xFF2E241F,0xFF322421,0xFF251714,0xFF281A16,0xFF180B08,0xFF160B0A,0xFF170C0B,0xFF180808,
    0xFF130504,0xFF110704,0xFF18100C,0xFF170F0B,0xFF140D09,0xFF0A0200,0xFF0B0302,0xFF140B09,
    0xFF100705,0xFF1A100E,0xFF251712,0xFF553E33,0xFF4B2C21,0xFF472A20,0xFF5F3A2B,0xFF5F311B,
    0xFF63341C,0xFF623620,0xFF4D3D30,0xFF394851,0xFF37373D,0xFF453A3C,0xFF534B47,0xFF3C3534,
    0xFF140F13,0xFF120D13,0xFF100A0E,0xFF1C1417,0xFF211818,0xFF2A1F21,0xFF473D3C,0xFF685954,
    0xFF5A4441,0xFF513932,0xFF734630,0xFFAA7557,0xFF987A63,0xFF2E373A,0xFF314044,0xFF36454E,
    0xFF3C4C50,0xFF434E4E,0xFF424D4E,0xFF3F4B4C,0xFF445054,0xFF37454E,0xFF22353C,0xFF20373C,
    0xFF23363F,0xFF2A3A46,0xFF2B3D45,0xFF293D42,0xFF2F4042,0xFF2D3C3F,0xFF2C3B3F,0xFF2E3D41,
    0xFF2A3B42,0xFF2C3E44,0xFF273940,0xFF23363D,0xFF25383F,0xFF2C3D43,0xFF314045,0xFF354042,
    0xFF424847,0xFF4A504F,0xFF505554,0xFF3C4549,0xFF1D2A34,0xFF1A2A36,0xFF1E303E,0xFF233540,
    0xFF273841,0xFF23343C,0xFF25353E,0xFF2C363B,0xFF374044,0xFF3C4549,0xFF3A4348,0xFF394145,
    0xFF3A4246,0xFF3B4346,0xFF3B4446,0xFF3D4748,0xFF434D4F,0xFF495257,0xFF4C555C,0xFF4F5862,
    0xFF505A62,0xFF545C66,0xFF405056,0xFF32454B,0xFF293B44,0xFF1F323D,0xFF212F38,0xFF2E393F,
    0xFF373C3E,0xFF464847,0xFF424649,0xFF404445,0xFF424342,0xFF3F403F,0xFF393E3F,0xFF383C40,
    0xFF35383E,0xFF31373E,0xFF303A40,0xFF30393F,0xFF374046,0xFF3B4146,0xFF3A3D42,0xFF3D3E42,
    0xFF444446,0xFF524943,0xFF5B4D45,0xFF614F48,0xFF604A44,0xFF604946,0xFF5E423D,0xFF63453C,
    0xFF70483C,0xFF7D4B39,0xFF845440,0xFF9D5C44,0xFFA96041,0xFFBA6A3F,0xFFD6743D,0xFFDB7942,
    0xFFBA7149,0xFF7B594B,0xFF5E4943,0xFF5F4D48,0xFF605150,0xFF68504B,0xFF68514B,0xFF58504B,
    0xFF505052,0xFF4C4A53,0xFF454650,0xFF45484D,0xFF454A4B,0xFF474C4E,0xFF5B5050,0xFF65514D,
    0xFF64514B,0xFF7A594F,0xFF94634B,0xFF966045,0xFF98634A,0xFF98644E,0xFF95644F,0xFF8E624D,
    0xFFAC6F50,0xFFC17750,0xFFBB7A55,0xFFA77357,0xFF9F6D5A,0xFF986656,0xFFA16B53,0xFF9D6A50,
    0xFF836052,0xFF7E5F55,0xFF826255,0xFF705E56,0xFF605B59,0xFF56595B,0xFF505758,0xFF4E5658,
    0xFF4D5557,0xFF4D5456,0xFF4A5557,0xFF4B5658,0xFF4E595B,0xFF515C5E,0xFF525F61,0xFF545E5F,
    0xFF555E5E,0xFF545D5E,0xFF505C5D,0xFF525B5C,0xFF505A5C,0xFF4E5A5D,0xFF515E5E,0xFF535E5E,
    0xFF4F5B5B,0xFF4E5A5B,0xFF4E595B,0xFF4F5A5C,0xFF4E595B,0xFF495657,0xFF4B5858,0xFF4C5758,
    0xFF4E5759,0xFF4B5458,0xFF485156,0xFF475055,0xFF434C51,0xFF3F484D,0xFF40474D,0xFF41464C,
    0xFF42454C,0xFF41474B,0xFF44484B,0xFF47484A,0xFF494949,0xFF4A4948,0xFF4C4948,0xFF504A49,
    0xFF514C49,0xFF554D48,0xFF5E4E46,0xFF695349,0xFF68554B,0xFF625249,0xFF5E4F48,0xFF5E5049,
    0xFF625048,0xFF645148,0xFF675249,0xFF665046,0xFF685345,0xFF775442,0xFF93593C,0xFFC97341,
    0xFFE98748,0xFFDB8858,0xFFC07D58,0xFF95684C,0xFF4F3025,0xFF321F23,0xFF171618,0xFF0C0B0B,
    0xFF161518,0xFF303135,0xFF232121,0xFF0E0D0E,0xFF121215,0xFF1F1B22,0xFF18151B,0xFF1B1B1A,
    0xFF1C1C1B,0xFF161715,0xFF161413,0xFF100B0B,0xFF0D0708,0xFF0B0606,0xFF181313,0xFF1E1818,
    0xFF211716,0xFF271C19,0xFF1C160D,0xFF261C13,0xFF0C0402,0xFF060605,0xFF010205,0xFF070E05,
    0xFF070C04,0xFF030303,0xFF050E04,0xFF070E06,0xFF020401,0xFF0A0D0A,0xFF0A1009,0xFF091008,
    0xFF050C05,0xFF020702,0xFF0B110D,0xFF131A13,0xFF0A1008,0xFF0B120B,0xFF16200E,0xFF1F2A1D,
    0xFF1A2619,0xFF0A1B09,0xFF0D1E0A,0xFF0E1B0D,0xFF17220D,0xFF141D0B,0xFF1E2811,0xFF202911,
    0xFF131B0C,0xFF000500,0xFF050B05,0xFF0B1307,0xFF141D0C,0xFF1B2A15,0xFF071B05,0xFF15220F,
    0xFF101B08,0xFF0D190A,0xFF0F180E,0xFF121B0B,0xFF1D280D,0xFF131C0A,0xFF0A1204,0xFF182307,
    0xFF0A0202,0xFF0F0706,0xFF170E0D,0xFF1C1311,0xFF100603,0xFF110705,0xFF150B07,0xFF1D130F,
    0xFF1F120E,0xFF2E211E,0xFF4A3F3B,0xFF3C2E29,0xFF2C1D18,0xFF312321,0xFF261718,0xFF180E0B,
    0xFF221914,0xFF1E1410,0xFF1D1410,0xFF0E0908,0xFF070201,0xFF0D0304,0xFF0F0506,0xFF0E0402,
    0xFF150A06,0xFF281B15,0xFF342922,0xFF362D22,0xFF2F2719,0xFF2A1F18,0xFF100B09,0xFF1B1817,
    0xFF0E0406,0xFF21120E,0xFF20110A,0xFF51362A,0xFF432216,0xFF392115,0xFF532E1C,0xFF5C3425,
    0xFF522717,0xFF6B3C1F,0xFF544336,0xFF404651,0xFF494142,0xFF594E48,0xFF2D2825,0xFF070301,
    0xFF100D0C,0xFF1A1413,0xFF1F1716,0xFF241C1A,0xFF241D1A,0xFF271C1B,0xFF2C1E1A,0xFF503E33,
    0xFF857061,0xFF4B3A34,0xFF664532,0xFF9C653E,0xFFD0946A,0xFF8D6B4B,0xFF6D5E47,0xFF373D49,
    0xFF2E4242,0xFF374447,0xFF373F44,0xFF2E3D44,0xFF293D41,0xFF324048,0xFF203441,0xFF1B313A,
    0xFF243942,0xFF273B46,0xFF283A42,0xFF26383F,0xFF2C3B3B,0xFF464B4A,0xFF5E5A5A,0xFF666261,
    0xFF3E4247,0xFF17292D,0xFF20363E,0xFF253844,0xFF233741,0xFF1F323C,0xFF1E323B,0xFF20333B,
    0xFF23343A,0xFF27373C,0xFF2C3A3C,0xFF374448,0xFF313E45,0xFF2C3A43,0xFF303D49,0xFF2A3B42,
    0xFF2C3C42,0xFF323E46,0xFF2F3942,0xFF203037,0xFF1D2E34,0xFF27373E,0xFF293940,0xFF2B3841,
    0xFF323E46,0xFF384247,0xFF363F42,0xFF3E4649,0xFF454D50,0xFF4A5255,0xFF485258,0xFF435058,
    0xFF4E5A63,0xFF505C64,0xFF505E63,0xFF425058,0xFF31404C,0xFF293B44,0xFF2E3B43,0xFF2D373E,
    0xFF2F353A,0xFF34383B,0xFF343739,0xFF35383A,0xFF393B3D,0xFF3A3D40,0xFF373B43,0xFF293038,
    0xFF263037,0xFF2A363B,0xFF2F393C,0xFF343C3E,0xFF383F40,0xFF3A3E40,0xFF393C40,0xFF37393E,
    0xFF383940,0xFF443D3D,0xFF50443F,0xFF55463E,0xFF59463E,0xFF594643,0xFF604842,0xFF705047,
    0xFF80574A,0xFF875542,0xFF8F5B45,0xFF935A41,0xFF93563B,0xFFAF6642,0xFFC67449,0xFFBD714C,
    0xFF9D684E,0xFF785649,0xFF76564E,0xFF8D6052,0xFF89614F,0xFF8F634B,0xFF8D644E,0xFF715A50,
    0xFF555053,0xFF44484A,0xFF42474B,0xFF44444A,0xFF444347,0xFF42444A,0xFF4B4649,0xFF534A49,
    0xFF574943,0xFF65493F,0xFF745348,0xFF78594C,0xFF805A46,0xFF90624C,0xFF8A604F,0xFF895C49,
    0xFFAA7152,0xFFBB7952,0xFFB87954,0xFFA87658,0xFF95705F,0xFF886355,0xFF9E6C55,0xFFA36E4F,
    0xFF8F6753,0xFF8A6658,0xFF7F5F58,0xFF605856,0xFF5E5957,0xFF585859,0xFF4C5556,0xFF4D5154,
    0xFF4C5154,0xFF4B5052,0xFF495153,0xFF495355,0xFF4D5859,0xFF4F595B,0xFF4E575A,0xFF4E575A,
    0xFF4E5659,0xFF4C5557,0xFF485555,0xFF485656,0xFF495756,0xFF495757,0xFF4B5757,0xFF495656,
    0xFF4B5757,0xFF4C595A,0xFF4D5B5C,0xFF4F5D5E,0xFF4D5C5C,0xFF505C5E,0xFF525D5F,0xFF4E595B,
    0xFF4C5759,0xFF495456,0xFF485355,0xFF475254,0xFF434D50,0xFF434B4E,0xFF434B4E,0xFF40484B,
    0xFF3F474A,0xFF3D4748,0xFF3F4648,0xFF43474A,0xFF46484A,0xFF484848,0xFF484848,0xFF4A4949,
    0xFF4B4B4C,0xFF504C4C,0xFF564D49,0xFF5B4E47,0xFF5C524A,0xFF585048,0xFF554D45,0xFF554D45,
    0xFF584D47,0xFF584D47,0xFF5A4E48,0xFF5C504B,0xFF63514B,0xFF6F5044,0xFF90604D,0xFFBC7B5B,
    0xFFC88158,0xFF996449,0xFF6C4739,0xFF30201C,0xFF2F2C2C,0xFF444043,0xFF424143,0xFF494645,
    0xFF44403E,0xFF3A3534,0xFF3A3533,0xFF333130,0xFF21201F,0xFF302E2E,0xFF383535,0xFF292521,
    0xFF211C19,0xFF2A2622,0xFF2A2522,0xFF1A1416,0xFF171213,0xFF181314,0xFF15100F,0xFF261E1C,
    0xFF2C1F1F,0xFF1F1714,0xFF0C0A08,0xFF0D0604,0xFF180D0B,0xFF0E0808,0xFF0A0B07,0xFF050603,
    0xFF050302,0xFF070506,0xFF040504,0xFF0D0E0D,0xFF040403,0xFF060805,0xFF060C05,0xFF010801,
    0xFF010700,0xFF030902,0xFF091208,0xFF070F07,0xFF030C02,0xFF10180F,0xFF0B140B,0xFF071207,
    0xFF122011,0xFF081705,0xFF0C1B08,0xFF12210E,0xFF081605,0xFF040C01,0xFF151B0C,0xFF0D1005,
    0xFF070905,0xFF0E150F,0xFF09130A,0xFF121F0F,0xFF041002,0xFF0D1509,0xFF0C1507,0xFF121A0C,
    0xFF10180D,0xFF0C150A,0xFF20281B,0xFF131B0C,0xFF0A1305,0xFF10180A,0xFF141D0D,0xFF162009,
    0xFF110A0B,0xFF140D0E,0xFF0E0708,0xFF0D0707,0xFF0A0506,0xFF070204,0xFF060204,0xFF0E0908,
    0xFF140E09,0xFF0D0300,0xFF271918,0xFF3F302D,0xFF362925,0xFF231B18,0xFF1F1A18,0xFF110C0A,
    0xFF0B0605,0xFF0E0807,0xFF050000,0xFF000000,0xFF060302,0xFF0C0706,0xFF160E0E,0xFF1E1213,
    0xFF201312,0xFF352522,0xFF33221D,0xFF352518,0xFF443620,0xFF3C2D18,0xFF2D2512,0xFF322D21,
    0xFF170B08,0xFF2D1D16,0xFF210F06,0xFF412419,0xFF5C3828,0xFF3A1F0F,0xFF40200E,0xFF412116,
    0xFF3D1B0C,0xFF623B1E,0xFF544131,0xFF46454D,0xFF6B5E5F,0xFF352822,0xFF3D342C,0xFF483E38,
    0xFF534845,0xFF453B39,0xFF332928,0xFF1D1312,0xFF2E2523,0xFF312221,0xFF44312F,0xFF5A4944,
    0xFF40312B,0xFF5B4D4A,0xFF664736,0xFF8F5B37,0xFFAA6E41,0xFFA96D46,0xFFA66F55,0xFF856D5D,
    0xFF172028,0xFF1A313D,0xFF1E2F3B,0xFF192C36,0xFF1B3037,0xFF283C45,0xFF213542,0xFF21383E,
    0xFF21363D,0xFF21323B,0xFF24343A,0xFF37444A,0xFF626060,0xFF685758,0xFF5A4043,0xFF553E3D,
    0xFF635857,0xFF56585B,0xFF202D35,0xFF21313D,0xFF1F3238,0xFF1D3036,0xFF1E3037,0xFF1E3138,
    0xFF1D3138,0xFF203137,0xFF223135,0xFF223333,0xFF2A3D3C,0xFF253739,0xFF1C2E32,0xFF1F303A,
    0xFF20303C,0xFF21323E,0xFF243641,0xFF2B3945,0xFF23303C,0xFF172431,0xFF182531,0xFF16242E,
    0xFF25323A,0xFF353F45,0xFF3D454A,0xFF41494C,0xFF454D50,0xFF454D4F,0xFF424C52,0xFF45535B,
    0xFF525F67,0xFF4E5B63,0xFF484E57,0xFF3E4A4E,0xFF3B494A,0xFF3E4146,0xFF41474C,0xFF3E464C,
    0xFF2F383E,0xFF2A333A,0xFF2D343A,0xFF2F363C,0xFF30373D,0xFF2F373C,0xFF2F383E,0xFF383F46,
    0xFF3A4148,0xFF414249,0xFF47454B,0xFF424048,0xFF3C3C45,0xFF3A3F46,0xFF32393F,0xFF32343A,
    0xFF37363B,0xFF3D3A3D,0xFF484040,0xFF4C403C,0xFF52443E,0xFF554645,0xFF5A4643,0xFF60463F,
    0xFF6A493F,0xFF774D3E,0xFF7E513F,0xFF875642,0xFF975F46,0xFFA86647,0xFFA96747,0xFF8E5741,
    0xFF754F3D,0xFF694E42,0xFF775E56,0xFF8C6759,0xFF8C6357,0xFF8E5F50,0xFF8F6355,0xFF725451,
    0xFF554947,0xFF4D4A46,0xFF4C4A48,0xFF4E4949,0xFF4B4C4F,0xFF45484E,0xFF474648,0xFF554C48,
    0xFF645048,0xFF74564A,0xFF745447,0xFF664E46,0xFF694E43,0xFF855E4D,0xFF8D6353,0xFF8A614F,
    0xFF95664E,0xFF9E6A4D,0xFFA06C50,0xFF96684E,0xFF845F4E,0xFF856051,0xFF9D6E58,0xFF9D6E54,
    0xFF8A624E,0xFF946855,0xFF886053,0xFF5B524E,0xFF5B5755,0xFF575658,0xFF4A5455,0xFF4C5054,
    0xFF4A4F52,0xFF494D50,0xFF464E4F,0xFF434B4C,0xFF464E4F,0xFF474F51,0xFF444C4F,0xFF454C50,
    0xFF474F52,0xFF474F52,0xFF475153,0xFF4A5456,0xFF4A5455,0xFF4A5556,0xFF4A5557,0xFF475354,
    0xFF495456,0xFF485557,0xFF475557,0xFF475557,0xFF455356,0xFF4A5658,0xFF4A5457,0xFF495456,
    0xFF4A5557,0xFF485355,0xFF455052,0xFF414C4D,0xFF404B4D,0xFF42494C,0xFF424A4D,0xFF3F474A,
    0xFF3D4648,0xFF3D4748,0xFF3F4648,0xFF43474A,0xFF454849,0xFF474747,0xFF474848,0xFF474848,
    0xFF484747,0xFF4A4848,0xFF4B4847,0xFF4C4949,0xFF504949,0xFF504848,0xFF4F4847,0xFF4F4849,
    0xFF4B4C50,0xFF4C4B4D,0xFF4D4947,0xFF534845,0xFF67504A,0xFF785F54,0xFF6A4D3F,0xFF5A3B2A,
    0xFF482D20,0xFF3C2924,0xFF4B4244,0xFF4A4649,0xFF363535,0xFF353233,0xFF322F30,0xFF252224,
    0xFF222021,0xFF282627,0xFF1C1A1C,0xFF282726,0xFF363532,0xFF1C1C1A,0xFF100F0C,0xFF110E0B,
    0xFF100C0A,0xFF0D0A07,0xFF0B0806,0xFF110E0F,0xFF1B1718,0xFF1C191A,0xFF1C1817,0xFF150C0B,
    0xFF1F1313,0xFF160F0D,0xFF040503,0xFF0F0C08,0xFF2B241F,0xFF0D0808,0xFF1E1614,0xFF1D1213,
    0xFF170B0E,0xFF190F12,0xFF030303,0xFF020202,0xFF030304,0xFF090A08,0xFF040804,0xFF020601,
    0xFF010500,0xFF050B04,0xFF050D04,0xFF010700,0xFF010801,0xFF040B04,0xFF060E07,0xFF020D02,
    0xFF041103,0xFF061404,0xFF031002,0xFF081608,0xFF0C190A,0xFF111E0E,0xFF14210D,0xFF071003,
    0xFF030802,0xFF0A110A,0xFF0B1708,0xFF16240F,0xFF0F1A07,0xFF141C10,0xFF0B1307,0xFF060D00,
    0xFF050D03,0xFF020801,0xFF0B1308,0xFF060E02,0xFF0C130A,0xFF0B140A,0xFF0C1708,0xFF0B1606,
    0xFF0D0809,0xFF0A0506,0xFF070304,0xFF050203,0xFF040308,0xFF020105,0xFF020106,0xFF020203,
    0xFF050401,0xFF080201,0xFF100504,0xFF201514,0xFF1B1110,0xFF050100,0xFF020300,0xFF010000,
    0xFF030103,0xFF080607,0xFF121010,0xFF252420,0xFF120F0B,0xFF1B1613,0xFF2E2624,0xFF372729,
    0xFF2D1C1D,0xFF311D1E,0xFF47322E,0xFF473123,0xFF503C26,0xFF523F1E,0xFF493C18,0xFF352A11,
    0xFF302012,0xFF392718,0xFF3C2814,0xFF492D1B,0xFF5E3E2A,0xFF593D25,0xFF422613,0xFF240B03,
    0xFF3E2614,0xFF553818,0xFF624D35,0xFF67605E,0xFF54413C,0xFF4A3B2F,0xFF4D3F2C,0xFF56473A,
    0xFF54443C,0xFF40322E,0xFF514442,0xFF473A37,0xFF473A38,0xFF5C4744,0xFF594443,0xFF37282A,
    0xFF3F373B,0xFF443738,0xFF6D5042,0xFF68391B,0xFF9F693D,0xFFCE8F60,0xFF944F30,0xFFB28B5D,
    0xFF444445,0xFF082331,0xFF17313F,0xFF1C2F3A,0xFF223139,0xFF23343B,0xFF2B373D,0xFF2D3F41,
    0xFF2E3E43,0xFF2E3A41,0xFF323C41,0xFF353D40,0xFF2F2A28,0xFF3A2928,0xFF4C3734,0xFF2E1B16,
    0xFF1F0A09,0xFF574847,0xFF575357,0xFF33383F,0xFF303F41,0xFF374647,0xFF2C3B3C,0xFF223236,
    0xFF22333B,0xFF243239,0xFF2A363C,0xFF36403F,0xFF3C4341,0xFF394041,0xFF383F41,0xFF29323F,
    0xFF1D2B3B,0xFF1A2D3A,0xFF152C37,0xFF172B34,0xFF1E313A,0xFF273A43,0xFF2F414A,0xFF33414B,
    0xFF38444C,0xFF343E44,0xFF30393D,0xFF3C4447,0xFF464E51,0xFF495154,0xFF4D575E,0xFF4C5962,
    0xFF4A575F,0xFF434F57,0xFF434D5D,0xFF3F4E55,0xFF364646,0xFF3B414D,0xFF3D4045,0xFF3D4347,
    0xFF333D45,0xFF27333D,0xFF2B343B,0xFF2C353C,0xFF2B333B,0xFF2C363C,0xFF2D383B,0xFF363D41,
    0xFF3C3D43,0xFF3E3F45,0xFF3E4145,0xFF363B43,0xFF303741,0xFF30373E,0xFF3D4246,0xFF48484C,
    0xFF4C484B,0xFF474549,0xFF444040,0xFF49403F,0xFF504440,0xFF4C3F3D,0xFF4D3E3A,0xFF55403C,
    0xFF5E443E,0xFF67453B,0xFF6F4A3C,0xFF774E3D,0xFF865540,0xFF8B563D,0xFF825440,0xFF6D4D44,
    0xFF644C43,0xFF66534A,0xFF60504A,0xFF574339,0xFF59433B,0xFF60483F,0xFF664E46,0xFF5D4D4B,
    0xFF544E4F,0xFF48494A,0xFF424547,0xFF474649,0xFF494C4B,0xFF43484B,0xFF454645,0xFF564C46,
    0xFF70564D,0xFF806051,0xFF7E5C4B,0xFF624D46,0xFF5D4B48,0xFF72544A,0xFF805848,0xFF865F4E,
    0xFF855F4E,0xFF845E4D,0xFF8A6352,0xFF8B644F,0xFF896553,0xFF8B6454,0xFF956754,0xFF926753,
    0xFF885D4B,0xFF9D6750,0xFF9D6A55,0xFF645750,0xFF575554,0xFF545356,0xFF4A5252,0xFF4B5053,
    0xFF474B4E,0xFF43484C,0xFF454A4B,0xFF474B4B,0xFF484D4E,0xFF4A4E4F,0xFF454D4F,0xFF434B4E,
    0xFF424A4D,0xFF464E51,0xFF484F53,0xFF464E52,0xFF474E53,0xFF464E53,0xFF434E51,0xFF434E51,
    0xFF434E51,0xFF404D50,0xFF3F4D52,0xFF404E52,0xFF3E4B50,0xFF414D50,0xFF444F51,0xFF475254,
    0xFF495456,0xFF485355,0xFF455052,0xFF414C4E,0xFF3E494B,0xFF424A4D,0xFF41494C,0xFF3F474A,
    0xFF3D4648,0xFF3D4748,0xFF3F4648,0xFF43474B,0xFF44474A,0xFF454648,0xFF454648,0xFF444547,
    0xFF454446,0xFF474749,0xFF46474C,0xFF46494F,0xFF484B4D,0xFF494C4C,0xFF494C4D,0xFF474A4A,
    0xFF4A4443,0xFF4F4541,0xFF5D4E47,0xFF635047,0xFF634C44,0xFF47372E,0xFF312722,0xFF4E4944,
    0xFF64605F,0xFF5A5556,0xFF353030,0xFF141111,0xFF060303,0xFF060303,0xFF040202,0xFF070508,
    0xFF1A191C,0xFF171618,0xFF151416,0xFF1C1A19,0xFF0E0D0B,0xFF12110F,0xFF100F0D,0xFF171614,
    0xFF191816,0xFF131210,0xFF0C0B0A,0xFF110F10,0xFF171516,0xFF0E0C0D,0xFF191717,0xFF17100F,
    0xFF1A0F10,0xFF140E0E,0xFF020302,0xFF171510,0xFF1E1913,0xFF0B0706,0xFF1A1311,0xFF120D0B,
    0xFF120F0F,0xFF0D0B0C,0xFF000000,0xFF010101,0xFF010101,0xFF000101,0xFF030502,0xFF030502,
    0xFF020401,0xFF000300,0xFF030802,0xFF0A1009,0xFF090F09,0xFF010700,0xFF081009,0xFF0C180C,
    0xFF000C00,0xFF030F03,0xFF030F03,0xFF031004,0xFF071407,0xFF11230E,0xFF102209,0xFF101E0B,
    0xFF141E12,0xFF030B01,0xFF131F0D,0xFF0E1E07,0xFF081402,0xFF030A02,0xFF141C10,0xFF232B1F,
    0xFF050C04,0xFF060C06,0xFF080F07,0xFF0E160A,0xFF1D271B,0xFF081209,0xFF040F04,0xFF030D02,
    0xFF060406,0xFF030003,0xFF020002,0xFF020003,0xFF020004,0xFF020105,0xFF010004,0xFF010001,
    0xFF040000,0xFF020000,0xFF020100,0xFF040101,0xFF020000,0xFF181211,0xFF201917,0xFF251F1D,
    0xFF191413,0xFF211C1B,0xFF2F2A28,0xFF38302D,0xFF2D2320,0xFF392D2B,0xFF453635,0xFF453332,
    0xFF45312F,0xFF4E3633,0xFF513933,0xFF5A4238,0xFF4E3728,0xFF5B452A,0xFF5B4725,0xFF513E23,
    0xFF59452E,0xFF4F3B22,0xFF4B381B,0xFF523C24,0xFF594129,0xFF654C2D,0xFF52361D,0xFF402A1A,
    0xFF4C3A22,0xFF4D360D,0xFF604A24,0xFF534635,0xFF67503F,0xFF5A4A35,0xFF493B1C,0xFF463720,
    0xFF584838,0xFF4C3B34,0xFF4C3A38,0xFF5D4C49,0xFF604F4C,0xFF624E4A,0xFF473432,0xFF231716,
    0xFF1E1718,0xFF483C3D,0xFF7A5D53,0xFF93684F,0xFF6C3A18,0xFFD19563,0xFF925835,0xFF8B6037,
    0xFFA48F75,0xFF233132,0xFF2A4149,0xFF323F49,0xFF404045,0xFF524D4C,0xFF423B3B,0xFF31373A,
    0xFF3E494E,0xFF3B4247,0xFF2D3135,0xFF050809,0xFF0F110D,0xFF140E0C,0xFF241C19,0xFF1F1A13,
    0xFF39231D,0xFF1E0704,0xFF422F2D,0xFF55504E,0xFF374246,0xFF444E52,0xFF414B4F,0xFF323F45,
    0xFF303F48,0xFF3A464E,0xFF434E54,0xFF4A4F51,0xFF4E4F50,0xFF494A4E,0xFF45454B,0xFF3C4047,
    0xFF363D44,0xFF2F373E,0xFF2F383E,0xFF343F3D,0xFF394441,0xFF394341,0xFF364242,0xFF36444D,
    0xFF344148,0xFF323D42,0xFF3C4549,0xFF4F5759,0xFF535A5D,0xFF52595C,0xFF4B555B,0xFF3E4C54,
    0xFF414E56,0xFF45535B,0xFF38444E,0xFF5A5656,0xFF69625F,0xFF2A3745,0xFF3A444B,0xFF3D4449,
    0xFF394249,0xFF384149,0xFF343B41,0xFF2E363B,0xFF2D353A,0xFF353C40,0xFF393F42,0xFF383D41,
    0xFF3B3D41,0xFF393E43,0xFF363F43,0xFF32383A,0xFF343938,0xFF423F3A,0xFF423B36,0xFF3B3635,
    0xFF484244,0xFF484244,0xFF4A4242,0xFF544844,0xFF5D4F48,0xFF5A4A42,0xFF615049,0xFF67544F,
    0xFF634B45,0xFF74554A,0xFF785546,0xFF764E3C,0xFF7D533F,0xFF7E5643,0xFF74564A,0xFF66524D,
    0xFF62514E,0xFF604F4C,0xFF5E504D,0xFF655A55,0xFF59504A,0xFF4F4740,0xFF564D46,0xFF534A44,
    0xFF514B4B,0xFF424444,0xFF404346,0xFF434145,0xFF434141,0xFF414244,0xFF43413F,0xFF544642,
    0xFF684E49,0xFF6E5043,0xFF725547,0xFF715A51,0xFF6B5752,0xFF6E554E,0xFF7B5649,0xFF865D4B,
    0xFF805F51,0xFF7A5D55,0xFF806359,0xFF8B6959,0xFF8F6B5A,0xFF8D6554,0xFF8E6250,0xFF906351,
    0xFF8D5F4C,0xFFA1674E,0xFFA56A53,0xFF67554B,0xFF555455,0xFF535255,0xFF454D4B,0xFF42474A,
    0xFF3F4548,0xFF404548,0xFF464749,0xFF4C4C4C,0xFF525352,0xFF525253,0xFF495053,0xFF454E50,
    0xFF454D50,0xFF444C4F,0xFF40494F,0xFF3F484D,0xFF40494E,0xFF3F494E,0xFF3E494E,0xFF3D484D,
    0xFF3E494D,0xFF3C484E,0xFF3B484F,0xFF3D4A51,0xFF3B484F,0xFF404B4E,0xFF434E50,0xFF404B4D,
    0xFF414C4E,0xFF414C4E,0xFF424D4F,0xFF414C4E,0xFF434E50,0xFF474F52,0xFF444C4F,0xFF41494C,
    0xFF40494B,0xFF404B4B,0xFF454C4E,0xFF494E51,0xFF484C4F,0xFF44484B,0xFF414548,0xFF424548,
    0xFF444549,0xFF45464A,0xFF46464A,0xFF414143,0xFF42413C,0xFF45433C,0xFF45433D,0xFF514D46,
    0xFF6D574C,0xFF856D62,0xFF735D53,0xFF715D54,0xFF665752,0xFF514642,0xFF635D5B,0xFF464141,
    0xFF514948,0xFF6B615D,0xFF7B6D66,0xFF756A64,0xFF716965,0xFF6A615D,0xFF534B46,0xFF332D2C,
    0xFF110D0D,0xFF130F0F,0xFF040000,0xFF010000,0xFF000000,0xFF0C0B09,0xFF1A1917,0xFF202020,
    0xFF1E1E1E,0xFF10100F,0xFF101010,0xFF0A0A0A,0xFF070707,0xFF080808,0xFF0A0A0A,0xFF110C0D,
    0xFF140B0E,0xFF050102,0xFF000000,0xFF0F0906,0xFF1A0F0C,0xFF0B0404,0xFF040000,0xFF000000,
    0xFF000402,0xFF000401,0xFF000000,0xFF000000,0xFF020202,0xFF010101,0xFF000000,0xFF000000,
    0xFF010101,0xFF030402,0xFF040703,0xFF010300,0xFF0B0D0A,0xFF070C06,0xFF040D05,0xFF0F1B0F,
    0xFF081508,0xFF091708,0xFF071406,0xFF000C00,0xFF0C1A0C,0xFF051705,0xFF081802,0xFF041101,
    0xFF0A130A,0xFF0B1409,0xFF071204,0xFF0F1E09,0xFF111D0B,0xFF040B03,0xFF050C03,0xFF091007,
    0xFF070C07,0xFF0C120D,0xFF010700,0xFF050C04,0xFF121F0E,0xFF0F1C0C,0xFF0C180B,0xFF0A160B,
    0xFF030105,0xFF020003,0xFF020005,0xFF010002,0xFF0F0A0C,0xFF080204,0xFF0B0607,0xFF1E1618,
    0xFF231B1B,0xFF0B0A08,0xFF000100,0xFF010203,0xFF100C0E,0xFF312627,0xFF443332,0xFF342925,
    0xFF39312D,0xFF392F2C,0xFF251C17,0xFF2B1C1A,0xFF443230,0xFF503D3A,0xFF4C3634,0xFF534039,
    0xFF58433C,0xFF553D36,0xFF533D33,0xFF47332C,0xFF402C28,0xFF402F1D,0xFF5D492F,0xFF624B34,
    0xFF614C34,0xFF544220,0xFF564923,0xFF423618,0xFF493B1F,0xFF5B4B24,0xFF583D1D,0xFF3B230C,
    0xFF483717,0xFF564112,0xFF614B1A,0xFF4D3C1D,0xFF5C4126,0xFF564629,0xFF3F350F,0xFF3F3315,
    0xFF43361F,0xFF322116,0xFF4C3935,0xFF503E3A,0xFF5A4744,0xFF544340,0xFF5D4F4A,0xFF4E423D,
    0xFF2C221E,0xFF302527,0xFF583E37,0xFFA57D67,0xFF77432A,0xFFA15C32,0xFFA8734D,0xFF682F1A,
    0xFFB9865A,0xFF484435,0xFF1E2E30,0xFF3C454C,0xFF5B4E4E,0xFF7C6158,0xFF947C77,0xFF4C484A,
    0xFF262C31,0xFF3D4044,0xFF18191B,0xFF040404,0xFF090709,0xFF0F0709,0xFF190F10,0xFF0E0804,
    0xFF3A2822,0xFF482C26,0xFF381E15,0xFF453830,0xFF272F37,0xFF242E37,0xFF29333C,0xFF27323B,
    0xFF28373F,0xFF253238,0xFF263035,0xFF273435,0xFF253433,0xFF223032,0xFF273337,0xFF3A3D3C,
    0xFF484544,0xFF5B5455,0xFF655C5D,0xFF6A5A56,0xFF705F59,0xFF8E7A74,0xFF584944,0xFF202C34,
    0xFF28363F,0xFF2C373E,0xFF3F484C,0xFF434C50,0xFF3E474C,0xFF40494C,0xFF455157,0xFF46545C,
    0xFF4B585F,0xFF49565E,0xFF696B65,0xFF8F6955,0xFF8A5F4F,0xFF323A3D,0xFF283741,0xFF3B444B,
    0xFF40454A,0xFF44484B,0xFF434548,0xFF444648,0xFF434547,0xFF414246,0xFF444348,0xFF434448,
    0xFF3E4547,0xFF3E444A,0xFF38363E,0xFF473A3A,0xFF7D6764,0xFF81695C,0xFF887364,0xFF6B5D55,
    0xFF3E3634,0xFF403B39,0xFF4E4643,0xFF5A4B46,0xFF604B44,0xFF624E43,0xFF564239,0xFF412D25,
    0xFF614942,0xFF604237,0xFF654436,0xFF855F4D,0xFF8D6856,0xFF775A4D,0xFF624D46,0xFF5C4C47,
    0xFF5C4E4F,0xFF5E4F52,0xFF5B4F4E,0xFF3E3636,0xFF584948,0xFF6C5B5A,0xFF60504D,0xFF6A544F,
    0xFF746056,0xFF64574C,0xFF5B4E45,0xFF5B4C47,0xFF504747,0xFF494345,0xFF59504D,0xFF6B5B58,
    0xFF6A5451,0xFF6B5147,0xFF6C564B,0xFF6F574B,0xFF6C544B,0xFF6D534D,0xFF7B564C,0xFF885D4A,
    0xFF805E50,0xFF725952,0xFF70574F,0xFF7A5E52,0xFF866455,0xFF89604F,0xFF8C5E4C,0xFF97654D,
    0xFF95644F,0xFFA0674F,0xFFA46B53,0xFF6D594D,0xFF514F51,0xFF4F4F51,0xFF494F4E,0xFF404548,
    0xFF404548,0xFF464B4D,0xFF505050,0xFF525050,0xFF514F50,0xFF4B4A4B,0xFF40474A,0xFF3C4548,
    0xFF3D4548,0xFF3B4448,0xFF37444A,0xFF364349,0xFF364449,0xFF37444A,0xFF3A454B,0xFF39444B,
    0xFF3A454B,0xFF39454C,0xFF38454E,0xFF3B4850,0xFF3B4850,0xFF404B50,0xFF434E51,0xFF444F51,
    0xFF455052,0xFF424D50,0xFF3F4A4C,0xFF3F4A4D,0xFF424E50,0xFF454E51,0xFF40494C,0xFF3F474A,
    0xFF414A4C,0xFF454E50,0xFF4A5153,0xFF4E5154,0xFF505557,0xFF4E5255,0xFF4B4C51,0xFF444A4D,
    0xFF41484B,0xFF434447,0xFF484341,0xFF625651,0xFF806862,0xFF856A64,0xFF8B726B,0xFF7A615A,
    0xFF6E5850,0xFF71605A,0xFF534848,0xFF564F50,0xFF3E3837,0xFF31292A,0xFF2C2226,0xFF342B2E,
    0xFF595152,0xFF695F5E,0xFF8E817E,0xFF90827C,0xFF8B7E75,0xFF9C8F86,0xFFA4978E,0xFF928781,
    0xFF7E7570,0xFF655C57,0xFF5E5550,0xFF524F4C,0xFF393836,0xFF1E1C1A,0xFF0A0806,0xFF000000,
    0xFF000000,0xFF010000,0xFF000000,0xFF000000,0xFF000000,0xFF000000,0xFF000000,0xFF0C0708,
    0xFF22181B,0xFF1B1818,0xFF2B2727,0xFF584B4A,0xFF7A6967,0xFF5E5052,0xFF594A4A,0xFF3C3030,
    0xFF0F0A0A,0xFF000000,0xFF000000,0xFF000000,0xFF000100,0xFF040303,0xFF010101,0xFF010101,
    0xFF030203,0xFF040504,0xFF020401,0xFF030402,0xFF020301,0xFF010501,0xFF010902,0xFF040E04,
    0xFF0F1C0E,0xFF061504,0xFF152410,0xFF0B1907,0xFF011000,0xFF010D01,0xFF041002,0xFF151F13,
    0xFF050C06,0xFF0E150F,0xFF081307,0xFF071404,0xFF0B1608,0xFF091009,0xFF040903,0xFF010801,
    0xFF000501,0xFF000300,0xFF040B04,0xFF090F07,0xFF0E1B08,0xFF13220C,0xFF061405,0xFF0C190B,
    0xFF111010,0xFF0E0B06,0xFF030204,0xFF000201,0xFF141112,0xFF271B17,0xFF1F1312,0xFF261D1E,
    0xFF312322,0xFF271A1A,0xFF070504,0xFF0E0E07,0xFF322A22,0xFF41332D,0xFF463B33,0xFF3F332D,
    0xFF3B2C2F,0xFF201519,0xFF120904,0xFF291715,0xFF432E2B,0xFF4A342D,0xFF442F26,0xFF3C3025,
    0xFF2D231B,0xFF19110E,0xFF1C170D,0xFF18110C,0xFF0F0809,0xFF29280F,0xFF524B2A,0xFF4D4124,
    0xFF3D3716,0xFF403F18,0xFF484D19,0xFF2A2D09,0xFF323515,0xFF444A11,0xFF493E0E,0xFF574B19,
    0xFF483F10,0xFF4E441A,0xFF574917,0xFF5C4D20,0xFF5C4920,0xFF5A4A23,0xFF362F09,0xFF483D1D,
    0xFF54462C,0xFF513F2D,0xFF554237,0xFF4E3D35,0xFF574744,0xFF3F2F2A,0xFF3F2E28,0xFF3C2B26,
    0xFF3E2D27,0xFF1E1510,0xFF2B1F19,0xFF927059,0xFFC0855D,0xFFA0592D,0xFFB57646,0xFF9E5F38,
    0xFFAB6C41,0xFF6F583D,0xFF25323A,0xFF36363C,0xFF4D403D,0xFF503935,0xFF644542,0xFF8F7D75,
    0xFF43413D,0xFF2D2E2E,0xFF090806,0xFF040300,0xFF020104,0xFF070406,0xFF231918,0xFF1F110D,
    0xFF1E0D09,0xFF271715,0xFF2E1611,0xFF553D36,0xFF363C3C,0xFF263A46,0xFF233743,0xFF323E43,
    0xFF384444,0xFF2F3839,0xFF353B3D,0xFF3C4344,0xFF474C4A,0xFF555351,0xFF655D59,0xFF5D4F4C,
    0xFF3E2F2C,0xFF372725,0xFF362523,0xFF211412,0xFF231411,0xFF5A3F36,0xFF7E5C4C,0xFF473C38,
    0xFF1C2E3D,0xFF182D38,0xFF2D373C,0xFF2D3946,0xFF283742,0xFF263941,0xFF283A41,0xFF3A4B53,
    0xFF424D55,0xFF666566,0xFF534544,0xFF603B2C,0xFF936F5D,0xFF3F4041,0xFF26303A,0xFF353A42,
    0xFF3D3F44,0xFF3F4144,0xFF3E4144,0xFF454443,0xFF474747,0xFF393D40,0xFF35373B,0xFF3B393F,
    0xFF33383E,0xFF2B353A,0xFF423B39,0xFF76594F,0xFF6A4A44,0xFF6C433B,0xFF956554,0xFF9D735E,
    0xFF977562,0xFF564D43,0xFF3D3D3F,0xFF483E44,0xFF5D4341,0xFF604C47,0xFF433731,0xFF433734,
    0xFF332423,0xFF180C0B,0xFF241614,0xFF412F2A,0xFF392A26,0xFF1C1312,0xFF181110,0xFF130E0F,
    0xFF0D0A0F,0xFF0B070B,0xFF1E171A,0xFF170F11,0xFF0A0205,0xFF1E1415,0xFF635755,0xFF695957,
    0xFF6F5D59,0xFF66544E,0xFF6F5B55,0xFF604D47,0xFF63534E,0xFF7E6C68,0xFF66514D,0xFF4F3936,
    0xFF634E4C,0xFF6E5752,0xFF634A45,0xFF685147,0xFF6D554D,0xFF725250,0xFF7D574D,0xFF805C4F,
    0xFF795D51,0xFF6B574E,0xFF62554E,0xFF615550,0xFF705A50,0xFF7E5A4B,0xFF93614C,0xFFA96D4D,
    0xFF97654E,0xFF90644E,0xFF815F4F,0xFF5D4F4D,0xFF524C4B,0xFF4D4D4E,0xFF474D4F,0xFF42474A,
    0xFF4A4A4C,0xFF555152,0xFF5A544C,0xFF5A534F,0xFF524E50,0xFF4A4C4B,0xFF454A4B,0xFF404648,
    0xFF3C4548,0xFF364146,0xFF324148,0xFF334349,0xFF334249,0xFF34444B,0xFF35444A,0xFF35434A,
    0xFF34424A,0xFF35434A,0xFF38444D,0xFF39464E,0xFF3A474F,0xFF3C4A50,0xFF404E53,0xFF444F55,
    0xFF465056,0xFF414D54,0xFF3B4850,0xFF39464E,0xFF3B484E,0xFF3D484A,0xFF3B4648,0xFF3C4749,
    0xFF3F4A4E,0xFF454B54,0xFF4F4D53,0xFF4F5050,0xFF4D574F,0xFF4E5351,0xFF524B53,0xFF484C4A,
    0xFF4A4D47,0xFF534A45,0xFF836F65,0xFF927467,0xFF775B58,0xFF6F5856,0xFF544641,0xFF453C36,
    0xFF2F2A28,0xFF120E0D,0xFF1C1818,0xFF1A1616,0xFF2E2A2B,0xFF423E3F,0xFF353032,0xFF403C3D,
    0xFF454140,0xFF1E1A19,0xFF161313,0xFF524A48,0xFF655B58,0xFF4E4341,0xFF4C413F,0xFF342A27,
    0xFF433937,0xFF594F4D,0xFF534946,0xFF655D56,0xFF6E665F,0xFF736B64,0xFF7C746E,0xFF675B5B,
    0xFF564A49,0xFF3F3332,0xFF483C3C,0xFF584E4E,0xFF615656,0xFF594E4E,0xFF5A4F4D,0xFF615653,
    0xFF6F6460,0xFF625754,0xFF6C5D5A,0xFF695957,0xFF554744,0xFF615551,0xFF655754,0xFF61504E,
    0xFF322522,0xFF100D09,0xFF020101,0xFF020001,0xFF010000,0xFF010000,0xFF000000,0xFF010101,
    0xFF040304,0xFF080809,0xFF060704,0xFF020400,0xFF010101,0xFF020402,0xFF030904,0xFF050B06,
    0xFF030804,0xFF010802,0xFF111E0D,0xFF12200B,0xFF061203,0xFF0B170D,0xFF010C01,0xFF142011,
    0xFF0C1809,0xFF0C190A,0xFF19290F,0xFF101F0A,0xFF081308,0xFF000401,0xFF010102,0xFF000501,
    0xFF000600,0xFF0E120C,0xFF11170B,0xFF1B2213,0xFF0E1A08,0xFF0D1A08,0xFF071306,0xFF010C02,
    0xFF13130F,0xFF221F14,0xFF0B0A0B,0xFF000300,0xFF18130B,0xFF3B2E23,0xFF3D2D28,0xFF362723,
    0xFF3A2820,0xFF372520,0xFF2D241F,0xFF252016,0xFF3E3229,0xFF46342D,0xFF44362E,0xFF42322C,
    0xFF372726,0xFF291D1D,0xFF1E140E,0xFF201212,0xFF231815,0xFF110A06,0xFF110D06,0xFF191A0E,
    0xFF161609,0xFF191808,0xFF18160A,0xFF241E1D,0xFF30281A,0xFF393114,0xFF43391D,0xFF2A2304,
    0xFF393813,0xFF34380F,0xFF363E12,0xFF353E10,0xFF303B0A,0xFF364107,0xFF47490F,0xFF505117,
    0xFF424211,0xFF34320A,0xFF504914,0xFF5E5422,0xFF46390F,0xFF574B1B,0xFF453E0A,0xFF4E4317,
    0xFF50411F,0xFF614E35,0xFF624F3A,0xFF5A4A31,0xFF4C3D22,0xFF43351B,0xFF41331B,0xFF392B11,
    0xFF594B31,0xFF5D5333,0xFF291E07,0xFF624627,0xFFB37D54,0xFFAA6643,0xFF9F6139,0xFFBA794C,
    0xFFAF6533,0xFF825B3A,0xFF363C40,0xFF191A1D,0xFF1B1816,0xFF201413,0xFF2D1616,0xFF584541,
    0xFF736A65,0xFF27221E,0xFF020100,0xFF030405,0xFF0C0A0D,0xFF181518,0xFF070304,0xFF0C0708,
    0xFF130F0D,0xFF120D0C,0xFF150604,0xFF4F3930,0xFF474340,0xFF30373F,0xFF343B44,0xFF474648,
    0xFF4D4646,0xFF5F5356,0xFF746165,0xFF766065,0xFF6E585A,0xFF584140,0xFF4D3432,0xFF342320,
    0xFF1C0F0D,0xFF231513,0xFF0E0000,0xFF1C0F09,0xFF372A27,0xFF311F19,0xFF785A4D,0xFF7A5D4E,
    0xFF35373B,0xFF243740,0xFF27373D,0xFF2F3940,0xFF474E55,0xFF52555A,0xFF2F3840,0xFF33424F,
    0xFF444B54,0xFF3A3234,0xFF180F0F,0xFF462E23,0xFF765542,0xFF6D5C59,0xFF3B3E42,0xFF454B4F,
    0xFF3C4348,0xFF384147,0xFF39454B,0xFF383F42,0xFF343E41,0xFF303A42,0xFF323940,0xFF313E3D,
    0xFF3E3E3C,0xFF544745,0xFF6A5248,0xFF816153,0xFF3E251C,0xFF492F2A,0xFF6E483C,0xFF885C4A,
    0xFF936856,0xFF8F6860,0xFF624D4C,0xFF564E48,0xFF574C3E,0xFF4E3C38,0xFF433836,0xFF3D3332,
    0xFF5D5151,0xFF6A605F,0xFF655A58,0xFF6C5D5A,0xFF6F605B,0xFF685954,0xFF635753,0xFF685D5B,
    0xFF6B615F,0xFF6C615F,0xFF746663,0xFF584844,0xFF362926,0xFF170C0A,0xFF130908,0xFF281E1D,
    0xFF413937,0xFF544C4A,0xFF4F4745,0xFF403735,0xFF3D3331,0xFF544746,0xFF534344,0xFF534142,
    0xFF311E1D,0xFF58433E,0xFF715A55,0xFF71534D,0xFF6C4B47,0xFF634C45,0xFF625442,0xFF6A564D,
    0xFF685552,0xFF605654,0xFF575252,0xFF58514F,0xFF66544E,0xFF79594E,0xFF906453,0xFF976750,
    0xFF825E51,0xFF73594F,0xFF625049,0xFF514C4A,0xFF545351,0xFF525655,0xFF464B4D,0xFF454749,
    0xFF55504F,0xFF5D514F,0xFF5C4F46,0xFF5C534D,0xFF524F52,0xFF4A4D4E,0xFF474C4E,0xFF40474A,
    0xFF3A4448,0xFF364249,0xFF334249,0xFF324148,0xFF324148,0xFF334249,0xFF324148,0xFF324148,
    0xFF334249,0xFF334149,0xFF36434B,0xFF36444B,0xFF38444D,0xFF38474C,0xFF3A494E,0xFF414C52,
    0xFF434C53,0xFF3F4B51,0xFF3D494F,0xFF3C474E,0xFF3D494F,0xFF3F4A4C,0xFF3F4A4C,0xFF404B4D,
    0xFF404B4D,0xFF444B4E,0xFF46494D,0xFF464F4F,0xFF4A5153,0xFF475154,0xFF3F5350,0xFF605450,
    0xFF6A4F4D,0xFF614C4B,0xFF4E433D,0xFF15130A,0xFF170E0D,0xFF271C1E,0xFF180F10,0xFF4A4343,
    0xFF6E6A69,0xFF201C1B,0xFF060201,0xFF1B1716,0xFF181415,0xFF110D0E,0xFF332F30,0xFF40393B,
    0xFF4A4242,0xFF5C5454,0xFF595151,0xFF463D3D,0xFF261E1D,0xFF211817,0xFF1B1312,0xFF18100E,
    0xFF0F0706,0xFF0C0403,0xFF0F0705,0xFF1C1510,0xFF1D1610,0xFF211913,0xFF433B36,0xFF4E4343,
    0xFF746A69,0xFF625857,0xFF4E4443,0xFF4C4140,0xFF5B504F,0xFF4B4040,0xFF4D4341,0xFF675C59,
    0xFF423835,0xFF342A27,0xFF2A1C1B,0xFF291A18,0xFF201412,0xFF100603,0xFF0C0704,0xFF241816,
    0xFF2C1E1C,0xFF221B17,0xFF131112,0xFF060405,0xFF050304,0xFF020000,0xFF000000,0xFF020202,
    0xFF020202,0xFF010101,0xFF020200,0xFF060601,0xFF020201,0xFF070A08,0xFF070C08,0xFF030804,
    0xFF010401,0xFF000704,0xFF000900,0xFF010B00,0xFF030C04,0xFF081209,0xFF071206,0xFF041002,
    0xFF030E01,0xFF0D1B0A,0xFF0F1D08,0xFF041101,0xFF051105,0xFF050A05,0xFF010002,0xFF030804,
    0xFF0E150A,0xFF161C10,0xFF070D04,0xFF0B1108,0xFF040E02,0xFF071207,0xFF010803,0xFF020A05,
    0xFF1F1F15,0xFF2B2917,0xFF0D0D0B,0xFF000400,0xFF2C2716,0xFF423727,0xFF402E21,0xFF513E2F,
    0xFF4F3C2F,0xFF453128,0xFF2E231C,0xFF322A22,0xFF44342D,0xFF49342F,0xFF46352E,0xFF41322B,
    0xFF392B23,0xFF241910,0xFF1C130B,0xFF150F0C,0xFF040300,0xFF0F1510,0xFF1B251D,0xFF0E150A,
    0xFF1D200E,0xFF343319,0xFF262413,0xFF060100,0xFF362E13,0xFF453619,0xFF41341D,0xFF3D3B12,
    0xFF3E4214,0xFF30380B,0xFF28310F,0xFF313E0D,0xFF4D5D18,0xFF2F3D06,0xFF2D3B03,0xFF354109,
    0xFF373F0F,0xFF383D12,0xFF383808,0xFF454310,0xFF504B1C,0xFF4C4611,0xFF575312,0xFF524914,
    0xFF43360C,0xFF51401E,0xFF584725,0xFF483C12,0xFF4E4412,0xFF56501D,0xFF4B4616,0xFF4A4515,
    0xFF5C5625,0xFF645D23,0xFF4C4414,0xFF544018,0xFF865C34,0xFF89523C,0xFF673320,0xFFBA7B50,
    0xFFB5682E,0xFF8C5B37,0xFF282523,0xFF000000,0xFF000303,0xFF080506,0xFF1D0F11,0xFF211113,
    0xFF483A35,0xFF524640,0xFF141010,0xFF000000,0xFF0C080A,0xFF060203,0xFF000001,0xFF030207,
    0xFF000102,0xFF030302,0xFF0F0807,0xFF4A372F,0xFF6B5D59,0xFF534B4D,0xFF5D5456,0xFF544B4A,
    0xFF605956,0xFF625453,0xFF50393B,0xFF472E2F,0xFF2C1414,0xFF200D0B,0xFF211410,0xFF221816,
    0xFF1B110F,0xFF281D1C,0xFF332926,0xFF44362D,0xFF2E2420,0xFF231918,0xFF442F27,0xFF88614C,
    0xFF635045,0xFF282F32,0xFF2A3A41,0xFF3C4344,0xFF545151,0xFF5A4A48,0xFF534B50,0xFF323945,
    0xFF43444C,0xFF1D1415,0xFF030302,0xFF3C3229,0xFF7B5E4E,0xFF7B5D55,0xFF443E3D,0xFF373E3E,
    0xFF303B3E,0xFF29333B,0xFF1D2C33,0xFF212B2F,0xFF243135,0xFF2D3944,0xFF2A343D,0xFF20342C,
    0xFF70655A,0xFF8B645B,0xFF7B5346,0xFF6B493B,0xFF3D281E,0xFF42332D,0xFF50382D,0xFF754F3F,
    0xFF8D6254,0xFF4B312D,0xFF403233,0xFF4D4443,0xFF453A35,0xFF6F5F5D,0xFF7C7371,0xFF857D7C,
    0xFF73686A,0xFF837978,0xFF8C7F7D,0xFF9C8D89,0xFFA7958E,0xFFA69189,0xFF9E8C85,0xFF94847F,
    0xFF9E8D88,0xFFA08E86,0xFFA28D85,0xFF988278,0xFF8C776E,0xFF92807A,0xFF534543,0xFF392F2F,
    0xFF2C2826,0xFF171615,0xFF020203,0xFF030405,0xFF0C0A0C,0xFF150F12,0xFF1C1619,0xFF423739,
    0xFF625251,0xFF493835,0xFF4A3631,0xFF7D6B63,0xFF75655B,0xFF665347,0xFF6F5A4C,0xFF6A5246,
    0xFF6A534A,0xFF6A5852,0xFF615350,0xFF5E5553,0xFF675852,0xFF73574F,0xFF7E594D,0xFF795749,
    0xFF5E4B48,0xFF4F474A,0xFF4A494A,0xFF434846,0xFF444847,0xFF474B49,0xFF464848,0xFF4B4849,
    0xFF594D4A,0xFF634F47,0xFF695246,0xFF5C504A,0xFF48484A,0xFF3F4448,0xFF3A4245,0xFF374145,
    0xFF354147,0xFF334048,0xFF334249,0xFF334249,0xFF334249,0xFF334249,0xFF324148,0xFF314047,
    0xFF324148,0xFF324047,0xFF334048,0xFF344149,0xFF35424A,0xFF39474D,0xFF3C4A4F,0xFF404C52,
    0xFF434D53,0xFF424C52,0xFF414B50,0xFF3E484D,0xFF3F494E,0xFF3F4A4C,0xFF404B4D,0xFF404B4D,
    0xFF424D4E,0xFF444D4B,0xFF404B4C,0xFF3F4A4C,0xFF3D4C50,0xFF3F484B,0xFF514948,0xFF614F49,
    0xFF4E403A,0xFF362C2A,0xFF0D0707,0xFF0B0A0D,0xFF101214,0xFF171719,0xFF3F393E,0xFF5E565A,
    0xFF3E3A39,0xFF302C2A,0xFF2B2725,0xFF1A1615,0xFF151112,0xFF2B2728,0xFF282425,0xFF463F40,
    0xFF534849,0xFF544A4B,0xFF362B2C,0xFF1F1818,0xFF211D1C,0xFF262120,0xFF130E0E,0xFF0F0A0A,
    0xFF0B0706,0xFF120D0C,0xFF140F0F,0xFF16120F,0xFF110D0A,0xFF0B0704,0xFF080301,0xFF080001,
    0xFF181011,0xFF423B3B,0xFF423A39,0xFF312826,0xFF403736,0xFF2B2221,0xFF281F1D,0xFF413836,
    0xFF3A312F,0xFF362C2A,0xFF312725,0xFF332928,0xFF2C2421,0xFF0D0805,0xFF010200,0xFF0C0604,
    0xFF170B0A,0xFF160E0C,0xFF0C0A0B,0xFF080707,0xFF070506,0xFF040303,0xFF000000,0xFF010101,
    0xFF010101,0xFF010101,0xFF060402,0xFF120D07,0xFF0C0B08,0xFF0E120E,0xFF191E18,0xFF030802,
    0xFF080C07,0xFF040B07,0xFF020A06,0xFF040A08,0xFF060E0A,0xFF0D150E,0xFF081008,0xFF0E160C,
    0xFF010900,0xFF071206,0xFF000A00,0xFF061005,0xFF081206,0xFF080D07,0xFF030302,0xFF0B110A,
    0xFF0F170A,0xFF040900,0xFF010600,0xFF000400,0xFF030805,0xFF050D09,0xFF040C09,0xFF030A08,
    0xFF3C3E2C,0xFF2C2B14,0xFF12120D,0xFF010601,0xFF141407,0xFF2D2819,0xFF45351D,0xFF433016,
    0xFF3A2A1B,0xFF37251D,0xFF2A211D,0xFF17120C,0xFF2E2219,0xFF3A2822,0xFF2B1C15,0xFF2E261A,
    0xFF27230F,0xFF26240F,0xFF2A2918,0xFF1B1910,0xFF12130B,0xFF151911,0xFF0A0D08,0xFF2E281A,
    0xFF362F19,0xFF433C20,0xFF555030,0xFF33301E,0xFF1E1704,0xFF473D21,0xFF2B240A,0xFF393C10,
    0xFF434C14,0xFF35410D,0xFF1E2D05,0xFF253605,0xFF293A05,0xFF28390D,0xFF2D4110,0xFF26370B,
    0xFF253009,0xFF3C4319,0xFF393E13,0xFF3A3E11,0xFF3A3C0E,0xFF363707,0xFF414309,0xFF474611,
    0xFF423D0C,0xFF3E370D,0xFF4A4117,0xFF4F4A18,0xFF413F09,0xFF474A14,0xFF343A05,0xFF313701,
    0xFF313703,0xFF3A3F05,0xFF3C4110,0xFF4C4316,0xFF84663A,0xFF422213,0xFF3E2219,0xFF794929,
    0xFFB26E36,0xFF7F5836,0xFF191612,0xFF0B0908,0xFF0C0A0B,0xFF140F0F,0xFF1A1010,0xFF160B09,
    0xFF21130F,0xFF211410,0xFF4C4240,0xFF393332,0xFF211B1B,0xFF251E1E,0xFF393130,0xFF382F2D,
    0xFF382E26,0xFF403733,0xFF3C2E28,0xFF513F37,0xFF2F2321,0xFF352B28,0xFF342925,0xFF1D1412,
    0xFF292622,0xFF26211D,0xFF1A1411,0xFF1C1310,0xFF160E0C,0xFF120D0B,0xFF0E0D0D,0xFF150F10,
    0xFF1F1616,0xFF181011,0xFF261E1E,0xFF2B221D,0xFF0D0A07,0xFF0C0706,0xFF281A16,0xFF58382C,
    0xFF987866,0xFF4A413B,0xFF2B3439,0xFF202323,0xFF49413E,0xFF5F4842,0xFF614D48,0xFF544D4D,
    0xFF2F2E30,0xFF030101,0xFF030502,0xFF000000,0xFF2B1C18,0xFF6B544D,0xFF594F51,0xFF2D3233,
    0xFF383D3F,0xFF444046,0xFF4B4C4F,0xFF504D4A,0xFF3D3C3B,0xFF30343A,0xFF384046,0xFF42423D,
    0xFF7E6557,0xFF7E5447,0xFF674036,0xFF705046,0xFF4E352C,0xFF685248,0xFF6B4F40,0xFF7E5949,
    0xFF7C594E,0xFF322F2C,0xFF1B1A1B,0xFF554A4E,0xFF806E73,0xFF766868,0xFF3B3533,0xFF1D1718,
    0xFF392F31,0xFF392F2E,0xFF3D302E,0xFF2E1F1B,0xFF6B5C57,0xFF766664,0xFF423534,0xFF362B2D,
    0xFF4E4140,0xFF61524D,0xFF7C6A65,0xFF96827C,0xFF5D4943,0xFF5A4740,0xFFA18F89,0xFF6A5A54,
    0xFF2E231F,0xFF191211,0xFF121012,0xFF05060A,0xFF131416,0xFF0F0E11,0xFF070307,0xFF362D30,
    0xFF5B4F4E,0xFF534644,0xFF604F4B,0xFF3C332A,0xFF362E24,0xFF796455,0xFF826058,0xFF896B5E,
    0xFF806757,0xFF745C52,0xFF6B554E,0xFF62544D,0xFF68544C,0xFF73554C,0xFF7C584C,0xFF78594C,
    0xFF584B4A,0xFF42434B,0xFF3C4349,0xFF3B4344,0xFF434547,0xFF4B4A4A,0xFF4C4949,0xFF5A5251,
    0xFF67544D,0xFF77594D,0xFF805E52,0xFF62514C,0xFF424547,0xFF3B4147,0xFF374044,0xFF333E44,
    0xFF313E46,0xFF303E47,0xFF324148,0xFF324148,0xFF334249,0xFF334249,0xFF334249,0xFF36454C,
    0xFF39484F,0xFF3C4A51,0xFF3C4951,0xFF3C4951,0xFF3A474F,0xFF39474D,0xFF3B4A4F,0xFF3E4A50,
    0xFF414A51,0xFF454D53,0xFF485054,0xFF454E52,0xFF474F54,0xFF465153,0xFF414C4E,0xFF3E494B,
    0xFF414C4E,0xFF444E51,0xFF434E4F,0xFF464A4D,0xFF464945,0xFF736159,0xFF7A4F4F,0xFF19100C,
    0xFF2C342C,0xFF42403C,0xFF130B0D,0xFF160810,0xFF131214,0xFF171919,0xFF141113,0xFF282225,
    0xFF221E1D,0xFF4F4B4A,0xFF433F3E,0xFF393535,0xFF444041,0xFF3A3637,0xFF2A2627,0xFF3C3738,
    0xFF170F0F,0xFF241C1C,0xFF2D2324,0xFF312D2E,0xFF1C1D1C,0xFF0A0909,0xFF0A0909,0xFF060505,
    0xFF040403,0xFF0A0909,0xFF0C0B0B,0xFF0C0B0B,0xFF070605,0xFF040403,0xFF040202,0xFF040001,
    0xFF030000,0xFF050304,0xFF373231,0xFF4C4442,0xFF28211F,0xFF261F1C,0xFF261E1D,0xFF1A1213,
    0xFF1E1617,0xFF181111,0xFF1F1617,0xFF171010,0xFF0E0A09,0xFF0F0E0C,0xFF050603,0xFF0F0A09,
    0xFF130D0D,0xFF030200,0xFF050304,0xFF050304,0xFF040203,0xFF010101,0xFF010101,0xFF000000,
    0xFF010101,0xFF000201,0xFF0C0804,0xFF291D16,0xFF100D09,0xFF040803,0xFF090E07,0xFF050904,
    0xFF10150D,0xFF0B1108,0xFF040906,0xFF020608,0xFF020704,0xFF020702,0xFF030802,0xFF050A03,
    0xFF080F06,0xFF020B03,0xFF070F0A,0xFF030B04,0xFF051004,0xFF0B1108,0xFF020201,0xFF080E06,
    0xFF030B01,0xFF010500,0xFF060A05,0xFF080C07,0xFF020606,0xFF030706,0xFF020703,0xFF050A05,
    0xFF33351E,0xFF2D2D12,0xFF10100A,0xFF080D07,0xFF1A1D16,0xFF0A0C02,0xFF3D3216,0xFF4A3A19,
    0xFF24190B,0xFF20120C,0xFF0D0808,0xFF070602,0xFF191107,0xFF130600,0xFF140A03,0xFF151305,
    0xFF1F220A,0xFF2C3215,0xFF121808,0xFF191A0C,0xFF212014,0xFF141109,0xFF1A110A,0xFF493420,
    0xFF3F2D16,0xFF2B1D04,0xFF4E461F,0xFF3E3E1C,0xFF1A1609,0xFF232309,0xFF2A2B0B,0xFF383E0D,
    0xFF354105,0xFF2D3C07,0xFF30420D,0xFF2D3F0F,0xFF1D2E0A,0xFF22320C,0xFF1C3009,0xFF1A2A0B,
    0xFF202908,0xFF32390E,0xFF242E0A,0xFF1A2202,0xFF2E340B,0xFF343A0D,0xFF30360B,0xFF343709,
    0xFF3E3F0E,0xFF3E3D10,0xFF353407,0xFF404211,0xFF3A3F0C,0xFF2D3906,0xFF293908,0xFF2E3D0A,
    0xFF213000,0xFF2B3A08,0xFF27360C,0xFF2E2B03,0xFF6A5322,0xFF423526,0xFF150B09,0xFF55311A,
    0xFFA06634,0xFF51381D,0xFF11100E,0xFF2E2626,0xFF4F4446,0xFF4C4040,0xFF443C38,0xFF423B33,
    0xFF241916,0xFF2D2220,0xFF1F120F,0xFF5F514D,0xFF342D2D,0xFF38302E,0xFF54463F,0xFF4E3A30,
    0xFF705847,0xFF4E3C33,0xFF36241E,0xFF36251F,0xFF15100E,0xFF1D1410,0xFF251E18,0xFF352928,
    0xFF251518,0xFF170E0E,0xFF0F0A09,0xFF070202,0xFF090304,0xFF0A0408,0xFF050006,0xFF070204,
    0xFF0C0706,0xFF070303,0xFF060100,0xFF060403,0xFF040505,0xFF090403,0xFF201412,0xFF2D1A19,
    0xFF5A3728,0xFF796556,0xFF232527,0xFF07070A,0xFF140B09,0xFF2B1612,0xFF63493C,0xFF5D4C41,
    0xFF090604,0xFF010301,0xFF020201,0xFF070809,0xFF080606,0xFF291D1B,0xFF645960,0xFF47494C,
    0xFF5A5657,0xFF5E4D50,0xFF524441,0xFF564540,0xFF7A6862,0xFF514D4C,0xFF2F3235,0xFF806A67,
    0xFF947065,0xFF735043,0xFF472821,0xFF472922,0xFF583A33,0xFF7D5B4C,0xFF76513C,0xFF926F5E,
    0xFF573D32,0xFF63524D,0xFF67544F,0xFF796862,0xFF5C4D4A,0xFF403333,0xFF272120,0xFF151012,
    0xFF2B2124,0xFF221817,0xFF6F6462,0xFF82736F,0xFF332726,0xFF181016,0xFF221D23,0xFF1F1C25,
    0xFF241E23,0xFF494040,0xFF2D2222,0xFF423634,0xFF8B7B77,0xFF6B5953,0xFF756057,0xFFA99187,
    0xFF907C76,0xFF3D2E2C,0xFF130A0C,0xFF100C11,0xFF0B0B0B,0xFF211E20,0xFF2F292C,0xFF2F2729,
    0xFF231918,0xFF5B504E,0xFF655855,0xFF634C4B,0xFF90756E,0xFF887362,0xFF645044,0xFF402F25,
    0xFF493931,0xFF4F403D,0xFF544545,0xFF655249,0xFF6F574B,0xFF77574C,0xFF825C4E,0xFF785848,
    0xFF574A46,0xFF42444A,0xFF3E454C,0xFF40464B,0xFF4B4B4E,0xFF575051,0xFF524A4B,0xFF5A504D,
    0xFF6D554B,0xFF7F5C4D,0xFF835B4E,0xFF624E49,0xFF424748,0xFF3E454C,0xFF3A4449,0xFF333F45,
    0xFF324049,0xFF314049,0xFF324148,0xFF324148,0xFF324148,0xFF324148,0xFF334249,0xFF34434A,
    0xFF36454C,0xFF37454C,0xFF37444C,0xFF39464E,0xFF37444C,0xFF37454B,0xFF39474C,0xFF3D494F,
    0xFF404A50,0xFF424A4E,0xFF454D50,0xFF464D51,0xFF474F52,0xFF444F51,0xFF3F4A4D,0xFF3E494A,
    0xFF3F494D,0xFF3E4A51,0xFF3F494B,0xFF4B494B,0xFF7A5A54,0xFF926250,0xFF351E15,0xFF292625,
    0xFF4B4245,0xFF312323,0xFF251E1D,0xFF0E0C0A,0xFF0E0C09,0xFF161210,0xFF14100E,0xFF0A0604,
    0xFF383433,0xFF3B3736,0xFF211D1C,0xFF423E3E,0xFF3C3839,0xFF1A1617,0xFF1E1A1B,0xFF110D0D,
    0xFF0E0B09,0xFF2E2B2A,0xFF0D0908,0xFF020101,0xFF030504,0xFF090B0A,0xFF020403,0xFF020302,
    0xFF0C0E0D,0xFF0A0C0B,0xFF060706,0xFF050506,0xFF040406,0xFF040506,0xFF060607,0xFF040404,
    0xFF040404,0xFF050505,0xFF080605,0xFF2E2826,0xFF342F2C,0xFF25201D,0xFF241F1D,0xFF1D1718,
    0xFF1A1414,0xFF1D1717,0xFF1B1414,0xFF090504,0xFF020100,0xFF050503,0xFF0A0907,0xFF090303,
    0xFF0A0907,0xFF010401,0xFF030102,0xFF030102,0xFF040203,0xFF020102,0xFF000000,0xFF020202,
    0xFF010101,0xFF030402,0xFF0D0804,0xFF1C0E0A,0xFF110E09,0xFF020701,0xFF070D04,0xFF0F150B,
    0xFF050B02,0xFF040A01,0xFF090E08,0xFF000303,0xFF010400,0xFF040705,0xFF040905,0xFF0A0F09,
    0xFF0D130B,0xFF020701,0xFF04090A,0xFF010603,0xFF010A00,0xFF040A02,0xFF0B0B07,0xFF080F05,
    0xFF010601,0xFF020403,0xFF0B100A,0xFF080D06,0xFF000201,0xFF040805,0xFF030802,0xFF080D04
};
